sale_id,customer_id,product_id,quantity,sale_amount,sale_date,region
02a20f8d-f192-42f6-bc90-f0b9b143eeac,662,445,2,109.77,2024-11-20,APAC
6789e0ef-d3f7-441a-9a63-e9bcf3222c22,151,145,5,2227.53,2025-04-21,EU
44f3663c-69db-4713-af88-995f59a695e1,163,462,4,1474.87,2024-12-26,EU
d69b71a9-8086-411f-ac03-c3c6d5dffa34,556,42,1,410.41,2025-06-10,APAC
5c3940e1-c961-44f5-82ab-c6a54dce0049,687,489,2,297.12,2024-07-01,APAC
4ee7cd50-f32d-4543-8ee0-b17c29605c54,440,136,5,1367.41,2024-06-04,US
45a03da6-618c-4dbd-930c-a6480e5515be,153,258,2,866.5,2024-09-03,APAC
6660fbae-ff2c-4cd5-b79f-1b25f688fade,560,233,2,48.04,2024-12-29,US
65efc316-8a4d-4f77-8186-74465d92bf09,20,110,4,580.88,2025-05-15,US
8086102c-2136-4cb3-89d7-362c8b186ec7,776,474,1,310.19,2024-11-08,US
45ba48bb-b160-4dbe-a39a-193e74515fcb,795,392,7,1108.84,2024-08-09,US
f85971b0-2923-4f37-ba4b-fbc412dff037,613,158,7,1081.64,2024-06-14,APAC
e60e4248-fc1a-4731-b9f4-1659726623a6,838,359,3,1245.77,2024-02-19,EU
aacb1232-c5b1-4d8b-9fae-2af1ad993187,910,297,5,1206.16,2024-02-29,US
f3a2c9f0-7ad0-4bc2-b9be-7e35980c77f4,80,215,2,286.09,2025-06-10,US
5d00397b-f794-47ce-9815-1a2365a29a47,985,107,1,254.17,2024-03-17,APAC
f2b8c177-2b14-48f9-a027-9867bcdf2324,368,144,10,1527.76,2025-04-14,EU
f0ea58d4-b15b-4484-8be9-1ece3f8134be,649,410,5,1230.46,2024-04-27,EU
13d6c0c1-93ef-4dd4-95bb-723d17630b58,382,301,6,2075.01,2025-05-05,US
76a55d94-b17c-4bc2-9ef3-01a07d65125a,583,434,8,161.53,2024-06-06,EU
6109b421-df6c-4c41-81c5-b1d641009493,240,310,6,1829.04,2024-07-20,APAC
4c457b6b-9466-4390-acab-6d607a953d50,87,303,5,1600.24,2024-02-07,APAC
8df0a518-55b8-4c63-a3e3-c68b9189bf63,753,208,10,392.83,2025-04-26,APAC
67b73f72-f726-4f6b-b905-f90133f56c26,201,92,2,485.59,2024-04-25,EU
5cc5232d-bfcd-4f7f-9f43-712a999df10d,662,131,7,1620.0,2024-03-01,US
1c2f9ebd-d638-40a3-9659-760a7290730e,275,301,6,2889.59,2024-10-16,US
537cfa1d-18d0-4d6c-ac38-b9a01ae6bbf3,420,392,4,1070.69,2025-03-18,EU
2931ab03-7855-44e7-a1fb-4a913d2445d3,814,29,6,2419.45,2024-09-01,US
a0504360-7a68-44fd-bd8a-3a7363dd4c7d,705,351,4,381.05,2024-12-04,EU
20fefffc-1eb5-4072-839f-49112e1392c6,140,96,4,1132.45,2024-03-11,APAC
32b58381-7def-4570-8d7c-2a211b00ea26,510,300,2,810.86,2025-02-25,APAC
7a486a38-8e13-40d7-bdd5-d770e32f219b,478,223,9,2928.16,2024-12-19,US
a644d0bd-ed9b-4271-bec0-988685f48f54,462,131,3,521.38,2024-05-27,APAC
dec86f07-0c58-4c09-b7a0-299af401c241,586,119,6,844.73,2025-05-13,EU
5eb460b3-18d1-48f8-84e3-f71705aba559,426,491,2,884.02,2024-09-10,EU
30186c38-2d76-4e48-bfb4-e55a79d1747a,836,286,1,315.14,2024-11-07,US
186bd7e8-44d0-47ef-8c4e-49153ef1ec69,29,157,9,1963.86,2024-03-13,APAC
f91f8a88-cd3b-4f60-989a-9e77d3270c1a,775,80,6,1731.2,2024-01-21,APAC
20817604-eb91-4122-902c-ae7f1eba2330,721,397,2,808.99,2024-04-07,EU
eb9c1864-4811-480f-90fa-23e3dbbd573c,662,206,1,234.89,2025-01-11,US
c08b030b-16a6-4904-baab-06d7d345fdc9,310,482,9,771.09,2025-01-19,APAC
ddcc3aa4-8792-4b3b-8056-986dcb76b0f3,682,28,8,2203.39,2024-04-19,EU
13778570-616d-47f8-968c-627451082909,821,14,10,3421.06,2024-10-19,US
7cb855f8-c9ee-4fc1-9564-33e20bbd14bf,649,130,10,2831.98,2024-06-06,US
26879fc3-2772-482d-83ac-24da67391f96,754,371,3,691.92,2024-08-09,US
69e76214-242e-49d4-a485-624175758cb9,673,443,1,397.22,2024-08-20,EU
eb437476-0e93-431d-bc3d-821b95b8e3de,43,327,4,934.34,2024-08-10,EU
60a65b3c-c3c4-44b0-8aa7-4939e4f03dd0,682,413,6,629.09,2024-09-29,APAC
240f5a01-2565-4cfa-94c2-65d17900ec77,108,200,,133.17,2025-05-25,APAC
26d5aaae-8225-4af4-88da-442d92e1e134,928,251,,196.3,2025-05-15,EU
50ee4637-69fd-44e6-8161-4b3038645ad0,364,308,7,1813.24,2024-12-13,EU
6991178c-b2a3-42d4-a930-50261e7ad5cd,701,489,8,2151.51,2025-02-20,APAC
e201ca4a-fd86-4848-bb45-c3b93e707e5f,967,291,2,611.54,2024-05-04,APAC
930fe9d4-bdf0-4ad3-9666-a2c6bcd4985c,600,212,4,411.6,2025-06-14,EU
70299e6b-9275-40de-b0d7-2e1a2cb38a20,635,60,9,533.3,2024-08-24,US
7c2eed0a-b5e3-45be-8e96-cc229d901379,155,146,9,1053.6,2024-07-12,EU
b2a657d9-6a47-4c9a-9f4e-d71da16c687d,86,243,2,288.79,2024-05-19,US
7b344910-af48-4ff4-ab7e-68b3b8c1ef8c,419,34,3,117.04,2025-05-25,APAC
22717f29-81e5-49d7-87d4-2fc4259b57f3,187,308,10,4398.61,2025-01-21,APAC
28b4b2f9-be31-40fb-ac6f-e4240b9a6ce7,77,234,3,878.32,2024-09-29,US
e0b2b806-e91d-47cb-b5c0-0a333b8235db,101,449,1,208.25,2025-05-01,APAC
a76b1000-5909-4543-9061-cd3159339961,767,391,5,345.57,2024-01-03,APAC
a59e1034-aa55-44b7-ba99-42135611894a,238,426,7,1612.09,2024-02-11,APAC
f1efeab6-046b-410e-bd4e-eebbebad8a32,117,362,8,3277.2,2025-03-30,US
ee3d663c-5dc8-47f7-bd8c-3e9a2e497889,715,294,4,498.12,2025-01-22,EU
f1f84dbf-cb96-4ab7-961e-3ccdea714f88,304,172,2,836.34,2025-02-28,EU
64c5a20a-9bde-4ae2-be03-034a5a83fa9e,42,85,6,151.74,2025-05-17,APAC
ddcf1c60-2d98-470d-9f3b-cfb12b19a47a,691,236,9,3636.02,2024-03-08,EU
bf6cbbd9-6eb9-435d-920b-af3b7d652e7b,513,455,9,440.9,2025-06-26,US
92807480-3105-458e-a0ae-f04dc8d57ee1,226,422,5,1382.24,2024-09-30,APAC
4504a286-5c6f-41d5-885e-1eec3bc87323,912,476,3,368.42,2024-08-20,US
35f9b4a9-87af-4ff3-87df-3aee4eb344e0,358,387,7,990.23,2025-04-09,US
24d16af1-6c36-44f0-ab34-8300a2a54447,608,154,2,658.02,2024-02-15,APAC
330e6dac-f0b6-4c73-813c-f7fa29d40108,763,336,7,2728.86,2024-02-18,APAC
bcc98c34-4f24-4b46-b072-e0759ac6bd8a,467,376,10,948.37,2025-04-19,EU
53b71188-4282-4678-bbcd-e12c08cc7819,60,488,3,523.43,2025-02-28,EU
b387633c-dd58-4cf6-87a1-1148e228ea01,835,355,6,1623.62,2024-08-18,US
fc2b4e01-6f90-4a38-a9b0-633c024d01c1,94,272,3,1353.51,2025-05-26,US
dc276d61-27a0-463f-8bea-cc5242d67b6a,36,113,1,164.8,2025-05-13,EU
eb9f234f-86dc-4397-9273-57454176b029,971,344,10,745.82,2024-08-12,US
55ca3ca7-59e1-4d89-96a0-911391e7f213,186,296,10,4218.11,2025-04-12,APAC
7c9c12c4-1d3d-4b6d-947c-7976a38ffe6c,988,52,,18.8,2024-06-13,US
5c654036-9418-4374-af12-1201f36ebe31,33,486,3,1270.33,2024-05-26,EU
d1816548-5148-478e-ab38-9f97db8055d1,874,448,,100.29,2024-03-13,US
78453d7a-9b42-41fb-bd0d-298f6ee8a2de,257,135,3,386.24,2025-03-07,EU
b2e76ee4-00dd-4686-a4ad-fb4253e4808a,832,427,4,1817.85,2024-05-26,EU
7f2cd8b2-bf2f-4be8-ac53-addf78b555f4,725,31,9,3790.04,2024-06-24,APAC
6866c153-7177-4706-b62e-23de59e160d3,542,389,10,1759.77,2025-05-04,US
ff11582e-8040-40ba-872f-fd0be7183781,223,319,8,958.66,2024-11-13,APAC
541b89f8-7c6b-43e0-8b58-017daa7cb68a,1,393,,220.58,2025-04-19,EU
1f82a99b-5fdd-42a4-88aa-6288f546be38,273,352,1,489.98,2025-05-30,US
32664dfc-7a52-4a84-8aef-bed5e1816abd,224,346,5,209.44,2025-03-25,EU
de6575b0-9821-422f-a39f-09e6492436fc,258,13,2,174.11,2024-09-16,APAC
736430c9-40fb-4395-aa56-f60bc9496e80,650,14,8,578.91,2024-06-24,US
c3ab5e03-a2d0-4ae1-a586-3609a3d06cad,133,58,6,426.02,2025-05-29,APAC
59379b6e-a0ce-4668-9f89-b7009a0039c7,31,352,2,363.11,2024-04-26,US
6ac2c569-87d2-4717-94e7-b2196e26c307,794,471,7,250.46,2025-02-08,APAC
fce2fffb-4628-4f40-be96-1b2c46f9930d,947,398,1,130.6,2025-06-18,EU
350eeb02-1e03-4cc7-9051-2a526ff58dd1,349,196,8,2255.29,2024-01-18,EU
b0caaa15-5270-4d16-a914-23a4c7ea30ae,880,320,6,666.55,2024-02-14,EU
afc303f0-e618-49ff-aaaf-ead638a2ba33,983,22,2,798.51,2024-07-06,APAC
ad9ec6f0-bc21-4103-ae1d-5d21452c5957,730,288,7,426.41,2025-05-29,APAC
2f22490f-461a-4882-847e-6bb682162291,607,45,10,4745.5,2024-11-11,EU
17b5ba15-ba06-465c-93f8-6b0a3f204cea,197,44,5,1413.1,2024-09-01,APAC
a65de891-2eee-465d-a433-09e202e5bfe5,738,264,9,125.75,2024-09-11,US
1eff56b7-bb92-4561-a4e7-9802b6e03d4e,238,144,9,3708.2,2025-04-02,EU
04a13109-b125-49ca-85f2-ab5c49157969,220,343,3,1045.06,2024-12-12,APAC
9b97f319-ca77-41dd-8ce9-320e43504253,98,442,6,1254.51,2024-08-27,APAC
e9fa8410-6327-450c-b5db-09bc50c63e7e,110,13,9,1755.67,2025-04-14,US
fd6be9b3-a2fb-4fee-b40c-31552ae9b0a0,966,357,3,595.67,2024-03-17,APAC
fa2cbb83-6661-46c4-bdd2-71a3d5cfe6a8,863,316,,361.03,2024-02-09,EU
bc7045ab-6a3c-4315-8b13-9c035419352c,629,248,10,4874.26,2024-01-03,EU
7495b87b-e3f2-4f4e-8650-93cf789abb6f,950,52,9,2532.47,2025-05-16,EU
c698e018-5dec-42f9-bf7d-40f90de87edb,414,500,5,1526.84,2025-04-01,US
83ef6dc8-7f61-480d-8d5d-7fd3e14914f3,981,124,9,2501.01,2024-05-03,US
2caaf6ec-3309-4d72-998f-95d06be2b78e,780,287,5,86.08,2024-04-23,APAC
8c22d3cd-a58c-4f0d-a204-5b56a8e11386,405,386,4,1498.08,2024-07-07,EU
c736bc4e-0c15-418d-9a39-4676e3b74e88,745,89,5,2495.28,2024-03-07,EU
a42ba51c-2615-4274-ae12-747a5f3d3c43,794,212,3,130.11,2024-04-17,US
cdab0056-f9de-4ada-960b-cd73f7a3c23a,245,370,2,194.45,2024-12-31,EU
f71219ef-6f87-4fb4-a631-64c610fa3db6,55,227,4,1112.04,2024-03-14,US
0f4b571e-b975-40a8-865f-01fe61dab1a4,892,164,6,1339.85,2025-04-04,US
76ec4e04-96b3-4965-ad50-2a4a65a8b66f,967,360,8,3993.42,2024-08-29,EU
e81d6e97-fa4e-4633-8e6a-73295dc438c5,653,222,9,1074.82,2024-08-29,US
74cfdd0a-658e-4d4e-99f3-9fb1befc944a,55,133,6,1771.12,2025-07-02,US
58b63bcf-96a5-43bf-87ee-754f83f78548,488,45,1,208.82,2024-04-20,EU
8a88b85f-322b-4dfc-aef4-11bbd3002fc5,407,250,5,486.97,2025-06-13,US
8feb9b7b-226e-41dc-a037-99b15329a92d,59,49,9,3275.71,2024-01-06,APAC
818408dc-4e80-4aec-afbd-64f2d799fdd6,516,299,3,441.75,2025-04-13,EU
b13cdf9b-82d6-48ee-87fc-6fc8078b677a,238,151,6,1899.04,2024-01-19,APAC
1abc8b5c-0eda-4466-b398-b0f6a9eb5b31,211,185,,165.92,2025-01-02,EU
662e597a-8c2b-4e75-9afc-480a0f299dbe,371,384,1,424.97,2024-10-05,EU
d0d6c887-09c6-4f66-a99b-a68aaa10daae,261,485,5,1733.23,2024-07-27,EU
c2e8b63a-4d0f-44c2-a1b6-d06922b2bb76,380,6,1,398.85,2025-03-15,EU
e4a3a26c-45d0-4753-b1c9-03322733705e,688,260,10,1906.64,2024-12-12,APAC
f58e4393-16df-40b2-b7b7-fed702d4acb4,234,348,7,2093.42,2024-12-12,EU
ec02ec85-e68d-4b4e-a26b-0370b42e45f3,244,194,4,837.21,2025-06-09,EU
7b4384cc-83be-4cef-9691-ee948893f381,323,188,6,1608.18,2024-06-20,EU
2a732b2e-513d-4aa2-aedf-dc49e1e4f088,544,93,8,3119.77,2024-02-15,APAC
09d742f3-e3c7-4665-81d1-36a6173629a9,271,296,7,634.96,2024-05-28,APAC
2fd3ebee-f710-4a75-917e-2f351b20e0a3,502,50,3,246.79,2024-01-25,US
d236d7a8-9f9e-4f28-a4b7-3b1c1dce4a27,515,58,7,2934.86,2024-09-12,EU
7e143896-9e1f-4025-a597-f8d6caf9c090,424,147,2,55.09,2024-05-03,EU
5ed272ca-ece1-436e-8268-6fb0dfc63951,558,84,8,506.62,2024-07-13,EU
c0fcf967-64f0-421d-9159-22188d34b703,480,463,9,614.84,2024-03-20,US
466afc56-a74a-4245-844f-599b6a0fd3a1,874,428,5,1898.1,2024-12-22,US
222dcd03-9ad1-42dc-af62-3632f82620d7,30,312,10,947.92,2024-10-28,US
aad09e56-3b45-461c-a1ae-fad9a11ee2de,798,101,7,723.89,2025-04-04,EU
05d137ba-d381-4e76-a04d-06daad870019,963,349,1,38.15,2025-01-17,EU
1f5198c7-382e-48f7-bbfc-a4835ba8fc38,474,429,7,2863.12,2024-08-10,US
ea939387-2bec-44e3-bf50-60dcf334234b,34,318,4,1540.37,2024-02-27,EU
dfcbb6b2-6659-4087-bbeb-42bdb8ccd26d,782,357,1,89.92,2024-05-02,US
fb75ea6e-0043-4041-a909-e3d0961e74d3,536,90,9,1860.16,2025-03-27,EU
42836bd8-fc9f-4c4d-9e85-4275fccaacf0,871,244,3,336.84,2024-12-24,US
34145313-92e0-435f-9c06-d5e75e954a33,300,227,6,275.02,2025-04-29,EU
d56e2fc9-5188-49fc-b0e9-db908ef096dc,3,464,8,3289.42,2024-02-07,APAC
00d33669-1267-4cae-90d2-2529ec5d76a5,554,136,2,918.58,2025-04-08,APAC
c09ade59-3616-4eef-9918-0cd7f581e59b,816,335,5,1638.08,2024-01-22,US
edb07fa5-9fbb-47f3-9e0f-4b3b4308f36b,512,418,7,3426.45,2024-12-12,US
5b00af63-e632-4e86-aa9d-41bc535c1785,414,369,4,107.34,2024-09-22,US
c2579dc8-1816-4557-8367-6af3f6e1ab60,468,211,6,2282.74,2024-02-19,APAC
267cfb7a-b815-4306-ac89-90268ca81ae1,189,4,9,414.17,2025-03-25,EU
e7f1a398-6532-419c-99cc-c917f716665a,74,15,3,1412.7,2025-03-28,EU
922c00b0-f03e-4f45-b1d9-dce90356844a,50,168,2,594.97,2024-11-06,US
37a2e5cb-31f5-4615-8d8d-7aaa0d892b00,178,475,4,233.12,2024-06-03,APAC
c508b4c9-ae0b-4dc5-9124-94fd2e517303,96,227,3,752.27,2024-12-14,APAC
e098c979-8415-4157-aeeb-e19cfd3c6af3,825,359,4,1065.91,2024-01-08,APAC
058690f1-cd38-463e-bcce-e277690cc416,635,264,3,767.38,2024-04-08,US
cf523b27-f790-4517-beda-2b4341ac0cfb,326,369,5,2122.85,2024-07-12,APAC
168497e5-3272-4bdb-8cf3-70a230677c73,107,286,7,2707.78,2025-05-22,EU
df09e679-b747-4f3c-a568-6ae5d29fc302,707,376,10,2972.89,2025-03-17,EU
0ad1f1e7-9c47-4474-9fef-a6d48a9a9bb7,635,254,6,2010.13,2024-04-29,APAC
44794ce5-7817-4aa6-9db5-a7931e9980e0,222,282,9,3025.64,2024-10-09,APAC
c4227e86-c451-4248-a1ef-ecb297b7c7c8,728,323,7,3033.71,2024-12-10,EU
a06971bf-a37d-4599-a709-5a14c683c987,427,231,7,3252.83,2024-09-25,US
425783bc-477c-4521-a0a4-3149e038017a,208,131,3,26.54,2024-02-02,EU
2852ea91-a392-4120-b385-be77df986280,96,217,5,676.55,2024-12-15,APAC
46b2e900-019d-45c4-b6e2-1b0df6b9ae0c,954,343,4,1375.96,2025-01-15,US
a7e8c7e7-c832-4b7f-ae64-a21b47697966,668,249,6,1054.76,2024-04-23,US
f9e1d493-45dd-4fb9-8d61-aadae3d3cab0,516,76,,492.09,2024-03-07,EU
4e66e5b3-3169-4f3e-91b8-0cc1e7b73c8f,826,49,5,1511.02,2025-04-08,US
7b8f7c7a-efcc-4259-a59f-f60bbd32d1b5,777,184,10,2884.38,2024-08-11,US
17cd53fc-d6e5-44f1-8241-47526beac6f8,481,342,4,1050.97,2024-05-06,EU
f462bc0e-44ab-4e0f-8018-9693e932bcd5,249,154,2,72.49,2025-04-24,APAC
74c84fec-6185-431f-a693-0bf3a5742960,655,90,9,2458.84,2024-07-22,APAC
644f4a9b-ed51-4daf-8c0a-daf28c1afcb9,253,345,9,309.93,2025-05-15,US
a4a7216a-0215-44c9-8b4a-007cd78ad8e0,541,134,1,266.49,2025-05-29,APAC
c55f3c21-b12e-4cf7-a8cd-62d3002e0dd2,896,486,6,2925.42,2024-11-12,APAC
96e72288-f480-4442-be94-5de178167287,121,343,8,389.63,2025-05-18,APAC
3b64525e-3c52-466b-b47e-75df01d48c02,964,10,4,865.7,2024-02-03,US
991f4ce8-4b86-4726-83f7-c1833c78dff4,503,84,3,208.75,2024-06-01,US
7d471a4c-bb9d-49da-81fc-99dc35c6c8eb,855,358,6,1319.62,2024-05-10,APAC
4bf6bcec-fdb3-49ca-8078-90760e732098,482,52,6,1944.26,2024-03-22,EU
db4851e9-6b86-4320-ac41-d2653f18dfe1,181,249,3,527.55,2025-01-06,EU
b89a361a-4d80-4fce-9e31-c6f6ee563615,788,187,10,1629.38,2024-07-20,APAC
58219c4f-033b-4891-aa25-89b82ac29727,736,267,9,1657.69,2024-12-13,EU
67736acb-4e57-4e84-b1d8-2057a4057469,850,284,7,2834.75,2024-05-07,APAC
d01ef349-b63f-4d1e-b01d-a362d0ee072a,926,481,3,1062.78,2025-04-18,APAC
286ab5dd-9a94-4e80-8f64-ac8c41586698,45,418,2,775.01,2024-07-30,APAC
e9961601-65a8-4f6c-942f-bce364f92e4c,992,177,4,144.24,2025-01-25,APAC
1b058f12-9b76-4c5e-9a83-0b71c01a8623,384,88,5,169.71,2025-05-01,APAC
0ae477dd-8983-4d58-9df8-ea79fe4beeed,390,193,3,486.43,2025-06-02,APAC
eea262ad-91f1-4828-b716-63a8ad1c7f2f,200,230,8,1403.92,2024-06-23,EU
d3a27fde-d983-4293-8282-caa7697d611c,261,122,5,866.6,2025-03-27,APAC
c01c9ce9-ee37-4343-ab9b-4b6eb8121d25,482,107,,77.87,2024-01-01,US
ddca01d7-7978-4c25-a616-65525a88fb63,623,193,9,241.45,2024-12-06,EU
bc56c7f4-b0da-4a5f-9094-383d0bd0b04f,1,142,8,282.36,2025-03-22,EU
7e173cdc-eb1c-402d-9f2d-75ab79b51faa,893,146,1,323.73,2024-10-09,US
8e3d847f-d8a1-4edc-aa8f-380a29f84cdb,268,312,4,801.32,2024-02-25,EU
c77bd5ad-045d-4317-b9a6-f8c90d60d450,473,291,3,405.33,2024-03-06,EU
36366e27-fe48-47cf-93be-22516aa08beb,947,326,2,498.67,2024-06-04,APAC
e41b02ef-8fff-40b9-be79-22385c881b65,143,185,8,1603.74,2024-06-19,EU
7f2e5d06-2945-4651-aaa7-1a51fcd6ace2,640,198,9,2511.95,2025-02-16,EU
549d50be-a4b9-4abe-9030-1fd960a01735,479,477,3,1258.68,2024-10-16,APAC
5521a77f-da2b-49fa-982c-43b56aafec07,499,456,6,970.71,2024-11-25,US
1ac54114-37b5-4a84-96c4-891d52c4e2de,416,333,3,240.82,2024-03-17,US
c44f0782-fb0a-46cb-ac30-ed6aa0bf3034,865,452,7,3156.58,2024-08-31,EU
945e72be-3890-43e5-a92a-8db2674ae830,797,421,3,1094.82,2025-06-09,US
389029fe-87ee-446a-8143-36d0cc366f73,557,310,8,1780.24,2025-05-03,EU
6e36da85-8f86-4d16-b69a-b1140907bb56,687,466,6,558.83,2025-04-01,US
0ce93eb9-c3e1-4563-8aca-b96892b8c0bf,958,366,10,2275.17,2025-05-22,US
49ff9d73-833b-4429-89c7-c151b45cbdd7,705,391,1,385.09,2024-07-17,APAC
fba27bd4-7e80-4b31-96d3-9224357fb50e,921,86,10,3554.4,2024-07-31,US
3c58c3de-105b-4dd7-a214-fe09306106e2,663,6,6,675.91,2024-11-17,EU
26f7f9b0-2e26-4bf8-b1ca-0dcb2719dbc5,62,247,9,2768.51,2025-03-27,EU
a0ce8e8d-e1ab-4a4d-b613-76d795b54f54,128,336,2,674.58,2025-04-15,EU
0b6bcff2-2fe9-44d2-9a69-584e34905549,68,432,8,2284.42,2024-10-29,EU
97264269-2051-4c67-8247-428829016a83,469,166,,484.51,2024-11-06,EU
33dadf15-e83d-4cc3-814e-14b9004c4b76,732,223,6,394.48,2024-03-25,APAC
974e1d8e-fa2d-4983-aba4-a31bf83b7c38,993,309,6,2772.31,2024-11-12,APAC
42244a7f-f51a-40c8-acbe-724e7c3643ba,979,127,4,477.45,2024-11-02,APAC
e76fddfd-16ba-4d25-bf8c-37a569104397,646,465,8,2474.43,2025-03-11,EU
e0e7b336-9985-4493-8a28-e7d4e89df90b,952,184,,27.03,2025-02-15,APAC
fc6f2e86-1fe3-4d07-943a-808c7d2d1321,708,407,5,470.78,2024-12-17,EU
bd64499b-2a1b-448c-b1e4-17712522c26b,334,139,10,1009.18,2025-06-04,APAC
0e7de00e-7926-40f2-b6d7-0d0beb8507c4,815,66,3,204.47,2024-06-03,US
d8aec410-665d-435d-b045-a5215c4ebe82,343,201,9,3151.9,2025-04-22,US
7e4b06aa-b41e-4eaa-9dc5-d6b38e0a1b57,915,344,7,337.92,2024-11-04,EU
4b2c5af1-2ffa-4105-98fb-5680810b974f,104,130,3,1283.7,2024-03-13,US
9550ad60-2ae1-426c-9be0-6ca11fc47bd6,665,225,10,3632.3,2024-06-21,US
a035c13d-0003-4587-b8ab-97e918341e01,928,131,10,895.03,2024-10-12,US
b9aeb249-dfb1-42b4-9ed5-77a27d6bb5e7,409,97,9,3088.21,2024-10-05,US
207d88bc-7e89-4abf-bdea-f46216bb70cd,943,466,9,1700.75,2024-11-04,EU
c40bec70-f37d-40b3-b90f-c7bc88074823,10,473,2,318.75,2025-04-24,APAC
08cf1a49-b0ba-4e47-b728-aa1e3e19566d,554,420,4,577.49,2024-02-13,EU
6842a235-2cd1-446d-b286-a99912e282f4,282,310,10,1187.07,2025-04-16,US
c398e8cd-3c8b-434c-b18e-c25d8750990d,400,31,2,969.32,2025-05-16,US
7543e3be-f25b-4ef7-92fa-c45204cda2d2,476,141,8,1690.7,2025-06-12,APAC
131b7077-09ea-49f1-85d2-714df53dabd8,650,147,10,4536.14,2024-10-29,US
4288462c-a71c-4c23-96f6-b479409d9303,204,299,3,799.48,2024-05-09,US
3efa881f-f449-4239-8f64-e535398a853e,589,448,1,91.15,2025-05-10,US
3a89153b-d144-46ca-8e5f-358e14064c62,407,93,6,1590.01,2024-05-23,EU
81394704-390b-4819-b490-5c4720285079,573,218,2,52.4,2024-04-18,APAC
a93ece92-eb11-4efd-b72c-3defa19e1de9,185,410,9,3033.78,2025-03-11,EU
2c27020f-c186-4d16-bc9a-40c9fef1785a,195,31,1,428.42,2025-01-20,APAC
2d4bd07f-b4fc-45d2-ba1f-b79fdfa258ef,195,340,1,446.41,2024-10-23,APAC
f0840444-364e-4158-8b1d-6438c265f4c1,332,429,1,6.24,2024-08-17,APAC
1eeeb159-fc47-400c-9fda-b111e5f84bab,842,121,8,2206.51,2025-06-02,US
a9ca6e09-b657-43a7-9521-576566722e28,542,59,3,991.49,2024-02-06,APAC
b04aa2f9-3c2a-4d69-89a3-eb4d39f3e2c2,293,384,7,3316.02,2025-03-13,APAC
70126e5a-4458-40cb-8a02-c519a277cb09,782,336,5,762.04,2024-12-21,US
5ae2338e-e336-44d3-ba47-a00981268632,135,473,10,4909.76,2024-03-25,US
f476948b-9e91-4e97-ae0c-b1721f90b9a8,4,317,2,74.12,2025-07-03,EU
a98de02e-3de4-45f9-92da-20194326bb4d,410,369,6,563.21,2024-10-21,EU
0a7a5081-9a0f-4a20-b0b5-87dd2b0a93aa,407,52,8,503.05,2025-01-25,US
efc35b77-3483-4b4e-8ddf-d7fdbfa71305,104,213,6,573.98,2024-01-15,APAC
e77b0e49-1473-4b67-9fb7-9f1f0010a306,122,69,3,263.51,2025-03-24,US
2d615661-9c52-4241-a0ac-1445a01b7772,839,297,6,1813.82,2024-07-15,APAC
ebfa4c44-f4f6-4ae9-a79c-41727e0d4d69,306,138,6,117.82,2024-07-17,APAC
e16185c1-0563-47ae-ade9-86379466f158,156,387,3,1011.86,2025-01-21,EU
dec914f7-dfb6-4efa-8fff-50c4a883dcb3,572,26,2,395.29,2024-03-31,EU
93b7b026-91ab-4ce2-8509-edd8322a27b6,350,19,6,1655.28,2024-11-03,EU
f67172cb-e25b-468d-90cd-4bb948bde1f7,470,333,5,883.25,2024-05-12,EU
56517104-5e9a-4d37-9dac-061686988f30,721,147,1,110.29,2024-01-12,APAC
ba8f7914-d120-4efa-a038-b806e3604e55,216,17,1,167.36,2024-04-15,APAC
c8b89c60-859e-48dd-8e72-6f9eac053785,80,494,10,560.98,2025-05-27,EU
63617925-2da7-47d6-8fb6-5ac4af771854,923,444,8,569.53,2025-01-17,APAC
960e9dff-0b52-4c77-a75b-71812de8ba4b,196,92,9,2895.19,2024-05-03,APAC
e63260a4-2d53-4298-9e70-7f311b284e4f,454,351,7,2641.61,2024-04-12,APAC
64a22038-42c6-403e-b5ce-0c35926255e7,541,355,5,833.1,2025-03-09,US
995c3d0d-787a-44a1-a3f7-e67b11f90479,561,311,2,296.98,2025-04-29,US
98b16ee5-dfc8-47da-842b-6c947edabb07,85,281,7,1454.32,2024-03-31,APAC
491b6c9b-f28c-4956-b632-33fa54654002,511,168,,114.45,2024-04-05,EU
010ebc10-6a8c-4b59-a009-d31e933e3db5,108,220,1,365.67,2024-09-07,APAC
1639ffa8-9fdc-4fb6-b34f-1182b93bed2a,918,83,2,965.02,2025-03-16,EU
3c1ceb78-c4bd-4214-9128-3ab65a2a0a40,348,327,8,1190.68,2025-06-26,US
9b294173-5879-4316-b4be-002e48b7c0f3,614,245,2,151.04,2025-03-09,US
100284be-34cb-45ef-923f-3a149ddbdc74,705,118,10,2745.62,2024-09-17,EU
7a3ca8ed-e1d1-4fc3-904a-a203d6146727,857,338,6,751.09,2024-10-06,EU
80be2382-1b04-42d1-b2f2-9413449e54b6,68,240,9,2269.83,2025-05-19,EU
9e4319ef-af18-4792-90f5-cd7a8c204ed1,999,288,5,2288.63,2024-02-07,US
41308a95-3b61-41da-9140-cf45b48e3d98,739,343,4,1819.18,2024-03-04,APAC
84cb7e29-44e2-42f9-bc9a-f21f9e2b22cb,479,133,1,238.48,2024-10-22,APAC
1fa4daed-34c1-4dfc-b6a9-b40c91c49c70,838,107,9,677.46,2024-07-02,EU
8da8b636-dd6b-4119-a6cd-2d5f1e04b313,944,215,8,1710.81,2024-10-19,APAC
f67ce2b5-5341-410b-af13-bb9df64adba1,625,322,8,804.14,2024-01-13,APAC
7f06496b-1f2c-401c-a2f0-cc7f8da3da52,497,239,9,2646.57,2024-01-05,APAC
ef4891bb-cc1d-45a0-a5af-c7c367c37751,225,233,1,412.54,2025-06-28,EU
83abe3e4-e942-4ae6-b178-6dd9d76d74a3,772,390,8,3360.58,2025-02-14,US
2d0837c0-8bae-4486-94c4-5eec873e17ee,798,447,8,1271.14,2025-01-02,APAC
e0dc8bc1-de76-4699-b3f6-ed319c4322ab,120,37,2,845.1,2025-06-02,US
269a97e7-1e4e-418c-809e-7e3c1a779bed,523,244,8,2690.16,2024-04-26,US
69da6900-adb3-406e-a1e5-3ad9d2ebf730,111,263,5,1030.91,2024-07-21,APAC
422783d4-9fac-44fa-9a35-aed229937141,977,81,8,3169.94,2024-10-30,EU
3603b657-bbd5-4a70-9207-39f3c233446e,734,65,3,793.26,2024-10-20,US
60f4f317-12ac-47ff-a674-4daf5e5c1244,846,430,9,4107.77,2025-05-04,EU
4593a425-b28c-40bc-ba39-d7684cb8e9f7,887,266,3,1003.46,2024-02-28,APAC
693c347f-6bea-4dbe-9aa0-057287b7c4f7,67,84,3,516.21,2024-10-04,US
47965661-5086-4c53-a37a-1003f1db7f88,834,420,10,1896.51,2025-03-18,EU
1e39a1dc-f48a-485e-9307-a3291c3612e5,875,26,1,483.87,2025-04-17,US
2a29e30f-2434-4ee8-a530-49419fbb31f3,528,498,4,780.13,2024-02-25,US
b368276d-c562-457d-aef2-3e583345c892,290,294,5,1405.23,2024-03-14,US
a6964ffe-7f8f-49c3-846c-e3caf0335f4c,582,333,6,2275.52,2024-01-11,APAC
b58f292c-13c7-4e5b-8f72-3d4f49fdafe6,37,258,7,735.39,2024-01-04,US
f60aaa99-65d2-4f55-9cb0-8c8bfe5be0bc,190,20,1,278.08,2024-11-22,EU
999ebabb-e23d-4ba1-be68-1e9aafbfdf84,1010,31,9,767.84,2024-11-21,APAC
676b56b2-e485-4a5f-ab6c-0f31283e4e3d,821,98,10,1455.84,2024-02-15,APAC
73349294-ef33-4264-a426-e8a80502c548,2,338,9,1002.4,2024-10-10,EU
7cd6c023-68c3-4618-b11b-a634b1d3d54c,958,337,8,256.83,2024-03-17,US
f6517a33-e855-4a5b-aa68-742e76723661,858,42,7,1416.86,2024-06-03,EU
9fd0b5fe-9ca9-43cb-a361-5ab7ba685b78,31,111,7,1640.01,2025-02-06,APAC
06d33389-070b-49d0-afc3-9a1b479e5ebb,998,304,7,1128.46,2024-03-16,EU
58fdf017-1d46-401b-8e57-aca9c42f441e,935,412,3,901.54,2024-05-20,APAC
87f92f46-71c4-45ae-805d-87ba3ba69662,662,258,7,2042.05,2024-01-29,US
7aa3d930-4764-43b5-9a67-d6d774cbac23,388,77,1,322.09,2024-12-26,APAC
c1287cf1-ea73-4775-ada9-5feceb30c819,114,348,3,363.6,2024-05-16,US
3dd92603-1944-4ef2-b383-894e741a9203,576,279,9,3313.64,2024-05-27,US
06f7b54c-d395-45df-9920-fa72c25956e8,261,296,3,1444.01,2024-10-30,APAC
23eb8b37-3d9f-4100-8664-c1d52cab4dad,405,461,3,659.11,2024-03-06,US
48e21720-2c0d-42d1-8d59-f4bcae1b2803,635,354,10,4133.63,2024-08-01,EU
2b66ec3e-5252-4f14-be80-6332620244c9,857,283,10,541.07,2025-01-22,US
c1cd91cf-39e7-4338-8100-0196c32f8544,919,493,10,2095.19,2025-04-26,APAC
f531f41f-b106-4fc3-8cae-c12a5e7dd059,630,482,6,2823.18,2025-04-02,APAC
d3613051-fa48-4032-ab0d-ad21858fffca,916,358,7,1600.8,2024-08-05,EU
71cea907-d13a-400d-ba63-eeac017508c8,538,8,8,1332.29,2024-12-04,EU
a9980e03-c730-4109-98d1-811511990d66,233,448,6,415.97,2025-05-27,EU
55cfd363-273e-4860-bf76-bc324f81995e,665,350,10,4727.64,2024-06-17,APAC
c41a97ee-3c7f-4bf9-bf7e-abcc86ae8d85,824,275,4,1916.75,2024-01-20,US
a528e474-cf9c-4a9c-a87b-3ac6e95a5ae7,6,132,4,981.44,2025-05-04,US
d7ea6b53-15d8-4e5c-adce-c4abda9eff01,504,200,2,219.61,2025-06-25,EU
7288513a-2980-4608-a221-7dbc58b3da38,881,22,2,924.14,2024-10-04,US
fe323b9f-c8db-435a-9589-4857419d1225,42,487,5,1499.5,2024-09-15,US
20f999aa-fb6c-47cb-a4eb-196ddf65d8fb,437,372,5,222.01,2024-03-07,APAC
dd0f0b65-88c2-4f94-a00e-ec8827bf16cc,531,391,5,1229.82,2024-05-08,EU
99d8b957-0f73-425f-8cb3-f912d220a13e,719,173,1,41.88,2024-01-09,US
200359e9-6a28-436b-9c0c-2093c64726b1,425,169,2,514.77,2024-02-05,US
3e072919-46bd-4341-91aa-ed2789e1516c,763,237,5,421.48,2024-03-02,APAC
853918b7-feaa-4aa4-85eb-73e719165546,915,471,9,4448.09,2025-03-22,EU
fb8a801f-039a-443a-a7f4-95ccd2d6689e,505,58,7,3255.17,2024-10-08,US
7a2e5a76-3b4f-4660-9252-00cc062e27f0,507,90,7,3444.51,2024-05-20,APAC
0d07725e-58f3-4511-a751-058e94347a3b,782,350,5,2279.26,2024-06-29,EU
8aec54e8-9464-42a3-9fea-84d9f24a249f,818,321,6,226.91,2024-07-05,APAC
ebb51bec-5566-4ecb-b683-e43f17db3270,691,379,7,3251.34,2024-07-18,US
d49a0b3d-a4fb-45e6-929a-1a83093dd4a7,621,463,1,16.76,2024-05-23,APAC
533ce993-fc56-420a-9d48-edfd6b03acf5,90,227,3,589.55,2024-04-23,EU
6d5487e0-3a6d-40cb-89f2-b48a800df6e2,639,299,4,1406.74,2024-04-19,US
a4e0a2be-02c0-4663-853b-a36747e5ddf6,609,227,6,875.76,2024-04-16,EU
58d79b55-6463-42cd-80bf-ba34a8e19da3,471,493,4,1931.13,2024-06-08,US
154ecfb5-d822-4478-8201-d61d1f6439c1,224,92,1,304.73,2025-02-04,US
c718fde9-c56a-41a2-84a8-63c01a9e7563,2,385,5,31.14,2025-06-04,US
a6d3cb5f-e3aa-4851-b427-57be26bc7ac3,541,308,3,748.25,2024-08-28,EU
b6e28d4d-e49a-4934-aaf1-23eef61aca9c,772,281,2,869.54,2025-06-29,APAC
c09afd94-e05d-4d41-bd07-0b63a02ed127,130,345,2,45.08,2024-08-05,APAC
52817a2b-174e-4e8d-9d7e-7bf7e740d816,897,150,8,3851.7,2024-11-09,EU
cc975476-d89b-4b77-b7fd-418fc9415a40,479,31,5,1790.89,2025-01-17,EU
19b5a95d-dc30-475b-bd2b-1b428fbaa8d0,921,49,4,1298.72,2025-02-02,US
c315adc6-dad7-4770-9f99-8fb8665c3ca6,649,326,5,621.79,2024-08-03,US
e9b97a6b-6261-42df-a576-b104f24b87a2,722,46,4,756.6,2024-07-24,EU
387d15fc-90b5-4067-aea1-447f7e858ee6,542,180,3,404.83,2024-07-07,US
dd21fc34-7e70-40ad-b1f8-e190289ce84f,684,473,6,1325.97,2024-10-10,EU
1b2f2d7a-2ece-4328-802b-675dd4058514,761,483,5,31.84,2024-07-07,EU
e56b1ad5-be0e-4928-b692-02d1f6f665d0,94,305,1,421.71,2025-01-29,US
9da2958e-87ad-4b9a-a57a-729f0b975354,770,115,1,398.22,2024-10-15,EU
40b86035-8c60-46d2-8713-c83b8e4bc708,647,145,6,861.15,2025-04-01,EU
f8ce5dc5-944c-4a81-8606-44b4d7bcf657,602,223,3,347.11,2024-10-07,US
40e3f958-c41c-4bc4-8eaa-6bb5ed426125,203,20,1,287.22,2024-09-30,APAC
ae02bf35-2287-4e91-ab1c-02bdc2d45f9b,20,308,6,947.03,2024-03-02,EU
d0a87259-1167-4c8c-af0c-59a7449a1428,30,287,8,1431.44,2024-11-12,US
53ab4947-74fe-4a27-9ccb-7685dd8a09e1,517,464,8,1476.83,2024-01-04,APAC
8ecd8c86-2e22-474d-a593-4297419c48e6,821,364,1,434.13,2025-06-23,US
996f0b60-cab4-49ea-9f2e-e81bad171e6c,876,371,3,897.54,2024-07-06,EU
3a6db0d9-dc72-4e5c-9404-3821d5a27d41,550,397,3,1265.24,2025-04-21,APAC
f7123921-8998-411b-a71e-f5864c3dbaf8,890,30,8,3435.67,2024-04-11,US
90a4e1e7-ce42-4a32-acb8-ac0fde967043,218,335,1,93.66,2025-05-28,EU
fda05a36-c39b-401b-be4e-f99e07f22329,918,47,9,926.61,2025-05-26,EU
3d9e6c4b-9333-4174-a05b-6a67f1599a60,214,354,4,1630.73,2024-05-30,US
d942ba5c-3de8-45fa-b3f0-71f80ebd7b2e,1000,430,4,880.9,2024-12-20,US
775bdc7a-f638-4799-af94-325a49d9ab1b,88,108,3,641.15,2024-01-18,EU
33305364-b86e-4139-9d07-f108317ceed7,891,430,5,2379.1,2024-06-17,APAC
65ca0558-b89b-4941-86fd-96d2cc66e31e,487,218,,235.97,2024-04-22,EU
a8ed7ead-f026-4e0a-863c-ac55e83529b5,82,197,8,3584.17,2024-04-26,APAC
189ca0d8-642f-4177-9dca-a082c98a227c,264,24,2,712.22,2025-02-05,APAC
56510513-c18d-4e10-9c8e-f9c70dc4bc50,125,204,4,547.56,2024-11-30,EU
f6b43833-4a60-4ab0-8c43-e6a3defbc33c,448,343,2,744.31,2024-10-19,EU
3dc51fdb-42f5-412f-bc99-916ef01c3c26,722,333,,443.84,2024-12-10,EU
35f95c2f-e436-444d-b591-d48812c3056b,40,258,1,317.33,2024-02-20,US
033683aa-5773-4db1-abd5-455657c17bf4,459,15,6,388.28,2025-01-18,US
31155d2d-5c09-44ae-9edd-4c61dcab388d,374,412,5,356.47,2025-01-04,US
56b9f8c7-999f-4e9e-ad0f-800e0f24f40f,819,65,9,2013.71,2024-03-28,US
c354177c-3cf5-4167-9a23-1397429053b9,240,448,3,307.62,2024-10-13,APAC
f6dd31a2-75bd-4fa4-b2ff-2d91c0a8e8b8,816,291,2,241.88,2025-03-08,US
11a5f868-c455-4cdf-8877-3cb834f1a740,300,497,2,842.38,2024-02-13,US
66da7405-afe3-4a69-97f6-bbb915f84631,240,325,4,1617.53,2024-06-29,US
f3cfdb94-4345-44ad-b6f2-d5d0736fcb6e,649,441,4,488.77,2024-06-08,EU
dc3150cf-e802-488b-9af0-e79b745d643f,870,483,2,926.41,2025-03-30,APAC
ffd123cc-b05b-4013-b7e7-9d5126419509,691,19,8,3551.17,2024-07-28,US
790bac2b-e9b1-47cf-a15f-0e944fe4e960,476,198,5,495.65,2024-12-22,APAC
5dae74b8-1e46-4591-be24-4fdba475dc70,726,386,6,1954.57,2024-06-29,US
cf9d85fd-2f0f-48bf-94a7-5bd7f6a4af41,736,133,5,733.06,2025-01-05,US
9f32985c-7f2e-4bf5-8415-4a19a4b97f2b,350,450,2,653.53,2025-07-01,APAC
029629ff-bf41-4e95-aaab-cdce978df1d7,434,127,10,4697.95,2024-10-14,US
e044c640-9ddd-4e22-8c8c-b6e9e96f6445,131,298,1,234.23,2024-04-10,US
80792d61-00d4-48ea-84ad-d644a8807a77,372,36,1,51.75,2025-01-09,EU
e5ed688e-16ac-4b60-a9e6-59f48634674f,426,275,7,1466.35,2025-03-25,APAC
d03d6777-ed0b-49f3-b42c-7f4b1937f140,383,52,10,1707.33,2025-01-15,APAC
22c27c2c-4be7-4fb3-9402-f507ba422417,645,280,7,276.44,2025-07-04,EU
593792a3-7bd6-49d4-9df1-44458a9f37ee,176,288,7,3198.06,2024-05-28,US
2396aefb-fb98-452c-a934-e06fb1266de9,407,346,1,272.43,2024-05-03,US
e54f25f2-596a-4a30-a0a3-a9471223d0cb,251,121,7,2122.26,2024-11-03,US
240accaa-c163-470c-9b86-895f0be48d5c,433,333,5,1455.15,2025-06-17,APAC
927ff353-0bd0-43c1-b9da-eac44f94d72d,847,34,10,3448.87,2025-02-23,EU
11101cac-fc7f-48ec-8b38-059cd87a3dea,757,391,9,622.48,2024-08-25,EU
9a90b293-bb3f-4bcf-9ac8-7c1c7ff55617,879,234,8,324.67,2025-02-21,US
a05151a4-6d44-4532-a1f6-35ed89f16a5f,246,106,6,182.13,2024-03-17,APAC
0bc1e4a5-1885-48fe-a761-f5c6295a11d4,903,296,1,312.75,2024-09-20,APAC
61895973-0c45-4949-8447-360156dd3b32,489,16,9,3111.79,2024-09-28,EU
91074819-a605-4a82-8462-548894a002ba,723,78,8,3831.22,2024-10-09,APAC
09fc63cb-609f-428b-887b-63f79fb1c558,296,191,3,461.03,2025-05-02,US
699afc0b-1a13-459d-846b-8f77bdc883ee,517,441,4,945.88,2024-05-06,EU
e4d78ac1-b472-40a5-b2f7-bf1245b5c251,602,274,3,911.18,2024-01-15,US
d91dc829-ea30-4a24-b8a5-949a17b81b52,910,193,4,1339.62,2025-02-12,APAC
52f14eef-de6c-45c2-aa10-dac6ed96beda,797,262,7,2531.69,2024-08-02,EU
9974f6c2-a4ba-4f04-ae39-2f9e9bd60ed7,439,457,2,826.45,2024-12-11,APAC
4dd97ff6-1e04-4911-b6c9-7560181db036,459,360,9,757.73,2024-01-13,US
d002ca3b-d3dd-4b88-9b65-fafd3f1b72d3,305,153,9,144.17,2025-02-23,US
a7bbc4f2-cd10-4f9c-a091-bac13b70395b,688,253,2,797.57,2024-07-01,EU
1d474577-5fd0-4046-9810-4a10edff4bea,399,499,4,204.63,2024-03-25,EU
a41439ec-8ba6-4942-8ec1-ee9a2709925e,902,319,5,608.63,2024-02-02,APAC
490d3259-9094-40bf-b6a5-91bbcff2ae50,481,187,4,639.12,2024-08-19,US
5eded531-21c7-47c5-956d-a5c4bef43d38,915,180,5,2476.03,2024-05-23,APAC
5a9da0a5-3b7a-4553-ad16-9b4b1a1cd916,338,266,1,200.66,2025-01-25,EU
49447842-c09b-4e57-91a3-deb4cb01fb60,973,270,9,2106.88,2025-01-17,EU
66f59640-fe98-4822-a40c-bad240d84f03,296,204,1,55.49,2024-02-21,US
e651a3fa-dbf2-4ac0-b143-0f58241f86ed,767,223,5,1082.57,2024-10-23,APAC
ad252962-26dc-428b-acc4-5b1779857a2a,675,43,5,2077.67,2024-01-08,US
e0c63dd5-9df6-4e5d-a2b1-3de9e273b922,49,317,1,81.52,2024-07-26,US
e0a35f5e-3ea9-4e8b-afa0-d5560125bc98,1000,28,4,1728.7,2024-02-18,US
1f232abf-ac5b-47ab-8166-ea4f24f1045b,192,198,5,602.7,2024-05-20,US
f6c67f03-63b6-4d04-ae1d-99645ec50ed7,794,229,6,44.93,2024-12-09,US
45de4ae3-9680-4f19-a6b4-dd8629d46682,324,440,3,390.57,2025-05-16,EU
6322586c-0389-42ec-b1cf-b5a9d6efeafd,796,289,6,927.01,2024-07-12,EU
e57de193-b418-43ba-b422-a63e9230bb47,618,141,9,2586.12,2024-04-03,EU
e809387c-bde0-4c05-ba59-39a84af6e1df,698,215,2,355.04,2024-03-16,APAC
d7e39afe-716c-4dea-a63b-c498a0418357,51,353,6,2969.78,2024-03-15,US
0724c0e8-1d92-49cb-871b-07340f8715c1,133,400,4,939.2,2024-03-20,US
b02ec3c7-20ba-47f8-b1f1-b89707c99172,815,296,3,677.62,2024-11-08,APAC
6319ff1e-3e68-47c8-943f-550ad01780f2,927,293,7,2285.8,2024-05-05,US
ed74580f-f4e8-4b77-bb48-942ac060af5b,679,39,1,416.19,2024-12-06,US
274039e8-9cbc-4780-a191-79ca70b37e7b,480,363,8,2429.5,2024-05-03,US
569af052-dd55-4245-818d-0daacd22802d,855,268,8,3689.24,2025-04-22,US
36c51b0a-81a0-4734-ba51-d3ea05edf7d5,519,477,4,101.45,2025-04-17,EU
3aeec57e-b7a0-4074-ad7a-f375b9691d0b,679,376,6,437.54,2025-03-05,EU
ed4ee2f4-081c-49c0-93da-2fc13d65db8f,983,220,7,1292.94,2024-03-26,US
57e833c4-19c4-4922-8014-10b370426ced,259,58,6,395.72,2025-01-28,US
2b0a1616-6e7b-4dcb-80f5-6819b070644c,872,493,8,1938.66,2025-05-14,APAC
46867198-af7b-4e65-9e26-dade1d7e2322,196,334,9,2845.9,2025-06-26,US
f724b4da-213b-494f-ab6b-2df632bf4021,886,263,2,349.62,2025-03-31,US
4bc2f57a-f2ac-4358-87d3-950ffe091b25,811,485,10,2419.93,2025-04-02,EU
5195e74e-286c-4c72-aaef-e2b3c9ef3d33,667,34,5,882.43,2024-05-08,APAC
aa970ea1-2fa5-4408-b6bf-3312cea6dd47,329,288,10,2023.11,2024-01-13,EU
2dd24ad9-eb9d-4d54-b2bf-6fe32f2c93f3,642,459,7,2159.02,2025-05-26,EU
84ebc56d-e94d-471d-b789-5bbea6ac0cf7,97,63,5,2316.2,2024-01-10,US
5a35569b-fcf5-41d5-b1da-bb50ad669a13,362,367,,18.98,2025-03-09,US
4523cbac-a446-4ced-b9eb-ddb985c7cbf9,816,298,6,1418.1,2025-02-11,APAC
3e3b1bd2-025e-470c-8a22-68f85440f599,353,193,10,733.68,2024-06-06,EU
e71926de-3005-4aaf-887e-a4f52522dd4c,765,433,7,3224.1,2024-02-17,APAC
a4d7d8be-5fd4-4cc1-ba1c-416e98213956,361,219,8,2045.96,2024-12-30,US
54ed4da1-e96c-4f0e-930c-5122610c25bc,76,326,7,1810.86,2025-04-04,APAC
77b115b9-dd6c-49d8-915b-28e57b64b743,125,250,8,3808.8,2024-12-18,EU
8119f055-12d4-422d-affa-575a534379dd,423,295,9,1403.91,2024-05-24,EU
0625815d-8b2f-479f-8b90-eacdfbd12622,247,223,9,854.33,2024-10-02,APAC
1688a97c-1acd-4416-8800-99c83abab7a0,165,158,10,4180.47,2024-01-20,EU
b2bf11af-67ba-4f8f-92d2-9422bf790aba,497,89,3,1373.04,2024-12-25,APAC
287562a6-57fc-4344-a5fb-b6bf3ad1aed9,101,181,7,254.07,2025-02-10,APAC
0f14dca8-24b2-4a32-83e7-4a07406f198b,921,260,3,692.86,2024-10-18,US
e946026b-f3ca-4fc6-9b28-680a3b8e40c4,393,55,10,3467.29,2024-01-16,APAC
2cca7cac-2bcb-4272-83f2-245ddc9c150e,42,131,10,2451.34,2025-04-05,APAC
b6abf9b5-6f9f-4548-a417-bbaa299f856e,331,367,8,1427.39,2024-06-25,US
067aaa4d-6dea-49e5-b511-c97c9ea711b7,666,486,8,3349.99,2024-01-17,EU
34be3ad7-f9d9-4655-abd0-40779abe47ab,912,198,2,885.66,2025-05-27,APAC
960c93ad-67b5-459c-a5bf-bfe808e09015,792,143,2,771.38,2025-03-05,APAC
6e83cbaa-2ebf-40d3-9799-9e5953580c52,771,387,1,66.82,2025-02-23,EU
cbccd994-d2cd-4c42-8363-375649f2a515,107,377,8,2034.14,2024-12-29,EU
7de1b50e-3e0b-418f-8abc-ffb66f3d354c,952,289,10,4117.33,2025-01-05,US
3de42390-82de-4007-967f-169504a97cb6,302,145,6,2691.82,2024-06-23,EU
8ab823a8-6423-4e30-a653-6f18abf1c504,26,144,,62.83,2024-07-02,APAC
64caf948-82c3-4722-8986-a515bea3a4f9,378,53,1,37.96,2024-01-11,EU
d245c4ba-f4c0-4683-af0b-c68c769ea29e,549,45,3,1071.33,2024-05-10,EU
ac73316a-ef4e-44d5-b790-b387b087f7ed,144,470,2,82.73,2025-02-12,APAC
01f1c24b-b51e-4b51-8eea-77e3803e5184,898,324,4,958.81,2025-01-20,EU
fbfe9d67-5f28-481e-819d-975c43ad1deb,562,36,8,3027.7,2024-04-20,EU
870934b4-1dfd-45ac-b78d-8bbe71c59d97,556,117,8,615.97,2024-05-06,APAC
9f693929-d213-427b-a0ec-a651a3a26025,641,272,5,472.89,2025-04-24,EU
2a6a845a-ff38-4bb6-8daf-304f2cfe2be7,27,468,10,888.86,2025-01-28,EU
a4300ab1-555f-47a6-803e-aa6f0bbcb3c6,561,370,8,2137.14,2025-02-25,APAC
a8194ef6-f3be-4de5-b750-3345824ea1e9,304,409,1,305.59,2024-11-15,APAC
50f018db-2f44-4e3a-b4fa-d366a9503f1f,939,319,3,1441.21,2024-02-10,EU
76e91125-d974-432a-8a0f-fd5874627c6c,411,252,7,1911.82,2025-03-20,EU
d48f7483-fba0-4a58-bd95-421f06b296f1,325,332,6,2100.01,2025-01-17,EU
d0584c99-8076-4dbf-8836-2f7698f8af59,922,199,9,3309.21,2024-11-11,APAC
543d39d8-db9c-413e-a153-18bcce0ea28d,751,281,2,876.64,2025-02-21,APAC
386a711c-9392-46a7-90c2-9605d357969a,935,331,8,3314.29,2024-02-12,US
bb6129d3-0924-49aa-a20b-f08c2790db95,403,374,2,147.42,2024-06-24,US
bca79fe9-2c57-46b2-8cdc-2efb23c72996,605,365,3,748.45,2025-02-18,APAC
c29a1a1c-ebdd-42d4-bd2c-d7cb7254f59b,614,258,10,2335.04,2024-01-18,EU
a3acd9f6-d65b-41f2-a90a-b4549bfef699,989,477,1,465.18,2025-06-28,US
24b0e8c7-2706-46ae-b8b0-2dc14bded7bd,684,20,4,1142.67,2024-12-13,EU
3bcb974a-7d9d-4ae2-9d28-8a48c6c07102,730,500,10,1771.67,2024-02-04,US
9364d174-68d4-4534-84cf-3e882792fc14,755,148,2,479.21,2025-06-13,EU
6ba463ca-f3e6-4535-b5cd-08d63bbf7b03,387,329,5,1795.64,2024-06-26,EU
54c3c1f8-fd83-48c1-a74c-046a22099223,222,2,2,332.14,2024-08-16,US
3c8614db-211d-442c-9f68-013742c34d29,401,146,1,39.38,2024-04-20,EU
99893488-49e2-4557-becc-9a117e340ba8,493,136,3,1233.69,2024-03-27,APAC
7d99bb30-c2f8-48e3-84ce-d998f5e05da5,680,141,3,1396.23,2025-05-31,EU
e2c568e3-de4e-4048-9bc3-0be50ff8aa19,17,52,7,1634.16,2025-04-03,US
3a26bbb1-b294-43dd-aeb4-5fe9b4c38a5a,520,270,3,224.35,2025-02-15,US
630b81e5-47a8-4914-b3d6-48096e97df86,32,92,3,404.95,2025-06-09,APAC
b32e3af9-a0fa-4d80-a3d3-4cea173e5407,409,307,8,2666.17,2024-06-13,US
0338fff5-b5ac-4612-abfc-409d07ba05b3,262,424,9,4367.08,2024-06-14,US
6b588d32-8972-4469-86d2-23a30eb98f01,650,60,10,1488.36,2024-09-21,APAC
c764aa26-2652-49af-926f-dce24c21a397,309,161,1,298.11,2024-10-12,APAC
0451c056-813b-4236-9600-cee53a6d084d,572,121,6,308.22,2025-01-10,APAC
2416dd57-5fbc-49a0-b0ae-325c8acb77c7,759,71,2,412.83,2024-01-18,US
36ffbce8-c557-48b8-b165-8c116ca92b6a,112,266,3,1341.27,2024-02-05,US
9e58e26e-bca6-4794-a310-7cd5a55bc2c8,209,342,3,1259.93,2025-01-31,EU
923548dd-f4cd-4c1e-b233-db16510b5f0b,93,469,1,400.96,2024-06-17,EU
508fb561-a936-4a85-bc14-52cebefcd2dd,263,352,6,722.01,2024-11-21,EU
3bfc3edb-b4cb-4d1f-9b23-940889408947,79,119,6,2894.21,2025-06-01,APAC
79423089-91b4-4c4d-b943-920e281389cd,864,168,6,456.93,2024-08-27,US
465182bd-a38f-4591-a7f7-c5fa4d972774,413,269,1,206.84,2024-11-07,APAC
92ef23a0-7c84-4b34-a031-1176e74dd41e,278,24,1,337.21,2024-08-06,APAC
d16b248c-7c6b-4a79-a6e4-75b432388eeb,851,461,2,156.98,2025-05-05,EU
fc9c09bf-b5d8-4851-9f93-6f1adf0acf35,479,377,9,986.89,2024-02-10,APAC
343657ce-9f15-4c72-a8af-44336ce989b5,800,8,3,947.86,2024-02-20,US
1dcde381-22a0-4f54-ae30-90cd2cbb43dd,464,125,2,254.45,2025-05-28,APAC
59e8ce8e-e336-4219-8ed7-39736c338769,533,353,6,116.55,2024-10-13,US
3c08f713-8164-4e76-bf62-c43e120fbdbf,246,484,4,509.66,2024-09-25,EU
6e7f4a53-a1f2-4e31-af79-a9b2c105568a,612,404,1,63.2,2024-07-14,EU
f51d856a-960a-4ff7-b460-189dcfe3d614,181,491,7,2117.4,2025-06-08,APAC
33d88b63-b59f-4d5b-b675-f2100e2cdc42,36,362,2,964.29,2024-02-26,EU
1d70e825-93e3-40e7-a1f7-638e3ae11781,427,195,1,83.78,2024-02-18,US
daf5546b-eb10-4163-9519-14f491ff527d,347,299,8,905.01,2025-06-12,EU
30b2c513-21fd-42e6-9cd0-8cc121e5133c,493,270,4,1985.08,2024-03-23,US
95fea52e-0a01-41f8-b179-8a40879d3bf6,111,223,6,955.65,2024-03-24,EU
b579cce7-6f89-445d-97bc-2a11b2bed5a4,140,34,4,1901.58,2024-03-10,EU
1dac075c-5a20-4040-b9b8-6142cb4a5299,973,464,3,790.27,2024-05-02,APAC
6ba1bb73-fa12-4c76-a16e-a8d1f0a2e7d6,509,80,3,1294.22,2024-09-08,EU
618cb9d4-9d65-4afb-9089-84948201ff56,417,123,2,365.86,2024-06-25,APAC
d79fd6b6-6ba4-4fa8-9735-b1b230a68d49,398,390,,407.79,2024-10-27,APAC
859f0765-2b78-4594-80b7-51a31ad3e66f,907,466,8,2093.16,2025-03-11,US
e51b16df-4a47-4dd7-a2b1-0218b215d631,211,25,10,4478.74,2024-07-22,US
76595a44-4e86-4d70-9c42-2dfa397f7759,959,237,3,1459.57,2025-03-21,US
8da18a02-f9b2-487a-bb8b-0f81becf7df5,736,444,,64.42,2024-08-07,APAC
47dee455-fa85-4f86-9667-23d7d78df1ab,401,182,9,1786.06,2024-08-20,APAC
ab92aefc-dc6f-4873-8045-fca0dfea3a1e,254,242,3,432.8,2024-05-27,US
ae721ef0-4dc0-4e64-ae1a-6bfad8f6dbb1,708,181,5,1724.33,2024-09-14,US
712fc819-140a-4fcd-846a-8cc32e8a4c1b,610,373,6,1532.15,2024-05-19,APAC
f17e140a-4b00-419a-9639-67c96a06b4a8,123,257,,482.72,2025-05-11,EU
859543b9-b10e-4a53-a6dd-a85caa57d8d9,259,45,2,266.36,2025-03-19,US
a5902225-0708-4359-8e16-0c83387cbfd3,597,81,2,358.68,2024-11-18,APAC
641636bc-9704-4e78-83d3-0d52bfbc0152,556,277,2,913.1,2025-06-09,US
d91d90c9-9caa-4105-89c7-83acb173b36c,508,13,5,2080.44,2024-02-02,APAC
a277066b-7ad2-4a33-a847-556a20376304,268,371,10,4213.05,2024-04-12,APAC
0490c482-2f2a-460b-b930-7d5adf04b127,473,277,,35.18,2024-10-28,APAC
32e78fca-4e70-489d-8d65-293bdf098db2,809,57,1,471.79,2025-01-19,APAC
0285c234-226d-475a-a880-69937181f16e,507,269,4,953.45,2025-04-09,EU
ee3ce47e-4b8f-46f3-bec6-75677bc48594,629,355,2,724.17,2024-06-15,APAC
9443b2d4-4b0d-4ea9-bb48-30e2f2c42407,546,208,9,144.14,2024-04-29,APAC
ec373283-c8c3-4f8f-902c-f49b5c5757f4,482,65,5,1596.78,2024-10-05,EU
0e01b4d7-9150-4f17-ab40-718a112eb6b5,403,13,10,3985.84,2025-05-05,US
88550683-7b72-4d24-a6ea-a40838a6144e,214,274,10,1643.22,2024-01-20,EU
13b8ee0b-2cf7-413e-9783-5b348eb53870,1,233,7,2250.81,2024-05-10,APAC
3e2a012f-59dc-4183-a87b-525b6b77a79d,894,435,4,320.34,2024-10-07,EU
cf5d80f3-17c5-4251-ba7c-53c2f3c60c3e,418,462,9,1838.61,2024-07-10,APAC
ef750512-7baf-4d25-a64b-a65132294abe,620,115,1,231.37,2024-10-06,EU
a3dfb06e-74bc-4244-aa1d-8d72479f6652,365,33,1,189.2,2024-06-07,EU
52b096ee-c6d2-4ee0-8b28-522c88e1db51,342,350,4,1941.38,2024-08-23,EU
ffa82c3c-99e6-407f-a126-531e4986e006,770,478,3,854.47,2024-01-17,APAC
d3f9fc23-ec7c-4fc5-9028-f981024dc8aa,224,437,1,198.34,2024-03-11,US
a02e969d-805e-4c9a-872d-076eabc7ae62,509,207,4,987.1,2024-12-29,US
648cb345-3a90-4330-af36-7074d68240e5,720,317,10,462.59,2025-01-02,APAC
038ca0e9-2db0-4b52-ab6a-38760beb2f03,889,242,10,1135.38,2024-02-25,APAC
c19f6d7d-c62d-47ab-96ec-538d34910399,822,59,9,2797.51,2025-03-17,EU
c048b78e-7b35-4577-b49c-f2be03681411,555,448,10,3876.42,2024-07-13,EU
efc887c9-3897-4e6e-9582-9589cc5b802d,96,276,2,896.37,2024-03-24,US
9ed67740-3eda-462a-89ea-4bf2950c1158,707,422,4,1625.28,2024-10-30,EU
7c2719f6-6ead-44e2-91bc-8fd1181bed7d,444,267,8,251.59,2024-04-26,APAC
a648f11f-f0e5-442c-81fe-3019bd88a20a,541,442,10,829.61,2024-04-18,APAC
705cf185-afeb-4a08-8349-a9f17c58e916,179,266,10,4421.69,2024-08-02,US
42622185-3c4a-48ba-a8de-b42e6d0e65e6,519,414,9,80.64,2024-10-09,US
a3b2854d-0b40-4ebf-aa18-ea98747128cd,872,133,4,1083.34,2025-03-22,EU
a731f592-6a3b-4d5f-9914-a26b0e8f4d3e,996,404,9,1501.75,2025-05-20,APAC
bfda3129-7917-4d87-b1b0-f6276a3f916d,50,186,1,82.42,2024-10-30,US
84f31ab2-b4cb-488b-be57-9de3f267b213,784,321,7,979.94,2025-05-13,EU
e4f8c928-93c6-4902-8c89-0ee61b04ab34,647,194,3,192.98,2024-08-21,EU
35257369-c478-435c-9c16-3cd032a6ac04,703,214,3,570.33,2025-06-20,EU
3cadb92a-ab22-47f2-833c-f30d480304e7,777,148,5,896.25,2024-12-23,EU
4f115130-451a-4620-a143-cb8c6a7f356e,258,189,9,457.45,2024-03-01,APAC
74957d75-2b11-439e-9f4f-e2223d95ddae,689,362,10,978.48,2024-08-06,US
e363b265-2149-4ff1-b274-6a15db276e66,238,386,4,842.45,2025-01-31,US
eb883828-ee6d-4fb9-85d5-94f913dfe072,839,491,9,2204.42,2024-06-14,US
c9955207-d3a2-427c-adb1-a7037c3bc583,604,27,1,487.31,2024-04-06,APAC
a58a553a-11cb-490b-894c-917ea08a2d2d,42,10,3,112.19,2024-02-25,US
8e1d3596-1d3c-48ce-8b9b-5d64fdf660c5,660,12,7,2382.53,2024-06-07,US
716958d9-d3fc-44b6-84d2-cdde6d4bb220,401,233,2,721.17,2024-03-24,EU
6a33a2fe-88c4-4e9e-9032-6545b6c76b1b,236,493,8,2698.06,2024-11-24,US
dfc08ad9-a44d-4881-9566-47d00788719d,937,209,8,2789.35,2025-06-02,EU
fcb22b54-e8a0-4673-83fe-8ed529e64d7a,827,1,7,1535.92,2024-09-16,EU
a68a9375-3646-46fe-8c0a-6a085c4627cd,941,313,8,653.43,2024-08-27,US
c6778864-cb80-4054-94e1-066c11a2cf10,324,342,1,357.44,2024-09-26,US
cf4cb663-277e-4004-bcf7-543fa19c8497,740,39,6,784.76,2024-08-31,US
e02c8c97-cb92-4830-a203-089d070fcbd7,793,192,9,200.18,2025-04-14,APAC
905c3c58-97ee-4b90-8810-863b5cbf0715,678,97,3,1359.59,2024-02-25,US
8e216e17-a7da-4a85-a8d3-1933d27682d1,652,129,2,49.38,2025-02-18,US
ae53a001-2cec-4350-b09b-7cb16f071103,949,231,5,872.41,2024-02-05,EU
6e57a088-eeef-4ae8-821c-c7a5b759bc8f,702,74,9,1131.77,2024-01-18,APAC
ec9168e8-b58d-4ef5-86fc-d4235fbd970e,297,160,1,478.34,2025-01-12,APAC
66a45cc2-e1ae-4cfb-a30c-282301a2681b,703,295,4,1170.21,2024-02-06,US
8a679e85-29fa-4018-aabf-31a2043511aa,939,462,1,264.82,2024-08-26,US
4358bedd-2c74-44fb-87c9-5a466b6177f4,226,462,5,260.55,2025-03-26,EU
dd444708-2388-445d-8425-f8653099cc60,124,303,2,407.98,2024-05-17,APAC
304a7b51-b44b-4ad6-b517-e4cc42e324ca,449,324,9,1656.54,2024-01-03,US
4624e223-bbb1-4d7e-b129-20fb8afc50dc,418,187,2,382.72,2025-06-24,US
f7a132a3-cdd0-4322-abba-4dd7911cf7dd,954,461,8,1028.43,2024-10-10,US
9bc6d22b-10c4-4059-9596-e4fac6f49f3f,143,440,4,154.29,2024-11-22,APAC
5e407454-7cda-4fd1-9557-8048fb3637d7,989,448,1,243.73,2024-05-07,US
5f6aad54-1fb8-4ca3-8aa1-f105761891e9,406,245,10,4524.79,2024-01-12,APAC
c388acab-ea8f-4c7a-a49f-25aa1b593564,614,438,5,2494.46,2025-05-11,US
7493a2f7-a4fd-4567-8c0b-af004240cdac,366,425,7,2855.8,2024-03-31,EU
add1339a-e384-4ccb-bafa-98f7d7a61c7e,948,412,4,1362.95,2025-03-18,US
2b44e298-5a8e-4eac-899e-14dd19d32302,626,321,3,1259.5,2024-08-05,EU
ad3c0c7e-e419-4319-9453-a86facdb5880,624,396,7,1096.29,2025-06-02,EU
854414a6-c733-4b27-8add-faae1543403c,22,96,5,1952.41,2024-01-16,US
1373c83a-7a42-41e0-8e19-e868f14b75d5,179,69,10,1037.31,2024-10-14,US
01bd6319-e9f0-4a76-a374-49353b143341,610,305,7,1625.58,2025-04-03,EU
7c47f758-f2dc-48ad-a0fc-7c17b1f69255,480,337,,84.66,2025-02-05,APAC
420fd7d2-ffe1-44f3-ab32-53becbcc2c9f,519,235,5,1538.2,2024-04-18,US
3300faaa-61d2-406d-bbff-6ac81506b6f2,632,282,1,23.35,2024-06-25,US
e7c120ef-24f3-4e02-8178-958236fecce6,747,423,1,459.87,2025-04-25,EU
a35226f2-8de4-4633-80d4-16d79fb40f0d,70,291,,63.94,2024-03-20,APAC
0dc0db02-c278-402d-a3ab-3f2db7dd818e,617,139,8,587.8,2024-10-11,EU
1b8bbb6c-fd1e-4cae-916b-659e7f2d6118,536,56,,344.35,2025-02-08,APAC
e628283f-dab9-4cbe-9565-b409a4081d1a,702,335,8,1421.0,2024-11-21,APAC
e8b4e198-f764-4141-8c33-496fdce2854f,60,417,5,410.07,2024-10-03,EU
3dff4e70-f924-4b32-8fed-389fbd5c276f,69,25,1,478.75,2024-04-07,APAC
ef445b08-2b02-47c7-a9e7-c545b0ed2f0f,902,435,8,2491.34,2025-04-21,US
cf9fba96-0f50-43e8-a4d6-2f700b45d60d,93,453,3,167.21,2025-03-15,APAC
3ac6e9a7-a6cc-4b66-b4ff-776f786e6667,732,98,3,1318.39,2024-07-17,APAC
95594b72-098f-477f-a353-272ea90fb76e,977,193,10,4963.46,2024-05-08,US
2e88e994-5bf2-4ab9-b1d5-a6247cffd3a7,982,198,,171.31,2025-05-18,EU
b36d3c85-34d8-4164-9d76-8eef8010a87e,941,312,1,177.74,2024-09-28,US
f98353d2-8f18-4738-80fa-00d0510168cf,254,384,2,756.65,2024-01-25,APAC
6507f2e6-8739-4e53-a5e8-7928b0ef5fb9,856,115,1,261.75,2024-11-24,EU
e692db77-9992-4062-9b91-bfb0337b22d8,523,446,6,2069.2,2025-07-04,US
469f871e-f2fb-48fb-8003-f051f771d292,285,86,7,428.49,2025-04-03,US
3a268ee1-4cb3-4248-bc71-2ddc224492af,929,452,1,67.33,2024-03-15,US
41990c0b-1bc5-4e34-b7ee-d68b5c28a15d,21,39,3,266.19,2025-06-28,US
33a1fccf-f5e9-4fb2-838c-7cceed41b587,545,278,1,127.51,2024-01-23,APAC
787fa9d5-17c1-4740-94cf-94de8eecbbe3,129,130,10,344.0,2024-08-23,EU
0bf5f562-a3ba-4e84-8482-02fc9568ec09,886,477,5,54.15,2024-05-20,APAC
5c65fd26-fcf0-43bb-9f6c-1b442fd8b61c,253,314,1,128.34,2024-05-25,US
69d4c848-773a-4d91-9684-ec6f345ccf1b,177,458,9,68.27,2025-01-09,EU
e880696b-f33f-420f-a523-d91ee3c15ba8,965,41,5,1067.38,2025-01-05,US
c9d6c608-29c9-4f2c-a870-1f9b23d091b3,558,340,4,847.02,2025-07-03,APAC
a95b480b-f3da-470b-ad76-5de0ee0fbe6d,462,215,2,314.09,2025-04-16,APAC
16db11d4-6f77-4510-a2ae-add6bce2265f,881,143,1,471.24,2024-08-22,US
1115027d-4257-45f7-a09e-1369052c7467,181,120,3,824.98,2024-06-02,APAC
c1316558-d5b1-4c66-a3f1-8dc9294a64fc,131,330,1,468.17,2024-07-21,EU
4d26b4cd-abd1-4ea3-acbd-4d6a18f6c390,365,306,3,1197.3,2024-07-03,EU
70775ce4-0ae7-4b04-9780-2ecf108bdbf7,14,357,10,2490.26,2025-03-26,US
cfc66585-cd3a-424d-a2ad-92553ba196f8,86,287,8,661.1,2025-03-29,US
a8bcefae-2cb8-4a39-998f-f4e1d6fa849c,688,135,3,1312.65,2024-05-09,EU
4b75b7f4-8a82-4f27-bdf0-ba983867ec36,917,193,7,1351.23,2025-06-03,APAC
4f8a87de-2697-4919-b4e2-d22f33d9e6a1,669,47,7,2102.59,2024-09-13,EU
8ca30c5e-fd0b-42c8-9c1f-227244e7b466,829,486,9,2485.3,2024-03-18,EU
a42f6608-36b4-43e1-aa22-84d04cf7765c,157,479,8,3246.26,2024-09-24,US
3810f2f2-7c39-4d8d-86c5-6919d18de175,914,321,3,504.91,2025-05-05,APAC
e912523c-130c-4868-9165-d7540905ec2f,184,218,4,188.05,2024-07-07,US
b3977dc3-1497-4e66-aaa3-524f9c2f9da0,763,497,9,2079.96,2025-03-23,EU
00625b95-e043-4865-9124-3d0581743e9b,58,243,10,286.39,2024-01-11,US
1cbc9b2a-cce5-49f8-8cf7-cb6c426bd9db,997,484,3,986.03,2025-03-19,APAC
10ebf11c-2eb2-40e3-9ddd-ac782931717d,903,338,5,713.56,2024-09-01,APAC
970e3003-bdfb-4211-bd68-1e12cb009b32,266,247,5,1890.95,2025-03-31,US
b2f3cc2d-b06a-4c9f-bd66-392ced4a2365,680,368,1,151.62,2024-07-07,US
90c67fba-e8d4-41cf-835b-98b9ff608dd3,815,408,1,94.5,2024-04-19,APAC
57ba84cc-7829-4e74-b098-cac3eccbd245,991,60,3,1398.09,2025-05-06,US
2c01aad0-7e4d-4c0a-952b-bf72dbb2e111,577,398,2,839.97,2024-02-26,EU
84eeb94b-ff18-473d-853d-5d30010d4073,645,258,2,256.72,2024-12-18,APAC
679ed52a-f494-4dff-95e3-0e34e69497da,403,113,4,1847.95,2024-04-06,EU
b65fb2e4-78a7-4ecd-8aaf-6ed58e3556b7,432,59,3,1261.45,2024-02-09,EU
f6cb1a12-f0d2-480b-ae19-e820c1185181,555,180,7,798.46,2024-08-15,APAC
4f62965f-a59c-43d3-8718-a3bb65052b44,226,352,7,2638.04,2024-10-19,US
23907746-ab81-4b80-b002-23f368bdb457,291,236,5,1020.4,2025-06-15,US
0436f3c5-e301-45da-ab56-c5d19b636d10,555,97,9,1434.96,2024-01-31,US
a1bb8f09-5870-4566-aea2-5556e101413d,46,488,10,709.04,2024-02-24,US
4e90a379-6b2f-49c6-801f-bb4e1d62217e,695,119,4,1812.35,2024-02-15,US
19c28c54-894d-43db-94bf-89788e5d81f1,642,10,9,3031.98,2024-11-19,APAC
ce555b28-18bb-4a8f-b208-8c258d707c28,908,379,5,983.57,2025-01-11,US
2df4513f-3ab2-4abd-8249-73d177a0433c,299,379,4,1225.77,2024-05-19,APAC
a1051f3f-048d-4bc0-be0d-a707244ec5f3,918,127,10,1938.8,2024-08-17,EU
84a69673-d597-4b1d-ac11-db5870cd6c7d,268,473,4,377.59,2024-05-04,APAC
fbdbe7aa-2ec4-4f6e-aa1b-c47bc15af9a3,644,139,3,651.21,2024-03-03,EU
0f3b6172-1bf4-49b5-9c01-37a891b10d94,151,349,10,58.08,2024-04-25,EU
d95d899c-90ed-42fa-b711-528b290fa915,745,255,10,1782.55,2024-10-21,US
3032b4b2-2f64-4253-8a34-04ed442ff602,276,123,8,59.93,2025-01-03,APAC
cde03096-5be8-4873-8083-a433988426c1,594,305,1,106.08,2024-12-27,APAC
28075ee5-13c2-4f49-8263-1248221fd891,686,416,8,728.27,2025-01-18,APAC
1f79895a-dbff-4fb6-86aa-858a6d22ffa7,926,451,4,1928.96,2024-10-02,EU
9074ae95-dffe-40f4-b769-7ded4ba2c3e2,273,481,4,950.85,2024-10-28,EU
804cab70-4b4d-4124-bb1f-6f1c239142f6,753,311,5,1511.73,2024-10-22,APAC
b85e91fb-8957-40c5-a78e-7161dfb407ff,954,214,6,1659.23,2024-11-21,US
67b00942-a463-4444-ab11-842fa0135d51,987,86,8,848.88,2025-01-12,APAC
3ba46e51-9a46-4b05-957f-e573b2b3ace1,380,53,6,533.47,2024-03-16,EU
af9ccf06-8e2c-40f3-a215-d0a7c4fe9327,125,111,3,1053.2,2024-03-27,EU
5c79d9a4-224a-4eff-8ea6-945fc5eacf9f,406,171,4,221.37,2025-04-12,EU
d3de06cd-b436-4d3b-9ebd-d4d0748e503a,693,155,3,473.25,2024-10-13,APAC
fa1ecc37-87d2-4219-9360-2bedd9056e80,111,200,5,1194.78,2024-12-02,APAC
395eb634-21e7-4dc9-80bb-e1978e1592ee,168,255,2,206.82,2024-07-31,EU
e16603ba-3805-40f7-a37b-1a5985e1a2d9,243,7,10,1611.1,2024-11-16,EU
7e9611d7-d3da-4929-be3d-b76ab918c1a0,728,69,1,348.9,2024-10-29,EU
9481af7f-aadd-4c87-8835-6e02406e9d66,14,415,7,1408.58,2024-08-05,APAC
43be2170-e120-4af5-b0d4-98b8e44bfd14,416,341,9,4302.63,2024-12-21,US
1471a591-caf8-44c9-82b8-8f3966b2be0e,879,481,3,262.99,2025-05-07,APAC
bbe6d558-4710-48ba-9576-f2d51dd09766,49,417,3,409.75,2024-11-30,APAC
68da2876-c077-49ae-be45-f6a30144c5c9,656,98,10,4431.37,2024-04-22,EU
055ce7be-d02b-4ec3-ad48-4f3223df8229,639,289,8,1585.03,2024-12-15,EU
e4ff7062-a6ce-485f-a35e-78f1ca86225e,762,305,10,1254.94,2024-10-16,EU
98196f2e-e38e-474c-bcc5-ee9782f28c48,67,223,5,2225.89,2024-12-09,EU
379ddb2b-4c4b-413d-9229-9017c3e55543,307,443,3,866.34,2024-09-12,US
eb576976-abd1-4143-b848-28d5876baaa3,283,418,1,157.05,2024-06-16,EU
301e68ae-9210-4474-9651-f1a6532db3af,905,405,1,344.72,2024-03-09,EU
d51b4cc3-62af-4181-812f-ffd5b1eea931,490,345,5,291.97,2025-03-08,APAC
abab3139-5d84-4fbb-8c18-64c89df22c69,100,65,9,1152.73,2024-12-12,US
9b7a664a-3edf-4229-94ef-37578fc9c59f,120,177,7,1586.45,2024-10-29,US
ceddada6-c327-41b8-a574-a851617c94b8,959,63,10,3888.97,2024-03-17,EU
c7f70e18-c195-4a5a-b87a-7f703ac53735,251,191,2,426.66,2025-02-15,APAC
ecc696ac-1450-4307-b226-90ca789c388b,939,450,5,713.4,2024-06-24,US
0c444fc3-a263-4c68-863d-e505da4a68b6,116,100,10,4750.04,2025-02-15,US
ff2878d0-698c-4c40-bfb2-ca32c44e8f18,35,107,10,4917.74,2024-07-15,APAC
80e8555f-3b93-46a9-b3bb-fa930249c97c,609,89,3,1106.38,2024-02-25,APAC
4c79a70f-2c97-4bdf-aec3-7ca6821631da,421,179,9,137.46,2024-01-29,APAC
191a2784-3dde-4e52-94e6-c2b8c0dc612c,342,144,4,1965.85,2024-05-11,US
5a9986b3-6899-4200-80e1-57f4008a86e7,971,132,8,1880.2,2024-03-07,APAC
90e2b366-95cb-4e1e-8e77-bbfef182bad6,163,327,9,861.17,2024-03-10,US
04ae1eac-b22e-4157-ba3e-9856b80a3b8b,41,139,10,3382.55,2024-02-22,EU
4a70865c-2e5e-4e4f-9c31-838966a86e15,574,111,2,427.21,2024-04-20,US
8ebe3997-e763-4466-bb1a-8b9f864ce9e1,596,208,6,181.81,2024-09-02,EU
cbc81df0-3ef4-4833-ada3-86ee2294dc53,492,291,,339.09,2024-10-28,EU
2c314f44-f8c6-45c7-8e05-ca6fe15d1ace,295,496,8,1160.57,2025-01-08,APAC
39589f06-dc26-45f1-9eb4-bfd54a60f3d5,259,81,9,4498.8,2025-01-10,US
a0d57cfa-8d3b-4112-93bf-f0a10164b014,140,495,9,1370.94,2025-06-27,US
fc9e8383-7e61-4fe2-a21b-ef3438a09ccf,685,305,1,113.29,2024-12-23,APAC
60535a2b-526f-4d85-acdb-1a25654dc386,886,358,5,1126.15,2025-02-17,APAC
08b85cc4-101e-4abb-ae70-e5908e9b79af,291,150,8,3358.79,2024-04-16,APAC
04a3ed34-7971-4e74-a94b-e24bf91256eb,637,248,10,1346.34,2024-11-26,EU
83967700-9662-41a1-abd3-7b6c942b17cd,672,42,4,1779.37,2024-09-03,APAC
9d6d2433-5cc7-43bf-911c-ecf7e235c221,31,495,6,2569.83,2024-05-15,APAC
fd2eec6b-d2d1-4798-bcb4-b0d645a01819,209,496,3,739.89,2025-04-08,EU
99de0408-b5d3-4ca6-8a98-d23fcf94e0e7,817,45,7,2399.95,2025-06-22,US
d4394440-7d8e-4db5-9489-dd2f86ce7428,990,287,10,1794.04,2025-03-14,APAC
34dc9146-831f-49e6-a5d2-6466d92d6b9a,178,477,6,1300.45,2024-10-02,APAC
cabd4eba-3fd5-4fa9-9b1d-860bfed8e995,313,3,9,2949.26,2024-08-09,US
11f63f35-98ea-4288-a37a-41efcb7daba7,105,229,5,95.49,2024-11-02,APAC
d306db8c-d9e1-4994-9fa3-bb17a133e69a,443,182,1,254.9,2024-12-28,APAC
25ec8369-a252-4ce3-bc68-e453e5575bbc,517,207,6,400.62,2024-02-01,US
82cba80c-423c-4ad3-951a-49689cee7c52,483,245,5,2183.3,2025-05-03,APAC
70fcf826-bbb3-4325-8213-15a9f2e0cf83,356,154,2,358.24,2024-07-18,US
8f44c837-8b10-4674-bd2c-e7adfa0e1f07,486,33,7,2308.05,2024-02-07,US
d7633e52-0fc5-44ca-b193-a280543be7aa,374,28,8,1776.5,2025-02-28,APAC
fc8b3d80-48cc-4ac1-8467-0fb1a13741d4,534,459,1,72.35,2024-04-24,EU
e3fa179f-b7d1-472f-b720-4aad14e5f417,314,430,4,1326.71,2025-03-16,APAC
89a949e2-7f13-40c5-8907-419a2194b04c,829,2,1,494.65,2025-02-20,EU
434b9b92-916b-4a05-91d4-85119e452113,922,111,5,132.98,2024-06-14,US
fc4de2d0-9eb2-4933-8c53-e0a416774214,583,171,7,2451.73,2024-08-24,APAC
bbd23bff-c5b1-4bb0-bff0-8d95d81f4cfa,145,385,3,837.51,2024-07-26,US
2385f370-31a1-4d13-bc66-d301b2aab64a,347,298,5,163.67,2024-12-26,US
a31970ab-cef6-4ca7-99e7-294b1c7c60de,271,388,9,928.13,2025-01-23,APAC
2dd10182-9549-4f72-9df0-0904898536b1,79,43,1,160.0,2025-05-11,EU
c7d5b6a4-7d63-4287-b1db-79321a2af5c4,29,3,9,4179.05,2024-04-13,US
86da863d-57bc-4d3d-901b-ee09b4c485ba,166,404,3,1016.42,2024-01-31,EU
3ceec3a4-be0c-4738-b46d-96ff1f2caf6a,723,437,4,1095.93,2024-08-30,US
38ec3c75-fb69-475b-8bb0-60ed84a27428,568,126,1,184.35,2024-07-11,US
92f4c9a8-d9ee-4764-8d93-ffeef1734083,541,416,10,3936.5,2025-02-13,EU
21c12640-46e5-45ae-a12a-887ed357f923,216,97,7,776.02,2024-03-29,EU
96e4c8bb-401c-4476-a3d8-6db6ccd75c4a,900,314,1,230.13,2025-06-09,EU
b11a90c5-41e6-44cb-aaf9-95ceb9672037,374,395,9,1272.63,2025-01-12,US
b1f093ce-577e-416b-b50f-2f5f712d08fd,21,202,6,1679.41,2024-12-19,US
10ee9822-d2ec-43e1-ba2d-5ef9c4b91589,549,109,10,1946.91,2025-01-23,APAC
6e096af1-2514-4a68-9fd9-40d6ce48e830,476,149,3,1304.35,2024-02-15,US
941318e9-fccc-4e0c-9ff7-0566d4e8c57e,551,306,5,37.81,2025-04-25,EU
600e83f7-5c85-4a0b-a571-db7d16c15109,138,467,4,584.6,2024-05-03,APAC
47566298-a59d-451f-a7b2-1392cd7959be,216,252,7,3081.78,2024-02-22,US
db9b66c9-8ac9-409e-a499-26a0d494327b,608,74,6,2735.59,2024-09-13,US
3e860fdd-bd4e-41f4-88ff-7bcd4f4c253f,855,361,2,523.9,2025-04-20,EU
592c0f57-0bf1-4e00-a6ea-0c67a91cc549,427,207,7,500.17,2024-02-02,APAC
9d13d4fb-9ffe-495b-ab3c-5b299107146c,646,319,7,2248.9,2025-04-16,EU
f481d46d-1bc2-437c-a905-4b376f2768c3,466,425,6,1799.39,2024-09-23,EU
0d8fc1ae-ec51-40d7-bc14-34ede3489db1,906,479,10,876.7,2024-11-01,APAC
8d8a2550-adf3-4e2e-95a8-d02f1448ca9e,958,339,5,2352.18,2024-07-18,EU
7cd4bb81-ef8b-4bdf-9c3a-7b776aff4592,702,30,7,1567.17,2025-03-13,US
c790c344-ebe3-4c9f-af79-d7217f76196e,977,389,1,140.49,2024-05-01,US
15f957e0-9fd3-4a4f-ab48-ee81cbbd1c52,704,90,8,1904.49,2025-06-17,US
2e13e127-5ef1-438b-8492-59f8abaa907e,951,58,2,460.06,2024-03-06,APAC
aaa3dd63-1744-4c2f-addb-b04573efb34f,354,438,2,744.53,2024-01-28,US
13418ebe-d3fa-4030-9627-7f6953ce78ff,469,97,4,1224.66,2025-02-05,APAC
16a219da-7030-475e-9113-8f362d36910d,985,206,5,2178.48,2024-03-22,APAC
98338003-7b97-4e71-94ab-0f133fb3c39e,710,215,10,4081.33,2025-01-13,US
b6b1a77d-14e1-4b7c-ab9e-9793e4dddcf9,817,255,2,185.8,2024-04-20,APAC
050230af-d71a-4ad0-b6a3-db5c702a3c3a,149,154,,22.58,2025-05-18,US
7979eff4-cd72-453a-ab45-457fffeea538,96,257,6,945.15,2025-06-10,US
cc095db2-b467-4a4b-b361-0672f384f5a6,215,493,5,787.17,2024-02-06,APAC
da510948-f65a-4f84-9806-a99ea47c8246,691,363,5,494.07,2024-10-02,US
ac50259c-298b-47a7-8063-9954820eb903,725,407,4,905.43,2024-09-03,EU
868d1b2e-a8f2-4dca-81f4-2506a1b7dfad,564,423,7,3005.52,2024-12-01,EU
0c0512a1-f40a-4e46-a6a8-3469085b58ef,978,176,10,1991.87,2024-05-17,EU
cbcbe526-747f-4405-8235-5bea09ad6787,971,26,10,1028.35,2025-05-28,US
012a1048-cf5a-42d2-b5e1-50da49d65b67,837,14,,337.97,2024-12-10,EU
e21c9224-d233-4b39-889d-9687a2bcb74a,551,63,6,579.0,2025-04-13,US
162e0429-b39d-4138-aaa9-f3afc9949d7f,43,404,6,1243.99,2024-10-12,APAC
abaed183-f7c9-43c0-a113-bfafe227cea7,125,136,5,2306.21,2024-04-10,APAC
7b334082-dd40-4382-ab80-574e8913f49b,174,305,7,1203.28,2024-01-04,APAC
a9a064d3-334d-4fdb-8c82-6708ea97aac5,487,187,8,1553.7,2025-04-03,EU
772d2289-6627-4663-8b8f-cad73a052dad,822,99,5,1412.9,2024-12-16,EU
8921e8cf-4ab8-4cfe-971f-7f41f06813d4,121,426,6,1895.31,2025-04-29,APAC
003f703d-fff4-4f8e-87c4-d462eb441ed1,586,298,9,3498.97,2025-04-06,APAC
04f342b9-221b-4203-96eb-beecf57ca731,340,155,1,113.11,2024-11-10,APAC
e3eb30c7-f74e-49d0-a50f-caf455286716,355,198,5,1207.88,2024-02-22,EU
d91653aa-fbdd-4315-9b26-ec8cfff65e07,782,75,4,470.68,2025-03-20,US
f494bb0b-b29e-4bc9-a75b-94c3911396f1,116,74,5,961.2,2024-10-21,APAC
e51ce54b-122c-4569-83e3-e94f527ab6ba,170,434,8,2797.8,2025-05-19,APAC
b4c97cc6-21c4-4468-98dd-5aa95ddc7b0f,891,20,10,676.36,2024-10-18,EU
91fe2696-4d39-46fc-bb69-5dfa92d63d11,308,86,7,2166.43,2025-02-12,EU
fb496c1a-b517-4b96-9660-ff0669ecab84,485,44,9,2689.55,2024-10-31,EU
3216cd5a-2c65-452b-857d-373853c62519,349,123,9,4034.04,2024-11-14,US
52a22187-0e32-4093-973b-d8fe16fcf452,857,332,4,1903.04,2024-02-22,EU
b5b587dc-2816-42a1-8180-26c3928065cb,877,222,4,471.16,2025-05-11,APAC
317d6cdd-5ec4-4eac-a8f5-192b0cf2eb8c,872,233,6,1802.67,2024-03-28,APAC
45b20a7d-bc7b-418a-82c0-a825bac0cea3,527,285,4,1404.94,2024-09-21,US
3aad2f0b-adfc-4d94-a30a-185aaf6c8e23,958,312,7,1069.02,2024-07-03,US
b910cbec-1d42-4064-99fc-14f347b9b223,278,252,5,1726.77,2024-08-09,EU
8e419715-82fa-4626-b3a6-97d25022f4bb,451,102,7,2559.09,2024-12-29,APAC
9dd7f44d-73d1-4285-8a4d-9904d30bc4d7,819,51,6,1890.44,2025-03-30,APAC
3a039a6e-d689-4bfc-90ac-387f772bf4cd,443,379,10,1263.33,2024-10-21,EU
7295dfb5-079d-4f4c-ab6b-66b8fba8e732,639,251,5,737.79,2024-10-24,US
199cb2b4-d22a-4554-9eb0-9b99ebe95df6,303,39,7,1517.02,2025-06-17,APAC
e94a2d6d-17b9-45ff-817a-121feaa8be9b,522,121,9,3560.88,2025-03-09,EU
8e5dcbcb-f00e-4c2a-bb8a-7221051a45ef,407,144,10,399.45,2024-12-20,EU
1e335e97-4c38-4e78-853d-c954af5d19da,132,250,3,93.21,2024-04-23,US
e8b0f1f7-9075-46d0-b429-30191859898c,605,473,6,1297.98,2025-04-02,EU
21b38c7d-6a98-485e-83ab-3f76307dfadf,879,453,7,1840.38,2024-07-07,US
2d62e2ff-684b-48a0-ae3a-3979b69e6ac8,584,327,8,2746.88,2024-07-21,US
c7df6ac5-4445-44b1-8ce6-9eb8db9ae47c,244,478,4,432.1,2024-12-15,US
761d3d47-8636-4cb1-bbcf-4b10b70b8f1b,507,8,6,2159.82,2025-05-11,EU
bcd51b68-0c1d-415e-bc88-a26cafc9882b,908,414,10,1201.88,2024-11-18,EU
c2f9b29e-922b-4636-b969-b8eaf73622f3,717,270,5,2084.68,2025-04-10,APAC
93c0ccc7-8578-4011-bb2b-aa5efd79658e,719,349,8,418.17,2025-03-02,EU
68b85655-d4f0-407f-845c-4e587e1d3a01,888,312,7,2261.35,2024-09-26,APAC
f9927929-96f2-4c5b-b817-4d4d2060d992,87,440,5,1984.26,2025-04-15,APAC
55527dd3-4af6-46c8-8ad0-8a848923c3b1,339,331,10,992.94,2024-04-24,EU
3ed731ab-3fb9-46a8-9777-1dd36c1e417f,883,210,7,3110.25,2024-02-06,US
6d60af13-02aa-4571-8d36-44f8921b433c,904,52,6,2252.3,2024-03-04,US
5464e8ce-1cb6-49cd-94b0-4112c6c1b973,247,286,1,260.67,2024-11-21,US
5c198966-9d72-4c1b-a552-825ecff6a882,440,289,8,2967.48,2024-10-13,EU
0c67ba11-b064-421a-83f8-2055e46c86cc,430,466,9,3960.45,2025-06-09,US
1ff89069-87ed-4dcb-84de-4507559e0cc9,483,210,4,1520.93,2024-06-13,EU
ebf0195d-906a-4112-a2cc-b26145afd395,240,151,2,303.58,2024-04-10,US
e80a808b-57a2-4d75-9a2c-950b8e1af7fe,312,453,10,3394.14,2025-02-27,EU
4b8fe55f-f3ec-4f4c-86f1-80f5e6bec371,518,152,6,1287.12,2025-04-26,EU
08e14084-8d59-4cb7-b719-285cad377293,60,454,2,239.3,2025-04-02,APAC
ca8e2797-d862-42a8-ac0f-399547921467,838,195,1,185.76,2024-03-05,APAC
20ac5236-fec5-4a96-a1a5-a6bcbbf40fb0,94,371,7,3031.35,2024-11-24,APAC
8148f9df-4fd8-4b8d-9f8e-620922985e7d,60,53,7,1470.91,2024-09-18,US
aaec766a-b747-4f3d-8176-f34a1bca5894,393,400,5,889.13,2024-10-05,EU
abcd599c-4433-40c9-aed5-452be4558d13,159,349,2,979.33,2025-07-02,APAC
4f464451-dfce-4d82-8276-423ad7f582b5,161,69,4,1150.8,2024-11-01,EU
43dd14ab-0886-4ba9-9e32-22e80e8c64a2,485,172,9,3228.28,2024-10-15,US
0e110bf6-bdbf-42dc-afa8-65e2d896c262,70,401,2,736.5,2024-02-05,EU
1cb370e3-d3b3-48c3-8635-c266a2fa72b7,554,388,3,1293.4,2024-01-10,APAC
cb6ece34-6312-48d4-b48b-26f1c7a08524,276,172,10,2111.15,2024-09-23,US
0cb3a0d1-591c-441d-9710-d94edbdd1a8f,79,465,6,636.22,2024-11-04,EU
3630f490-97cc-4a73-af39-f3d30c761f7d,455,252,4,89.21,2024-07-20,US
c8f78d5a-1ef6-4198-af2c-e59dee4a0769,345,83,2,772.56,2024-09-20,US
0e7e9526-1a70-4a95-90cd-6981fbfae39e,361,44,3,622.31,2025-04-16,US
e0dc742f-b094-42dc-9e53-158e1c9a0d9f,317,67,10,605.31,2025-01-23,APAC
cc4f969f-c50c-4faa-bf13-783ffc58bf6f,853,5,9,4268.64,2025-01-27,APAC
6eea0b12-f0de-487f-8b80-850109c9bffc,794,241,8,2800.43,2024-12-02,US
40ed785c-fa19-4b35-be19-0d3ac6f6d1f1,496,450,10,2852.75,2024-01-22,EU
45485f82-d039-4488-be80-20b158b7e7db,346,263,10,2373.93,2024-01-29,APAC
4f670ea8-2866-4542-9e90-a38a50fcf81a,58,135,4,592.13,2025-03-03,US
e70a0afe-eceb-4e19-8cdb-1cb90117d701,51,349,10,1024.18,2024-09-21,EU
ed73c384-aeaf-428e-8865-da9cf44c9e0c,909,312,7,3238.05,2024-06-23,APAC
d8521efd-b44b-41fa-b6ff-148ff27a5302,282,203,5,846.11,2024-04-13,US
d8e02395-0eea-40fa-9cb4-102a3d5cedc2,945,341,8,96.93,2024-09-26,EU
98958356-092e-482f-b78d-c50c2e722d25,411,286,8,3919.24,2025-06-13,US
a55415b2-aec2-4ffb-9dd3-08294c53db65,909,343,4,1881.57,2024-07-13,EU
7045d777-3b7e-4d40-83d1-f8654a877048,698,309,9,1232.71,2025-01-29,APAC
63ea29e3-d01b-4bef-96b5-4a818b7dae66,128,55,4,711.12,2024-10-07,APAC
a5ccf592-69b9-436b-84f4-b6d8deb13c4d,881,224,2,925.15,2024-05-29,EU
1ff029a5-48f9-4e55-91f1-55c797b5f098,492,137,6,2323.21,2025-02-19,APAC
93890326-e3f0-4b1e-84ac-c8e73104b5ef,786,322,6,1473.95,2024-02-10,APAC
be997507-9f50-4f03-85cd-1eaaa59ca033,813,210,7,1713.66,2025-01-03,US
10fd5f7a-438a-4c6e-a3cb-7963010b2a26,695,149,7,3233.1,2025-05-14,US
2e992686-9eb7-424e-9e71-e0c602b5ea64,99,497,3,111.82,2024-02-26,US
5b90ae58-bd1a-42af-aca9-8973dc1cbb57,439,193,9,1296.34,2024-04-13,EU
01f7a0ea-4ecc-4907-ac55-f915146a555a,792,147,1,109.31,2024-03-03,APAC
36d16fd0-cdb5-49e3-a6a3-f85c314582b1,17,316,4,500.73,2025-01-05,US
020d7362-ac2f-43b7-b66d-70af2428c7c1,295,202,8,711.34,2025-03-20,EU
e2e22adf-82b7-49a0-816f-f06c28d3f014,829,283,4,1196.09,2025-04-30,US
0852c5b6-9316-4774-9003-426c76638274,662,408,,152.61,2025-01-13,APAC
9aa68c8d-0ea9-4011-a9d1-19c6959a3565,385,394,10,3516.4,2024-08-26,US
071965ce-c866-46ec-9f47-c1f8e3c9d55b,459,123,3,400.41,2025-02-15,US
df45ef3c-01ca-4013-b70b-78b6c33461de,487,275,3,1103.01,2024-01-24,EU
e98fcb5b-62fe-4dcf-ab31-358eba2f141f,885,492,3,69.43,2024-04-22,EU
b8edffbd-df33-4658-8d6c-3671294226cb,772,75,3,200.41,2024-06-28,APAC
35de7d73-6e38-447d-88ac-d876fe440ef6,788,495,,17.28,2024-05-06,US
3138db77-706d-4a1d-b0da-eb827a553f10,418,294,3,504.94,2024-11-04,EU
879af393-8110-440d-8dd9-5bdbd80b18c1,216,354,1,377.48,2024-03-18,EU
50be2525-ca1a-4e21-ada7-9ff596f75fb3,544,304,1,29.96,2024-05-09,US
279f1be0-3720-464e-b9f1-f286edae5563,996,159,3,97.85,2024-04-16,US
e6f2a99b-63b7-4fbd-a6c4-fbf82527f4e9,778,249,6,430.29,2025-05-22,APAC
018c6dd1-7b9a-4296-a294-7212adeed5b7,254,282,5,1870.79,2024-10-12,APAC
adfe8223-cf76-4a00-ba0b-e95244159ffd,136,188,9,2937.56,2024-10-05,US
f64f365a-e92f-4e59-937f-31daa89c4483,308,179,8,2076.06,2024-02-02,US
a62422f0-b773-495a-8fdc-c03b91f1228c,792,434,10,1838.85,2025-03-04,EU
ada3698c-a564-4ec1-b83e-c15b2132748c,503,189,6,707.79,2025-06-01,EU
2d151685-a6f6-4da7-a896-8df197566359,988,295,7,998.44,2024-01-02,EU
1a5245b0-4a30-4031-8a7c-938e50fe576c,204,344,6,1079.62,2025-03-01,US
66d4e6e3-5f21-4c18-91ae-41f91d267254,278,214,5,1280.18,2024-01-10,EU
66a0dc3e-77c9-4648-bd3c-7a453e9b7c69,28,367,7,1205.9,2024-05-20,US
e7e868c2-b52c-4db4-a6e6-8a70f26f650d,51,158,5,611.5,2024-10-07,EU
b4ec557b-03a3-4d17-8d21-7c3553cfb99b,899,417,10,1492.53,2025-06-09,EU
d06785fc-b9b7-4a7f-89cf-1396d7137c37,385,384,3,1459.9,2024-09-11,APAC
e35c8b63-5488-4c18-9c15-5d54d1b3776b,105,169,3,367.95,2024-05-03,US
3cb8e25e-69eb-4b7a-aec1-30dcce844464,811,56,5,819.58,2024-05-23,APAC
d67fa2d4-0f06-4e97-9d5e-551e82697e79,658,434,2,752.81,2025-06-25,EU
4665f1fb-1c6a-4b5e-b73d-0d609ce9fb3d,597,28,10,1651.04,2024-04-08,EU
24f6a490-4c4a-40ec-83d0-53b3ffb143ab,329,143,3,19.84,2024-02-10,EU
35a8b201-f5f3-4d9b-b574-242e686a57dc,448,167,8,1166.37,2024-10-10,EU
d1b2536c-c1a0-4f4e-bc90-a61e4aa5624b,646,85,5,2141.12,2025-03-11,US
92960946-3d63-4a42-bd7d-7eb1fc001803,699,157,7,2475.14,2024-10-23,APAC
13878130-9d77-4149-add7-eb6739f9848e,262,292,4,1200.28,2024-02-25,US
3d43b9bb-2845-4d8f-b861-b06c6c13edf7,776,396,3,687.63,2024-11-11,EU
e7559440-186f-4935-84be-bf4ca480ca4c,873,290,9,4054.8,2024-04-29,EU
1d1282e3-07d6-4b9a-b64f-98a7c6c5199d,413,36,9,469.61,2025-04-16,APAC
7269745a-2865-4409-a8c7-1048b726eb21,779,196,7,2592.11,2024-05-07,APAC
73270548-b81b-474f-bbe4-66281749bf1f,797,239,10,4923.9,2025-03-23,APAC
b4b45847-c594-4005-a552-3a3fa4c97ed9,740,382,9,858.1,2024-12-05,EU
b389613b-080c-465e-bfcd-33ace9d597a0,332,278,6,1950.17,2025-04-25,US
361585f4-0899-4550-b3f5-010d856daab2,502,399,3,701.6,2024-12-27,EU
b4f19b7b-8b93-43b7-a0ba-036ff485e9d1,770,485,10,2971.66,2024-06-04,US
dc86da53-54b9-4a6f-a547-b4acc606bca9,508,269,1,238.86,2025-05-03,EU
f377655a-aff6-4723-ada4-1991167807a5,545,496,,387.3,2024-02-04,EU
34b8cca2-c8d6-4fae-9b49-03421a33be23,664,27,9,1182.24,2024-05-10,US
922c17d8-a683-48cc-8c88-1570ada31985,102,322,3,968.64,2024-12-01,US
c3ad9fbe-5edd-48d3-84d5-eb0edda5d0d4,991,88,5,974.07,2024-03-27,US
e2fd1463-d3d4-472b-bdd3-eb7b2d345429,584,209,6,2980.7,2024-09-27,APAC
58d6f84e-2afb-426e-88a3-712fde70c0ae,747,2,1,155.52,2024-01-07,US
6d76c526-8139-474b-b241-0cd48407afa2,88,458,8,591.83,2024-08-05,US
68991ee3-6663-4a8e-b9d5-f07c7f8fb179,465,104,4,1479.87,2025-06-27,US
b06d77a8-fdb4-4aa4-b337-f6dd1622df3b,392,51,7,3491.83,2025-06-04,US
5a2655db-6803-403b-909d-a706754d8c32,155,321,2,399.71,2024-10-18,APAC
18b11fd2-e582-48ae-ad63-f7169be8b44f,543,69,3,828.43,2024-11-06,EU
88f94cb9-64fb-4d69-84d8-fa6befdf3ffa,943,145,2,747.63,2025-01-27,EU
9aff8127-d8b8-4f98-9683-663dcb5b8310,425,168,,353.93,2024-09-14,APAC
0e0354f4-503a-4285-bcdf-ef7a81fd9fce,289,60,10,4999.44,2024-07-12,US
e21f0aef-8a52-492f-b59c-6ef4fa18e9a6,723,331,7,1025.66,2024-07-18,US
c6205809-b401-47f5-bd3d-bc5681cacaa3,893,176,3,241.41,2024-08-06,APAC
281d01be-107d-478b-9cf4-fd494d53d876,158,264,5,1301.61,2024-09-25,EU
f283b9fe-bc00-4acb-9461-8834aa05c3aa,281,169,3,1436.36,2025-01-18,APAC
8e24424f-4e1b-43f8-91e3-a8a4f80990a1,455,272,1,299.87,2024-11-02,APAC
168ac270-9a1b-4e0d-b774-c3cb9ee83856,306,236,5,123.19,2024-02-09,EU
54923b2b-0eac-4c29-8165-690b5a4cdf7d,874,78,5,227.21,2024-06-11,EU
e8531b3e-5350-4a9b-82d3-9a3b249621f1,957,323,9,3438.41,2024-10-03,APAC
48a2002c-bc6d-41b8-9b0c-7073abe59c3d,546,1,10,2210.34,2025-05-12,APAC
829a09ad-a881-4510-abe4-eb3661e1a0a1,603,375,4,578.39,2024-01-18,APAC
75be9518-1168-48dd-8d5f-79d33e880a2b,802,432,9,4479.16,2024-10-20,EU
843c9864-af42-4bc4-a5bd-6ca07563daec,865,310,10,3540.54,2024-05-10,US
3aa93ebc-7e92-437c-baf2-f3cce03a5cda,787,160,10,888.3,2024-06-19,US
274a6396-da57-4fd2-b323-ca7d3b7e46f2,97,266,8,2751.1,2024-03-11,EU
70ad6ab6-8492-4521-9621-aca9d7675c0b,504,78,6,201.98,2025-04-04,EU
cfeb27b3-1c66-4480-ac97-3a451f2d2618,15,303,6,102.56,2024-02-12,US
522dc9e7-3a0c-4ede-ac87-7800522e645f,997,53,,127.9,2024-04-30,APAC
4d93b7e3-f1bb-4e00-8774-41634ca3c164,561,411,5,968.52,2025-03-11,US
e4243ce7-d7c4-4530-82f7-fca733757a7f,247,256,5,609.34,2025-01-09,EU
9f4a2913-dadf-4f9d-b886-370648db0ef3,354,388,3,355.66,2024-02-23,APAC
16c3493d-5c82-40ec-9ba0-81adf0d2b8a7,681,133,4,1877.91,2024-09-26,APAC
70162510-fe31-4e08-bbfb-42327e34d2b4,152,381,1,397.16,2024-03-13,EU
e2fddb9c-a321-4654-a5ab-bfcca82c51d4,190,495,1,304.07,2024-11-19,EU
58d1d868-499e-4143-a16c-782329adf27b,115,359,3,322.11,2025-02-27,US
7c793b63-9e1e-48cc-81dd-6ae107c09897,839,346,6,1148.3,2024-11-28,APAC
2874467d-c26f-4fcd-8dc3-9e0cfc525b37,235,447,10,4161.48,2024-09-23,EU
12eff7e6-b195-4293-9fe4-057a2c9a404b,563,219,2,96.6,2025-03-03,APAC
d12733d8-7b6e-4d00-be4e-0d5e8bb4a1d6,348,313,,482.38,2024-01-20,EU
c1f4c7be-bb2f-40a6-aabc-2967d040fdc5,599,328,1,189.97,2024-06-24,APAC
426eddec-5601-4dfa-b2e1-082bcb89b83a,674,469,,433.73,2025-06-17,APAC
64647b7c-96b8-42c0-acfa-e8d14f287a44,991,282,3,96.11,2024-01-17,APAC
1c41b069-1e5d-42f6-ae46-c19495eacc3b,886,101,1,378.4,2024-07-06,US
8d21c90d-fd95-447d-b454-c3864d868937,294,157,1,302.45,2024-02-20,US
dfaed071-2370-4241-8b34-e0358171f01d,787,298,5,1867.55,2024-10-14,APAC
5c14603b-5df0-4abf-9fe6-f4ea80225357,760,122,,76.44,2024-10-16,EU
d8ff75a5-57bd-4c75-b269-dfebedadf3f4,915,223,9,501.57,2024-04-20,APAC
b4c08da0-d992-41e7-8e00-650fcf205ab9,926,239,3,818.03,2024-09-11,US
5d9e899b-be09-402a-aa1c-938bc255a16a,165,240,4,348.9,2024-06-14,US
334a3644-bef8-42a3-9e29-519986af20c6,49,452,8,3878.43,2024-03-11,APAC
a26ce627-7d0e-4eac-b1e5-bf5ad624259b,793,469,,103.98,2025-04-29,US
6e418420-dbb0-41e2-aa22-0de48e32f661,214,168,4,1706.64,2024-12-01,APAC
83236f6b-592b-459f-87c4-73dd6d052fdf,292,423,9,2678.21,2024-12-17,EU
89c0390a-04e7-442c-949a-14175552e6c6,445,407,4,723.87,2025-06-29,EU
fc2a4019-e05b-4e05-8abf-930d2d5af31e,648,468,5,2236.6,2024-03-03,EU
30357a6e-024e-454e-a710-ea2fd01b2860,213,399,9,2579.35,2024-07-29,EU
f07a56be-af72-498c-9adc-799d636c32a0,353,352,5,1476.71,2024-10-12,US
fd857c03-57e3-48ef-aea3-6c81847b4d6a,587,40,5,1268.72,2024-03-05,APAC
2cf2a07d-ed6d-4ee2-8016-d37f56ae886e,462,330,4,810.44,2025-01-01,US
3b28334e-95fa-4ca2-aaff-624aa5e8f181,337,129,7,968.45,2024-03-28,US
1ce028de-e263-4d7b-ad57-e3fa9b8a58fc,176,106,10,2030.3,2025-03-24,APAC
f5e82953-2ca8-431c-8d7e-cc064cb579d4,620,383,6,1284.16,2024-09-03,APAC
a480c53a-b9bf-4c29-af7c-43049e3b0c4e,832,487,10,2894.73,2024-02-28,US
18c71b93-8805-489b-8762-4118e2f3620c,232,66,4,1040.84,2024-12-14,US
20649e1d-bf9f-4609-b1ff-150c055e48cb,176,76,6,1231.87,2025-05-30,APAC
876e81eb-8869-46ec-bf17-fad12bef5b7c,307,26,8,3616.8,2024-12-24,EU
374b06d4-4af5-4d5e-8abd-1e6823fa841d,907,460,4,658.45,2024-07-25,EU
69257bf4-6a1f-4e51-a765-648523ed9a66,984,351,1,411.19,2024-12-09,EU
177369e9-6b3c-4cc2-83c8-52a95466a385,257,489,10,3558.08,2025-02-05,US
d9879370-8cb6-464a-97b0-0b681ec62ea7,831,379,10,2009.9,2024-02-25,APAC
e4cbbd1b-b2c6-475f-9285-fe208a0c6c07,439,320,4,1332.98,2025-01-30,APAC
72b067ed-d9dd-4adc-af75-f7b50124a8f2,547,342,10,196.03,2024-01-31,APAC
2d67ed81-01aa-4c7a-8e43-73baaf31d71d,882,364,2,857.34,2025-04-18,APAC
31c4b8ac-8caa-4444-898c-cd938e0e402a,316,317,7,1841.72,2024-07-03,APAC
65e243fa-a8a8-4dab-8adf-0e4c34e2c34c,252,411,4,1458.29,2025-01-27,EU
62439e80-83d5-46f1-ae37-c229e52fe172,588,299,1,222.85,2024-03-13,US
a81f336e-7ecd-4ad5-8cd2-6fb76dad3483,129,235,9,455.87,2024-01-31,US
7b90e22b-a3c6-4a2c-82d4-1d1aaa5ac222,366,185,5,570.91,2025-07-03,US
04a497d7-f7f9-4cab-8b0b-29725dcb4710,912,222,1,237.08,2024-06-22,EU
9e3abd16-6d1d-4060-83fb-366f7ecfa891,344,71,2,405.19,2025-04-17,US
948b6821-3bd9-43d1-b0bd-f333c2d43414,355,23,6,2405.54,2024-07-22,EU
ed4c045f-b525-450d-8a38-39e2350928cd,70,50,10,122.53,2024-11-26,APAC
ef1e9032-cde8-4457-8cf3-8511aca5eb06,372,109,,101.61,2024-11-29,US
b39b167b-e11c-4e93-ac2a-4f092ebac01c,459,238,9,1343.02,2024-10-14,EU
c6ba641b-6219-4a20-9949-5c6945306b42,604,431,10,4607.79,2024-01-29,EU
ad32ca59-c633-4130-bf1b-a884d18fde66,624,37,6,2103.98,2024-11-06,US
2300f29a-7d6b-452b-bece-514986f3ecc5,848,179,9,904.24,2025-03-15,APAC
6f46c964-a580-44c6-b764-d23de3efca11,29,394,2,607.91,2025-04-24,US
115bb151-b286-43e6-89b2-27e3366a443e,448,146,7,1281.94,2024-04-14,US
87d4d9a0-b386-42bb-a46a-32d878d074ad,59,162,9,2143.08,2024-07-24,US
7eb72505-1b12-4535-87d7-8f84116a7691,155,153,4,1802.34,2024-07-01,EU
6b798f19-cdcc-4846-9247-038ca78060ce,756,259,5,639.85,2025-01-21,APAC
82aaa62c-9e0b-406d-a783-592c271d704b,201,172,8,549.83,2024-10-25,EU
937d8ae2-27db-4389-9520-cb1efc4e4849,929,207,7,2559.74,2024-06-08,EU
58aa8e89-9596-485b-9c9e-4f1e4791190f,116,478,10,1633.73,2024-07-07,APAC
e55b9f89-e812-4d25-b056-e00fbe56dfd1,835,309,10,4298.63,2024-09-17,EU
7f02761c-b442-4d09-8af4-c8601f0406f4,888,279,9,619.46,2024-02-05,APAC
41ee7b77-c794-4b85-ac21-538b8f8365f2,543,46,9,3058.58,2024-09-14,EU
61ddb9e4-71fc-4755-b085-bb05982423cc,49,417,6,2412.83,2025-03-09,APAC
b189e3b8-9181-4696-8bb7-001b30b197c3,240,186,9,2523.41,2024-01-13,US
e9f0598f-2665-4d6e-9870-bb01e40834af,148,380,10,1457.95,2024-10-17,EU
f0a4722a-453e-44c4-857d-9fe17c51b635,672,139,8,3730.17,2024-04-24,APAC
62440564-f008-4ac6-8cc4-77fd36cbe6bb,591,212,8,2624.94,2024-03-26,EU
c1b8af25-f77d-4853-a9b1-996b37395155,511,225,1,409.17,2024-01-11,EU
085f0689-0808-4e91-9d17-0ea4970e566f,780,244,6,652.28,2025-04-11,EU
def1cc70-e142-4cb3-b71d-22b75349b1d6,950,440,1,309.8,2024-08-23,US
618db801-53b1-444e-8a0d-163c7a2055e8,403,179,4,593.62,2025-03-05,US
6ac13ec0-32cf-4222-898e-d81e6c21822d,735,179,6,2764.91,2024-07-19,APAC
f2f4f0d4-41e6-41fd-bcd7-16483d43719a,485,31,8,2926.26,2024-07-10,US
cfe4666f-3884-4131-a51f-4d5b5dd3cc4b,659,439,4,394.54,2025-04-19,US
c2fe9dbc-6c2a-4777-9652-e84eb81e0b64,931,201,9,301.96,2025-05-06,APAC
3c48bfb2-e84e-40fd-9213-ce7573934bec,430,118,10,3633.2,2024-10-15,US
edcea6c7-ddf2-44b2-8d59-e4f4f0525dcf,128,230,4,38.01,2024-07-04,EU
632db688-fcf1-4c5f-a12f-69bfd1f35c0c,594,184,6,1002.17,2024-09-05,APAC
17480ea0-cf7b-4432-9491-867d155a9d57,312,241,10,2962.24,2024-10-20,APAC
09228b0b-bb04-46ef-810d-ffa0eb0f5ab4,698,142,4,160.62,2024-07-12,APAC
b7d6ed6c-2574-4875-8b35-4ff56009b1be,127,304,5,229.44,2024-04-30,EU
a1dfdbd8-016c-49d7-abfc-d297a5354abc,114,250,7,2742.8,2024-08-10,EU
fbda1f3a-dd02-41ae-a8e9-8b38a18e1e3f,535,150,,129.27,2024-09-19,APAC
c3f59365-a957-480e-9377-1c0dfac86d0f,238,1,4,1565.83,2025-03-14,EU
1be3e120-f725-4593-84e9-8a59ee5a7502,875,347,4,955.59,2025-01-11,US
e96310ea-ebf2-4819-8b25-ff932383eeef,539,85,8,1685.31,2024-06-10,US
c8fca6c5-728a-4821-a943-2d875753612d,129,298,9,4409.49,2025-04-19,EU
1135e27d-3579-46e1-b53c-bb5ab3bc9980,613,319,9,156.08,2025-01-06,APAC
a1dd9a38-70b8-4da5-8e42-c802ded082df,10,37,4,1604.98,2025-07-04,US
c9d3eaab-1a7a-461c-8433-76f90ee0dafc,237,188,2,359.37,2024-08-30,APAC
e6e480b5-8411-43d5-bf5f-b322d8d58d12,576,44,1,272.73,2025-06-05,APAC
f4cf2c30-433c-4a8b-8036-7f91a19aa654,394,206,7,947.98,2025-06-18,APAC
3af4bfb8-f8c5-4af8-bae8-5c753dc6559c,774,309,8,3611.18,2024-03-16,APAC
eb455819-224f-4b29-a26c-19074be21420,950,372,1,229.32,2025-03-05,APAC
93e72db9-f205-44d2-adc2-ecf656f90480,6,287,3,839.86,2025-05-16,US
018ffc48-18e8-4d1e-b29d-f8b3e8405699,760,140,10,3875.27,2024-04-13,EU
dfb44b09-6510-4f15-94d4-fa03cd83b7b1,413,493,10,889.65,2025-03-20,APAC
c0c3e4ed-ffbb-45f2-8ff2-4a841c0cd65a,966,240,6,2659.5,2025-06-04,US
d61ab33b-996c-4009-834f-7c16f0df2782,757,187,8,809.72,2024-03-12,US
111a77a6-0f9c-40db-884d-b0f6eb548b0d,271,300,10,3901.46,2025-01-19,EU
1ed84eca-20de-4022-a9c1-0434facf3954,229,460,7,2541.18,2025-01-28,APAC
02106755-38cd-46b0-be81-f190bae70286,498,246,9,870.57,2024-11-06,EU
62a50987-71fd-4233-aa71-1396a4d9f011,587,351,3,1167.6,2024-03-25,EU
ae9bdf03-67cd-4468-a495-1c3d65094bd6,932,93,10,376.94,2024-01-17,EU
fc90d055-d880-4e28-8f15-e53ced3daa75,329,372,4,1327.38,2025-03-07,APAC
dada3334-7f06-4a64-b9d7-657d45f96acf,209,93,5,1421.67,2024-02-15,EU
291f1ed8-a194-4b98-b45c-83905a3caabf,747,211,1,158.32,2025-05-20,US
8984cb45-834f-40da-9f1c-6d92e0001488,838,151,3,40.6,2024-11-20,EU
52a09b5d-9b0b-4118-9b66-665057aa5e07,182,69,7,1118.48,2024-09-13,EU
5f01b4be-95e2-44de-b52a-afe0be254f58,558,485,9,2951.37,2024-11-08,APAC
f281ee75-b0d3-4505-8ea5-8cdfb7bef696,485,184,9,3016.3,2024-12-05,APAC
cd775fe5-c332-4bcd-9bd4-1ef8dc3e7e11,459,88,9,3650.16,2024-10-08,EU
f0b12add-c1a4-4e85-aa07-cc0dab578ace,185,115,10,1461.65,2025-06-14,APAC
47fea653-f7e6-45fc-9472-0869fdf02c04,760,153,6,1168.0,2024-02-08,APAC
8b9e0733-e908-4825-902e-3cfc3b199e60,546,87,5,312.46,2024-03-07,US
c989af58-f904-4a09-abea-d44ae0021ef1,253,265,5,1976.4,2025-03-29,APAC
49549053-6c34-42ec-92f6-4be836a75aa2,106,63,7,1228.2,2024-11-23,APAC
96b58233-6455-46cc-83bd-b88d3c1897bf,436,256,5,1017.9,2025-05-11,US
72f50534-1cdb-4047-addd-fabe80991b8f,65,336,7,2672.04,2025-04-14,APAC
8c04b37a-ab8f-42a1-a489-8e29f97e83a1,564,328,4,1456.79,2024-07-16,US
e6a6d8a3-fb10-4dd2-8e62-621ab13ebbcb,547,242,6,2442.46,2024-03-31,EU
859c235d-4174-4851-8562-ea4efb9d4de3,105,452,2,997.36,2024-09-23,US
682ae686-c1fa-467b-bb5d-816002ddbb4d,472,98,7,701.52,2024-07-21,EU
1145fcfb-a095-4d49-8301-8b1a5e97d7b4,935,370,10,2352.65,2025-04-18,US
72bc9510-ddd4-4fa1-a280-f1547487d047,744,365,1,482.74,2024-04-17,US
9ea0b0fd-f049-42da-a53e-3ea6f0c4e0c5,571,402,7,1180.38,2024-01-10,EU
fbdfb330-c016-400d-afd3-cf6a1442662a,354,119,8,2079.24,2024-06-22,EU
30fd368d-3994-4c52-ad87-39c835000e38,891,15,8,3692.91,2024-01-19,APAC
b22d7a19-3f16-4d98-a7d7-bbb5d11f08a2,772,8,6,2135.02,2024-08-04,EU
546f5fbe-b6e6-467e-87b7-6ca46bb9fc81,973,344,6,631.07,2024-07-31,EU
222718b8-d763-47fa-82ff-a888b5823f56,129,34,4,1015.28,2024-11-02,APAC
ea6a5839-187d-49a7-ac64-77a1da7d24ef,911,42,4,1961.78,2024-07-19,US
48a02fbb-9a1c-4b6e-b402-7c7039d6cff9,614,300,8,2110.38,2024-11-12,EU
5b842ccb-e366-487b-a926-477e0ac8e4d6,610,54,7,801.25,2024-01-07,EU
539bcbf1-656b-42fd-8a2d-0ce24d5bb2fc,486,14,3,440.62,2024-05-20,EU
8b68df67-23f0-4b7e-ba9e-2c5c2be635d4,723,426,1,243.4,2024-08-08,US
1532dda3-c22f-42db-93e2-5235eeab5ef9,672,22,6,271.54,2025-02-23,US
fb73973b-3e5d-482f-8ac1-1f33cb0ca40c,728,261,7,418.5,2024-11-11,EU
7ab7cb56-891c-4c5b-8706-eb613bb1e0e3,188,144,8,2675.07,2024-01-06,US
eee7257d-98b4-4fb2-93f3-dc3c12a28d93,313,386,6,340.17,2024-03-10,APAC
02639976-4bdf-469e-8490-a747d12723ce,868,30,10,2732.42,2025-06-27,APAC
54ca4b71-fd05-4de0-8166-165d41a7a092,564,239,10,406.73,2024-02-15,EU
be6ead14-2fb4-464f-9f42-1be852d1bba4,716,179,2,245.24,2024-10-24,US
61722487-eb46-45e4-a63c-4ab762361a43,620,24,4,1682.97,2024-05-26,EU
2366a633-c651-47ce-9350-2b52a9a06deb,859,360,2,186.27,2024-12-10,APAC
25e5ed08-80af-4cea-a1af-c107594565c5,435,217,7,574.66,2024-02-21,APAC
ad74ea5b-387e-46bc-abb6-6fa0a2e70d1e,407,323,7,980.35,2024-02-21,APAC
63c98ca2-96a5-4d76-a696-316e43817c2a,676,356,8,380.21,2025-06-21,US
4c119ca7-0e3c-4837-a48f-d744f611f435,914,69,1,345.69,2024-10-26,APAC
10c7a838-b434-457b-b149-be53fb90149f,459,458,9,4459.56,2025-02-21,EU
8bab3aeb-111d-440c-b13c-a5a8dca6afd2,416,443,10,3536.26,2025-05-22,EU
ba0512e7-758a-449e-b1a2-f4b57ad8356e,893,431,8,74.57,2024-11-21,EU
b6507855-a391-4007-9893-86df958833bc,998,143,3,1055.61,2025-01-10,US
12859ede-4922-4cd7-8134-1cf28a23a47a,896,104,3,956.54,2025-01-27,APAC
3a4dafd7-cf62-4bfc-905b-6c7e5cfc5739,501,67,1,331.41,2024-09-29,US
728fb0bb-a204-447c-85ff-79cf854b3d1e,739,64,1,365.67,2024-04-10,US
94797cc6-dfb1-493e-8fc5-9e58c18269b6,584,59,7,3075.8,2024-09-29,EU
a851d3b7-7a0b-4f1c-978d-19605bb0320d,908,9,3,1499.85,2024-07-20,APAC
52760c53-e5f5-49a0-970f-729184a29543,221,418,1,183.47,2024-02-22,EU
38fc6b3c-5eb0-421b-8f3e-9324521c7877,438,45,3,846.02,2024-02-16,US
ddb9525e-6a4d-4edc-ad1f-5aa5f1caf254,898,441,2,701.99,2024-09-10,US
1b113241-22a5-4486-bf02-b723e5933522,326,100,8,3911.01,2024-12-27,EU
a3e7284e-b86a-41e3-ad01-89a1c038f589,505,369,4,638.27,2024-03-13,EU
2ba0a120-7299-42ad-8db2-9c09d5f00a79,545,475,10,3976.12,2024-08-25,US
b55bddef-b999-4342-a305-3f4b1d1d4b11,695,156,1,14.41,2024-05-20,US
fe0c1df2-b0a1-4d7f-bd59-740568ccbf97,217,23,3,723.91,2024-04-29,EU
7aa5601b-d436-4ca4-9cc2-a1762a99604b,205,303,3,1257.9,2024-12-19,EU
1adfa69f-9836-4581-953e-0c292664246b,862,293,7,505.35,2024-11-21,US
427b5fa2-6cba-4882-96ec-9c1fcb6d6cfe,679,326,8,1962.62,2024-09-28,APAC
d3e3783b-431e-449a-a0ab-5cea64531569,412,217,,151.62,2024-06-02,EU
f25b8e48-7a33-41c3-a950-3987aed5c096,800,392,6,2157.75,2025-06-23,APAC
74aaff44-3ec1-4681-a70e-6d6425c61953,258,191,5,2257.5,2025-05-12,US
c7f8334b-62f6-4243-9c02-c29ecd783b59,47,167,6,1487.29,2024-07-22,APAC
4c9f5aa5-7313-4485-83dc-ef76a596e715,981,354,8,1064.42,2024-12-22,EU
45527d01-0a98-4e29-bbd7-f07f80f9d34e,388,359,4,903.3,2024-05-22,US
ccef73d9-c037-472f-8b95-6942bccc5fd1,33,231,3,1398.01,2025-04-22,APAC
2685ac05-d57a-4a74-bbc7-5d4e4c166d96,334,419,9,454.54,2025-05-20,APAC
4c5a1211-952e-4cea-a871-d47644a0cdc0,481,499,9,1235.63,2024-10-08,EU
3d3a7a38-2bb4-46e3-ada1-232d083e9e9e,690,313,9,3910.7,2024-06-14,EU
46ba76e8-16f0-45aa-87d3-1357137cedba,667,293,10,4885.9,2025-06-29,EU
c798ca0b-4872-4c7b-b276-838d92d7896d,135,463,5,1305.53,2025-04-24,APAC
c06e59de-b9c6-49c8-b358-c07dab461ed3,435,483,5,1847.64,2024-06-17,APAC
cb448845-4837-4954-8da4-c6187aa4a301,368,107,9,1292.59,2025-01-13,EU
369d7958-16f2-440a-a6f0-c9a1ab1050b3,1,270,4,1004.11,2025-05-22,APAC
e3d69003-025c-4b31-8090-7f059db7c1c2,990,363,10,4869.37,2025-04-20,APAC
1611ba1c-a082-4270-a6bc-7c443ea38201,337,277,4,1983.89,2024-11-01,US
005df598-0f09-4a1f-b220-8d38d5e854e0,460,247,5,1074.9,2024-07-09,US
16965778-33be-4462-aa0b-fc8a13f58823,728,225,2,574.15,2024-05-11,US
0bb44f01-6238-42f9-9d99-8a36368d15e1,517,469,7,2900.45,2025-06-13,EU
bdd70892-1e7c-4a47-878c-23e836a7e6ab,507,15,9,2497.77,2025-06-23,US
15eef82b-70bf-4427-b587-9c2b7338d456,643,70,10,4270.51,2024-10-23,US
8094d2e0-55bc-4707-9baa-328657b37f4a,958,475,8,1580.32,2025-06-13,US
a7130856-8a24-4de8-af97-44df59710d1c,458,444,4,375.26,2024-11-02,EU
56a749b5-7197-47b3-9d2c-725e38d0ab8b,484,315,7,717.02,2025-04-13,EU
716749d9-44c8-40c2-9c7e-c3ef1937bacb,531,21,10,3392.26,2024-12-11,US
568a50d3-ea19-4903-87ab-e75963566789,683,318,6,2118.89,2024-10-10,US
b58be54e-1588-4b62-9285-b800451c59ca,649,355,9,393.6,2024-06-24,EU
9dfb0fd2-6492-4b55-8484-28fdaa5e4d0a,379,447,1,377.77,2024-01-23,APAC
04ecee62-50bc-4b74-a134-65656687f729,89,301,1,121.46,2024-01-04,APAC
03c51ef8-824c-4030-bad6-0c80759be46d,402,381,2,260.52,2024-11-17,APAC
1c8a62fe-f00e-4ded-9b2a-df613d53b106,554,133,7,1200.58,2025-04-24,APAC
0f30698d-6d59-417f-9411-03502a3f52d4,214,11,3,168.05,2024-08-27,EU
d0cd1806-2d68-46cd-8f98-51742c18435a,502,139,10,4067.31,2024-04-01,EU
81999e7a-c6d8-4710-a120-21d88a16416d,423,390,8,634.42,2025-01-11,US
432c75fe-da50-4e09-9033-fa6fb086b281,132,282,9,982.66,2024-05-17,EU
ece18546-14aa-4f58-abf7-e21ba131eaa1,443,151,3,1028.04,2025-03-18,US
6015a4f4-c7b1-4c04-9452-738e534b7af6,213,435,7,1571.88,2024-09-02,US
714530b2-233d-4e79-a7e9-d909bb0a2b43,122,5,2,740.28,2024-06-09,US
07a65486-0ae7-47ce-9807-b3e7195d990f,304,455,7,2319.26,2024-01-01,EU
8cb7773d-1d77-4326-a926-fada1867e5a8,303,57,8,1153.81,2024-04-04,EU
40dca75b-4ebc-406f-b699-085a1600cdcb,814,95,1,81.26,2024-07-21,APAC
1682192b-443f-4a4f-8f23-6cef793bd698,975,359,10,4770.47,2024-12-21,APAC
dcecac46-d8fb-4fa8-865e-1645233d9003,297,462,5,1564.9,2024-10-30,EU
9906e144-6aae-4c42-a587-24d119258783,863,372,8,3569.29,2024-01-21,EU
7983a3f6-c60a-4f70-8f98-a8abba617063,598,470,7,997.47,2024-02-09,US
2312b12c-1f6a-48a9-a590-b1140f74d6e7,766,194,6,2987.52,2024-10-05,APAC
251cf6d1-4d54-4af9-b3dd-6571d7e6ef09,209,377,5,797.06,2024-02-29,EU
8f385a99-c80a-4d4b-a445-f9b844f7f5d3,209,365,8,1125.19,2024-03-11,APAC
075b378c-2b1c-438a-b305-2d8aec797509,30,332,,91.34,2025-04-28,APAC
3b0937c7-a68f-40b8-93f2-358e692178ce,126,179,5,583.24,2024-12-30,EU
2f6076e6-e542-4766-a2e2-45b0c49f052a,19,76,10,4841.56,2024-10-26,US
9668a1b2-af6b-4b13-95fb-ef6377375541,859,34,4,427.29,2024-12-07,US
1a90295b-8c98-4cd5-9724-c0a5c4a7811c,871,266,8,920.83,2024-05-01,EU
e5dc63c6-46fa-40ca-9f78-e8f83c527dac,169,361,6,2259.99,2025-06-26,APAC
8f208ca2-7680-4835-84ef-1aa9d129e6bd,30,245,3,1121.27,2025-02-20,APAC
09cb18c1-b9a9-42a0-9677-d3cc39078669,347,110,8,3566.77,2024-01-29,US
c99e8ade-c068-4bc4-9c92-2443a33c38bf,77,147,8,284.21,2025-04-13,APAC
f5ddb082-3ebd-48fc-8095-62e26a6d18f1,388,484,8,3725.34,2025-04-22,EU
2af6ec11-0f09-47c5-936b-de91e90c8af6,858,368,6,683.89,2025-05-31,US
400e1554-5061-474a-a065-d4f350e78528,29,29,3,135.28,2024-11-18,EU
bacb4735-ebb3-4273-a515-afcedefeb3cc,272,465,,283.8,2025-01-17,EU
680789d6-cddc-4250-9ecb-ecb9061c1774,694,157,7,1938.67,2025-04-16,US
a188d7e2-c451-43ec-9253-f8b6b7a7ed20,279,148,3,1473.57,2025-02-09,EU
1f7bb42e-c24c-473d-99eb-9314081d3df6,508,302,3,327.73,2025-06-05,US
f29f5050-b400-4cb9-8e5d-9f31f31a1f28,444,309,4,398.53,2025-01-22,US
f9fa3cda-5675-4269-8b61-f67771505332,360,324,4,1765.04,2024-07-09,US
de6daec8-f120-4d6d-8a83-6ca370a219a2,438,181,10,3156.13,2024-08-22,US
f16f0f7b-c6c4-491e-a2fb-e235cb4d86d4,653,11,8,464.2,2025-01-19,US
345c7788-4180-45d0-b9a0-32015ea43bda,810,389,6,1174.41,2024-08-22,US
825f836e-a965-46dc-95e0-fa142e0c4a0b,744,47,10,1758.71,2024-11-09,EU
1db2ce35-2a56-4a79-b828-f21e15f5254a,371,359,7,2882.51,2024-11-08,US
12199e2d-8353-4b33-85c5-28b96e77ccf9,814,18,,11.74,2024-12-13,US
77648fd2-ca07-4ecf-ac93-1b74cb872b80,109,230,8,1232.78,2024-06-26,APAC
a63dfec9-e0a0-408a-a66e-e9534a635be4,724,223,10,3320.74,2024-01-05,US
c31576ef-72b7-4883-8342-7031ccfae048,281,225,2,21.93,2025-05-14,APAC
508ffc32-6c3a-4221-b989-6e96e42367fd,85,284,9,354.75,2024-12-22,EU
bd21981d-62ef-469b-808a-56f7677f3dd7,645,396,10,3855.67,2024-02-05,EU
510cce14-0949-4bb4-a848-763842fa9d22,234,280,9,4193.68,2024-08-04,US
990f3465-f4de-44a0-a981-a041d9c6615b,340,476,5,2181.99,2025-01-12,US
4861d22d-f8e4-408b-be12-67974aaedf32,443,9,9,3320.66,2024-01-13,APAC
778978fe-ffda-4c77-90d2-7dd01fb8f38a,6,362,2,24.18,2024-09-07,APAC
08bc2fdf-b0fb-4793-bcc6-39134fb10281,516,353,,490.41,2024-03-25,US
4d70c3da-b1a1-46a8-8184-0eaf229a431f,381,389,6,1769.18,2025-05-03,EU
c7503af3-f0a8-4a0c-b380-bc1f8f6a691e,846,376,3,994.87,2025-05-18,APAC
55443755-91af-4d4a-8cb0-1c421c8ac09c,951,84,4,1622.94,2024-02-19,APAC
097fe542-121a-40d9-821c-c5268eac3caa,271,65,1,495.81,2025-02-27,EU
300cad3f-74ec-42eb-b679-8d244dce7254,476,164,3,1449.85,2025-05-03,APAC
13825f35-7550-47aa-8c77-e709724d08ce,54,357,3,1128.4,2025-03-27,US
b2e38fb9-3782-4a62-b062-8197ffecd7f8,612,241,6,1351.96,2024-12-28,US
a515c527-6b20-42d6-aa3a-2d0852916020,191,197,8,62.73,2024-04-11,APAC
795ac760-97f5-4e0f-89a6-57487b832143,158,242,10,4653.84,2025-04-30,US
361a96fc-6a15-4737-9076-1e187428a38b,309,277,1,252.05,2025-01-12,EU
4f375420-bf69-47a9-845b-d95e70dc405a,914,494,1,301.58,2024-10-03,US
a22e0193-836a-456d-9da3-e60ef8b54b42,661,102,9,2102.32,2025-05-23,US
927303e9-48a9-4775-a809-6ef2a81b20d5,829,327,4,917.18,2024-01-08,EU
6f9400c9-6b61-4956-986e-6c84e2bede4b,464,139,6,266.32,2024-08-06,EU
7b2884b4-a635-42fe-b8d9-12f7d4abdf44,124,114,5,1273.03,2025-03-04,US
cde92165-e6e0-4b96-9fd3-40902858c1b7,212,467,3,1327.38,2025-07-01,APAC
56a5dbd6-bed8-4a94-8900-e9f9366fd895,123,389,10,1799.33,2025-03-11,APAC
3f4c6ac4-4047-4921-acd8-ccc1ecd2f108,106,38,7,695.08,2024-09-19,APAC
92e79c01-258a-4b0e-94c0-a78317568fe4,39,38,7,420.26,2024-11-22,US
0d5baa5d-374a-4621-ba21-8e7c3ca7cfcc,270,69,8,2889.19,2025-04-01,EU
b66ac589-9ddc-4db4-866d-4c137c6714e8,818,493,9,2971.65,2024-05-07,APAC
cb0f8d4c-9478-4765-8f29-bc4865ea2f64,895,73,10,669.64,2024-11-28,APAC
5c0790e2-ff5b-4d2b-99be-a3fe32f09ef2,595,411,3,59.27,2024-02-09,US
5cfe09dd-8a4b-4c27-9cb0-8054b0287146,445,451,7,733.33,2025-06-28,US
806942c7-0e54-479d-92d7-8814ad4641be,639,166,8,1056.77,2024-04-09,EU
67346242-9f7b-452c-837f-5c78a19e25d3,246,90,8,3892.08,2024-10-12,APAC
c5c11999-f3ce-4467-942d-b61c465299be,523,344,10,2771.23,2025-04-14,APAC
b0cb9bf3-f29d-438a-8244-e42ef78202ac,995,364,7,80.63,2025-06-17,APAC
36b7d5be-568d-408e-889b-c83ac753c3a4,663,190,10,1669.69,2025-04-01,EU
a73f1926-467a-411b-9cce-2c137cca6ffc,818,260,3,161.32,2024-01-24,EU
4efad1e7-9cfc-49b4-9a19-e5f90084cae0,545,386,3,1140.56,2025-03-28,US
fa18d4c0-f952-49b6-b2b8-801c294bea8b,553,355,3,1236.07,2025-05-19,US
57bf63a6-c063-45dc-a283-ff8544453fec,201,391,8,2332.26,2024-09-09,EU
eca7d81c-349c-45ec-a4c6-8a76422371f1,816,378,2,188.64,2024-08-26,US
7848c2fb-2cb0-4983-a803-f86f36615334,598,347,2,201.21,2025-02-21,EU
e5152935-680b-4c35-a292-32f2deef5b17,641,7,1,352.45,2024-05-03,EU
de61b87b-2015-400d-9fc5-d89236226d24,666,72,2,38.92,2024-01-14,APAC
de050afd-65a0-4d7d-bd45-b12d049e62b9,525,2,4,392.77,2025-02-08,APAC
fcf5c75d-1415-461c-99ee-9dab93241d0a,570,152,4,1690.0,2024-04-09,US
2712121b-05a3-4a17-8f8c-dc3aecc4eb83,667,45,3,1374.88,2024-01-28,EU
9b6e2125-3410-4301-8afd-10d5128ec669,728,399,5,1162.32,2024-12-09,US
885716eb-4c5a-4883-9355-f05cc7fe2362,85,187,8,2848.25,2024-04-12,APAC
9b2099ae-9784-46d3-9417-2f4c2e69b078,605,202,3,1125.95,2024-07-22,US
a57c07e6-2061-4a64-990f-b9571d0c5750,420,353,1,228.76,2024-08-16,EU
cb9ffe37-6e0f-4b39-b589-6ecab62695bb,812,94,7,218.48,2024-01-20,EU
042e92ca-fae2-4172-b73c-4c5b8e00eab8,952,201,8,831.42,2024-06-08,US
5233d93f-e488-415e-a405-90ee6d5a158c,491,459,6,1714.08,2025-01-20,US
b398c791-52e4-4b86-8fc0-1c5f02bec66c,561,404,7,548.38,2024-04-22,EU
77973a37-8234-4249-a671-63f31d5f35e4,773,241,5,87.66,2025-04-11,EU
b815f874-2b8c-4abf-b50e-f4c392dcdb95,146,356,1,154.47,2025-01-27,EU
1cbd9c72-9bec-4960-a0d4-2aa78c48f8bb,124,63,3,1161.65,2024-09-01,EU
82ac1084-943f-4949-ad27-6e1148277d0d,749,336,2,617.19,2024-02-01,APAC
dc245167-8bf6-43a7-a52b-f0cf858b20f6,672,30,10,3589.31,2024-02-22,US
a8552d4a-90fe-485a-997b-ffc4711211d4,681,275,7,3213.14,2024-09-08,EU
d5581e1c-60a9-4a67-870f-45c50aacd1e4,319,374,4,797.9,2024-02-24,EU
1f783c8d-586a-4088-a08c-076566e20d54,62,445,1,58.67,2024-11-22,EU
95eb79d4-46b4-4c8e-9d51-baeb290d31ff,681,62,8,661.45,2024-07-01,APAC
40d2bee0-b60d-436c-92c3-e88d037eb008,657,29,5,1709.55,2024-12-07,EU
afce0068-6269-4ad8-9a3a-36fb441dcefd,179,29,7,3060.4,2024-11-04,APAC
6c44a1af-23c7-4c93-976d-b03ff0238175,983,141,2,870.42,2024-05-25,US
d40439d2-8fce-49eb-a5b1-79bd75c55296,32,407,5,1978.56,2025-05-27,EU
ead069d7-e1ed-4c66-92d6-579023cce1e2,234,108,5,2493.35,2025-03-30,EU
4c8f11a8-43f1-4e7b-8f4c-5a881e932ad4,175,366,8,2618.34,2024-11-12,APAC
66f22ecf-eaa5-43dc-acaf-9a41bcc7d32b,60,439,8,1318.68,2025-03-02,EU
304e59e3-6411-4c38-a7f4-1a49aa9dc7ff,152,346,10,4585.17,2024-10-17,US
deb479d7-b90a-4ecf-9c7b-4282c742082c,657,286,1,106.93,2024-03-18,US
ccaf7865-b77b-4fad-90df-558f558ccdf8,228,209,1,163.75,2025-06-09,APAC
91aacada-ae1b-4403-8b60-acc3415d9e61,320,411,5,567.55,2024-04-18,US
ff436e12-15f5-488f-88b1-b8d507b2db6c,570,21,,461.6,2024-10-30,US
0900290e-aef0-4fdf-95d7-f896dd66c811,58,322,1,45.57,2025-06-17,EU
08819cb0-3cbc-4a52-a9dd-da84b81b6750,872,381,3,625.3,2024-06-01,APAC
3d804515-7956-43a0-a771-cfaea0ad2dee,855,232,4,852.48,2025-02-25,APAC
024d05d8-cf17-4eb8-8bb1-dfcb67ddff47,312,203,4,419.96,2024-03-14,US
266f835a-8a23-4b29-94fa-5fbba210e723,990,249,1,161.4,2024-06-22,US
2fcaa049-dc4f-400c-9d15-663b8fce88a4,161,366,7,1122.44,2024-05-18,EU
a2a569c5-bf42-4d37-9d39-661a349eea30,20,426,8,3390.82,2025-02-15,US
ab858554-209a-4d0f-8825-ffcf2e9aeac0,453,498,9,3849.8,2024-03-24,EU
c3b83915-f6c4-4de5-8cf1-adf88611933e,586,12,8,3153.77,2024-06-17,US
fbc2a380-22e2-4561-ab3b-b067b30b1695,512,420,9,2485.81,2024-10-23,EU
30fd9a73-e67b-4914-9176-4a57713a260d,131,64,3,387.06,2025-05-18,APAC
784d1666-0741-455a-9843-f35436fc1821,410,347,9,874.18,2025-02-20,APAC
d1f6e7db-7fe4-4abb-b615-133b8d694366,290,357,1,81.71,2025-03-10,US
3f9f4a55-cf68-4020-97fe-1fc6c776c04a,109,425,5,1879.18,2024-05-27,APAC
5706040d-c797-4318-89cb-87613a9feebf,472,199,1,439.28,2025-01-08,EU
f3c0e1e9-65c4-461f-abb0-2d6d23f7c842,673,19,9,1087.88,2025-01-16,APAC
2622f0fd-8a79-4bf2-a323-3365e3e14e12,299,471,6,1184.61,2024-10-11,APAC
1a6f6d96-fd41-46c2-b3a8-6da0e0d3147a,360,271,2,846.77,2025-02-04,APAC
637f04e0-eb53-4acb-919b-950d5e23d348,764,309,10,2267.37,2024-01-17,APAC
18295acb-3513-42e9-9089-8469d737e2b3,100,383,7,877.65,2024-04-24,EU
629fa661-39e7-4eed-8faf-63bfe25b5926,225,497,9,2236.63,2024-09-20,US
69c1a2cf-4541-42f9-ac0a-8d255f973723,56,163,10,2431.76,2025-01-13,US
3660d6af-6d6c-4d1a-89fb-001388171e36,641,162,5,1291.59,2025-01-03,US
c23b3549-1e4f-487d-b575-4166673dcf6e,35,195,4,1122.72,2024-04-22,EU
2499653a-b861-436a-ab62-6834c351fc03,56,436,7,455.15,2025-05-10,APAC
0a83d9cf-a973-446d-ab62-9f705da105a7,673,479,8,3377.4,2025-04-09,APAC
c166b67f-9259-4f1e-b668-be686652060b,759,263,5,1444.31,2024-07-09,APAC
86524c60-d3f3-480b-bc2a-f7a0ccdb040f,686,324,8,721.93,2024-10-02,EU
161ee1a1-59ea-4e98-935b-edf3c9be41d0,2,57,4,1822.07,2025-04-25,US
fd4ee6c6-18a4-4931-a26a-9026a05aa3c6,579,305,1,293.65,2024-07-17,APAC
8cd57e37-b82e-422a-abcc-94a3783c3e11,511,463,9,237.31,2024-06-18,US
3c90fe8d-0a2f-4d8c-b6b1-d8dafcf394db,353,236,8,3078.65,2025-04-22,EU
e3fa3750-bd14-401f-83fa-47e0c7eec09f,988,449,1,51.87,2025-02-07,APAC
d0460f4b-acf0-4407-91a5-8f3dd5f7f8d7,780,122,7,2836.87,2025-03-16,US
d4951d11-3072-4a30-ad41-f513fd1cb39c,456,142,5,2385.05,2024-09-23,US
6ae97460-230e-47ef-afd4-798ea119df89,209,260,1,184.16,2024-04-06,APAC
d5ef3328-c034-453b-b534-40fe34c65675,3,426,2,350.48,2024-04-28,US
8698e37a-ec5e-46ab-b0e0-28f653fc7380,907,211,,236.52,2025-01-15,EU
78fdd6b6-09d3-4c5f-bc90-87d0a823a530,157,449,9,3722.35,2024-08-02,APAC
ee660fb6-ba34-4a3f-b14f-aa4373e38027,88,408,9,989.17,2025-02-09,US
bf2f97f6-9f1e-4750-9e11-47f7071630ad,596,332,8,3093.85,2024-08-03,APAC
9146f2e8-a8ad-4714-b127-3056e782a801,798,274,4,599.74,2024-01-13,US
a14f6769-727b-4a3d-a17e-21c284b97a87,813,103,2,19.79,2024-06-22,APAC
749c11ee-e4a5-4e86-801a-f8f0407aff50,468,389,1,314.34,2025-05-29,EU
76d77a61-0432-4b7d-99d6-84140d5d477d,140,61,2,134.92,2025-02-14,US
68c9c66d-f1e8-449c-b862-135340f2b477,699,218,10,2832.88,2024-07-21,EU
082da84c-0b40-4956-aca7-ea8618a1c495,424,2,10,4948.86,2024-10-16,US
1fddd1dc-f929-4094-abef-caad2c7ffd63,295,270,5,2057.04,2025-03-17,US
d50c3366-56c6-45f9-aeff-ac774fe62e2d,886,308,7,850.63,2024-04-18,US
095f7698-b139-4a3a-bb18-618205999cba,200,149,4,146.08,2025-01-18,EU
97ad4364-2fca-4415-a8b6-78f4c33b3151,533,69,5,491.61,2025-06-27,APAC
70e6e564-6f4f-4137-93aa-227eefd991ef,249,335,4,141.02,2025-05-27,EU
4883ceb5-60ac-4f0d-902f-f7e3f622dbc3,614,259,8,1648.78,2025-05-20,APAC
9dc0739a-78d5-43a8-9264-c1695a46a335,101,439,4,1655.91,2024-06-17,US
f1017f16-38a1-49e1-ae75-2018823f8338,296,476,7,751.53,2024-12-21,APAC
3488e31a-220d-4df8-a309-113d1cf9f07b,976,410,5,95.63,2025-02-14,EU
d64cf157-5684-4a76-b3a9-1fb6c96660e0,618,93,2,537.85,2024-01-24,APAC
664cc3b8-6413-4cdb-8639-a6faa34178f8,806,96,4,1839.93,2024-12-07,US
a49f02fa-83d4-4132-ae39-5cfadf6a80fc,618,454,4,909.12,2025-05-17,EU
09ebccb1-dbf7-4e66-97a9-2ac71079772b,234,391,1,471.02,2025-01-09,EU
23acbeab-4459-4aa7-85b2-2e940bd2bedc,326,30,9,2846.33,2024-01-04,EU
90dc4a0c-3885-4e6d-82fb-833d8cdef3f4,181,363,6,799.44,2025-06-27,US
12ed6c34-2b9e-43e6-bb6c-6a2d606c6cf8,557,66,10,2374.36,2025-06-16,APAC
0392863a-141c-4970-9bec-6ca18478e3e2,731,343,5,1766.36,2025-01-25,US
1f1c67c3-662a-4bea-9ea9-2a66746ed846,877,346,1,158.91,2024-01-26,APAC
4e15b5c9-e45b-4a72-bc3a-73cf82a8e725,736,356,,28.33,2024-07-22,EU
95b0e254-4c7e-445d-b9cd-168f037d74d4,997,73,2,319.74,2024-11-05,US
7f68d94c-91a6-4457-a92a-b259ebe748a2,570,204,,40.71,2024-07-01,EU
9c06770b-2328-4b47-836d-2f30d21a3d74,645,179,4,885.78,2025-01-26,EU
899eb043-6910-4edf-b4ad-10f35be562ab,722,129,4,442.18,2024-08-20,APAC
87f28340-4035-4bea-a1c7-1d4fea4c170c,229,11,5,386.11,2024-04-13,US
0cff0819-a0ec-4c3c-af38-c962af70b0cf,563,297,5,1739.87,2024-03-22,APAC
1cc0ff53-3912-4f32-8eae-35a95f248b11,836,470,4,864.95,2025-03-23,US
d4f6f1d8-3b73-454f-9e4c-f751cd1dc321,809,323,1,25.66,2024-05-21,APAC
3be6aaab-c39d-4eae-9a50-e836ca6a1107,100,459,3,980.92,2024-07-18,EU
dc2ca5d4-6fb7-49f9-b362-e22e06841196,585,339,9,2412.09,2024-08-01,APAC
e203fa56-a112-4961-8556-e24062c1b7bf,450,394,8,924.89,2025-02-10,EU
cdcd693a-4482-4f7d-a77d-69a78f536380,305,111,6,307.66,2024-09-23,EU
adf8d083-dabc-42cc-9859-c1a6bd7fd1f0,179,101,4,1576.12,2025-06-27,US
93513144-cea0-4611-8cfa-918795ad887c,329,238,2,833.69,2024-09-05,APAC
ad7e0652-a491-45a6-9906-6a65dabb5e7f,918,370,10,2845.98,2024-11-23,APAC
f88f9178-5386-4e34-917f-a65f8b712a10,300,425,2,360.83,2024-02-21,APAC
4150d6f5-78bd-451a-91cb-1671d516fe2d,997,403,6,2623.2,2025-01-09,APAC
df40cb6f-106f-4cdd-b0ce-ffbfe9755e3e,298,447,4,113.53,2025-01-21,EU
f2075e2e-a44e-4f58-8753-d519efa6943d,677,471,3,573.06,2024-01-16,EU
df787b66-227c-42d8-ae19-fac1f94837a3,582,184,10,1851.65,2024-09-25,US
ecf83bd8-3317-41fa-a157-90b0379bd1d4,249,40,1,245.2,2024-07-15,EU
0e51c86e-7340-46c6-a894-7015824bb8b9,967,111,6,1406.81,2024-07-09,US
5e86877e-60fb-4954-8332-46352405b387,551,372,1,316.12,2024-12-21,EU
e28dc18c-0149-4280-999b-cdd4a7a7e28b,719,115,1,322.41,2024-06-10,EU
6e1d44b9-1383-4798-a3f4-c0ea75a1ccf2,613,359,7,2993.94,2024-06-25,APAC
be660c1a-ef21-4bd5-bf33-f5fde021ec06,106,21,6,427.04,2025-03-15,US
2f6d4674-dd28-47c0-b6dc-f28a2d7f5e38,216,458,4,1823.36,2025-01-07,US
e8240a60-7288-4b77-94f9-e33be6234276,803,248,1,39.08,2024-09-10,APAC
13bd25bb-3819-46da-8481-9700da34914a,389,353,5,1003.17,2025-01-07,APAC
8f45f865-6e65-4d1a-b9ff-52f083c6fa1d,436,393,4,103.18,2024-03-18,EU
3683885d-ed61-4579-b186-0fae636ddfae,13,462,7,1263.16,2024-10-03,EU
f0e179a7-9f74-4b45-9f92-31725e2491ed,122,462,4,1469.2,2024-12-10,APAC
99fa8338-a1e4-42e4-9e99-5cc774697f3e,820,109,3,562.77,2024-10-01,EU
e22b59ae-3bdf-4709-bfb4-7bb410d85f93,912,149,2,186.54,2024-10-02,EU
efd857e8-1e7d-4e27-9579-b2dd66cdbbb6,522,391,4,1002.47,2024-06-20,EU
e2d705fe-a520-4719-937d-7552de0636d2,602,243,8,2121.94,2024-12-14,APAC
9ddd6d77-ddf1-4634-9da2-55ee1573e3ef,280,56,,23.6,2024-02-25,US
af75f696-4e4d-4fe2-87d2-b9f8a111980a,890,397,8,2551.51,2025-01-19,APAC
475b34a8-3371-4046-bf18-d1d771750993,848,220,2,434.92,2024-08-20,APAC
f616ab09-7cc4-4d2d-93b6-e4618dd6755c,860,488,4,1789.71,2024-02-13,APAC
e3afbbad-f4f7-41a9-8b07-ef628b31eefb,783,33,7,1835.07,2024-06-14,US
e93ecc27-1548-4409-b0d7-edd49c6ad42e,930,404,9,3020.84,2024-01-15,EU
d3e1ae4e-da5a-4d1d-a263-3128e6b5a2df,113,46,8,2444.55,2024-08-05,APAC
b92e9d47-eae8-4a65-956f-b032a717823b,597,187,1,123.05,2024-10-19,US
2a1ac565-a44e-4bf7-813e-9a22040c24e6,476,389,10,2461.43,2025-04-03,APAC
845ab665-c51b-47d4-a2ab-4f7d4f52856f,857,69,5,777.67,2024-04-12,EU
9e30da4d-21c5-4541-8953-0e03e7e0d611,10,303,4,424.85,2024-06-24,APAC
0b41c68c-cef0-4638-ac9f-050de136423b,303,454,5,2408.33,2024-08-23,APAC
f55af967-b120-4960-8e82-7ddeb39f5932,116,409,10,3193.98,2024-06-24,US
cdd853f8-cec6-4018-a511-b6091ffee2fd,44,143,2,626.66,2024-10-28,US
042e8c27-fe37-447f-92e3-91bab3226d8f,966,293,6,2233.9,2024-04-21,EU
958297ad-cf4f-4f91-86e4-dc3f5a4465e3,333,402,10,3920.33,2024-11-24,EU
e72d9fe5-190c-4f14-9e19-3268f02ca801,981,99,9,1080.95,2024-12-12,US
63dfeeb4-0568-479c-9d5d-d68e40a86ebc,920,242,6,272.31,2024-06-18,EU
53e3a688-6e22-44f6-9d12-4eac39dd6046,926,59,8,3193.36,2025-04-20,US
0482bae8-0257-4517-8096-eab241870bf3,214,409,4,1241.32,2024-06-04,EU
f708e607-4e0b-4eb2-a0d8-ad8da9e3718b,736,200,5,2209.31,2025-04-10,US
37db5bc4-c90f-48a4-8c9a-375c2f577dad,33,131,6,2097.99,2024-12-05,US
4263785a-c688-4967-a6c4-0e8cf0a38552,303,163,,272.81,2025-05-27,US
1df4fc9c-a6fd-45a3-a799-e097ba0f73ed,584,10,10,4711.7,2024-02-17,EU
f2f07f47-b05e-4421-81c2-4c287d50d503,598,98,7,1269.69,2025-03-07,US
ee8b2c31-1309-40d0-afa3-932edd78f41c,70,124,8,2125.46,2025-06-10,US
6874764b-8608-4907-a8d8-e50ddadc4a75,670,133,4,1155.51,2024-03-21,APAC
b641d680-e265-4804-9c49-2da6058d535f,870,250,7,1353.01,2025-05-09,US
fa0ca103-175d-4dc1-a0ff-32745eac14d6,958,261,5,1599.19,2024-02-29,EU
419c6401-9fe6-405c-9261-b1db658c332a,707,91,5,1841.75,2024-02-15,APAC
4879ddf7-1ff2-4b49-8269-91e2a21ed943,907,256,9,1993.23,2025-01-19,EU
8775adc8-8516-4286-bb62-49578ccf611a,29,79,8,1531.74,2025-05-29,US
ecc27826-442d-4edb-8c63-60104515bb2a,283,480,7,1725.25,2025-01-13,EU
33557f91-cc53-463b-a7c4-b5b0afef980a,105,300,7,2848.14,2024-12-24,US
9a93b5ee-1a19-4435-8b87-918e62bc8ddb,436,452,5,1570.28,2024-12-22,US
396126b2-aeee-4065-9853-db1a88ef53c4,585,451,9,2185.09,2024-09-19,EU
4c2edc9e-4c55-4788-8b22-312716b56363,975,227,7,208.79,2025-06-23,APAC
7f8d7baa-7506-418e-999e-661190afbcb3,248,257,4,678.84,2024-12-05,APAC
ebda4b41-9e56-404f-99bd-76a31966c215,787,51,8,325.03,2024-04-04,APAC
69bf5d41-f303-4cca-93e4-71415d3d2121,456,207,3,826.04,2024-04-02,APAC
e6c6f8d0-1d4a-41de-9da0-4f6e93b17a17,650,200,1,200.64,2024-06-05,US
1b89add4-0afd-44c2-b910-0c3c2951da00,860,277,7,1595.34,2024-06-24,US
4a6a8f5f-766d-489d-a56c-ba982a745634,369,99,10,4407.79,2024-07-05,US
c7929658-42ba-401f-af20-8efca8aefe96,345,407,10,1217.2,2024-12-31,EU
b9a7ea74-7210-46ff-990d-4eb2a543af15,412,212,4,1385.16,2024-02-29,US
2bbbd292-8beb-46f2-9ae8-b11f6f2cdd9d,182,226,3,341.8,2024-01-23,US
98f865fd-796a-437a-afa0-84679c1926d6,920,422,6,270.45,2025-01-04,US
65b020c0-4ec1-4a41-9b57-7dd915a7a302,372,390,7,2542.91,2024-02-26,US
bf3949aa-ce05-4747-901c-10d2167b33b7,106,162,1,434.65,2025-01-23,EU
24a1c8ad-2b02-4842-82d9-1ccb8a5e19dc,267,348,10,3763.41,2025-04-09,US
ccbe5640-11fe-482e-b564-66118730f2f7,506,186,8,2857.52,2024-03-17,US
6e61549f-4e99-4354-8893-059425610d97,34,52,2,18.79,2025-06-22,EU
996f4ae8-8369-4155-bc11-1d8368d29da0,939,224,6,2060.61,2024-04-16,US
d3adbada-3237-494e-a1f2-781ba8df6d8b,556,312,7,1864.57,2024-10-11,APAC
54d65d90-196b-40e1-a45d-2b2fe77c4536,72,12,10,3680.44,2025-03-28,APAC
7b52ec69-3d76-44a6-9d02-9e6c9cd051e2,370,87,3,397.57,2024-06-12,EU
e5a2458a-6c77-4ee9-94c3-dad8d68f9a15,337,122,6,417.55,2024-11-15,APAC
631da1a4-1412-444a-a76d-f728bf1e948f,502,292,2,43.52,2025-06-24,US
a92448f9-1c0d-4747-8129-f47e5873662d,393,154,4,1128.61,2024-03-31,US
94ba38cc-9572-45f6-b505-6d33482a27c8,387,443,1,121.91,2024-03-28,APAC
7b358d42-eaaf-4b8c-935f-c2169b8a2d42,971,255,2,462.72,2024-12-04,EU
dd777adc-e844-438d-97a0-a8d10ca632c2,980,276,1,372.62,2024-05-14,APAC
5bcb85a4-c0b3-40f1-bc13-e57d98473d57,935,40,4,1159.63,2024-06-12,APAC
b103f56f-85b8-4de1-8391-886d06d9dd0a,945,163,2,536.3,2024-08-10,EU
c6c7ab13-215e-423c-b63f-7b997372457a,254,202,2,859.94,2024-05-06,US
8336f056-fcf8-4c58-8864-6fea273eb214,299,132,6,2669.18,2024-05-29,US
570c5d17-068e-4fef-8f6e-07fa77af15a7,788,84,10,3120.56,2024-04-22,APAC
8d6fd5dc-ee8c-49fc-ac00-90f01a187ebc,546,143,1,135.41,2025-03-13,US
ca784e59-2778-485b-b954-f82a837c6141,896,287,10,385.87,2025-05-26,US
f03e9341-03b0-4bb4-84b1-7fcbfba2b3d0,387,482,6,498.97,2024-01-30,EU
eb571923-2d80-499a-963a-13c1c1dd184b,951,343,5,1657.76,2025-04-23,APAC
9cbb476b-51f9-4dd0-806f-86d79382cc34,209,403,2,658.52,2024-05-15,US
275d1f25-f5fd-4ad2-9455-2c91b0c25e5e,950,280,8,1922.83,2024-07-09,APAC
1f7a05dd-9664-48d3-ae20-2676a9fe71c8,405,251,10,2823.03,2025-02-09,US
ca57fede-9b4a-4c28-b8c8-307117ac2ec5,143,236,6,2273.97,2024-09-30,US
f2a27dae-0282-406c-8024-9d76af8f58d2,744,255,5,70.1,2025-03-14,APAC
30ecc582-8989-48f1-99d9-d4082c7d3def,21,164,5,1316.81,2025-02-03,EU
37ad40c1-6aec-40e5-bf9e-97489e1e9f4b,218,427,3,1339.45,2024-03-14,EU
463c1269-9cd9-4fd9-980e-6da5a2af7c41,898,150,10,835.36,2024-12-18,EU
0f035c54-30b8-4670-82a4-d7a0f891e24a,744,358,3,481.61,2024-04-09,APAC
a0a269a8-23f8-42fb-a142-86703c7bb7d2,116,65,7,1253.8,2024-12-16,US
8dc17757-42ec-4c74-9a6a-5f9659f99a50,684,46,7,2026.28,2025-05-12,EU
a8292bef-b5b3-4df9-aa8c-c3f442d224a1,90,437,2,573.85,2025-05-23,EU
f3b808bc-c4f9-47b8-bacf-0666c5adcef9,504,382,10,4641.38,2024-08-07,APAC
382bd5d9-53c7-43f5-9b2c-f48a1ecbf5ad,731,295,6,2867.69,2024-04-10,US
5ccfd406-1966-4254-8fc6-6ef1a75ad936,397,158,8,2773.78,2025-05-11,EU
0028918a-a386-4022-a07f-b18dfd2a084d,249,170,10,1530.11,2024-09-23,US
2dddf226-8455-4298-a1a5-f5d0c3151c0c,540,365,3,94.09,2024-04-20,EU
21ba7616-e7fc-4ffd-85d4-10b878b1cba3,477,399,8,1498.49,2025-07-03,APAC
f340d561-4273-43de-beb6-eb4ed992389b,963,462,9,3015.29,2024-03-03,US
875c9c96-3be0-4bb7-86d8-6a6b4e17f821,555,461,10,4107.55,2024-09-22,EU
9b889f83-4230-4d8b-a66d-9100d2c3eeb8,219,455,,341.88,2025-05-25,EU
0bd76992-bba8-48a8-92f4-1929c08be200,534,128,1,284.47,2025-01-15,EU
983d34f7-a8e3-4f0e-9b94-81116fc3f6e4,592,55,8,837.57,2025-02-09,APAC
ba5c35b3-fd8c-4c86-97a9-7b4b4f71b1a4,690,279,8,2761.49,2024-01-18,APAC
1f1ca3b6-9554-44fa-a481-a3a2af13916a,262,376,1,336.21,2025-01-05,EU
0dd58117-b552-4f63-b525-31d179a6b16b,939,80,8,2349.59,2024-12-09,APAC
1b8fb14d-90d6-462d-ae5c-4813ffe83b97,150,431,6,953.93,2024-08-14,US
44ebc620-2557-4d42-bd0a-5e4ab723e59a,740,138,6,366.96,2024-08-10,US
345e3564-4ed9-4e79-b787-d0a6afcab498,343,402,2,426.07,2024-10-22,EU
2c89c1d9-29f8-4b49-bd32-34b660d2b6c4,228,170,6,672.91,2024-08-23,APAC
f64195fa-ec7a-4f95-a31e-ea1a1fe901bd,611,203,8,355.49,2024-08-21,APAC
69017697-a36a-4720-bd7c-54d1849420aa,321,180,,425.36,2024-03-28,APAC
615bfc2e-21dc-4ec9-803f-4a69443ce76d,320,397,3,1177.42,2025-05-29,EU
0fd30f49-0537-4d1d-83b2-16822fbcbcf2,126,160,10,4197.0,2024-03-27,US
8abe51fe-ad7e-4f4c-9d42-bfb8d5fd4f08,720,175,4,898.49,2025-05-09,EU
987a811f-b7ef-4d26-8671-1f14b18d4ef8,949,345,5,605.19,2024-08-04,US
9a90c7d6-3956-4b35-b13b-61847d6313be,480,258,5,659.32,2024-01-12,EU
6f6cd353-ed38-4c2b-9bd4-8e4c746cddef,153,63,8,2735.77,2025-02-05,APAC
a52a7c04-8ce2-4c3b-b512-d1ddfe50620d,904,272,7,385.26,2024-08-28,US
3b566964-539b-4896-9557-b819ebf24b07,453,312,10,2080.61,2024-08-09,APAC
50748cc0-44aa-4646-b57c-55390862bf8b,289,88,1,196.09,2025-03-13,US
f1d863ae-bbc5-49ec-953d-4a4eb25170d9,548,264,5,1057.27,2024-03-04,EU
d0d06ed3-9189-403b-93fb-8acca6018cab,559,98,2,760.12,2025-02-04,EU
4dd6a303-678a-4b60-9761-0755b89e201b,719,268,6,501.3,2025-04-13,US
33d2b142-f8aa-464e-9436-c27d74ce644c,752,236,5,1590.49,2025-06-08,APAC
974dfc12-5460-4ca6-a394-bffe411a6b93,257,267,6,2594.74,2024-09-18,US
4290b64b-496e-4d66-b40b-7456bc4e7742,725,373,9,1991.36,2024-03-01,APAC
06cbe833-ca8a-41b2-ba34-b4fd8ecb2bf5,137,23,6,2216.43,2024-09-22,APAC
9f3e27be-f970-4dc5-b574-484b52968821,615,141,4,997.9,2025-04-10,EU
7603d92f-031a-4d87-8de0-acd4a65bebfc,307,28,,91.01,2025-06-29,US
cd67b537-79cc-4eab-94fd-fd10009ebdd5,247,441,1,20.05,2025-03-12,US
581721a4-eac9-4281-b417-3f704492a474,706,22,8,1886.72,2024-02-08,APAC
5d958218-3e6e-4c48-b07c-18b7d543dc01,667,207,10,135.4,2024-04-16,US
cd57ec68-8b59-4213-a52b-0ec61e8514ce,123,500,5,2424.66,2024-02-01,EU
802163d5-430e-4f6f-9cf3-ceed937af1ea,982,324,8,1456.74,2025-02-16,APAC
d9d2bdc1-d257-48c9-95be-c6c6135184df,764,317,7,138.56,2024-12-31,US
a5026450-5f80-4baf-9941-141299f0e5d3,366,387,7,3389.59,2025-02-08,US
ce5a69ff-51bc-4356-9fc5-488548b1b002,704,454,4,1438.18,2024-01-15,EU
3f04cff2-f1c9-4c10-afe1-71556b29f04b,624,46,,130.84,2025-01-30,US
91a0725b-ea02-4907-9e2c-f02dc7aa8ba2,994,479,8,2928.02,2024-11-15,EU
7f414d83-480a-41ee-bfa5-f2e4de2c8f1d,558,90,6,885.52,2024-07-20,US
2419f788-77f8-4a6c-8088-630ef9b895b9,528,435,,304.45,2024-01-31,US
767aae58-c51f-4c3a-900d-1f9528dbe406,346,173,7,1983.78,2025-02-09,EU
eae1437f-6417-4635-ba44-0aa46e62b991,224,420,1,442.18,2025-07-02,US
198ed35a-6947-483e-95f1-19eb650968fc,886,333,4,164.38,2024-06-15,APAC
3e49a459-9ada-45cb-84c0-fb2bb7426f5c,161,257,3,1066.52,2024-08-28,US
623b2bf1-addb-4162-9a85-94e8fc82bef5,548,224,1,218.77,2024-10-08,APAC
b2d43241-d88c-4cf4-9e3c-16ceb578b8de,713,365,4,1739.49,2025-04-05,APAC
aa1b9f3b-e07c-4a00-90ea-5cba26f6dafe,251,300,1,473.95,2024-03-04,US
2c2a9e92-6faf-4926-9d15-d096a4be1bd9,410,154,6,1156.02,2024-07-15,APAC
b7e0cb1a-cb45-4546-8342-94afa4a4ca02,630,72,2,333.16,2024-03-25,EU
bc481637-789e-4b69-a798-e88e3cb70520,849,1,4,202.13,2024-03-17,EU
76b27005-27ac-450a-9d4b-5696768070e1,635,89,,30.92,2025-05-26,APAC
cb67fe55-c0ef-44ed-9091-8c0611cb3bc3,682,497,1,438.96,2024-11-02,APAC
335b7cd9-fee8-417a-86f4-b4613b62d902,158,157,2,80.05,2025-01-23,APAC
3f149e73-c3b5-4d42-acee-6576ac0e7520,56,211,5,612.95,2024-01-09,US
4f691e0f-e7f2-4f85-a236-c1bacdd05bf7,715,72,7,3105.37,2024-05-31,US
dc0d631a-3f93-490c-9feb-c9f6d8fd92b3,25,424,2,411.38,2024-12-27,EU
4bd45b36-7fbd-4ef5-ad4b-2435f0e148a8,552,274,6,971.84,2025-06-16,EU
02a3c1c4-e092-4e77-b06c-43b40dddd3ab,616,88,,61.96,2024-08-16,US
8d0e688e-598f-408a-884b-b21e4b96c565,994,86,2,196.48,2024-10-23,APAC
b55b0954-5d7c-47bb-9f75-347fb64bc6a1,156,466,4,955.5,2024-04-13,APAC
89aefba3-c7d1-42d2-86ab-275a0d43e5c3,49,211,9,2238.26,2024-04-21,US
3163e86b-f83f-45f3-8b87-1f5dd7b5b149,694,181,4,389.02,2025-03-04,APAC
64d34a69-70c8-4041-b0ec-cb7b06726eaa,701,117,3,860.05,2025-05-08,US
628c8d1c-3eff-49f2-9a30-757b7b3c190d,761,262,2,889.64,2024-07-30,EU
c4e15493-5721-4f63-bc90-6b53c7423a47,981,305,1,128.22,2024-11-06,EU
cb77d4b5-4032-4b6a-b510-9c011878275e,250,307,3,1239.2,2025-05-31,APAC
5fbb33b7-58d9-459e-85b3-12aa4f8198bd,802,326,6,1991.76,2025-06-02,APAC
9c57ed29-1312-4f96-918e-267b673d9886,106,148,10,3926.04,2025-06-20,US
82a7bca4-2740-4bf0-a280-9b82048dff0f,863,147,7,2389.4,2025-04-14,EU
43bd775c-07bd-452c-bf01-8811f5e3ea4a,392,25,3,1112.05,2025-03-15,US
accfa9ba-8b90-41c4-be10-4d6eaa8c5c14,219,275,9,3860.95,2024-01-28,EU
e9408acc-bb33-441c-bcd0-7b1a159f6c93,345,240,5,1740.18,2025-05-16,EU
3e54af01-64aa-4196-9eb5-243731860784,826,83,2,354.81,2024-01-31,EU
c806df82-6ba0-427f-8669-f1551923c00c,378,495,1,185.31,2025-05-07,APAC
9356123d-25c1-49ed-bdf1-e55add11b457,497,87,6,2376.97,2024-01-13,US
3993632b-1bde-47ec-90b9-899ccc346ee5,775,107,6,1997.65,2025-01-18,APAC
8b0b53f7-8aa0-4cb6-b958-8f441ea8973b,342,129,4,701.15,2025-06-27,EU
473889ce-6611-4820-8952-cd0f2d6c038e,676,259,4,254.59,2025-06-29,US
8136b7b0-954c-46e1-ba89-2b169bf2ddaf,475,384,,168.86,2025-02-16,EU
4e9619ce-3ee2-4820-ba2e-10b7a0cc7983,258,361,10,3921.89,2024-07-23,US
535165d3-8d6a-4a6e-9b58-50f01e18ee6e,161,30,5,181.53,2025-02-24,APAC
58ab3f61-ddb9-4b91-b34f-a654d5b2c490,782,461,5,1540.41,2024-07-15,US
98c23e6a-d6b4-4338-a6f4-888e3618313e,536,477,2,871.8,2024-05-31,EU
870f924e-f942-4330-94d6-b0473dbdb9b8,873,73,5,2255.85,2025-04-01,US
e209d047-8c20-4d25-a395-b7e4097e8f5a,543,215,8,1156.71,2024-12-31,APAC
54c3e9ff-87e6-487f-aba8-b5e34f855252,930,236,7,2458.01,2024-03-10,APAC
32247308-bc0d-4603-bf58-65c3274f7cee,421,282,,288.96,2024-07-15,EU
4195bbd4-a6fe-43f9-a783-80f9b4b8f955,824,142,5,1498.27,2025-04-28,EU
4ba5f937-8af1-4e35-8961-142bcd935823,855,232,3,20.94,2025-04-22,APAC
900a5876-50d1-4a2f-998f-9b6f2bdd4340,20,33,2,128.86,2024-04-11,APAC
a9e721dd-b814-4548-a539-abb3cc1bb4ed,328,23,8,1211.73,2024-07-11,APAC
1dac1cd0-3d08-4858-bca7-9cebf6b381cf,340,320,3,543.22,2025-06-11,APAC
fe6f41eb-5977-4dba-a502-ca2c31d56801,609,267,10,1900.52,2025-05-07,APAC
73827b4f-6864-4277-8a74-fcff88599388,41,95,4,910.96,2024-02-19,US
596eca80-f4ef-44a9-9dc1-00b8c5507364,369,29,2,136.74,2024-04-08,US
141f0e9c-5032-4650-a760-24675aa39b9c,820,368,1,171.46,2024-01-06,APAC
745a57b9-4066-4506-a4d0-7f7a8cf7c054,720,190,5,117.15,2024-07-16,US
8134f19d-9de6-4748-a9ff-d42b5c117d4c,330,76,3,1423.22,2024-10-16,EU
23864d7a-7d6c-46b2-a78d-3b0ddbfd5830,828,364,9,1583.43,2024-01-30,EU
5e923458-91f8-4737-ba10-2df8623c39a6,634,226,4,88.31,2024-06-22,US
75c0cfb0-a6ff-462e-affb-19ff36f2c9d5,186,80,8,2600.45,2024-05-04,EU
77a192c8-cc1f-48c4-bf32-07acb90266b1,305,49,4,155.37,2024-05-08,APAC
451b0dbf-694f-4b18-bf5b-18508e5919f9,297,353,10,3879.47,2024-08-03,US
810def16-9e0f-4cfc-bb19-f5956c578f59,562,49,3,106.58,2024-07-11,APAC
8f61eed5-f512-44ec-aab2-e6c58e3ef812,226,285,10,2808.33,2024-11-11,APAC
fc085b65-1948-4956-8cf8-a7effc9c2698,984,256,6,901.06,2024-11-12,APAC
f6edb9eb-2453-42d5-870e-b5bc181ec240,672,352,8,1957.39,2024-03-23,US
fad338ba-0f81-4a15-9906-31a8b2f38c39,1018,344,2,13.37,2024-06-03,EU
4769c272-6649-4ede-8c61-95461ba6b10d,965,340,6,68.7,2025-03-16,EU
6df387e9-1332-4abd-af5f-f4c0a35210fe,286,201,8,2572.71,2024-03-03,EU
273ea9e6-315c-408e-8a88-fd08670265e6,318,306,,323.17,2024-07-08,APAC
e5fc21d0-2f4c-4a31-b085-16dfeb24c102,792,255,3,649.31,2025-02-24,EU
3513aeb6-5cdd-480c-882c-a2a1058ac1d1,129,86,10,3661.68,2024-09-16,APAC
94924543-eb57-42c2-918e-e2c05a0aeee2,113,480,6,2478.26,2024-03-25,EU
aa24be83-433e-497b-8e51-4ae1ecc68415,805,484,9,739.25,2024-08-20,US
1f745d43-c0a8-4390-9517-2e46747d69e6,349,270,10,1039.89,2024-05-25,EU
45834512-2474-4d05-a5b6-26ffb36797d9,795,485,9,64.96,2024-03-27,APAC
6c9c3c10-64d6-4c1a-8c96-7d08da7dd5e2,385,42,1,38.87,2024-04-08,EU
c51b6a06-9d0b-4f7a-b338-18c8d773ecdc,261,252,9,79.02,2024-05-14,US
06c25087-a114-4aee-9b66-1fb8396ec616,621,239,6,1203.85,2024-10-01,APAC
003a1de7-1000-4c79-a1bc-c2a5cc76f1fa,124,290,1,171.36,2024-11-28,EU
a8917609-f368-4c3a-8132-1123fb4bfc07,181,108,1,73.73,2024-09-11,US
69aee52e-3c84-42ca-a069-d107e764ab4d,868,334,8,1350.16,2024-10-28,EU
5ce07467-7592-4018-b37f-bdae5dbea4cf,722,30,1,471.86,2024-01-30,APAC
65cd1a21-8cc3-476f-943f-ee0eaf7b7424,10,129,1,178.71,2025-06-04,EU
6d7f04d7-82d2-4c28-87bb-b6f63f7b26c5,642,451,7,2871.23,2025-02-16,APAC
7ee839d1-45c6-445c-b399-10ad71f8eced,952,438,5,2211.18,2025-01-07,US
af701ceb-4319-46e8-8888-8d6b9ab48385,68,483,6,2015.07,2024-05-23,APAC
35d5292f-7112-45dc-bdab-b97e4d824e8e,287,282,6,893.3,2025-07-01,APAC
972d336d-c253-42df-ab2c-a2dc1f5ac6ba,4,24,5,1586.46,2025-02-07,EU
083c7b74-054b-4ba9-aa68-2b65d806fb62,681,219,6,2047.99,2024-10-09,EU
dd3e9998-e869-4b54-9aae-205816f47155,281,22,5,1933.57,2024-07-12,EU
3acaa044-71ee-406e-931d-334fa73f42db,526,2,3,887.99,2024-08-06,EU
e184b7c3-4fd3-450d-afc5-b25b19aebd31,180,270,5,368.84,2024-04-16,EU
59f621fd-aab3-4a56-babf-4c031ec9e108,621,286,,75.34,2024-06-25,APAC
8842e9cc-6e29-4a7e-abf3-4a1e8d0246c1,247,226,7,3060.3,2024-11-23,EU
1ffbf44b-b8d2-4b97-9b2a-fd62b627a225,23,433,5,1805.71,2024-07-11,EU
837dd059-0dc4-46b5-98c5-99bdef0a95d5,811,478,4,819.71,2024-03-10,US
da732f13-5d65-4179-a102-fa65fbcfc73c,556,431,8,951.86,2024-06-29,EU
428d604d-be71-4d72-883d-bf02649e7dcc,692,326,3,95.43,2024-11-09,US
33470cc2-47c7-4a9e-90b6-b3f677c208cf,163,236,5,2489.44,2025-06-23,EU
a617398e-584d-4c64-b7ad-835e6b9c19c2,255,53,8,815.71,2024-05-28,APAC
9249d2e8-c557-4393-9f9b-b0df1af0ed00,447,261,3,1417.01,2024-03-17,US
9a695785-608e-4ace-b575-68aabef27b6b,504,464,3,429.38,2024-02-02,US
d1c1c1df-1f79-483e-abc5-8bc4f2677366,251,308,3,931.1,2024-02-17,APAC
e1c3b388-1aff-4ffe-8635-230001fdc5c5,101,266,8,687.95,2024-02-28,US
e8249eaf-248d-41b3-b3db-de631d0b67a0,407,469,2,73.86,2024-07-31,APAC
988c6a99-656f-4e0e-8d0f-b4324f8e79ae,793,372,5,1669.87,2025-04-23,APAC
3d52ac5b-7f9b-4310-88f9-66588ad2cc36,743,470,5,2260.45,2024-10-30,US
cc212279-6372-4bff-a53b-62c9a5f6d621,426,488,7,389.56,2024-04-15,EU
a7bcfc88-cfd8-4bef-9137-88c6a112ee11,284,206,8,1285.69,2024-08-09,EU
06746a3c-fe2a-4802-a7a9-d77121a57753,263,155,1,145.29,2024-01-13,APAC
eb3a180d-c82b-4c54-ad4b-f648bd6ae393,143,59,1,362.75,2024-11-06,US
bd1c923b-4159-4963-9c1a-5b34ca4c6ea8,969,228,8,1050.53,2024-10-03,APAC
4ce04e8e-9e06-4574-9523-11be49bb8ca9,381,402,2,194.68,2025-04-17,APAC
0d91049e-ab9d-48a8-901c-084597579f63,387,375,3,1401.14,2024-05-04,EU
914e20ce-5cfb-4a0d-a5bb-6791eaf5c00f,450,351,9,1047.66,2025-02-12,APAC
d9c68b8a-610e-455d-90be-0870cba5fed7,261,418,1,142.66,2024-07-04,US
d8b059ba-8188-471e-a10f-bc8609c322a9,907,361,9,386.74,2024-03-31,EU
f7efef79-c3da-454e-8958-3bf453faf9a5,230,49,6,1332.53,2024-11-25,US
19906f43-2b9c-4982-a3ef-83f39494b7a7,964,482,2,136.31,2024-03-22,APAC
51b2e591-8e9c-4b37-a950-6b45c2b86c22,975,194,1,129.94,2025-03-04,EU
dbfaf1a1-98c8-45db-8bf9-32f0cc1c16a1,894,338,10,589.65,2024-08-08,US
6f9d1af1-dd9e-41de-9562-448282d9c091,639,14,6,36.7,2025-04-01,US
b65c669e-c4c5-4c76-ad82-c7f129a9c350,746,9,4,807.71,2025-02-02,EU
abce07fa-52a0-4a84-912f-78cda4e18de4,897,158,5,2064.52,2024-10-12,US
99280cbd-cf50-47a9-882b-0aa3815c1b21,877,276,1,140.93,2025-05-17,US
2f2edbaa-1824-44ab-9c21-731f9bf441ed,955,420,6,1312.54,2025-05-15,US
26dc24dd-9dbb-46f5-9e9b-e89645c24d51,231,346,8,1693.98,2024-01-31,US
2d99bf88-1275-4f38-989b-fcf0e3b3e522,849,219,6,2840.46,2024-04-21,EU
5adc8223-49cd-4824-a6f6-23ad87e6f3f9,399,141,7,1375.26,2024-10-25,EU
e91c0f3d-513e-46d6-b8f7-2e97c6367041,920,329,5,1855.92,2025-05-25,EU
1bb6092c-64f7-48fb-b36a-b684873422bc,663,171,5,39.83,2024-08-11,US
e5ac0e09-886f-4ca0-b92e-552e41aaaace,232,201,5,2121.96,2024-10-14,US
c51f98cc-c699-4569-ac87-3b5fd6c1263e,915,333,6,2803.93,2024-12-02,EU
64658810-f6a0-4901-af28-a2071340421d,293,236,,408.74,2025-05-19,EU
757f584b-5c12-4386-9af2-65bc7770cf0e,968,273,5,1942.47,2025-05-30,US
fd3d3973-e6f8-4a59-be19-56d77dae6ab7,638,17,8,1590.56,2024-12-13,US
689da7ea-7be5-4344-9f23-d42494bb5dfc,300,421,9,1935.74,2024-09-10,APAC
b94c7905-e205-4449-b394-39534671ec9a,866,239,1,238.89,2024-04-02,US
91fe4eac-990e-478d-b6d4-750fbd488a7f,511,485,10,4187.55,2024-08-28,US
be01963c-f03b-4d7e-abdd-ef8c39654295,150,350,7,184.05,2024-05-06,APAC
c7e79177-4bd1-421b-92f1-5c0a8cfbf00c,586,152,10,3906.82,2025-06-29,US
76bba79a-1cb7-4d0a-a7af-7f91810376e1,54,459,3,498.57,2024-10-25,US
2af833e7-a2d9-4db7-80db-dd71d16f6c53,184,306,,491.26,2024-09-28,APAC
2086892a-503a-47c4-8685-1ddec877bc54,38,175,9,1781.07,2024-08-28,EU
5a2be37c-728c-48c0-b295-ba5b9472ed03,28,88,6,2111.06,2024-12-10,APAC
37e06c98-aae4-49ed-b200-b05abfb808d0,282,182,1,322.57,2025-05-31,US
91ae3ede-c2fa-4c83-8113-11fb2b61861c,5,11,1,353.57,2025-04-24,APAC
fee949c8-a23b-451f-980e-c23a57a853c5,769,317,5,1991.46,2024-09-11,EU
b5bcf58a-4667-49d1-9c00-b842eabe22c0,302,20,4,621.61,2024-08-24,EU
1feb2294-9c88-442f-8893-54d3014ec701,122,49,1,111.52,2024-04-01,US
fc3c0ec4-290f-47de-9e57-82575857221c,425,328,6,2485.82,2024-10-24,APAC
13c1dcea-df07-4891-bbab-e8344dc801d4,558,161,4,1131.37,2024-06-27,APAC
6d288303-b0fe-441f-afbc-9567b9da47ca,596,393,2,509.6,2025-04-24,APAC
43db34eb-18f5-45cf-9145-c304bc7e9b96,332,75,7,2174.99,2024-03-29,EU
2545a5cc-22d6-486b-b7dc-8406d0f3efbf,47,406,9,3979.9,2024-12-22,US
ed3591a7-2533-4fb6-bd3b-abc5a7dc1f48,515,133,10,2565.99,2024-09-28,EU
993db342-6bd1-4037-acd7-5af00965ef16,768,23,8,3040.0,2024-06-19,APAC
e119f1e1-5358-44d3-b1ca-a73c56127abe,200,465,4,280.14,2024-05-06,US
f1bf9a05-b2d6-47da-b912-c1f85a861357,882,449,2,911.66,2024-03-04,EU
2169d574-c9c2-4faf-8263-50b00255f489,606,323,9,2767.57,2024-01-06,US
352b3b22-298a-49dd-b59f-08698611bbdb,465,123,4,743.49,2025-04-21,EU
147416d3-5689-48cf-a31b-847af27d7d7e,851,119,5,1462.12,2024-07-15,US
b127b130-6496-465f-aba8-dcb66f6a40e7,845,296,10,1850.84,2024-02-12,APAC
8d4562f9-bb64-41bb-a32f-f3053ef03be8,361,344,1,379.19,2024-05-30,APAC
d1b95fbc-4d3d-451c-a5d8-b639724adef7,969,453,1,185.33,2025-06-14,EU
3ef02593-08d2-4bb6-a138-4ca614cbcb5b,272,18,2,535.09,2024-08-21,APAC
6cb0cb3c-d74c-444b-b2de-0cec46470b29,187,32,7,2520.09,2024-07-16,US
af9ffcb6-420c-438e-83b5-60b549c28a29,860,334,7,3249.01,2024-06-26,APAC
b1296535-e97a-461d-abde-1e2a24949c51,500,232,2,476.79,2024-09-29,APAC
0c50d24c-49cd-4bba-9396-fd4768160c17,723,466,2,847.85,2025-01-19,EU
77a4085b-47f2-403c-b6b5-dbee9538a1ef,36,235,7,2513.76,2024-03-18,US
a07daaef-a446-4788-9e61-6193b8b92100,174,446,5,2415.64,2025-01-09,APAC
df33a385-534e-42d0-8ac9-8fe63c9b88ad,559,223,1,352.91,2024-08-06,US
f29beb0b-0058-462b-b6c3-a15a3f9195f7,365,235,1,483.49,2024-07-21,APAC
7e42cbb3-0427-4212-b0a1-b7135cb7b809,292,361,7,874.01,2024-06-28,APAC
b5c508c2-e059-41f0-b74b-895dd841db68,906,162,8,340.37,2025-02-02,APAC
fd35ddbb-b1a3-460b-b00c-8cd5da71ba5a,765,143,10,1125.09,2024-01-26,APAC
2d4cd01c-1eb6-4dcd-8d02-27a875586127,343,358,5,2114.05,2025-01-27,APAC
df3e3932-585b-4e8c-87be-24b31ba791ec,277,109,3,997.0,2025-04-27,APAC
b5979bb8-9666-4320-9a00-3d527843a8a9,147,354,5,404.42,2024-02-09,US
e80b5d49-b197-45fc-91ce-be63ca9d8ff2,552,304,9,2168.85,2024-07-04,EU
f8df59a0-09fb-494a-b538-454124e61fc8,509,305,2,459.6,2024-05-03,EU
4742f243-8b82-4d7f-b0e6-fcd837dea26d,70,16,3,1215.65,2024-01-25,APAC
d61c93c8-6935-4505-ac86-88b5d6f55a48,583,176,6,193.05,2024-08-28,APAC
72ee5587-8a7c-48d2-b539-30967fa42e10,269,313,4,822.76,2025-05-03,EU
9b6b4808-7a22-4f61-aa77-573b0a510cb4,755,296,3,1347.85,2025-01-14,APAC
260b8f22-9339-4172-a1bd-3d7e5ba7321c,142,209,7,1915.03,2025-05-16,US
f80bd486-e4ee-4eae-9173-bf3727a08b35,520,353,5,2441.14,2024-09-22,US
8f79741d-2c8d-466c-b5c9-84bca7b52006,803,486,7,1260.07,2024-03-12,APAC
31ab1c8f-eb41-4695-83a2-71a80b37fe27,222,131,1,314.93,2024-07-01,APAC
07c08b1f-1fe2-4005-a779-354ca731ffb3,891,64,6,1427.46,2025-03-18,EU
4a2acb22-0fa1-4fe7-a739-aa95219abaf9,913,368,9,2787.82,2024-11-01,US
34003669-7242-429d-b0b1-b3580f97a6c4,614,307,5,608.09,2025-03-30,EU
50f08a64-b5ba-4690-9c07-8d8b2f42a41c,214,475,10,535.27,2024-12-22,APAC
9c32550b-6ce3-4d86-bec6-c378c8435b3c,871,459,9,879.55,2024-12-29,US
89416a79-7663-4dd5-bbdf-88b988c9246b,42,31,3,1143.89,2024-11-15,APAC
bb222c25-a552-469f-915f-c0d27fe8fc03,934,337,3,1024.5,2024-08-15,US
d1db8e36-c810-41d8-9b6a-71a3b31bf98f,48,497,1,182.12,2024-11-21,APAC
027662b6-d361-4bc0-882e-fc7f46da676c,648,236,10,1468.08,2025-06-28,US
0601ad5a-5e79-497d-b5d6-6e3442620ac8,132,433,7,3170.54,2024-03-02,US
13278290-281f-46f1-abc2-a4805e0233c1,978,164,2,833.7,2024-05-13,APAC
6b2fb523-868c-4a17-b29d-93ce863fb326,557,60,3,406.14,2025-03-17,US
27e04ea7-dcfe-48f7-9174-1398ae2bed61,950,264,1,383.63,2024-07-02,US
6177090b-c096-4a44-a982-7fc841abd52a,45,186,10,3853.67,2024-02-14,EU
387f509d-e366-450d-8360-10ebe1cd0b19,734,339,5,2025.76,2024-07-22,US
d75106ce-1edc-415f-9bf8-4d58a7ee000a,751,282,4,1249.45,2024-12-08,APAC
6ea98d0b-f5cf-4d18-b7c6-01164275a3bb,930,337,6,1917.08,2025-06-28,APAC
7a3b0e88-0afd-4a1d-9880-3b0ebc9c8f5f,870,111,3,1113.6,2024-01-31,APAC
3e2a3602-279d-4f12-8247-42a387d91d8f,135,447,9,1430.05,2024-03-24,EU
4ad0ec03-be5e-44a3-a7c8-fd134a835fcc,332,143,3,123.56,2024-07-01,EU
48ed8407-052a-4b9e-ae1e-807529a31c83,784,306,4,1580.85,2024-06-03,US
327bf566-019a-4d38-9d7d-fce0cc68508a,198,40,2,910.03,2024-12-31,US
a6510b16-ffdc-45d1-9001-765b49ed2b39,415,36,4,1892.42,2025-04-28,APAC
2f5c25d1-dde3-4f56-abb7-e8ce133b9867,663,430,10,794.06,2024-12-15,US
5c97f7ef-06d8-4073-a6ae-0b01d6aa46d9,616,237,9,2705.14,2025-05-09,EU
05421a5a-8468-47fe-a51c-ee2725e944f9,256,426,8,1902.24,2025-03-20,APAC
dfe3bc7b-3e5d-4499-8a4a-a6e53827adf8,107,390,7,2193.15,2024-11-07,US
a06e8048-b584-4a29-a222-2b19c4726e4f,803,113,4,982.76,2025-04-15,EU
dad76e3a-3d6a-482c-8f07-4f3820d8038e,315,165,4,396.74,2024-11-28,EU
a381642b-a829-4edc-9fe0-cce466be20f6,232,37,7,216.38,2024-10-07,APAC
b2736ca5-1253-4de5-981c-e2ddfa668a29,788,309,1,338.98,2025-01-22,EU
54ff7013-09f4-4cc1-b455-af43f704166a,81,444,8,3102.31,2024-09-09,EU
f708da8a-c43b-45c4-ada6-578e42ace0c0,856,479,3,809.3,2024-03-17,US
4c440007-a4db-460f-a454-6741203d619c,248,61,8,3339.07,2025-07-02,APAC
bdadaff7-c581-4312-9f63-9f09d4a31105,319,39,,318.77,2024-05-21,US
e42fdf27-351b-4d10-94a1-072330f4f6eb,912,100,3,1321.74,2025-04-02,EU
d3cf0d09-bf34-4464-af06-1b7395f1eb5b,818,282,1,94.08,2025-03-19,APAC
c7488852-7811-4b8c-be99-ccbbfe4e093e,897,466,9,2831.54,2025-02-13,APAC
670c055b-c700-4b82-8adc-1eb50a3a749b,508,124,5,1838.15,2024-09-27,APAC
8feb3b08-fdab-4976-9d35-72187ae4f51f,786,177,2,624.23,2025-05-29,US
64fd8860-f8ff-4aed-90e5-95129f8f1326,281,372,,26.2,2024-09-22,APAC
d5ff09ae-1638-4cda-9b36-0eec951f7d97,320,389,8,476.37,2024-11-01,APAC
1bd006cd-a6eb-48dc-9581-84346d629a53,968,276,5,955.24,2024-06-06,APAC
120fe856-2bec-4ef6-aa5f-a2d597702a5d,927,79,7,747.99,2024-07-09,US
7cc8ad95-c7a8-4ab0-bcf8-dae9b62fe1f1,735,448,9,1195.35,2024-06-12,EU
1bb75b93-3fde-4168-a8c3-4d4538c2efa7,639,344,1,418.31,2025-05-14,APAC
3ab0e92c-5272-4011-9a95-11b79f125e22,352,250,1,282.66,2024-07-11,APAC
dc2525f4-e0bc-47d8-90ef-5cc51bb3c431,143,309,1,176.27,2024-08-09,APAC
3e436be8-b2b7-4710-8ac3-cb137a0a820a,963,150,1,493.47,2024-09-09,APAC
d2550987-0465-4410-afa3-a82a2b3d9545,952,492,,116.01,2025-06-18,APAC
5eb49255-26da-4887-b802-be2d8f5c8619,104,319,3,549.22,2025-02-17,EU
ca9fe9cd-0dd5-4141-ac4a-3bab24c935b3,344,344,6,2049.52,2024-05-18,EU
11188988-1dea-4b6e-9936-24103ceb7eb9,631,446,9,2918.31,2024-01-06,US
e747a2d4-cdd0-42d0-bfb8-189e8e0057d2,903,91,7,3140.72,2025-04-18,EU
f95a2296-2559-4c94-89c6-bfb2308c6c32,726,481,9,2784.42,2024-07-19,EU
ad27f8bf-2d0b-4110-8ffa-f69cc4036bcd,656,330,8,2504.41,2025-03-10,US
4d905bab-b52c-428d-a01e-7bf0dba9f0c7,187,500,5,1410.44,2024-09-02,APAC
57d0463f-76ca-4d33-aab4-860917ef71ac,660,176,3,1089.26,2024-05-21,US
778d726d-aa85-4302-bee6-f1bc0691bca0,187,465,6,452.64,2024-02-11,EU
477021fb-915c-4d89-9c3c-1aebf7e0cf2b,891,345,9,725.16,2024-07-13,US
cd6b8245-7a64-447d-9875-41a15f41830d,719,111,7,3104.15,2024-05-31,APAC
28249c69-2d42-4cdb-83cd-7b2b9c8cc32b,833,315,7,570.74,2025-04-28,US
8852b144-25af-47bc-9982-e0432f50356d,671,152,4,1650.51,2024-11-11,APAC
382a99b5-8c1e-4f02-8087-8bc722f99b60,525,47,7,2823.99,2025-01-04,EU
d4d380f4-c4b0-4514-9913-7a3282287873,232,45,7,3420.16,2024-12-28,APAC
30e00df8-dbab-41d7-ad00-e29263b1c2a3,881,180,4,491.11,2024-11-09,EU
caf9562a-84f4-4bcb-85d5-6649aae824f6,433,89,9,963.7,2025-04-30,APAC
0c353c46-434d-455d-88f1-d706355f2bd6,321,354,6,1530.3,2024-07-07,EU
b3ed8b1b-d829-4690-a023-dfb91e1299ab,210,498,10,2304.21,2024-07-13,EU
3d002b47-cdae-4e8b-9566-70b24afaa530,929,330,1,205.4,2024-04-06,US
38da9e0d-8bcc-4226-8148-2334d8b132ed,663,479,2,534.0,2024-02-25,US
40cd9be8-570d-41de-8958-06f6155ef59a,518,320,3,1060.98,2024-07-30,US
75e911ef-eaed-4819-ac69-5f7dfff740a1,292,77,10,2877.35,2024-08-20,APAC
90bcaafc-e487-4d5b-a1d6-b16fb1ac5cdf,449,64,3,1173.8,2024-07-24,EU
d1ba17c3-33c5-46d1-868d-10b9c6dc9d4e,326,318,7,2523.9,2025-02-24,US
0b849a76-9b74-4b0a-b52e-d86d217a88fa,446,81,2,868.78,2024-11-08,EU
ba3f04ec-5d93-445b-a294-84bbe7ac3789,374,252,8,672.46,2024-09-11,EU
b3950a88-46c2-4ff5-ad44-42bf52a8a4b8,506,178,2,167.17,2024-06-10,US
0bc85b3d-810e-4cdf-b219-242b4c97178e,897,185,5,1238.77,2025-05-06,EU
0d54b868-33af-4b69-b2f3-57c2642929a8,533,489,4,1315.78,2024-06-20,EU
65bd963a-6b74-4193-bb96-76036decf553,423,436,4,132.61,2024-02-07,APAC
f1c32916-6f89-4f30-81eb-ce478b7a8bba,691,414,1,111.25,2024-06-19,EU
99a507fb-2ed2-4a3f-85e4-6339f104c880,96,109,3,1200.99,2024-10-28,APAC
4d125158-41f4-40e5-9661-34bc7882421f,336,57,1,383.65,2025-04-10,APAC
6ae08e7d-77e7-4251-917d-fbbfef10b302,812,368,10,3106.54,2024-04-14,APAC
e38cd32f-5c79-4f03-b33d-4cfa5a8dfbda,851,184,8,3263.33,2025-06-25,EU
f17d6d32-19e7-47c6-8b8a-efea05821e90,52,374,8,1250.06,2024-02-14,APAC
c0de2636-ee75-44d2-9424-36a208f9a78f,518,21,1,393.01,2025-02-20,US
4be68e92-67b5-4083-96cb-0aebd28e42e7,39,38,10,2620.2,2024-07-03,US
0b3de8a9-e68b-47ec-b71b-f9eea2cccaa6,956,88,2,590.36,2025-06-13,US
9a724c32-8f39-4745-8754-ce3b0cb67791,58,119,6,1537.76,2024-09-03,EU
d0fb6251-4fff-41fb-9729-fd7a8a2b2f4a,880,62,5,1533.8,2025-04-29,EU
f62a7fc4-2e36-4a6a-9003-740dec2b8e9e,879,88,10,2193.75,2024-12-15,EU
6c1a8501-7df8-453f-ba9d-79b04b2caa74,924,380,6,731.47,2024-08-05,US
e5734058-b604-4da7-a506-dbf11d2f5119,545,76,4,467.25,2024-12-30,EU
16e82e8b-8699-402e-b085-f5d4b85da2e7,78,228,4,1164.57,2024-01-28,APAC
b0659bd7-437e-4f42-8146-3a77488f9ce7,407,210,1,115.81,2024-07-23,EU
469286a5-2c8a-4a7b-9569-e2cdc9da8e88,198,410,6,309.57,2024-02-17,EU
720bfac9-61de-42b4-a64a-3b4972c06eec,767,188,9,3274.12,2025-04-24,APAC
77e7fec6-fa05-413e-adaf-e907be11235b,961,404,9,2201.03,2024-05-20,US
ad91a8c8-9939-48b4-9995-63c70ff47bdf,57,500,6,1531.42,2025-02-10,EU
49860219-dcef-4312-9af1-8ad8d549370a,805,395,4,92.92,2024-03-20,US
bd79c9f2-18ed-46f1-8389-82ada27905bb,578,5,6,287.14,2025-04-28,APAC
867db511-9cc3-4c97-8420-d9cbf20fbe02,256,298,10,4367.7,2024-12-19,EU
e2fe7991-3057-4f42-8262-8b2b87364998,906,19,10,3582.2,2024-11-13,EU
b639547c-bb50-4e8c-affb-77bb626745aa,589,252,4,318.04,2025-01-07,APAC
c7351288-46cb-45d2-92df-fd8d3168d91b,986,114,,368.27,2024-09-24,APAC
11542a35-61fb-43f2-a318-c4120dee0c91,955,237,8,834.31,2024-11-15,US
e5a5ea2d-1a5f-4085-bbf3-f8faa3699891,616,118,1,301.14,2025-03-09,APAC
d8e3d0c3-793c-4d4b-b7f7-529ae9d73147,295,213,2,362.82,2024-02-11,US
714ccb49-33c1-4e1c-a073-ce5f19f9fae7,494,244,10,222.43,2024-05-18,US
333172b5-6493-4f79-8c4e-90519751c2f1,916,459,7,82.37,2024-07-11,EU
8f609a9b-7b94-4b16-9081-0467898d88ee,969,261,2,996.79,2024-09-29,APAC
1419e95d-12cc-4018-8cda-8bee167cda28,612,364,1,368.46,2025-04-13,US
53a0b133-c20e-47fb-9204-153ee1094faa,903,241,5,365.12,2024-11-18,EU
0fbe701c-0cf0-4270-82b8-1963199e2894,877,394,1,396.43,2024-08-15,US
1b62c560-9f95-4af6-9b6a-a7bc9e3080aa,176,34,2,570.99,2024-10-31,EU
9d9c7f5b-2efc-49a4-9c29-4cc52a818550,44,76,2,23.73,2025-04-23,APAC
5af012b9-33cf-4dcf-8311-a92be48b0639,572,226,6,1827.78,2024-02-18,US
19698ec0-59cc-41e8-b61e-aea1f3486a08,668,125,5,960.12,2024-05-23,US
f7430b7d-7663-4970-9013-1bb04892b6e2,289,111,4,1040.15,2025-05-12,APAC
117bbf6c-d9e3-4b4e-ac55-c98793a83ed1,64,432,3,122.51,2024-04-23,APAC
bcc75c78-4252-46f8-8ad5-18f121b89152,47,39,4,92.82,2025-03-25,APAC
916c7d2e-840b-4959-84d0-56d27dcad5b3,675,25,7,1739.01,2024-01-04,US
876d19d0-3afb-4204-8042-b569de692c98,194,453,2,496.92,2024-02-17,EU
093e82ef-9a4f-45a7-bd8b-5e4e142fbbc3,213,453,8,71.5,2025-04-03,US
fe12c3e9-4526-4ef8-b1db-0a33b54f1675,952,257,5,1931.52,2024-10-22,EU
5df70b30-275f-42f7-9deb-efa3edfa4628,355,61,3,1206.96,2025-03-03,US
3d911943-1cb9-4577-8d5d-90a0356760b1,601,166,5,31.85,2025-06-29,US
589b44b8-ff11-4435-a151-ee77cfda48e0,441,263,10,3172.32,2024-02-02,APAC
8e220f37-c57b-4378-8092-23b203dd41b3,479,340,8,2678.59,2024-02-23,APAC
ef6ce638-8b72-4a91-bdfc-41644ecad6e3,3,127,5,137.13,2025-03-08,US
90ae1fac-9e3c-4ce8-aac1-f36cf83a4cb0,780,211,4,600.4,2024-11-01,US
55981a96-3d0c-42da-ab5f-160ee5d8208c,880,368,5,1903.84,2024-03-30,US
eddb3c43-61cf-4080-94ea-5419934f86af,723,5,4,1257.07,2025-06-07,APAC
4bfa9fbe-b65f-4855-be5c-68b19b468793,135,386,10,3192.49,2024-01-19,US
92c7bae5-0d4f-4430-bc1a-5800b1dd89c5,68,458,10,2803.35,2025-06-17,US
a3c97532-2976-4ea8-a774-934f93f72c94,961,269,5,672.09,2024-09-10,US
2de10dca-eb48-42d7-be78-04e41b331188,463,269,10,3427.42,2024-02-29,APAC
babbb8b1-d2a9-4104-951d-8a8e80a04ab3,239,326,1,228.87,2024-03-31,US
8e22492e-d57b-482b-80b1-3d12db014e9e,1,45,3,583.26,2025-03-14,EU
0009b912-5008-4877-b3e0-a3bd498a2c88,702,180,8,1702.05,2025-03-23,APAC
84839094-57b9-47b7-824c-330edd4676c0,617,486,10,1869.81,2024-04-06,US
94ebf2ff-e3f2-43d4-80e2-31e4e6327b83,427,33,5,1575.3,2024-11-19,US
248f13ef-fd85-48b4-9f11-4c3cfb5c7f1c,118,334,6,2858.25,2024-05-15,US
03119579-c19f-4a24-aa4f-6debb8568f96,617,158,8,1800.28,2024-05-18,EU
224ffa3b-aa05-44b9-af8b-0775fb602c9a,300,422,9,3993.33,2024-01-07,EU
474e32d3-e403-4f87-91dc-0ae10bc5a455,248,342,8,1674.29,2024-10-14,EU
792c3419-f423-40ff-97de-22637328aaba,499,369,5,1933.36,2024-10-11,EU
9979de54-a037-4a8e-bbfe-182fb2144bcd,393,502,8,2473.21,2024-12-25,APAC
7082e3a3-e102-4bf0-8314-3572837de75c,163,190,1,88.7,2024-10-31,APAC
0d6a0b88-1e35-4a41-9dc7-bbb7ee0bc234,573,332,1,135.12,2025-01-08,US
b2d5534f-b428-4006-997f-3cbc086ae509,555,308,3,816.95,2024-02-17,EU
6abda4ca-da9b-486c-88f2-63813b10acd1,486,141,2,254.63,2024-12-07,US
89c24370-d265-4313-b75b-f76319acdb7a,890,168,3,1430.63,2024-04-29,APAC
8e10c5ef-0e8c-4615-9560-52734d25d5f0,643,24,4,1808.16,2025-04-23,APAC
766a17f0-78b6-417c-a6a4-06e5f758ddab,485,236,5,504.75,2025-05-25,APAC
f47c6ce6-4f26-49f2-b787-db5ce10c5f3d,51,318,6,617.28,2025-07-01,US
ecf2eeaf-3812-4493-be2f-765b7953b798,363,223,3,681.52,2025-06-12,APAC
a51daafd-cded-4ddc-8b9e-34896d6f6659,768,143,3,100.74,2024-10-03,US
5ab6b0d9-eeb0-470f-91c4-d18f19c61048,306,165,8,1348.12,2024-02-11,APAC
c43877ba-6230-433e-a260-fb632969f315,351,66,8,3558.43,2024-11-15,APAC
c8d8149b-682f-4b35-ac8b-cfaa18755227,984,247,5,529.75,2025-05-05,US
d5ce773d-b282-44c4-8e7b-b4bfd6f6b79b,550,102,8,473.85,2025-03-10,US
7aa16c7c-f8d4-4314-bc6e-82f60cccc704,865,147,8,836.75,2024-07-31,APAC
8ab016f8-eff7-46c0-906e-5bba7028e011,538,116,3,928.99,2024-06-18,APAC
ab0a8b45-4797-48b2-a6c3-c5c0a7aabc5b,888,489,2,373.56,2025-05-17,APAC
6e9fcc18-a90f-4450-b8d7-4c4273dbf637,736,462,4,366.04,2025-04-09,US
7935f96f-8b69-4f21-85ed-7b0a60c389a9,833,93,5,1857.87,2025-03-17,US
f44de7aa-deb6-45e5-9df8-a3852509127f,384,104,5,1353.26,2024-07-28,EU
190e4a7e-0af9-4328-afd2-7b7b49b95a70,52,226,8,1913.58,2025-02-24,US
56094981-f503-4ae8-be21-68abacb96615,319,383,5,370.71,2025-05-16,EU
939c2c6a-5ae4-46cc-b3e9-a89fbd77a0a6,692,484,9,2243.38,2024-11-22,APAC
972e4113-3aa6-431d-a7be-8bdee9e63c0f,324,349,2,926.04,2024-03-23,EU
da9f3bdb-b7e7-45ae-971c-3ce9f4ab5a3f,438,195,9,1701.81,2024-06-01,APAC
14465d9c-ac4c-4b13-b06a-3ccbd3672f37,515,435,4,751.04,2024-10-22,APAC
ce1248bb-931b-4485-a310-7b4fe404f81a,895,474,10,3630.7,2024-04-01,APAC
e385fd9d-e904-4cf1-aea6-cb1671ceebf9,894,490,3,1058.01,2024-04-21,EU
4f3fc490-d06a-4983-9796-293352007c85,975,209,10,4658.72,2025-06-16,EU
40967c61-75bb-4b43-b1a3-e7464837576a,411,65,1,265.57,2024-04-14,APAC
40644b66-8803-4f0e-a0bd-945b8c7fd910,164,464,5,2138.69,2024-10-17,US
13b4af68-c633-4725-b024-5279fad04ca3,208,104,6,2373.88,2024-10-08,US
eb331a4a-4575-424a-8c96-0b782d22be1b,588,297,9,3677.29,2024-07-22,APAC
c0e51c6f-5e25-4b49-b455-56c66a850c34,93,171,10,4241.62,2025-02-18,US
8ee7b006-b7f0-4be3-a1e2-a1b580fbfacc,716,10,3,742.48,2024-04-25,APAC
05f3b81c-78fe-44cc-8995-8cfa046d2286,759,141,2,214.05,2024-10-29,EU
79aed667-c794-4b30-9b95-24c7362f9285,98,169,9,3978.18,2024-07-11,APAC
0d1e345c-b0ed-470b-a9b5-146660f3d921,828,170,9,2903.27,2025-03-26,US
10292735-d860-4bc5-9694-efa7fefed843,660,5,,340.74,2024-10-16,US
c8a9469d-73f3-4102-8fe8-de4151b3ca71,117,244,5,160.92,2025-03-12,APAC
26177a70-f740-40ca-af70-d6a667891bee,821,58,8,3645.51,2025-07-04,US
f3b4ef41-0ab4-4f70-a564-05746a6a2663,131,113,10,190.84,2024-03-28,EU
be34c931-3bbb-4e0b-9c17-a0a841eda06a,832,9,,9.5,2025-03-09,EU
6aa13bbc-8346-4f30-9f81-c0b1ba8547d6,386,240,4,101.11,2024-07-01,US
2ca04faa-e29d-4ea6-a4a8-e3f59685d877,359,61,,129.21,2024-11-14,US
5dde4d98-f521-4611-99ce-2d011854e06d,433,305,6,38.8,2025-02-26,US
e566b4d4-bf0b-4a7d-9af0-a41aed893844,66,421,6,1765.14,2024-09-13,APAC
87fffbaf-af19-404f-94ed-cbd4d94ce0a6,188,336,9,2255.26,2025-03-01,APAC
7a440447-9813-40b2-9473-f5315b69b0b0,560,459,8,2156.96,2024-01-01,EU
a73881a6-078b-4e90-99e3-aa5271e4efa7,187,188,9,552.56,2025-07-04,US
5e3e6945-7ebd-4a42-87e6-0a2d9bc5ca37,911,193,1,381.3,2024-12-04,APAC
0791502b-f582-4d26-8515-663947a0ea89,799,274,3,209.39,2024-04-27,APAC
15204567-4fae-4fa4-a167-af00e3a747b3,351,407,8,3076.6,2025-01-03,APAC
8f65be80-325f-4b2c-b738-0b47e892f00f,274,215,9,994.25,2024-07-25,EU
54ae53c1-3c12-4d3d-b865-259b1fe3cf64,448,333,8,3063.61,2024-07-11,APAC
79ca2e2b-c720-4dd8-8c30-ee59e5cec69d,239,82,10,1300.48,2025-04-09,EU
722f0a6d-a07d-4383-b9c3-1f8c3e10e67a,14,480,1,355.18,2024-04-06,US
a5de8b17-d585-49a0-84f7-a73776cb8cd5,662,372,2,524.89,2024-06-02,APAC
2a6fa4e3-47c0-4e06-819b-abf74617c7ce,823,100,10,1120.16,2025-04-05,APAC
17ac4d7f-1546-4b91-9bf7-c9099af463ce,925,62,10,4174.77,2025-05-13,APAC
6f309666-be7d-4128-b5f4-79fc130ed194,546,478,7,42.37,2024-03-30,APAC
fc0dcb96-d259-47bb-a756-bb52e0663062,597,86,2,916.9,2024-07-03,US
1f4de158-b48b-4092-9fc5-e19e9331cc0e,816,314,6,2491.8,2025-01-18,EU
13393e4a-1a21-4eb6-8aa1-42ce01de4056,530,464,8,3844.98,2024-12-15,EU
15d3a8b6-1792-41fe-aa59-4f22a5a01b39,349,434,10,2881.11,2024-02-23,US
47c61440-cd3c-4f0c-a732-ce7037328420,91,127,1,137.12,2024-04-26,US
68e8b549-2c2f-4fd3-bbfe-9958cd7a3731,490,121,9,2011.22,2024-01-15,APAC
9576a6df-65ab-4e03-bc2b-dd4d1e04e914,800,146,8,964.98,2024-10-06,US
01ea1ef8-5f43-43ec-b5b7-080afae7deab,257,194,9,4277.28,2024-03-23,US
980c37ea-dd22-48c1-bcd7-357971977924,576,227,3,567.59,2024-09-09,EU
055193ff-85ab-4374-86df-1f5fc2c66c6b,229,359,9,3946.77,2024-10-16,EU
39c5c687-6c34-436f-a05f-7dcd3af34e58,919,50,7,3150.53,2024-12-21,APAC
472dddcd-0a65-4aa0-a590-0237c4b33db9,928,310,4,1673.04,2024-10-27,APAC
4ca237b8-b240-4a94-abd6-3c18d2f507b6,172,148,4,795.64,2025-06-26,US
85e56009-fe4e-4e1c-ab7b-f17c97166735,198,26,3,211.01,2024-03-12,APAC
a65061b6-973d-4da1-9860-4ad75e523889,612,162,9,2734.69,2024-10-30,APAC
c1947057-accb-4030-b266-b2e90074d31b,120,455,8,3911.33,2024-12-26,EU
0607d04d-4884-498c-8506-ede841ff8a36,570,25,3,597.28,2025-01-04,US
970367f4-ec21-4f51-a760-bd84eaf1aa34,136,461,5,464.16,2024-07-01,APAC
56393bf0-2af3-43ee-a0e4-900abd53782b,891,167,9,305.11,2024-01-20,US
e43dca52-191d-4dba-8b59-b32739238a1f,627,67,2,121.34,2025-05-31,APAC
1022ff04-3f73-4fcd-8b67-dd722684a413,823,236,4,99.58,2025-01-19,EU
797cad08-80b4-497e-bb2a-9310b474fa91,786,393,9,1768.16,2024-03-01,APAC
005d292f-1c7e-4940-b4b0-ec0c08a20273,121,193,3,560.72,2024-12-22,US
ced88693-e2ef-44f3-adf9-0edb874dc1aa,307,151,8,863.79,2024-04-25,APAC
7c5cb7ea-0e11-4c8d-adfb-381e32811092,594,300,3,73.25,2025-04-24,APAC
61b5fa36-4a26-4504-8039-880817b26e74,17,448,6,2682.02,2025-02-14,US
2ca7893d-54d2-4a63-82da-168ed7797925,646,9,10,2170.18,2024-02-07,US
4e5fafb7-501d-4120-a41d-10ecb3cf96db,418,279,7,3188.97,2025-05-21,APAC
81609718-5c5c-4037-b9b5-c6a9b4cb86a7,830,33,1,271.83,2024-11-19,US
aff431da-5d37-4d08-a136-ad38a32040bf,172,417,8,2933.25,2024-09-06,APAC
d3bf8f9c-2c38-4be1-8117-eec1f4a03684,513,459,2,468.31,2025-01-18,APAC
74e0656b-2984-4835-a858-0056ef1722af,110,436,9,390.07,2024-01-02,APAC
89fb498f-f835-4487-9dfd-3a283807c3ea,427,303,4,504.07,2025-02-18,EU
d1827d61-960c-4c37-91e2-7cd1ba85ae13,947,145,4,1538.51,2024-06-24,APAC
b637bef2-300d-41d1-8597-450f52eed2fe,955,378,6,1352.5,2024-04-13,APAC
16c0a682-d329-4aaa-90ac-f26b5d3c213c,299,145,9,2757.9,2024-10-14,EU
f1fe4861-0f22-449f-b45e-a34ccda0a707,785,212,10,3195.05,2024-01-14,APAC
a3d90e1e-6909-45b6-b8d1-ae96fa021f32,877,489,5,2381.72,2024-12-03,EU
313be5d7-f947-4b2a-91ae-5afcc01c42a0,413,166,3,555.79,2024-12-29,EU
0b7fae23-64ee-4b76-8aa5-88cdc263ad7b,791,3,2,44.99,2024-03-27,US
04e5bc4d-64e3-4541-8da0-cac4e9e9c2c7,347,28,5,2118.67,2025-01-27,APAC
8a1d5bcd-9286-4ca5-9101-197d1a78bee4,11,211,2,315.51,2025-02-10,EU
66eac77b-4d19-49ac-b0bf-13051e18b5f3,656,294,1,63.77,2025-03-25,US
6104ee77-ae6e-4db2-9eb5-d034e0f246aa,246,172,2,872.79,2025-04-06,EU
01c43a9a-c23b-44ed-88f0-da787a2fa3ca,990,500,9,475.79,2025-06-30,APAC
269b9bbc-c953-4155-afe4-4e780e3dc092,867,498,5,546.8,2025-02-16,APAC
5a913235-833c-429e-8f6e-5ce0c2d52255,688,94,10,328.1,2025-04-03,US
395b28d9-56a8-44bc-88cf-f2ea22a0016a,955,114,5,1592.43,2024-09-22,APAC
62bd799b-ef83-4710-8af3-b1f9e0adc42a,339,173,3,290.32,2024-09-29,EU
2b3ca692-5fdd-4082-b37a-096ada1a5dde,942,439,7,547.89,2024-06-07,APAC
a184a576-de1a-4795-adaa-2fbe22c90d89,749,206,4,1572.49,2024-06-26,APAC
82878186-301c-4697-abfa-1ab66b2d5c06,235,376,4,549.42,2024-05-02,US
9b47ed1a-81d4-4e7a-a4b7-a3610105e3fa,771,171,10,3833.34,2024-10-11,APAC
46811889-56c4-4d77-8b6a-39d01787b2c2,398,338,8,3961.11,2024-01-23,US
90b80d8a-9c53-4bc8-b2f8-c1317b76ca36,355,330,6,1213.1,2024-07-25,APAC
6d375273-d06f-4746-8d7a-5c3f65eef61a,996,344,4,1556.74,2024-02-02,APAC
e6179bc2-f451-4eb2-a20c-bc82d2f132f4,875,247,10,3801.95,2025-05-04,US
ff808c08-c414-49b1-8c81-07323b143f3c,917,361,4,1164.23,2025-01-20,APAC
a314241f-c086-446b-b54f-afe02ce484c8,71,30,10,1268.05,2025-07-02,EU
28a3b992-1b55-4bcc-b622-8b91c50b79ee,19,228,7,2776.2,2024-08-20,APAC
1f62ed20-82b4-46b2-9918-0fa845f6c656,151,380,5,1053.44,2024-03-17,US
802f1e64-3f65-4e09-901f-9111ac66fe81,258,72,9,1597.65,2024-05-02,US
24dcf53d-e7cc-45bf-968d-279c991f69ee,792,17,3,1488.91,2025-06-07,EU
d819c9da-16bb-4123-b8c5-a2dc7fd051eb,969,323,2,436.08,2024-04-06,APAC
a53c79d8-8fa5-4bdf-8b8e-bc2dfe15dedb,723,306,1,412.8,2024-11-17,APAC
23a82d52-b76c-400c-8170-dea133e8838a,716,59,6,1697.0,2024-05-11,APAC
6079f081-159e-4ff5-acb6-fe05395c72bd,510,197,9,1999.79,2025-02-14,US
b33a44c1-0607-4d65-a1fd-d8e4af40f00f,690,304,10,1545.34,2025-04-18,APAC
c64b6d77-adcc-4a2a-bc1c-e77de4ff58ed,643,25,1,456.42,2024-06-22,EU
eba4da70-cb32-42ad-bbbf-18db2d70b7ff,133,105,4,1048.34,2025-02-22,US
74f4b342-4562-4aeb-8801-abc5f14571c7,597,387,8,1651.44,2024-05-07,EU
9de56ed1-c5e5-4b2d-8194-14ac05b9a76c,236,53,9,4241.74,2024-04-07,EU
dba462b9-cc68-457c-b69f-d5bd123291f9,646,304,5,440.02,2024-04-30,US
b077152c-123c-46ac-81b1-92ff265c536a,661,206,6,933.29,2024-01-13,APAC
a3dfbe03-9bdc-47a9-9335-7bd20de75aaf,320,38,5,274.5,2024-01-14,US
471d98c6-9aba-403a-9517-cbac9789ef2f,840,445,6,2164.03,2024-02-14,US
0b27ca26-8f6a-4eee-83e2-9f4dfe1687f2,439,210,4,1877.2,2024-07-02,US
bab638b7-0a93-48cb-8985-3dcc0d1f4e97,52,237,10,1164.2,2024-06-23,APAC
979d2071-f8ed-4067-9981-a69528c532c2,661,86,4,1768.46,2025-04-19,EU
dcc364d1-c19a-4393-846e-ecfbf550a761,333,139,2,374.27,2024-08-31,EU
eb4a3e9c-a622-45ec-bcae-ed5a37fd5938,581,344,,33.19,2025-02-06,US
9cf1b741-117a-4c90-897a-d578b3fde7fe,125,204,9,3695.53,2024-11-28,US
648d373b-f6d1-465e-a508-9c072eb367a9,514,100,9,2931.54,2024-11-11,APAC
6ef04157-4dbe-4efa-bfda-4f1ba15b7c36,693,332,10,2578.44,2024-09-04,US
87307342-f524-45d6-b4b7-61238ebd85e2,965,436,3,342.25,2024-11-25,US
b31663ce-d5e7-4631-bcca-a75a253d3c8c,427,433,9,4147.15,2024-08-19,EU
b4935f54-c541-43f3-926b-01e125cf7950,367,375,2,181.77,2024-01-25,US
b2e34a39-119a-479d-9a42-166be2bd1b66,459,454,4,153.04,2024-09-07,APAC
5bf2e38c-88e9-4f27-aa6f-214b759522ee,811,227,1,482.72,2024-06-27,US
ff8894bc-2a97-4d25-b75e-2901f4eb6fe1,201,375,9,1348.73,2025-06-11,EU
d7bd515d-28ec-4987-bd9f-cb1957401921,959,74,5,224.56,2024-03-24,US
55df2cd8-c657-4e41-8802-80757ef8c9ae,784,166,10,2896.05,2024-11-01,APAC
7ccb6536-9c8a-4023-87fd-84da2ed3b167,254,76,9,2794.83,2025-06-25,EU
77459d73-57ad-4b42-b89e-08863289b867,318,75,8,1658.34,2024-08-12,US
834e9ae3-26bc-48db-843f-12ec7d0f97d2,299,242,10,121.73,2024-01-30,APAC
c7ec398e-3671-4b10-a367-fb857fe6306f,772,204,4,1281.05,2024-07-22,APAC
3fbc6477-7614-4dc5-b4d9-3afd9e1af26f,472,71,10,3985.33,2024-10-06,APAC
e7d1d4f1-c717-4de9-b980-de04f8a56ab5,985,207,5,1898.21,2024-08-19,EU
2ef071b0-6e3c-4c9a-9fc2-c697c12a2563,381,348,2,848.08,2024-08-13,EU
1d52d993-1ec0-4524-826a-f474b08e49e1,812,18,7,77.67,2025-04-10,APAC
3252a1eb-a2c5-45b7-97fb-53fc8cfb1cc4,683,437,7,1939.53,2024-08-17,APAC
9655faa3-2a96-4032-a5ad-aee8d9bd2719,647,274,6,2709.62,2024-05-02,US
af4d99f0-fea3-4f71-a6fc-c85f50de3a76,811,16,4,524.81,2024-05-18,US
4d0204e1-11fe-4086-965d-9b0a9325a9b8,743,94,5,1538.12,2024-06-09,EU
c93cac96-8d59-4a1f-8d97-e491f7a14b4f,662,6,2,640.08,2025-03-28,US
426dd34b-c983-4d4a-91ff-2494ab5dc487,888,544,2,470.17,2025-05-23,US
0fc87ef8-b70c-43b0-920b-41a026970546,107,169,10,4995.43,2024-12-29,EU
ff27f886-b624-4aa4-b7fc-1ec31850d006,51,228,7,2216.8,2025-03-19,US
37806a73-be0e-4b39-bbca-48128d66247f,175,418,2,68.98,2024-05-31,US
8a6f9a2d-7be9-43b2-ad8d-fd25b427f883,803,362,5,1086.56,2024-05-24,US
18608f89-4051-4f10-9018-1dd9d2d3bbbe,472,467,9,3194.14,2025-04-19,APAC
361af7ec-6586-4be9-ad9b-a7ba69e02872,614,325,,264.37,2024-10-26,EU
5caa9fbc-69e1-4cca-be3d-bf4354c2bca6,407,153,6,992.11,2024-10-07,APAC
9a135568-4770-4657-affa-f660a6346d6e,956,193,4,1841.51,2025-01-14,EU
7f8107b6-376d-4377-b070-2f498e7e6ffd,544,65,9,927.3,2024-07-19,US
58b79d06-c00b-4b55-921d-d10985db61a8,138,431,2,550.48,2024-11-17,APAC
ab6fe949-5476-42c4-aa98-c1f88a912382,778,242,8,2669.64,2024-05-25,US
b880a698-3387-4afd-8b0e-3d454bdde612,471,484,9,3407.75,2025-01-24,APAC
170a8371-813a-4e9e-9179-c64f9e0faa55,269,208,10,3725.27,2025-05-21,APAC
d6b90136-95e2-4edc-a10e-ef70c43bdcf4,218,28,6,2131.72,2025-05-26,US
3a53a9d6-0be5-4d51-8691-7c9c68abcf2f,177,101,8,906.8,2025-01-10,APAC
32dbbe28-bfbf-463c-8f3d-a395e104ab72,62,41,7,1208.67,2024-10-22,EU
698c60aa-f6dc-4906-b505-f9ec910dc8cf,824,64,6,2815.72,2025-04-12,APAC
7fbcf5b2-4932-408a-b62a-902075c349cf,531,116,9,3745.19,2025-06-06,US
50e88b97-9dac-447b-80ca-b4c2e935430a,199,457,5,2134.23,2024-01-14,APAC
895da1d1-b920-4f4b-834c-52761a665ca7,492,297,2,699.08,2024-04-06,US
aa593b20-d1a4-426d-92a2-35b367616b1b,879,334,1,336.5,2024-07-22,APAC
9fd981d9-a299-4369-953d-2d7f653c3ac1,719,259,2,838.76,2025-06-04,EU
a298fc80-3df9-4a0e-a7c1-61a78f9906ff,826,389,2,867.93,2025-03-17,EU
4146cdf8-8a7d-473f-93df-f30687bf92fa,791,392,6,1333.42,2024-04-25,EU
f1b012ab-8ccf-4ac5-a9b7-bc1a16236a2f,979,261,9,848.26,2024-11-30,EU
31ba2de6-5278-4b54-a143-7e3a775a9e6c,67,440,4,1018.86,2025-01-04,EU
058a7c73-b5bc-4c28-b337-e265b7f65fdb,520,213,8,2362.53,2024-10-10,APAC
a5059975-68a9-4beb-945d-db63b485b555,893,158,9,2403.66,2024-03-23,EU
d70bd70f-3dfe-4111-8d47-c0114babd265,835,189,2,115.57,2024-11-01,US
2c2b04cc-c27d-43a0-9b29-118780f8ad4c,443,208,1,469.04,2024-02-18,EU
7b70968f-93ee-4164-98e4-43d25ef20b7c,404,418,1,452.69,2024-08-24,US
7408a862-f88f-421b-bf38-ff394a03d3e5,158,455,1,181.87,2024-06-17,US
1f3a7d76-9dc9-4778-8008-df161224d7f9,584,48,3,446.44,2025-03-28,EU
1b40dcae-a72e-4dda-8f51-79922c6a3b84,629,491,7,904.18,2024-08-31,APAC
64ea68b7-34b6-4d1c-b0da-34d2c0d03163,753,448,8,565.32,2024-07-03,APAC
7a84a885-93de-4ada-8115-3fde7c8c10ad,469,51,9,4399.99,2024-02-22,US
2937a1a3-a8cc-4296-975f-593c30790757,462,294,8,3191.71,2025-05-28,US
52c61e79-2efe-4f33-9ed3-d668b77d99d2,56,299,5,2202.88,2024-11-27,EU
7e5c9e50-d4b0-4da1-bed0-b1530f16a2d5,642,92,1,214.12,2024-02-09,US
0aed93e2-c2c1-4a62-a703-afdc2d8ee026,156,64,1,417.59,2025-02-06,APAC
6bbacba6-383d-4ace-87e8-a48a192ad46e,200,391,2,845.93,2024-04-23,EU
f8d3353f-e92a-4291-a19d-4ef227c77ad5,916,97,5,980.23,2024-05-18,APAC
34428f81-b9cd-4b1c-ab24-329c50fa52f3,215,59,10,2454.85,2024-04-11,US
b3040b88-2fcb-4df5-9376-5092545d8f99,410,157,1,443.01,2025-03-07,US
383015e9-c5aa-4b4c-8046-d79b1b4ca974,128,348,9,2153.12,2025-06-11,US
e6383595-6e3b-4678-9839-808af993a5ef,712,391,2,344.28,2024-08-15,US
f94d6b93-17c3-4ca4-9f8b-b3040c87d677,123,176,10,436.09,2025-04-26,EU
07aaec3b-c441-45ed-abac-afb665a7767d,437,256,3,363.99,2024-01-04,EU
649feef8-3d44-4fab-a3b3-20ab7f0d0745,940,415,3,469.67,2024-12-18,US
3159ea4a-40bc-42d9-96d0-1f82e716c499,350,223,9,268.05,2025-06-21,APAC
c3a4021f-f439-414a-b3ae-a9426d03ab63,766,299,3,1387.89,2024-11-24,APAC
3a465ed8-93e7-4449-b424-fcaba15ac6e8,553,294,2,754.75,2024-04-15,US
3d309dfb-7ef4-495e-8320-469f69282271,685,102,9,89.72,2024-09-13,US
da932153-7863-44ea-8a71-d2de9032ae26,265,258,9,3864.87,2024-07-16,US
04e6320f-d155-411f-b21b-43745160d907,981,30,3,510.24,2025-01-11,EU
ed081493-5e16-49e2-b970-1d6545ec76c1,688,222,8,2436.85,2024-02-11,EU
fdfecd6e-7b0a-4f38-8672-e8ac5ccdae7f,659,359,6,2739.11,2024-09-22,US
a466dd12-9d95-43da-84a4-34aa13aaf8dd,998,447,2,308.05,2025-05-16,APAC
e3d1cfe2-afe0-495a-9d4b-d0164f0630a7,473,374,7,503.01,2024-01-24,APAC
7f8f2c16-7a88-47bf-b824-7d3653132868,421,151,2,999.73,2025-04-21,US
7ff92740-c01f-4efa-805c-90d0023ff552,905,425,7,3156.16,2025-02-15,EU
188d0151-ae66-460d-beb7-33c560537750,351,320,7,1796.03,2025-01-10,EU
f500524e-8263-4881-a7f4-849b4d787176,202,133,2,475.19,2025-06-17,APAC
631fb0fc-b829-43ca-985e-39f81c1bf563,505,458,3,525.01,2025-05-22,EU
8bea46f5-f1f4-49ec-b1e5-e80211c02294,331,196,4,616.76,2025-06-09,EU
7450d865-40ab-4e59-b6be-9e0d186ce85d,805,379,9,2304.4,2024-08-11,US
dc337ac1-161f-4fc0-bbcf-e6436af8ca43,300,231,7,2353.37,2024-10-17,EU
1a69f2d8-c721-4621-a206-f9eb78657614,102,226,6,2044.17,2024-05-26,APAC
704e485a-ffc0-45dc-8beb-61edbde0bfc1,505,485,8,585.45,2025-03-09,EU
c000073f-5c37-452a-b981-ccd96f296713,634,150,1,169.05,2025-03-08,EU
2c1fa8eb-3fd5-4a81-89ad-d14b4720c504,720,92,6,1356.62,2024-03-25,EU
18ca8a30-5397-4aff-bdfd-6fb78d657b84,31,398,,386.55,2025-01-21,APAC
26257ba9-3ef3-4f5e-a0b4-d1e5450483fb,659,298,6,2136.43,2024-04-22,EU
b17d536e-5c76-48ef-98e2-f53a8cc1f259,633,249,8,2367.22,2024-05-15,EU
4ad10785-c850-4e98-a739-00d7bd41accd,136,279,9,4475.89,2025-04-14,US
e64d0213-80e7-4b79-bc24-65f0046992cc,527,335,8,1219.86,2024-06-20,APAC
7ef7e9d7-e527-4ffc-bb16-adeb39ec9e3c,270,214,8,2999.82,2025-01-26,EU
5afbbee5-b2b9-4945-ac95-9e11493558f6,90,112,7,494.49,2024-04-17,APAC
56f439c9-bafd-479a-aa45-8e2819344cb5,554,426,3,1019.52,2025-02-07,US
36949a44-2dfa-4fc4-aa4f-6c931668bdba,27,133,5,59.89,2024-07-01,APAC
b84e3c60-b015-4f10-9d83-4fe3c249e2e5,497,289,10,4015.16,2024-07-31,US
6008fe84-e5e3-4532-81dc-dd6654c472e4,47,113,3,1073.68,2024-02-16,APAC
d0b1c840-065d-49ad-813f-c4f2ce72941d,210,219,5,1160.89,2024-06-09,APAC
a7133924-64d2-4736-86c9-b4414b5e11c5,689,383,7,918.58,2024-01-15,EU
3c07d7ad-308d-43df-be6c-4b856a26d9f9,471,232,10,1864.57,2024-11-11,US
e386ce20-646c-4e6b-a73a-eec0ed361417,429,334,8,2017.84,2024-05-10,US
def2959c-174b-4d1d-8938-145e4a8156ab,927,457,10,4214.23,2024-12-26,APAC
2a5ab768-a817-4bea-85da-7a4a3ff54cf7,854,223,4,1923.73,2024-09-03,US
e3a2a73e-ee0f-41c8-82ad-479e999a454f,840,232,9,2934.03,2024-02-11,EU
c5051839-ff48-4fbb-96a7-85c69073b486,964,63,4,1902.39,2025-01-15,US
143e4b17-3da8-48eb-91b3-323807d50f12,754,271,4,57.34,2025-06-26,APAC
15551032-572f-4f76-b996-ab27aca860ac,914,102,4,802.55,2024-08-09,APAC
78811740-d478-45e0-80b1-79decc37dca8,336,482,10,1454.68,2024-05-24,APAC
20a6fcd5-4cf3-4433-b226-3d5ab17091d0,902,317,8,2599.64,2024-05-15,EU
c411a44a-ae3a-4749-84ba-4f26175d839c,940,45,4,348.39,2024-08-15,EU
1e9f0d0c-43d6-440e-bdbd-97f23654d0eb,449,194,8,2787.85,2024-03-08,EU
8be9e686-31ba-4547-b76c-83d34323069b,628,379,7,574.14,2024-11-18,APAC
e37484f7-60ca-4140-bba7-7fdc8284e197,734,205,2,588.18,2025-03-04,US
a3801f4f-c427-4669-88f2-546d03f94ff5,924,229,5,1581.83,2025-02-25,US
390dc9a4-3bbc-492a-89d6-61f8a51c4868,712,256,5,2134.35,2024-02-27,EU
b65be0fc-3ac1-4655-b6f2-ba53059a262b,359,223,10,1892.83,2024-09-24,APAC
d8f854af-3dfe-48bf-aceb-9f41db9eb43e,612,163,8,427.66,2024-10-09,APAC
1c89d90e-f144-44e8-8edd-408c72572258,864,481,8,2774.29,2025-01-28,US
d3cb06f4-6e94-41b9-9923-d714a2c0e86d,230,53,8,3424.32,2025-03-17,APAC
c9d6fa6d-d711-4757-b35c-2c8e2a7b7829,295,55,8,3025.56,2024-09-05,EU
a9bf5308-369e-4911-bc83-1d11f6c2ef45,117,474,9,2612.19,2024-05-30,US
d371a103-0535-426a-a32e-9f2e8d390272,643,109,6,1705.78,2024-02-03,APAC
c7d11a91-76e9-407d-8c0c-f2df98f1330c,820,360,4,1304.31,2025-06-23,US
e30c2c5e-6411-445e-af4f-3423039fce0a,394,7,8,2002.45,2025-01-09,EU
fc566028-5959-49d3-9f25-02f6e69c57eb,251,263,5,1230.86,2024-01-05,APAC
23efbf70-fdd9-433e-9c14-6d2edb232a35,994,26,1,279.13,2025-02-06,US
679cd0b5-b205-4ee5-b241-330e78b7da65,586,139,1,95.71,2025-04-12,US
6e867e85-2784-4bfe-8f16-dd04e95776a0,458,417,4,978.59,2024-06-11,EU
539a37b9-1300-4121-a347-3e0f190f95ae,340,297,2,215.29,2024-08-26,APAC
0cef58c3-d6d9-42b8-801e-f797b6b99972,507,359,2,567.21,2025-01-11,US
c2111e85-bc5e-458f-bb11-171196c72c51,964,396,1,259.01,2024-01-24,EU
9fc8acdb-da57-4c4f-8c4c-c0acae9d3e4b,69,179,7,1670.92,2025-07-01,APAC
ed1ca559-d9d1-4860-99e1-e39e89e5d4c2,112,27,,370.1,2025-01-10,APAC
0b8e389b-e682-440b-b09a-a10ee33ae4a1,949,1,3,174.9,2024-09-26,APAC
93140491-9da6-4df8-88a8-34a6cf4ed8a4,352,161,8,352.7,2024-08-23,EU
faa52851-6112-494e-a3d2-588a9f334c96,933,192,3,548.6,2024-05-08,EU
3bcd019f-0fd5-47b0-b0d2-cd3d52ae35f7,320,55,4,448.83,2024-03-23,APAC
d4757b99-8e27-4341-8aec-f5c8ef9a4c4f,77,85,2,128.75,2025-06-16,APAC
4e6e6ad5-cbbd-4095-b1ac-ce1a09ce1c85,44,76,8,3644.24,2024-11-12,US
aaa9f067-131a-4c53-a810-86dc9f0b0c12,942,194,5,1498.01,2024-11-21,US
a2dc47bb-6457-4bab-8383-a05681cee712,560,246,2,899.52,2024-07-16,US
bc79109a-4eaa-491c-986d-70c0cb2018de,1032,1,2,933.31,2025-05-10,APAC
ff2c686c-2834-4e3f-942e-1d976f4c909c,228,93,6,2934.02,2024-03-26,US
c6446f74-8be3-4c81-b7d3-3a4a847fd779,690,457,9,1489.75,2024-04-26,US
6f2aed7a-b876-49aa-925b-638ad7e77f13,687,376,,85.77,2024-08-13,US
43d0ca56-f628-4cb3-bd18-eef7d4a016a4,592,481,7,2572.6,2024-03-12,US
8989b35b-c45a-4825-8d15-97cef4d141e2,832,437,5,1337.66,2025-02-06,US
01f9b2b1-6bfd-40c2-b9a1-627c150e171c,420,474,6,1195.89,2024-07-17,APAC
9099507e-4359-4dbb-a07c-0c339725a474,417,405,9,3482.33,2024-06-22,APAC
7a930939-3e33-478c-9d09-5ce5bc206372,839,238,5,2056.28,2024-12-20,EU
040baa44-dbb5-4e40-98b5-cce3d83d541c,393,77,4,1187.29,2025-05-04,US
3584473f-d298-4ed7-a1a9-79d10bebf0e6,16,66,9,2211.37,2025-01-25,US
14c93915-7440-4c7d-935f-1ed1c2252dd4,96,438,7,1556.96,2024-01-18,US
cc29b93e-a3d9-4a44-9374-18d41a3775db,923,386,9,205.44,2024-02-21,EU
f06325a5-8cda-4e85-8658-3a20d688eedf,767,490,9,3829.49,2024-01-09,EU
46003e37-3610-4c78-977f-d5464e0ba4b7,371,191,5,173.82,2024-07-29,APAC
70d81cf0-7c57-488a-846d-aa86829b69d0,440,22,7,571.53,2024-12-01,APAC
a0a50a18-b839-4a13-8f98-3c6b0f63ecf0,99,301,3,173.73,2025-04-07,US
cda5b7a1-14f3-4c30-9f0b-0d667a9f393b,174,88,7,1054.95,2024-05-08,US
1187dcb6-67be-424f-bb3d-b0e565d07d5a,191,35,9,3138.85,2024-03-17,US
051b126f-ef2b-4bb0-8c6f-e38b9b9887ae,892,3,10,3196.97,2024-07-07,EU
b390ee91-074b-4317-8306-a12799cdab68,99,365,6,2704.43,2024-03-02,EU
9e4da8bc-258c-4719-9fea-c2b79f3de8f8,541,398,3,611.71,2024-02-20,APAC
0597cc26-78f7-4615-aa47-bfbb9512f828,937,382,9,2579.03,2024-09-20,EU
89e931ff-743b-41c8-b190-7974a6121373,21,206,7,1411.13,2024-01-25,EU
d436ec2f-46ff-47d5-9bc6-93e5d636422a,10,276,3,1492.36,2024-10-24,EU
d92e00a1-4dee-44e1-8c77-b6259b435d8b,482,250,2,641.26,2024-11-30,APAC
0ba01744-16f9-471c-b453-e70ad09d814a,261,252,6,1509.4,2024-04-03,US
bc96aa6b-7322-4517-8366-8cbee2b6e93d,723,105,6,2242.48,2024-01-27,APAC
ccae86be-bf08-4c56-bea1-1eadfe897ca0,818,266,5,516.68,2024-10-31,US
3059425d-e35b-4044-9cc2-5805132431fd,834,345,8,3995.46,2024-11-23,EU
c0999b00-b2d2-4ef8-bbce-193c6ba2c95c,38,113,9,183.97,2025-02-03,US
fd90cfd0-c713-44fb-b114-6893acb0d3e5,204,181,7,2136.18,2025-04-19,US
8fb206e9-8415-4e75-86e9-27c6e9688114,885,407,3,754.38,2024-06-19,EU
5ba1fc3f-bd2d-4421-b21e-7c063ace4483,298,117,3,1426.34,2024-05-10,EU
57f5d41a-5241-49ca-aaf3-7034d24dc054,614,311,7,2485.58,2025-04-15,EU
a7f221f6-7257-4f22-a8dd-e9add048056d,886,185,4,1780.61,2024-04-06,APAC
c5dd45db-543b-409b-80ca-3a84782ed9ca,824,100,10,229.72,2025-06-29,EU
d82453a2-0a79-481a-a8fe-8d924f8c2c9a,857,258,,72.31,2024-05-21,US
bcbf5a3c-1186-43f0-9480-606912a7b2c4,780,135,8,120.42,2025-02-03,APAC
a3573d62-fb67-40fc-bc27-da91d7657124,36,410,2,550.32,2024-06-07,US
183c8c84-23f4-4947-b83e-6bcbe57aa0d8,481,440,5,1103.58,2024-06-03,US
4089c2bc-8cbd-48ca-b82b-bf00018ad979,897,223,3,1046.91,2025-01-01,US
960d740b-abce-44b3-8091-bb68352d3962,316,401,5,1088.26,2025-04-09,US
4788d46c-91c5-4a73-8c01-4255c07b629a,949,290,7,2133.86,2024-08-30,EU
31021eab-ebbe-4d92-af7f-4dadb44f9939,811,80,1,479.02,2024-08-21,EU
f9c827ca-7da4-4002-a227-40bce41c5247,12,423,10,252.29,2025-05-04,US
eba55f02-fa1a-4b9b-b3d0-6a8643016caa,858,167,2,275.3,2024-08-12,US
55e93262-c9e2-45ff-bf51-36b42b1b51cd,177,176,6,723.08,2024-08-31,APAC
e017344a-dcd3-4d26-b694-be3cbeedde16,860,398,2,570.71,2024-07-16,EU
129146a0-a0c0-4945-8df4-7ef7bff4a29e,396,356,1,427.1,2024-10-16,APAC
d73c87da-3a46-4c7b-b17c-944f45d32418,612,122,6,597.79,2025-02-14,US
6dd8464b-af56-41f0-8a51-39a170194031,430,357,,68.51,2024-11-20,EU
7dfb1518-0cf1-4daf-ab0d-e8ecf9d5a3c2,944,261,1,121.3,2024-03-01,APAC
01b6b9f1-ce31-42d2-831d-1b00bea471dc,223,191,2,414.42,2025-01-19,APAC
04ed7e9d-45ac-4640-afd6-a191db753120,329,319,7,1926.04,2025-06-06,US
2a29fb1f-147a-4bd9-95f9-829bcc25718b,317,230,10,271.2,2024-04-13,US
a665db48-55c1-4506-b5dc-0f675c8e0507,917,158,1,449.76,2024-08-16,EU
324c7970-63e7-46c8-9a7d-ff34a6b2bf42,485,29,10,4783.04,2025-03-15,US
131fa31c-8752-4bc2-8e85-517536323514,21,349,9,2003.01,2025-07-03,EU
45932fce-c3b4-4dad-8ec2-4f6e040626ba,306,82,7,708.01,2024-10-11,APAC
55dc186c-244b-49ff-b679-dc1251e39989,764,85,6,1001.04,2025-05-12,APAC
48ae5131-18a9-4c13-b595-a43a6af27716,586,51,3,1088.94,2025-07-02,US
b7eb21e1-c8fc-46d8-9c6f-0d5cfd139707,484,129,3,1389.33,2025-04-23,US
47b58280-d3a7-4cfc-b1d3-9990294dc089,805,183,1,241.05,2024-05-09,US
02cd292c-c798-497c-95bb-f5a5323fdfa7,389,439,8,3143.08,2024-06-25,EU
f996008d-6b62-482a-9d43-d136b20388a2,181,31,5,2349.1,2024-10-02,EU
af056d4f-b204-45cd-8910-9556ffb33050,604,167,4,198.17,2024-02-15,APAC
11db158f-11bf-463d-8f58-5f1e7a1cc752,96,496,,356.75,2024-12-03,EU
63bedb9b-a533-46c2-a10d-667156e36fd6,47,62,5,2310.74,2025-01-10,APAC
67e476ff-ed13-44af-8ea3-c9eabcfe9334,873,480,10,4780.44,2024-06-21,EU
9a4895be-ce74-46c8-908b-f54495dfbe51,98,428,4,946.53,2024-11-22,US
1c14e6c7-2bd6-4e25-bca4-cf75c631ad8e,132,270,3,1494.41,2025-07-03,EU
5fb981de-0171-40e1-8f31-5bf06b22d96a,586,434,1,395.03,2024-04-24,APAC
8a23f83c-00cf-4ec0-91be-550b1b186dfc,403,406,5,1935.72,2024-04-02,US
f0f1ecbe-e0c7-442d-ae50-884d769a2eff,369,367,8,1870.82,2024-05-14,APAC
c9b2a3a1-dfe3-4380-abc3-7e9ae457418a,931,54,3,286.79,2024-07-08,EU
44a47931-1a61-43a6-acd4-9a2c7e1c8abb,91,287,6,785.67,2024-10-07,EU
a6bcb7a9-92e9-46c6-8a38-cc0df33c671e,723,272,,333.85,2024-05-08,US
03f7bf43-e1d2-4885-a709-68210c39b03f,940,463,10,3283.34,2024-08-25,EU
89b4e29d-a9a7-4257-8143-5472f527b040,755,285,7,2382.69,2024-09-30,EU
6b08325a-e5cf-4723-affa-0e112e92e3b6,400,152,4,1497.03,2024-01-08,US
fe922b1b-8f42-4b4e-8a4c-a2d4966e5b35,485,175,5,661.34,2024-09-03,EU
f4a6ef60-1d90-47db-8ad8-4a899e5d92f1,739,145,10,2181.6,2024-01-05,US
1cbba0b5-747c-405e-bdf4-38a18f5ebb1f,807,345,3,1331.9,2024-09-14,EU
b78d4d49-729f-408d-9a0e-56c2cc6da901,642,188,9,3462.11,2025-02-02,US
6e767594-58ba-4115-ae36-c62ee90869dd,690,293,1,252.25,2025-06-18,APAC
28860b3d-9ba5-4859-8311-b8ea983736b9,290,433,2,546.66,2025-04-11,EU
54afd686-0bf4-4ee5-9c31-18cf3d0028e9,100,281,8,2848.85,2024-08-26,APAC
716448df-727d-4b1d-84e2-d9d8a209f1f2,481,178,6,1038.7,2024-07-09,APAC
d3343a47-7ebd-40a8-acff-cf0a009c32ef,423,459,,283.85,2024-01-12,US
25790d56-2fb1-43b5-b262-bce71464c9b7,247,214,1,319.94,2024-08-03,APAC
175f8d13-f977-4a6d-b41e-ccc4e6c31ad3,920,460,8,2859.96,2024-01-10,US
34639f07-7b50-4fac-9b49-9dfbeee26839,472,10,1,283.9,2025-05-16,US
d0ceaf0b-27f5-407c-8dd4-5fb0706cb282,487,84,7,2614.24,2024-10-15,APAC
ffb14de6-870c-42fd-af41-d6c2aaa72d45,3,276,4,1984.3,2025-05-09,EU
265f58b6-0790-40e1-8afc-c24ca7754c4e,518,19,6,1962.75,2024-11-23,US
de80b186-2cf8-46a7-b3a5-3b8133a6f273,189,404,7,2434.21,2024-11-08,US
ae4837a4-421d-4efc-ab34-106fb48c5517,783,294,7,438.64,2024-01-02,US
5379d9bf-3a56-431e-94f5-d73dd43bcd1a,375,93,8,2076.6,2024-08-11,APAC
dd9d0191-e48d-4ddb-b6f3-f012b1ff1151,220,330,10,118.2,2024-07-29,EU
d3fce4c1-0cf7-48a6-8040-b5f58dc0f596,436,491,7,1122.16,2025-04-05,EU
e87b2334-8357-4ce3-8660-90dc6e478892,414,154,6,1954.56,2025-02-23,APAC
716b2b53-15a5-4696-8032-110431bb0758,291,102,4,1585.46,2024-07-20,EU
12afad41-20fb-4b6b-a97d-fb93afa29682,890,366,7,214.42,2024-02-16,EU
239b9456-a808-44ed-b7e0-f057071cc867,676,180,8,3584.41,2024-11-15,APAC
9ecea46f-148b-4c08-b582-547d27153aed,704,327,5,933.84,2024-06-04,EU
761737d9-c4b0-4a9c-ad62-2c2e4f134f7d,446,46,5,538.13,2024-01-26,APAC
24c0ed32-2397-4d08-aa4d-2689b95bbc96,455,500,10,1644.75,2024-08-11,APAC
7fe88880-fffb-4176-a427-95a9012dc4b2,548,20,10,2013.79,2024-06-24,EU
ed6ae49a-b19b-4136-afb0-05b5341cfe48,209,206,9,2778.8,2024-07-14,APAC
0e2a0b70-4046-478d-9272-3ba28ea90c2c,59,208,5,1897.69,2024-03-15,US
05a5c6df-4115-403a-a8f8-0e4cdf1d6e62,997,481,10,1063.39,2025-03-27,US
38bd5e6f-fbf3-432b-a964-66ff6dc0c808,706,157,5,301.62,2025-04-06,US
0476dc21-7050-4338-94e6-1ec4d3b9f8d3,253,280,8,3452.24,2024-02-06,EU
d893e420-a855-4151-8ef4-0ee49225e86b,450,26,3,709.77,2025-04-24,US
90aded67-d553-448e-a44a-3f084a5eeeb3,843,180,4,241.51,2025-03-01,US
387f5a8a-847d-47dd-98ae-4e13e1fba9cc,820,172,1,398.02,2024-08-01,US
8615bfc6-d1e7-4963-9f6c-6e81512b2fab,1014,470,7,927.35,2024-05-31,EU
95dfa967-7197-4163-8c6d-41d26b8dc22d,329,423,10,4362.23,2025-02-16,EU
fc83fd71-76a4-48b0-b91e-aa9b2b327bde,311,383,6,1168.26,2024-03-01,APAC
1e291c78-0f4c-4cac-81c1-034a41454582,830,36,10,777.82,2024-01-12,APAC
940abea7-e294-4484-9a91-ca941fd90c72,239,363,6,651.07,2024-06-26,EU
eeac187a-7dae-4c5b-b9c1-b3b155dd0c7c,749,81,2,171.67,2024-10-17,EU
f6855c7e-e706-4585-b37e-0a6c0f746940,974,100,5,346.2,2025-04-29,APAC
5fbe2bbc-027f-4651-9e74-e66ef6cc6a5d,132,397,,463.0,2024-02-25,APAC
3e8399c5-07f9-4b1b-bdea-65a09b8b6e74,276,397,3,240.14,2025-02-20,APAC
0b4b400e-e7b3-4df6-866e-d9b652b5e6bb,87,230,2,62.17,2024-07-13,APAC
16ff75c8-ad71-4610-99e3-3c6b1727b71e,665,105,9,2673.57,2025-05-07,US
ee8c72d6-b4aa-4793-b828-0f0ba6acfaf9,662,392,5,653.39,2024-01-06,APAC
c46b726d-6809-4c23-9f1c-d4770c76a5de,748,365,10,1701.61,2024-02-09,APAC
e9b245c4-34f3-4126-99a3-5f0b84119742,797,392,9,1450.77,2025-05-01,APAC
d50d6f56-06b7-426d-bb54-763ed975ade6,107,193,8,2859.76,2024-10-06,US
671881cf-ca56-4bb7-9351-56025465e2c4,715,124,7,1556.27,2025-02-02,US
828fdfa0-4be9-4982-973c-32434f47c571,320,274,2,329.27,2024-03-10,APAC
61af68da-2951-4a09-8181-9719de91278c,299,131,1,139.4,2024-03-01,APAC
60bb2271-b52a-436e-9e91-942603f48229,248,439,10,4992.05,2024-07-13,US
fac035b5-b11b-4a24-bc6d-70a9f67f085d,119,294,5,1632.65,2024-02-04,US
5366753d-2f39-4878-a44e-9c9e715653ae,900,81,3,489.85,2024-10-27,APAC
8459a792-5f63-4fc3-832c-aa84a00b46db,912,329,9,1219.79,2025-03-02,APAC
c40ff1dc-0038-4579-b53b-e9bb47b03807,302,499,9,3994.46,2024-02-02,APAC
63b27f4d-df3e-49f6-9429-1676d88f63ca,877,446,6,950.37,2024-11-24,APAC
f1f058b6-519a-4042-9b1f-25901607d066,329,253,4,593.37,2024-07-21,EU
33e434e4-4cc0-4237-b117-789e49b1813a,104,293,,20.75,2025-01-03,US
4700584d-d6c2-4e12-9694-1e769766dbd0,729,138,4,1894.09,2024-06-07,APAC
b314a38e-5345-4bd0-ba16-ebb4d33c1a8a,278,347,9,2259.02,2024-04-10,EU
8e38ec39-85d0-431f-a43e-1b090749ec80,935,469,10,4771.42,2024-06-02,EU
f5bb5dc1-b462-49b7-8c5d-8f67b250e813,94,428,5,2117.92,2024-01-01,US
37bd5c48-647f-4b39-b72d-eb40fa6db0d6,726,274,6,2176.34,2024-06-06,US
58f77ba7-ead5-492f-8956-cbbabf8f8b85,622,349,2,714.39,2025-01-10,APAC
890a26e9-4cc3-488c-a535-842bc6dfb0e8,797,38,3,1085.83,2025-01-24,APAC
f7dd420b-fc5b-4d50-99b9-dc5294286d48,484,333,6,1162.27,2024-12-02,US
5acee4a7-78c1-4707-9659-40e7de727c20,423,468,1,11.68,2024-02-09,US
edb22807-dc95-47df-967d-326bc55dcceb,687,41,,62.92,2024-12-26,US
33d465b2-b547-438c-b11a-f749f2ace24e,828,129,3,1056.5,2024-06-26,EU
455889b5-91bd-4dcc-b03d-37366d2c0e4b,203,443,10,3864.45,2024-06-14,US
1bd907b3-b716-4bb8-baa6-48be4e9f107c,801,411,10,2464.02,2024-07-25,US
84e077f5-a705-4d8b-836d-57144c529bb5,215,426,2,687.35,2024-07-29,APAC
1668460d-60f6-4dc5-92a9-f608301c716f,733,47,6,894.21,2024-01-14,EU
e65d1afb-be48-4844-91fa-c84ee62c0ed7,362,207,7,1359.18,2025-04-01,US
43cd50bb-994e-4d88-90af-d6ddb77ee535,360,423,4,1296.21,2025-01-19,US
b0d09255-3e2b-4a58-a248-04b51664776d,720,482,7,1935.86,2024-06-17,APAC
1b2d1003-f36d-49a6-b7d1-9e3823eb6161,520,346,3,846.03,2025-01-27,EU
3f40cc66-0585-497c-839b-e91b3beaffca,679,72,10,2161.58,2024-10-09,APAC
a79b5555-d13d-45f8-bbda-38fcfb049158,975,500,4,1287.4,2025-01-08,US
a799d3db-bfe9-48cd-b48b-308cf9ce3510,176,212,10,1081.74,2025-03-14,APAC
bf9ac7f9-5a6a-48e9-8b0f-38af1b847e3b,371,265,1,53.17,2024-11-02,US
2344113d-11ec-4bb5-928b-7f77b123bf75,80,268,2,420.95,2024-04-05,EU
f861df50-716a-4620-b2ee-4e3b2445a259,582,108,9,574.38,2024-08-10,EU
cc153191-0e9a-46cc-9d2e-57b57921d59f,494,152,10,2478.93,2024-04-26,APAC
8d64983f-a024-4356-b0d7-883a9d9b3177,186,23,10,711.0,2024-06-12,US
103c747f-939a-4f46-8868-77513d76fce4,888,123,8,3284.51,2024-03-30,EU
a133e036-fdd8-44f1-a824-ec5aacfb4367,701,361,5,798.77,2024-07-09,US
f43bd5ea-c107-472b-8881-278cc336e194,195,28,3,336.42,2024-08-02,US
0fcbe076-db5e-41b0-888d-1864feb5a0f3,512,62,8,3134.27,2024-12-28,APAC
cdd0112e-b10e-43e4-9224-5fa82f76c911,141,329,10,94.9,2024-08-26,APAC
b781a7c9-264d-418f-a8c8-53f13a9c1842,503,419,1,29.84,2024-05-29,US
38b79ab0-9e0b-4157-9b82-fc9d9c3b55f8,198,434,8,1992.59,2024-04-18,US
44eb52b0-b5f4-4f9d-bc21-22b55d5ccc0b,32,136,,498.33,2025-04-09,US
d1bb06c1-8f57-47c6-b504-8327635e39e2,339,273,5,1829.49,2025-02-14,US
c5441da0-c25d-4ab3-b8bb-49f2d6fb8700,465,145,10,2060.96,2025-02-10,EU
db5a8a6b-228a-4537-8490-66dcbd95127a,800,455,10,2768.03,2024-03-25,US
f0bdb964-2fd6-4769-8a14-54207d5db71e,457,425,6,116.87,2024-03-03,US
17e5a2d0-21d5-4760-b9c4-7b85ccc2f770,651,151,6,171.59,2025-06-02,US
170a079f-bdd8-4453-8d05-893c6e6f6c83,954,101,3,420.94,2024-10-16,US
4b58e8a6-a3dc-42d4-919a-70d24a66cdd1,320,164,1,450.15,2025-04-15,APAC
5c3cb562-a325-4695-8907-8d41ab1fc2d8,943,169,7,3226.77,2024-07-18,US
cc6d5ffa-87d2-4975-b578-2bb7e0e81eec,934,481,9,3700.32,2024-09-23,US
e3ff2d23-c388-49e8-996c-d32262c997ef,269,104,6,1520.55,2025-04-16,APAC
94db0256-87ae-4c37-ab6d-80daaa02d6ba,317,188,9,2375.75,2025-01-20,US
0d19b99f-88ea-455b-bc44-ad6be770d5e1,641,496,9,276.34,2024-07-26,EU
8e0c4e26-78eb-417a-834c-db4204fe7ca7,726,58,9,3989.66,2024-11-27,US
b28c191c-4a92-4531-ad18-7bc1056f0dc2,996,267,8,2609.07,2024-04-19,US
754e6322-4fdc-4cf2-bc54-8489eeefda89,797,96,6,455.93,2024-05-25,APAC
10c34fee-bc1d-4c15-968c-0518ed48fbfc,135,253,10,2369.77,2024-04-14,EU
ed68e1a8-000a-40a5-a68b-8f5316d05759,726,77,8,1786.2,2024-10-02,EU
19831c46-318f-41de-bbf7-bad9ff7ee3f4,597,289,5,1824.0,2024-03-21,US
f97e04e9-8d3f-4b23-8246-d94c14f53be5,104,84,3,454.82,2024-10-06,APAC
44ff4510-60e8-45a5-b465-4b5a1f1e341e,165,401,3,1498.15,2025-05-02,EU
5395280f-5e34-48b3-9f63-42c511896efa,182,88,5,2412.32,2025-04-07,EU
baf2b383-f644-479a-a6de-b429286e3ead,377,51,9,2339.95,2024-08-29,EU
52abf7eb-6ceb-4fb6-a83b-57d407de85d1,378,267,7,172.75,2024-08-12,EU
66ae9b41-6ed4-458f-a53b-c55c4ee5e617,426,212,8,3205.53,2024-06-14,EU
94cedb0b-f254-4e4b-a44c-3c5849061c9b,155,251,1,47.37,2024-07-01,EU
dcf52cc7-9d2e-4ef2-8580-024c152df62e,482,369,1,13.18,2024-06-25,APAC
55dd47f2-397c-4061-95a1-313ed1aab776,720,229,1,294.03,2024-05-12,US
4b170e72-5b8e-4a9f-8e99-be08b18f8136,382,156,4,1915.46,2024-06-15,APAC
1aad1448-6ff8-43a9-b633-bb46c421aaf2,371,345,4,1956.68,2024-06-26,EU
9f671cbd-d681-4c55-82b2-c549dcd4dcf2,250,169,4,350.13,2025-01-09,APAC
ca41365d-4ab3-4bd3-9dde-52c4c69d6ed6,442,481,2,58.32,2024-07-17,US
f608e68c-dedb-48c6-9605-37ec55753ca6,545,131,1,492.02,2024-11-02,US
4f299e8a-6cd9-4b0a-82ba-0f8beef8b0f5,104,458,7,1780.84,2024-10-06,APAC
3b1c82c5-8cd6-42e0-9017-fe7f8feff69a,148,148,3,1334.8,2025-02-05,US
19f8d8a3-810e-4f64-b626-cd719ef7bcc4,221,120,4,1843.8,2024-10-12,APAC
5946b1ff-cc23-4b97-8f7a-8045827ac1a1,7,209,1,318.83,2024-03-16,APAC
03e41b52-3bbc-4f38-83d7-b8a4eb745c73,874,23,5,662.44,2024-06-22,US
3b0281dd-877e-4d9f-a61c-a069674f81aa,65,188,7,1250.55,2024-12-01,APAC
0147e55f-c80f-4242-a30d-96087dcb55b5,379,479,6,408.15,2024-04-16,US
ff15aa95-6cf0-4607-bbca-655906efd13d,724,273,2,716.28,2024-10-18,US
176110e6-c113-4f74-8d57-92a4b48e7963,73,439,5,2432.79,2024-04-21,EU
64c8beae-b49b-455b-8460-7756dc2eae47,12,243,4,764.44,2025-03-10,EU
725d148f-eda9-4998-a134-25a09f2c40a8,171,360,7,2583.69,2025-01-02,EU
d43ac496-aaf6-476c-bc18-40db1324cc54,331,24,,8.9,2024-12-01,EU
f6d3c3f6-77b8-4a22-b27b-7429b18d4599,375,401,3,819.54,2024-08-17,US
701ad4e7-2af5-4d38-9b05-024de5ca0fb3,963,77,5,524.9,2024-05-01,US
6cc52b1e-9c69-4286-aa9f-37bc8ed967dc,554,194,2,919.28,2024-04-03,EU
0bb4896c-7c69-4fed-8280-be5e183c9ba0,109,336,6,1035.04,2024-05-26,EU
01670ef8-8126-4a95-bffc-54c3ed6f40c4,339,337,10,2940.94,2024-05-03,US
52dd5d15-23e4-4c6b-8726-8af76be14040,186,156,5,1697.1,2025-04-17,EU
d6fea661-85ca-419f-8c0a-fc1077cf82e7,245,96,4,979.42,2025-05-14,EU
65ef54a6-aba7-4a5a-8a39-a6ca9edc292b,855,273,1,338.28,2024-10-17,US
92736329-f961-4e1c-9163-d766ed99ac04,291,453,,32.65,2025-02-11,APAC
4c0d5a20-eeec-4bfb-9063-6229dc1083c6,924,447,2,886.85,2025-03-22,APAC
4d443b31-b7d1-427f-9682-353608a7bc5d,973,325,5,2012.7,2025-03-15,US
3819a6c2-74ab-49f9-b96e-d4c3654f9837,629,26,2,407.02,2024-06-27,APAC
d2e8cd74-a99d-4fa8-babd-af0d4373d2d7,186,26,7,1963.64,2024-12-30,US
996a85d4-3d5d-4baa-a423-8cd5c1137410,754,447,,307.51,2024-03-02,APAC
34ea5a83-58f9-4a71-8936-2e5b6c5d3976,204,110,5,2404.63,2024-03-05,US
7e213945-29a6-447b-b88a-9cc5ca6a881f,928,341,6,1940.0,2024-11-11,APAC
a40c74fe-a102-447f-8664-6e6086b75421,897,435,7,1807.08,2024-02-19,EU
3ab384c1-4da6-4918-ab46-ebfd97e663a6,704,71,6,1544.36,2024-05-20,EU
440e0e58-0f79-4ad7-af9a-fada3ee767b6,68,41,10,4937.25,2024-08-02,US
7c6fdc42-58ab-4c69-852c-0d9b4f9b3859,164,476,3,981.17,2024-09-27,APAC
d2253ba6-cf6f-40a5-a8d1-fe8468ee965f,800,402,10,1534.37,2024-12-07,APAC
24e71a2d-3b80-4132-b8ed-2b0f71f92e2f,712,42,2,929.2,2025-02-20,US
00cdfb71-b7f6-43ff-bb0d-fe8e06f31248,16,43,1,116.39,2024-02-11,US
8a236211-74e6-4ddc-89cf-3e04955ddc62,360,289,3,1142.04,2025-04-09,US
ac628c95-f57f-46c9-a44f-df62d951a837,279,496,6,475.48,2025-03-11,US
5cf2dc7b-6ee8-4065-b05d-7568da4ed0ff,915,130,2,755.73,2024-02-17,APAC
d9387907-83c0-4f32-bf26-115e36d7aa52,307,455,1,489.64,2025-07-04,EU
5bf8bd3f-5c9c-4c64-b35b-434d804a444d,734,225,10,1226.78,2025-03-15,EU
8fa96e72-0d3b-4589-a837-89c15f0982ae,73,347,4,29.8,2024-01-21,US
059e7580-e265-4b07-9f7c-f2fd93383de4,218,312,1,17.28,2024-10-24,APAC
63f720ad-444e-47dd-a670-9184c6b2cea5,571,387,8,3313.79,2024-10-29,EU
86535ee5-3dba-49f1-bf68-911c977fffce,545,148,3,1379.98,2024-08-26,APAC
6245284f-95a8-4090-ae37-e1c3d621c6d6,703,176,10,1218.39,2025-01-01,APAC
10c91388-946e-4255-903a-bb92e446e8cc,206,355,4,1878.16,2025-05-23,APAC
3a62111c-6d09-40ef-a14f-0676c77c7611,171,39,2,855.69,2024-02-21,US
42b22586-5490-4990-9de1-9fd48713674f,716,62,1,416.75,2024-08-09,US
f14b448d-4594-4f28-b14b-36faace17f42,3,147,7,1833.26,2024-02-11,APAC
3e0d40ba-b8f6-45ac-b3af-4fa465db054b,970,484,1,437.24,2025-02-14,US
f89efdcb-f2fe-4eeb-8a05-d66ff9c731bd,183,172,3,1020.38,2025-02-23,APAC
64170a6b-bf42-4c74-adb4-32397419d847,115,280,5,1913.59,2024-09-10,APAC
2b012a38-b0a9-4397-bb10-bca5d0d4167c,687,446,7,436.83,2024-05-04,APAC
7b431cc5-7219-4b9a-8b33-a54aecf7f468,631,164,8,3395.31,2025-01-23,APAC
09294c13-5229-4494-8dbf-28e0b6adcaac,33,264,7,2105.88,2025-07-02,US
354df041-8efc-438f-a504-05f7fe5d47f6,81,411,9,1109.99,2025-01-03,US
61a8a915-cc1b-4dda-9b85-6c64bc052658,771,301,4,1911.23,2024-12-20,US
81275bd4-a900-415e-b2e8-08dfa1383d68,30,242,9,3606.98,2024-02-07,EU
fd239a10-8162-4ca9-8078-60d7f4c7d2c3,822,431,3,572.87,2024-08-03,EU
8768c489-abde-4f61-89f4-6ec82c46fa64,361,241,5,1565.51,2024-12-19,EU
6f9ccdfc-a373-48ad-ab12-a053557215e0,901,354,1,90.42,2025-05-05,EU
02dd4eb6-b2bf-4af2-8aa9-a444e6f4f183,311,434,6,2602.41,2024-10-15,US
b2a5184f-7421-47e7-9ec3-e3f8de75c138,617,53,6,1631.51,2024-09-27,US
68efa1c7-fbf3-4268-853b-9af900849b12,851,387,2,970.75,2024-12-05,EU
e3a4b89f-3284-44a1-ac80-9b0bf8c9aa90,908,148,,333.17,2024-04-26,US
b3184111-9e66-4102-bc8d-569ca8347e54,520,78,5,1085.82,2025-03-13,EU
5002556a-97e7-4fce-8053-6d05c389583f,579,211,2,675.85,2025-02-15,APAC
437e2151-9d01-408f-88a4-ecdba9dfdcb8,218,168,10,916.03,2025-05-27,EU
bf7a4056-4cdc-4d8b-b230-20ec858eb4a3,25,381,5,1294.66,2024-11-09,EU
60f4f22a-3018-4bd3-bdf3-190853a9c960,867,24,8,3899.45,2024-03-11,US
fefb4a84-9407-4057-83a9-b5fbff2a5653,456,112,1,495.84,2024-09-10,EU
96bd04fc-c742-4a87-938f-93e1f883c8ac,317,43,3,141.43,2025-06-03,EU
12b32717-c37c-4d23-8133-6f5de8042bbd,749,122,10,4561.18,2024-04-26,US
dc1f6ff6-4348-4d31-8cd1-ccf6207f9ba6,369,35,5,139.53,2025-03-16,EU
415abc03-4a38-4334-947f-c1dda66949e0,86,209,1,264.12,2024-09-28,US
bdb9247f-1a4c-44da-859f-2b3d72f6bc8e,257,17,7,2247.85,2024-01-16,US
2d56b3a5-a06a-4850-8619-840214e9f7b6,10,84,9,285.12,2024-02-24,APAC
bb1d3cf1-315d-4ae5-bab0-8baa597d8061,319,13,7,3230.22,2025-01-13,EU
5548e2a3-82d8-4eee-98d5-2296615ecac9,923,287,1,333.61,2024-02-14,APAC
e1219667-5a01-478c-a469-6819ecdf7cb5,130,21,3,247.4,2024-08-05,US
f3887b71-babb-43d1-aa6a-8c219b860551,33,16,10,3432.72,2024-09-07,EU
21f9355d-8155-4ce4-ba35-82b736672c81,594,220,7,385.33,2024-03-27,APAC
fc9c65e5-8e45-4d47-826f-828057b1eb9f,277,284,5,2136.35,2025-05-16,EU
237ceab6-69ef-44a4-9afb-db943a6f317e,517,214,3,621.07,2024-07-07,EU
5f843d1d-cb56-4897-9697-6928a7d131a4,210,477,2,427.27,2024-06-24,US
805b0305-e984-40fc-a7b6-aa235591e638,202,439,1,26.36,2024-05-19,EU
03b7d10c-30c1-4788-90fb-f71944bca685,900,87,7,1809.41,2024-03-19,US
ce9cefa1-b436-4578-93cf-3fc7c2edab7f,87,73,1,365.36,2025-02-07,EU
85b04f9b-ea65-4beb-a7b9-e169f7c5d00c,402,253,6,372.78,2024-06-07,EU
856ceecb-7bf4-4602-bb13-4c0db68c40a8,869,322,3,1076.32,2024-03-15,US
b1ae2adb-9766-4ddc-892b-ef1b70f250ac,846,336,10,389.87,2025-04-13,APAC
00ab0d61-d0ca-4559-96fb-85e568fc1f21,930,227,8,3931.23,2024-12-21,US
4364629b-6e1e-4393-9a89-94c278e66ffa,473,436,5,1986.88,2024-11-16,EU
ba240c9e-3823-4d25-99df-de33a453c9c5,308,416,2,492.94,2025-06-13,EU
cfcfeaac-115a-4781-84dd-f0c15f2bef43,103,134,6,1424.32,2025-06-25,APAC
ea3d4c9c-b704-4579-acc5-b173b75dca79,653,412,10,1074.8,2024-01-19,EU
40d6bae3-dad2-4a0b-bddd-be365f13438f,778,32,4,1613.52,2024-06-29,EU
c1851854-a084-4b4f-b424-7ecc2dff3525,192,157,5,2322.58,2025-01-16,EU
6df31b1d-1127-444f-be96-9cf87dbefd8f,303,78,7,2857.33,2024-02-10,US
1ff69000-da1e-4bb3-bbf9-2c9c4e858005,377,56,9,3194.28,2024-05-30,US
53dfddc2-a04a-4497-b3b6-1ba0e9d1230b,411,84,1,310.56,2025-01-21,EU
47bc1233-11b3-4344-b808-d3983d758b30,655,482,4,28.46,2024-01-12,APAC
56f1f3ce-fe8f-43d8-b071-88c29a4ab510,514,338,8,2132.4,2025-01-21,EU
84ae18fd-80dc-4d37-a089-3f696ddc14c8,955,151,4,1650.9,2024-05-06,US
618ab986-cd77-4ebb-a71a-c395c78461f5,148,426,9,2234.83,2025-01-15,US
aa5ef4af-6718-47c3-8888-8a98981bb25b,301,25,,335.49,2024-04-22,US
ff22aaa4-9ac2-4bb0-93f8-898edbf2d0aa,370,432,1,43.46,2025-03-31,APAC
41162e26-ec34-4441-8874-3b4f8383b5d8,523,226,8,2601.75,2024-06-13,US
cf650e0b-eeb1-4fb1-a4d2-7a7380a12693,6,143,2,763.41,2024-11-15,EU
22520efe-f1ae-4fc9-9955-8ce4e34502d8,313,35,10,4037.11,2025-07-01,US
0a6c6407-000c-40f1-9b9a-c68d52139c05,19,374,2,183.99,2024-07-26,US
87908749-7267-4ec9-8b3a-ecc0acf6fed5,78,371,7,1009.54,2024-10-16,US
8b015332-9bb9-433e-9f64-6d4058c54624,812,124,3,20.13,2024-01-21,APAC
40c857cd-5a99-4131-9e38-ec1e4246d4ca,50,57,9,3591.79,2024-08-15,US
af1d5499-8132-4659-ac21-e375996f3eb0,813,427,9,125.97,2024-02-24,APAC
0497aac2-3f5d-47bf-aaa1-d93d204f9bd5,71,39,10,655.62,2025-03-03,EU
94dfcb48-fbc6-4a3b-93ba-a22b58927a6a,20,95,3,1427.1,2024-07-31,US
dcd7d254-b95e-4fc5-975a-a5fd2d6cc93e,576,149,6,2360.89,2025-05-16,US
680158e1-ba04-49c2-b0fe-b496e99b617a,858,262,2,106.28,2024-05-25,APAC
5a125d8d-3712-4099-b152-4d0d17e56a6d,170,157,5,264.79,2024-08-20,APAC
3df3ba70-a466-4ac2-84f9-a657a1914d91,170,391,5,717.85,2024-01-23,EU
9ee1cccb-d7f6-41ca-b9ee-284acde89886,365,400,3,797.86,2024-07-04,APAC
6308c266-a3b5-42bc-a65f-b6a24c54fc11,382,31,2,343.16,2024-11-09,APAC
41a6c7ed-0ca1-4244-b962-c8e0441f6562,358,238,1,480.27,2025-06-21,US
9a7d4f23-a3de-4340-8973-3eeb3693adf5,628,198,2,892.7,2025-05-19,APAC
d4cb83af-544f-403b-a976-8283d3c27f0a,405,172,10,2688.42,2024-03-02,EU
7fe36c73-05e7-4e6c-aac3-2844a648fce4,865,330,10,4583.47,2024-08-31,APAC
b8eb314b-ac21-4e05-9404-125690249e49,59,208,9,2706.2,2024-04-25,EU
f058a5c3-92b4-478d-aca2-4850284e3484,616,153,7,2294.71,2024-03-27,US
b6dff35b-1584-4be9-a184-282b01287926,568,391,9,457.38,2024-10-11,EU
c52d135e-3f31-4c7d-bb10-e4435c0ba0df,384,358,3,402.85,2025-06-15,EU
1ccb8129-90e1-40de-9723-53b4fcd863b9,236,2,8,3147.36,2025-04-26,APAC
2b147e66-7977-4bb3-b0bf-d271f37fec8f,41,359,9,429.03,2024-08-25,US
8eed0633-52ce-4bb2-9a5e-656f1aabc628,105,495,7,3400.52,2024-10-12,US
2916a602-95a3-4346-a93a-4671ae274b3d,663,468,3,472.11,2024-05-22,APAC
4524de6b-b7f2-427c-9616-e18184f5cb2c,93,324,1,496.59,2024-01-30,APAC
dd655c5c-81ca-40c8-8d23-04b29c6ad675,263,318,3,724.63,2024-06-21,APAC
2e607190-b4f8-44a6-995d-347443a26a4a,67,403,10,3975.66,2024-11-27,APAC
2e4c1a35-38e8-4318-af16-d0ce3c74c3dc,395,53,,431.03,2024-02-14,APAC
47dd6b97-c517-4087-afc6-c318176e1bdd,909,86,4,407.88,2024-12-01,US
276bcb41-8302-4cbd-91c6-96993ee89fad,25,198,5,592.89,2024-07-21,APAC
e4dd3d0e-41ff-4829-aefe-474d39547af0,480,27,3,1269.18,2024-09-26,EU
ee9db2a6-5a37-45a8-a10e-e6a627d43ae4,328,303,9,720.37,2024-12-15,US
70fffe45-9a7b-4650-8a4a-2e2763a00fb9,483,320,6,2661.46,2025-01-22,US
9caee304-e995-48f3-8f37-51a3a2c04b77,930,407,8,1826.29,2024-08-14,APAC
6b82cf5e-1247-4e86-ab5a-7dce5f3b3f35,699,6,1,270.43,2024-12-02,US
85ca8279-9e90-41d2-9f20-a73ff844b48a,328,27,1,51.81,2024-03-09,EU
a496e008-d8aa-4b64-93eb-74ba5886a1c5,295,222,5,192.52,2024-10-09,US
0dcd0d13-b4f2-49ed-af2c-5e7f3461971c,958,475,3,952.15,2024-03-06,APAC
9686311f-64fa-4dc8-815e-0671cfe94bb2,574,273,1,97.93,2024-01-25,APAC
778ccc98-15bd-46ea-9e5d-628632f64eeb,776,453,10,62.68,2025-04-05,EU
3def869a-c113-429d-ad65-6d4eaf62675a,431,270,4,859.17,2024-07-10,US
3ee4619b-8f8e-4cc1-b389-1e28f190234b,224,229,7,118.2,2024-09-14,EU
8a6456a2-212d-4119-a9fd-24e8e67c2c65,448,77,8,1584.73,2025-01-11,EU
412f3d50-9b5a-44ee-a62a-ff7a7e2bfd93,630,28,8,1631.06,2025-02-25,US
6a8a4d80-32d1-49ab-8fa8-60fdefd1b2b0,847,383,5,849.54,2024-10-21,EU
e2a21938-5ff5-4cf4-8cf1-72c7c93ce631,246,25,7,254.44,2025-04-25,US
d500953d-9dde-4067-8b30-abd9779daabc,590,68,9,1661.95,2024-06-07,US
e56e0529-dd76-4a0c-bf76-d2e493c49008,682,333,1,360.04,2024-07-05,EU
4396d822-6404-4cae-9d29-fd1104ad0a0b,729,457,5,1756.56,2024-04-13,US
435d9747-0ce4-4a94-b05c-b858562772c6,81,359,9,3200.54,2024-07-02,APAC
59cd6c2a-2fab-4f3f-84ab-472fb7024008,815,406,4,523.65,2025-01-26,APAC
c15c97ca-49eb-4b21-88f9-4a36d559e060,97,30,2,440.15,2024-01-01,EU
c1a5a6db-953a-4ef2-8937-e092fe83819c,497,142,10,2936.32,2024-06-05,APAC
25252587-20cf-49c1-85f7-8e2196630045,70,332,9,4488.8,2025-01-17,APAC
f5a4b96d-7f66-4316-9e0a-a917cde28b35,499,437,10,3254.46,2024-12-22,US
ef3534ab-4053-4094-8ffb-62ccd3f278ed,862,422,10,2184.58,2024-06-12,US
b8bd2a19-3df4-4505-a333-06a9f88a7453,202,42,9,558.03,2024-08-23,EU
7156879c-4e13-4add-aa52-3d79f88891b7,622,76,8,3162.75,2024-07-15,EU
9e584fc1-8a32-41a5-ba7f-72fe446595a4,207,292,4,1072.7,2024-11-18,EU
bb77603a-d4a0-4e5d-bb66-bf02ae814773,203,314,2,121.7,2024-07-03,US
477bb3ec-880d-4c72-8553-76cb7bdf7fa3,120,454,6,2462.02,2024-02-16,US
3275d278-9674-40af-b8c8-3c0a29046acc,627,361,3,1312.51,2024-01-07,EU
0e644a36-6118-42d2-b927-bdbbb6e805da,996,388,9,242.35,2025-04-11,APAC
2dddc3f5-7fea-4e48-8edc-927d762a1761,196,287,6,2206.41,2024-07-10,APAC
21528c1e-495c-4d9d-adb9-1bd2e2619245,902,74,5,88.47,2024-10-08,EU
2f4b6427-cd21-4797-aa4a-bc40f6672014,55,80,6,166.44,2025-01-31,EU
3fc8ef01-3e76-4afb-b5f1-5c6270b33055,730,314,2,235.77,2024-04-20,APAC
f0cdbe38-0b72-4138-9f65-87c033906e84,675,290,8,3524.91,2024-06-22,APAC
10e48093-449d-4f56-a81f-18788e149cd5,995,154,5,1326.13,2024-03-13,US
f7ef4498-182b-4026-8d01-3fc2668be71b,359,106,8,1553.67,2024-05-14,APAC
3c7c3fd2-11d1-4314-a4b3-3407566ccf5f,86,330,8,3587.04,2024-02-13,APAC
d1fbf667-7f53-44af-9b58-daa72723cf07,930,240,7,1134.98,2024-02-23,US
28b23dac-ee22-482e-8015-6dc29f1f4cf0,471,346,2,579.84,2025-01-03,EU
4ab07677-0c2e-4037-9738-ccd7b7762cfb,379,229,7,2366.62,2025-03-21,EU
261d2824-4222-4d43-81c1-36ae3e9457b2,964,32,4,1959.95,2025-04-17,US
eb195d80-0e8b-467d-a2a9-ff16ae259b60,740,228,5,628.31,2024-10-04,US
82874410-886f-40e9-bf7d-72ea4c78c9db,207,430,1,39.25,2025-05-05,APAC
a5c3c20f-7b41-471d-a578-4054529694d5,61,414,6,2834.38,2024-09-27,EU
79cd9ecb-e42a-46a0-840f-bcb4fb5b0901,384,346,7,42.22,2025-04-23,US
aaefa06d-2e02-4a87-98ae-b19b73b415bd,389,319,1,458.06,2025-04-04,EU
d6cb4313-f6fc-4387-b752-72a1d07feab3,967,312,3,65.74,2024-03-24,APAC
8f1fce11-0843-42ac-bcae-5fabca2b1ed9,314,168,6,314.84,2024-10-28,EU
593b2232-95b1-461f-8ce2-f7501702cf38,336,192,3,632.63,2025-01-21,APAC
88386e05-2dac-46d1-8ff9-8c4cb7acbdbf,552,67,2,82.11,2025-05-10,US
9a5354b7-14b5-44b6-bf25-1a85c81cfdb7,464,314,9,1772.74,2024-04-21,APAC
ff1b71f0-5603-4640-b11c-63d80653a87b,492,489,7,1155.48,2025-05-15,US
f8ab6993-3f5c-476d-aa43-833a0ddfbc49,750,431,1,130.54,2025-03-30,US
514b1ec0-9e51-4cd2-9af9-0c3b1a9a155d,797,291,10,3452.14,2024-07-28,US
f0cf45d9-582e-4a1b-8efc-9a47b20f5685,757,118,9,3797.48,2024-12-27,APAC
62190abe-9e0e-477a-ba6c-a5e202a212eb,157,325,3,315.61,2025-01-16,US
0e3b4cb6-2620-487a-9483-b1301053110c,859,334,7,722.6,2025-01-14,US
8de4f227-6235-4031-a35c-8c04c1f8164e,568,158,5,704.23,2024-01-24,EU
cc6572bc-90c8-47e5-b003-28fe1c75053a,526,450,4,923.42,2024-08-06,EU
5505a9ff-b1f2-4926-8691-1ecb1de38a2c,528,499,8,1924.72,2024-05-07,APAC
429558b9-49b4-49b9-a8a3-6a6556ba23cb,293,408,1,310.37,2024-01-24,US
d5f77413-e0be-4087-ac80-6f8060b96601,243,119,5,1067.43,2024-01-06,US
bf1c7376-0b8c-4b09-80ee-d1482d788743,998,498,4,1108.51,2024-02-17,EU
d57fad09-82f2-46c3-988c-ba6649fff904,724,202,7,1342.15,2024-07-27,EU
e1c2fb0d-8cee-4386-be07-c957bc921e58,212,158,8,1198.78,2024-05-30,APAC
543b43d8-b33b-4e64-880c-7c19544292f3,454,296,8,2240.62,2025-04-18,APAC
ff72b461-140c-4995-9ff4-b6d197ee51b6,353,255,5,2348.1,2025-01-13,EU
f385f07c-1bf1-41af-b4a6-6820499598df,944,243,3,769.84,2024-01-18,APAC
f2549c99-0c9f-47fd-8de7-4ba868d3e820,315,191,4,424.0,2024-12-23,APAC
f30759e1-018c-4873-8fb6-a57e49245922,643,329,4,39.92,2024-04-29,EU
023b9500-06c7-47ed-b7d7-a682ac150172,709,307,9,4150.04,2024-04-21,US
332a745b-a6c0-4f46-9a17-18c610858118,43,306,4,380.11,2025-01-19,APAC
f42cc11f-3207-4f85-aa46-062b4d3f5874,996,150,,499.88,2024-07-19,EU
8ecb9e8c-fcea-45cf-9d01-56b4b35e3fc7,501,376,7,1425.67,2025-03-27,US
54c2cc65-f586-4a85-8635-c08937403156,229,31,10,4478.06,2024-07-15,EU
923d5e17-6a4e-447b-9629-53600065f3d7,816,177,7,84.03,2024-04-15,APAC
24660465-fb0b-4d6a-a68a-27e93e6cdec1,860,99,4,1759.7,2025-03-19,US
846852f9-21b4-4f7f-8e25-d9888f1ce62c,319,249,,32.64,2025-06-12,EU
07328d36-5f4f-4449-a5ef-da879f60fa2a,426,498,9,3892.17,2025-04-22,EU
16b3e87c-0ea1-44f5-9a0c-a9b1c6ffacfa,508,463,5,405.59,2024-12-27,EU
96e4217f-5131-4baa-b25a-d731584e3601,398,182,7,3000.82,2024-04-12,US
4901ab01-15c9-499a-886b-7d28be4d9638,984,342,9,1705.43,2024-10-13,EU
ef82f65b-cd36-4727-b8ab-5d68825581f4,472,371,4,159.04,2025-03-15,APAC
1da0ada2-689a-4f3a-bbfc-f9d769f7fbf8,18,76,10,2467.82,2024-02-04,US
05ba4dd0-0573-4981-8a80-bb1429e02334,714,423,7,2575.53,2024-01-29,US
30e9aff6-ded6-4092-9eb9-e6767624545b,393,487,5,1661.54,2025-05-03,EU
b368a3dc-1704-496f-ac08-d256868829db,16,267,8,1951.36,2024-03-20,APAC
2127318a-73b5-4417-8158-f888dc79ccb2,177,132,1,155.69,2025-04-22,EU
73ec7b2c-c3b2-4cbf-8a12-06191cbc52dd,153,291,4,51.27,2025-06-07,US
445797b4-aa33-452d-becc-f9ab4f6f02ed,326,6,4,1757.75,2024-03-10,EU
2de9ed00-ae4c-425d-a88f-2002c973f847,494,498,9,1554.49,2024-12-11,US
ce839b13-7af5-4106-b444-cdabbd123d92,903,293,2,848.88,2025-06-03,APAC
e50292f4-2fae-4502-8c85-202ad2d5348b,982,387,4,1737.55,2025-04-10,US
7a479027-5b26-4c8c-a559-9c160031e059,399,304,2,607.7,2025-04-02,APAC
8a114b60-9151-4d48-9565-6bc046f89d82,356,425,,317.89,2025-06-04,APAC
cadad363-e2df-4bb9-96e6-46aabc58695a,548,135,6,1637.48,2025-05-17,US
f18b17fe-5308-4fa7-8fce-6a2ff71a4399,511,252,8,580.15,2024-05-16,US
aa613f94-420c-4c5c-867b-0b8d1aac240c,796,482,8,1771.49,2024-01-14,APAC
7b25d7d7-457a-4ef4-b60b-1d0555dd9e3b,4,321,3,764.69,2024-01-20,EU
c02436ae-8726-4c14-9933-8abfc1d2c060,32,445,7,2673.94,2024-03-01,EU
86f1f334-e85a-466d-98cd-0efad0105cb8,36,330,4,503.61,2024-08-04,APAC
f832d29d-365c-4826-8d20-eeec29dc3967,820,273,5,1594.05,2025-06-23,US
1500c540-9c59-4cc4-9739-6c4b92675e0a,302,473,6,2645.39,2025-02-23,US
111ae9b2-ee54-4719-94db-132f2024dada,721,482,4,994.77,2025-03-23,APAC
330e387b-0ec0-4210-b11f-5c0ddd3c8016,132,33,9,1960.13,2024-11-27,EU
d4d0acf3-db84-4c17-a5be-477ae66b9209,9,86,5,1783.04,2024-09-25,APAC
1142334d-2b25-41b6-ac5c-eec7ec7c99fe,613,295,1,116.54,2024-08-26,APAC
1423f664-e221-4eb4-ba58-d66a8c988c5b,883,478,1,460.43,2024-09-21,APAC
8a7dded5-98da-4a4f-a751-ea2572a34748,836,363,5,385.4,2024-05-30,EU
35305837-71db-41bf-839e-0d78a4d2f163,105,31,2,511.32,2024-08-18,APAC
e199e9ce-caa1-405e-b012-b71718a3d693,982,172,5,1895.25,2024-08-13,US
3ef87db4-9be8-4494-a479-f31dc3f23915,877,285,9,2246.48,2024-09-23,APAC
7ca019a8-52b2-488b-b2f5-e2694c2e6bc7,518,320,4,1106.88,2024-01-03,EU
8900cb90-7930-424a-9727-0208b30ea0c5,518,138,4,1997.7,2024-07-11,APAC
8817dd4c-d352-4f65-80f5-61421267fdc9,843,389,9,3681.93,2025-06-15,APAC
934bae96-5c9c-4ab0-b367-2f334ad1bbc3,67,21,1,52.75,2024-10-24,EU
ff07d7f4-849a-430b-a422-5ae7f5702bd2,714,47,2,571.14,2025-01-08,EU
c0a23770-bded-475a-a10d-4cb8a9a40282,682,19,6,223.86,2024-12-24,APAC
95d5b0a4-3204-4c42-8feb-ace20f88c4ab,735,440,2,457.44,2025-05-09,EU
a92a451a-8450-4620-bbbd-310d3eb57b3d,756,83,9,4121.06,2025-02-18,EU
7a4465fe-4df4-41b6-8fe9-25dad65fc579,500,84,8,2746.62,2024-11-07,APAC
bf176da5-1dc7-42cc-b936-5c2814e36094,780,86,1,321.16,2024-04-04,EU
5a100db4-abbd-44ba-b6f5-7adf63e01288,306,129,3,526.97,2024-11-19,APAC
bc8dcfa7-a5e1-4f35-ae2b-3c146ebd51b8,994,236,10,1410.88,2024-10-25,US
13a5f87b-ff91-4a3a-b6f5-45267adb9a1a,738,72,4,521.52,2024-12-17,APAC
54b8ec3e-d485-4adc-b5d6-d98fab5912de,638,109,,350.12,2024-04-24,EU
eaeb9fe2-1692-4622-82b6-af7ab8035794,20,45,10,1239.72,2025-01-12,US
cf7541b2-a864-4737-89f2-29c55217983a,570,304,8,2255.27,2024-07-27,US
57a93260-b22d-4274-8c7d-70666aa3f778,821,381,3,1233.85,2024-10-06,APAC
5cc98385-7f74-429e-a948-a2aa93cb342a,855,335,8,3158.94,2025-02-14,EU
df56a342-587d-4411-94c3-3ac557f61ddd,771,337,1,416.77,2024-08-17,US
7df7387e-c7fa-44e9-9c34-9e1fea159b0a,392,396,3,254.85,2024-02-15,EU
920abebd-0c7a-4837-96d5-ab44c678abe1,671,225,7,1697.46,2024-06-22,APAC
7c509673-77e1-448d-8cb7-39377fccb218,565,167,7,1612.75,2024-11-19,US
c0e392ed-e7d1-4632-89d3-6f1b8a036be5,171,443,6,808.94,2025-05-31,US
fcbc2ae9-1ea2-4977-8328-0889f068dcb6,614,44,3,1212.47,2024-01-20,US
205e4c35-757a-49a7-86c5-bd741a5ca66c,472,128,5,126.29,2025-05-30,US
28e7fbb4-ce50-4748-aef5-e608bcfc7014,595,408,9,721.46,2024-12-17,EU
e1123803-83b2-498b-992c-a15b8668a5bc,521,386,4,369.41,2024-01-26,APAC
5ef1f295-7eaa-452d-966b-74537ac03e8f,561,64,10,4386.42,2025-03-04,US
09fdb44e-14f6-4f3c-903c-8582c80af463,416,417,2,849.38,2024-06-24,EU
4422e7d4-06f6-4ef4-b8c1-3173c557eea7,493,169,6,356.33,2024-07-12,EU
060ac572-6dc7-407b-9935-e6129cc540f7,190,110,8,1220.9,2024-06-29,EU
62ca61a5-6f00-4788-ab80-0b4c3b381581,264,450,5,1493.41,2025-01-14,EU
469d233a-bc44-42df-a1a0-91918d982e7c,583,236,4,1381.68,2025-04-12,EU
b1c516ad-b05b-4586-a86c-a08fead1c8ea,403,485,8,950.09,2025-06-23,APAC
1d088738-6575-4b3d-aa35-08440dda01f8,661,411,10,1131.92,2024-05-13,US
80edb624-2ece-4fa7-bc20-4130d6b83ca3,538,306,8,1942.94,2025-02-04,EU
be28a2b1-689f-48b0-b56a-d6aa9f3ea866,357,427,3,226.87,2024-11-23,EU
c07d4495-ca88-44fb-82e0-4898c5cebb02,351,425,1,182.28,2024-08-04,APAC
afaaab3d-06dd-41e9-b126-e194e4706aa1,920,343,5,375.21,2024-06-12,EU
98d81091-e396-4034-b448-177e82fe1c9c,580,489,3,210.39,2024-09-27,APAC
b050209d-2f80-4973-8122-67e281d13dcb,564,275,6,1122.93,2024-05-12,US
254d8eb5-80a6-44a9-bf72-52382d1e4cd7,234,132,10,3787.67,2025-04-29,EU
a0d53788-3ae7-4e55-9406-c8ca7ea85b4b,859,105,1,482.95,2024-11-10,US
4a9f8b96-d9c1-44af-aa0d-15293302d067,432,13,3,798.89,2024-01-22,EU
845e2043-8fbb-4244-9c13-ca19d16acf0e,83,248,3,583.81,2024-03-08,US
e2e12e63-581e-458e-a209-7e0b98b770e1,129,118,9,251.48,2024-06-10,APAC
145f98bc-8b5b-4fbd-93a2-f1380fcc54bf,859,231,3,1375.62,2024-02-01,APAC
3e504437-8875-4763-aa2d-220b0fe0c094,232,216,4,1287.22,2024-12-13,US
bb2b2cb8-2b9a-406c-b1fa-81ea81b87d0b,228,428,5,2149.16,2025-07-04,EU
5a4c9e7f-8236-4f40-965f-851ae5e141ad,662,300,3,1221.59,2024-04-13,EU
b409baed-a63f-43d5-a9cd-925771c303d5,404,350,,175.98,2024-08-10,APAC
b66a27a2-a63e-4e7c-b998-85dd4fa15fe2,925,499,1,151.12,2024-08-27,EU
f9e99ad2-6a9a-4496-a2cf-85e0428f43f9,368,288,5,650.05,2025-04-06,EU
10b54d10-e608-441c-a4ac-773855da51f2,48,255,10,4516.67,2025-02-03,APAC
85b8a749-fb6a-436e-94fe-e0b7e1584b5a,682,487,1,431.03,2024-03-25,EU
67e90d1f-1c37-45d7-aec6-3bc60d6a0e67,938,277,4,172.94,2024-07-23,EU
c308abe5-f713-4209-852c-6406003a0d9f,130,336,6,787.04,2024-01-13,APAC
9eda3451-6c5d-4722-9bd7-76c094ca0b90,578,369,4,686.6,2025-02-27,APAC
76481503-122c-4ca6-ab3d-82e9a5789066,504,76,2,238.83,2024-06-21,APAC
86206ba1-9c93-4b51-ad3f-69b656b2f9c6,463,408,,218.05,2025-05-11,US
0a14193e-6234-491b-aef1-1145d083240b,170,37,4,520.68,2024-01-19,US
d7ab82e3-a0b3-4eed-99bd-f02b9f10c55b,326,429,8,961.13,2025-04-08,APAC
27421c32-386c-4672-9da7-a9123328b7c1,307,17,2,373.73,2024-12-20,EU
40898a43-7d41-4cd7-bf7a-79305e0075ce,216,422,10,2197.97,2024-02-05,US
d65f023a-b246-4cdf-86ab-7695fd36ee01,306,153,3,873.53,2024-05-30,US
7a0d79bb-c238-466a-a8c8-0ae5c95ebfd7,14,329,10,4554.61,2025-03-13,APAC
9173371a-6e91-449e-a811-601de5a14609,465,423,5,1537.89,2025-04-07,EU
0144f4d2-5b8f-47ab-a482-49e2be8f4d7e,271,214,9,2713.89,2024-07-06,EU
a7c00098-0172-4cad-a1c1-dd62006ddfca,114,421,8,3531.91,2024-02-14,US
28f1173f-6731-4583-b874-9b8ea33892a7,603,251,4,241.63,2024-04-10,EU
79c12b96-21d7-4332-a0b7-8354402b5037,414,439,8,525.95,2024-05-25,APAC
b8d71faa-2ff8-43dd-8c0e-3b356cd8fa3f,911,131,8,1629.46,2024-12-26,APAC
114a5f6f-3c15-4ef0-8347-935af870935b,474,130,1,184.59,2025-01-02,US
3ff62246-f977-441b-94ab-d2141d929c5f,953,470,6,2392.09,2024-07-14,EU
31c69a71-69a9-4954-8779-d392ac78cbe2,29,233,9,3223.58,2024-05-05,EU
225c43ea-30e6-4b35-b044-5b2796e3762f,944,223,3,1444.83,2024-10-20,US
999cf191-78ac-458a-9947-e93d9aafa53e,117,466,8,2662.67,2024-07-29,EU
0d703441-457c-4fd1-9296-9be96af403e1,350,259,8,3174.65,2025-05-05,EU
af5648f8-56e1-4164-9e8f-6f3970389337,29,188,,484.25,2025-06-04,US
5bab357c-0a46-40da-8605-87aa2a10983f,424,90,4,1797.47,2024-08-20,US
338d4b57-3549-4892-9ccf-07318f409894,888,169,3,100.29,2025-03-08,EU
1196c876-fc96-48b9-a556-1397f2ad9807,327,138,8,1109.73,2024-01-05,EU
16d8dcca-b43d-4b74-b4ac-cfa0c639f994,734,169,10,1020.75,2025-01-05,EU
849441b4-6a24-45e8-9cc3-ecfc4a5b9abc,458,4,5,41.9,2024-06-09,US
f1cbadcb-66a0-4545-92c2-a1f0650f7abe,772,290,6,913.56,2024-10-03,US
754e3780-6076-481f-bfe6-c8f004aac381,498,440,,197.33,2024-12-01,US
d5789ecf-bd8d-42d3-986c-199715a2d389,274,457,9,2897.31,2024-02-04,APAC
c0ff2646-9546-4333-b367-ad2796d9e4a5,749,304,1,423.35,2024-02-02,APAC
4655c87d-bd91-465a-b379-d32d9fc1b526,189,196,4,1288.37,2024-01-25,EU
e05e8ab5-a40e-4944-9dce-4681e337f5aa,138,26,1,420.52,2024-02-02,EU
512bce3e-3bcf-45b6-8b46-758aa10ac87e,794,390,3,98.83,2025-04-24,EU
8723dd38-f144-4d3d-be2c-b58883f43a89,349,93,8,243.97,2024-11-19,US
cc17e195-9141-4fa0-922f-56ee0a23ccba,465,214,2,855.18,2024-07-05,APAC
85d7fcb1-87a5-432d-bcf5-cd35fda084f1,514,411,5,231.1,2024-01-17,EU
c5210093-a92d-49f6-920a-ffc957352c4f,863,113,10,2864.76,2024-12-13,US
0d052859-7148-4db8-91ce-4d129822bd3f,240,179,8,1747.61,2024-07-07,US
c9dde5fc-1d3b-4be2-aabd-b12d11908a71,3,424,7,2988.11,2024-06-19,APAC
118a4187-7a86-4c34-92c0-4f0b95f96645,79,78,10,3713.64,2025-02-22,EU
beae592a-e031-492f-8428-a7b3a9a0b6e2,685,46,5,1747.37,2025-04-11,US
6210747d-3438-4387-bc87-7bada10b7035,950,18,9,3805.94,2025-06-28,APAC
9bd1f0df-793e-4f2e-8594-6bd49963aa99,167,479,7,3256.3,2024-07-14,APAC
1cd98205-5806-4c6b-8da0-5980eb869d07,413,435,4,340.29,2025-05-21,EU
81f18fc9-70db-4a51-9e45-fb04804d31b7,643,80,1,193.38,2024-03-09,US
2fd393c3-29e3-4df8-9ba4-dc1af390b9b4,309,485,6,894.04,2024-08-13,EU
9e853113-2ede-410c-a524-6d89953cfbb7,922,407,5,2029.54,2024-06-20,US
bcd3daee-b85d-4187-b843-a43cb91dd58b,829,30,6,771.08,2024-08-07,US
85ef2906-950a-4308-986b-a23e349e5ccf,926,430,,289.01,2024-02-18,APAC
04b02e22-d4b1-4b74-8664-ba058c1e85bc,869,337,6,1966.32,2025-06-28,EU
2b6cd9b8-01ce-48bd-a681-89725faf86f2,676,277,6,2575.71,2024-07-16,US
1d180966-bb34-4225-b391-20cc8a36166a,609,481,5,1672.19,2025-02-10,US
0ed86553-9d14-4430-9d7d-9aac7cc3ab65,416,231,8,3384.75,2025-05-19,APAC
0f71831b-37ad-4bab-b41f-e1fb823b1e73,216,283,5,1361.42,2024-09-05,US
3bfa1bb0-e993-4de2-934f-4999196c10eb,30,124,9,3576.94,2024-11-03,EU
a0c7688f-0c88-4676-b353-32e18ea47dc5,425,470,6,703.83,2025-06-12,US
9ecd8d92-5f07-4dff-94ae-6bbb42670723,925,435,5,2214.73,2025-05-31,EU
63db3db5-ac34-4445-a257-12ff6f33eb16,832,407,6,1670.12,2024-03-28,US
71ee620a-b4d9-4efc-b9c7-4c00932ae8f9,590,347,8,2940.17,2024-07-16,APAC
599520f9-1177-4e60-a304-0e1b048e2abc,565,317,5,382.19,2024-04-18,EU
f44ac863-e168-4e5e-a70a-3934c947d668,725,410,8,2706.16,2024-05-16,APAC
4d3bcd14-2fbb-4ec5-91af-0c409762cb70,74,425,8,703.71,2024-06-28,EU
9777c3d9-6bc9-46c6-b2d0-3d4eb41b2ad6,163,415,7,1231.53,2024-11-06,EU
387873a6-9a60-4936-81d8-bbe3105956ae,993,6,3,942.53,2024-09-17,US
2c31e96b-9ce7-479d-a5a9-aae2835f20b5,852,418,10,1099.38,2024-05-14,EU
07241974-a89b-47f4-a067-075a8452976a,320,355,6,2190.43,2024-08-21,US
21e56ef1-15c1-426b-bff6-6dc6c5edd2c7,186,290,4,1056.37,2024-08-21,US
92120faf-9df6-47b2-94a0-22e05839f980,128,154,4,140.5,2025-07-04,EU
87727843-6548-4bd8-9177-8291d20633e3,773,435,2,901.47,2025-02-19,APAC
2cdc1028-cc5f-46bb-90b9-2154b690173b,515,112,1,390.53,2024-02-01,EU
7dcb2de3-07ef-45ef-b4d5-39f3d9f8ed39,674,366,5,2201.88,2024-07-04,APAC
61ab2b76-2de8-4931-8f33-f478d28dce30,180,186,5,492.39,2024-08-26,APAC
4c8265a6-d4b0-47f8-8a4b-2461290fcdf1,852,98,3,756.68,2024-05-09,EU
e0e1312e-ce41-4337-97d4-5b0fb00a4dac,419,235,10,3161.85,2024-11-29,US
95968df3-c301-407b-8b10-74e82863af8d,268,319,5,1873.46,2024-10-23,APAC
79233aac-4531-4cc8-b282-91a28e8a8b7d,818,118,8,2913.35,2024-07-13,EU
c09c663c-c26c-433a-b33c-f4dbcb1b1ba4,919,389,8,3278.69,2025-02-12,APAC
b88dd3c4-c2eb-4100-bb30-1fead5bd117f,666,40,2,254.56,2024-10-30,APAC
6cbbf00e-7b28-476a-b30e-5f955516f320,238,385,,80.0,2025-02-04,APAC
7363cc13-9f78-4619-8949-55d473c9c91d,556,374,7,2331.56,2025-03-30,EU
f0e89d38-3f86-440f-a3f6-629b0be93533,38,357,5,1754.23,2024-12-20,EU
ee15c2dd-b50f-4f80-8f86-29c188860c08,719,204,7,294.59,2024-12-24,US
32dcf157-d2ed-42d3-ac85-cf41e6b64927,926,163,5,751.94,2024-10-22,EU
b95d853c-4f7e-4a35-97bd-24d35b57b39d,154,219,4,1830.49,2025-06-11,EU
f884d06e-239d-4c75-b935-e51836fea087,276,258,8,3727.84,2024-09-20,EU
8b0d64fe-db0c-4f06-8134-6d637ff1de39,130,219,7,1490.0,2024-10-10,US
265cf29b-2cbb-4eb6-989e-141071ff6415,626,161,6,1581.63,2025-04-12,APAC
1245936f-5bf5-4332-a3d6-c7e3cd171af9,516,473,1,210.5,2024-04-21,EU
257839dc-5ed1-46a7-890e-11838b88302f,651,485,3,553.44,2024-03-14,APAC
4ef036b1-c7f0-468b-ba4b-b5f290c3b33c,77,56,6,2958.88,2025-01-22,APAC
c0ea5d7a-ff51-494b-923f-4372af6347dc,409,30,7,719.52,2024-02-26,APAC
c12e8ccb-3a1f-440f-b0e5-677ec8e6c76b,966,328,5,1419.15,2025-03-17,APAC
440eb074-a796-4771-992d-27ebbc3c7522,366,384,4,660.91,2024-02-29,APAC
187b5e8b-6a0e-4a9a-9487-0146a93ef8a9,136,107,8,474.48,2024-04-07,US
f5c2109f-37e1-4017-8117-e53615bc8da2,809,202,5,431.22,2024-04-14,EU
9eabd4ad-2ae4-4e87-a617-af940125bf9c,170,451,3,953.17,2024-04-30,US
da1247ab-b330-4593-a06a-1d4fe289171d,409,459,7,861.73,2024-07-16,APAC
aca1d680-4d43-4bee-94ed-773a19f3ff67,927,283,4,823.8,2024-01-26,APAC
6acf0318-7245-40f2-991c-1a202d9bfc6b,763,33,4,1680.06,2024-10-20,EU
961df3d1-a468-467f-a72f-5285edcb3b56,118,183,3,161.31,2025-01-10,EU
23068eb2-63ee-4009-969b-04b5458abea2,798,452,8,2132.63,2025-06-01,EU
bb4d686b-b218-4d24-a92d-17eec297e1d3,171,196,8,1169.86,2024-05-05,EU
626bd2f3-631a-46dd-8886-77908b5e7b2b,595,141,3,1260.29,2024-01-31,EU
01410db3-a1fd-4dcb-8552-1f04dd49cbf5,416,330,1,495.13,2024-06-25,US
1398ea5e-3872-485c-931d-54d1fd258ff9,11,254,9,3126.19,2024-12-23,US
74f05f8b-c437-43ae-8edb-af670baebd71,296,179,4,133.84,2024-02-07,EU
b1239983-9e7c-4638-969d-f270b59cacd0,279,297,10,4360.43,2024-04-07,US
056ff3d6-00d6-48f3-a9d1-14eb8bcb0927,725,217,5,1787.95,2024-05-11,EU
19052fad-39ce-4b25-a2da-f9926d60cda0,851,128,8,2398.33,2025-02-08,EU
73543a07-8fb4-44a7-bfb1-195897d1274a,150,214,7,2745.69,2025-06-13,US
c06c30ac-0849-447a-9789-33eda55ed0c7,472,449,9,2943.33,2025-02-18,APAC
875e876b-271f-4fe3-9779-ad2e0da65d54,866,292,7,2722.95,2025-02-07,APAC
62423cab-90f4-4e0f-b06c-868a2c3c449d,907,214,1,409.02,2024-01-28,US
9980991d-30d3-4252-b6ea-14877e076d59,496,457,8,364.08,2024-06-02,EU
5d4836d6-57d1-481c-8b23-fc4e92e5c227,893,53,9,3687.76,2024-08-21,APAC
53439fb2-f098-496f-98ed-688b76204a72,863,201,10,4624.28,2024-11-11,US
82f6ff8c-94f2-4378-ad32-930f69649d14,155,294,6,388.65,2024-04-11,APAC
dd670708-b232-4408-95d3-312c137e67b7,503,242,9,892.46,2024-05-26,US
ff2f87c7-3aef-49a9-9289-0051ec519de6,770,258,9,4400.96,2024-10-01,APAC
ff4d1f1b-d3c4-4fc6-b398-360a9803f5ef,702,218,10,4997.2,2025-02-15,APAC
e9f08cd5-7409-47c1-b3c0-a73c79b8114c,869,386,5,1720.46,2024-02-11,EU
380f3b89-a211-49c3-9710-c88096179c95,492,463,4,1762.48,2024-05-11,EU
15a92254-4993-4175-a04f-ab89b97d0962,282,225,5,233.1,2024-10-10,APAC
71063dda-48c9-49a6-8df7-23fec45a87ec,835,224,8,3438.08,2025-05-13,US
57b29bac-ad28-4fc3-8a30-2ad7c9af0462,268,447,9,2984.58,2024-11-18,US
bbf6d8ba-3563-4d78-9a52-3f671769a132,414,243,9,2363.63,2025-06-03,US
fced5414-8b48-4df9-bb3d-86ac72404b02,739,91,9,1390.5,2025-04-13,APAC
39a40b95-d78e-4bdb-ae96-8fc00d1517bb,489,402,7,1527.05,2025-03-16,APAC
a5b6c415-12bf-4b1a-b1f1-a73b04cbefda,696,399,2,726.12,2024-02-06,APAC
94a290ac-d9f8-42e2-bd3f-5d66dc7663aa,667,87,4,1264.61,2025-02-06,APAC
a5fc7f39-b53f-4707-9136-7f90767d5d2a,656,375,1,132.9,2024-05-02,APAC
eb47de86-2e88-4c15-a58e-137f83b2de1e,593,365,4,1360.59,2024-08-10,APAC
8ee56c6e-cc57-478e-9f24-f188f8ff8492,899,436,5,1354.1,2025-01-08,EU
dadf0161-96df-4fb7-8491-7462d6182ce7,842,375,8,1425.39,2024-06-26,US
f0eb96e4-283d-441e-933a-6122f0bbd15b,663,69,9,2817.87,2024-07-06,US
c57e348d-f3d1-4ed9-b8ca-0ee7d9e962e8,985,107,5,1393.69,2025-06-06,APAC
d6a07238-1800-4460-a855-cfcdca3140aa,393,357,,21.74,2025-03-17,APAC
e2fbba57-5887-4fc8-9f98-295b0dbeb1eb,869,99,7,3470.55,2024-03-06,APAC
7751cf31-0b91-445e-a61d-c7b15a35655d,781,22,1,77.02,2024-04-15,US
18feec3b-99be-4613-b6ba-563af19526bf,757,390,10,3128.66,2024-06-15,APAC
af7b333a-cfb8-4b0c-bd78-712c011ee993,152,404,2,869.3,2024-01-04,EU
8783dd92-24e7-44d0-9b7a-4e8b81165b95,630,404,5,1601.72,2025-01-15,US
3e704f04-f546-4657-9d67-7ebde20e9bb4,141,95,10,3476.38,2025-02-20,EU
11b57dca-be1b-4677-97ea-81a15503bf3f,463,227,5,117.38,2024-08-17,EU
d95cc9b9-8e9b-41f8-8b5c-5fd70cecca21,590,480,1,137.57,2024-11-30,EU
c4ee7746-928b-4721-beab-b33eb2bc77d3,178,260,5,1575.75,2025-06-10,APAC
e294e2d9-622e-49a6-8859-10e9b59ed266,294,214,6,2629.4,2024-07-10,APAC
c2a151c4-5b80-4f1d-b6b5-d4c5eabe72b6,1,415,7,2486.87,2025-04-07,APAC
b49f5bfc-60f9-4d68-a6a8-1329d311e890,394,5,3,1442.98,2024-01-16,EU
a3fbe1ad-f6c9-43ef-a931-9ac0a892fa26,555,155,9,2770.21,2024-11-20,EU
8e92b99b-9866-4cc1-a937-6a1847b75167,108,311,6,183.19,2024-05-05,APAC
9c6f5661-8dd5-4a3e-bf6d-1579cbc92f6b,634,447,7,2013.95,2025-03-30,APAC
820048cb-40d8-41b4-8bcd-9b6307fa6b9a,533,438,3,641.56,2025-06-04,EU
6de47890-85cd-4169-acb3-45a1d38e8f75,52,95,2,818.8,2024-12-26,EU
9645eef7-9a7b-41b0-8754-cf277aad0696,46,130,1,203.37,2024-07-02,US
01d2124d-cd56-4b7d-8806-96e031f20a79,722,139,10,2615.97,2024-08-01,EU
31fe0ee3-afc9-4971-b8d0-3d3765fc00c9,992,484,2,923.36,2024-03-21,EU
d3958ddd-e2d7-4aa8-bf82-fe191110e794,756,455,4,765.24,2025-02-11,US
af5b2c84-14d9-444a-9a3d-cbbe0f6664d8,315,359,7,1659.99,2024-01-06,EU
b4d17a8d-3396-4890-8851-27d09a7f4451,159,265,1,28.84,2024-07-30,APAC
0d97302a-4b1c-406b-8c4e-7fa330dac32f,417,285,5,68.88,2025-03-27,EU
6ae1c798-cc25-403d-a095-4106ef08a001,309,134,9,3843.18,2025-05-14,US
0da213de-2768-464a-ae9c-4e62a95fe0ee,362,453,4,1220.66,2025-01-04,APAC
dd3470ee-863c-4eb6-a439-4f22c7a98007,384,494,6,1834.71,2025-01-10,US
d4f11bdb-3923-424f-a957-36d6de0d526b,482,329,7,215.34,2025-02-20,APAC
586c8502-761b-4bc1-8000-e57176c5799d,387,19,8,719.05,2025-01-11,US
bb560259-9d89-4eac-99d9-9b222fcd1df4,124,317,1,304.28,2024-04-14,APAC
1afe9b82-3841-4db9-8ed6-98880433d0fb,785,17,3,811.02,2025-04-02,EU
cbcfa9ae-c934-4098-b885-4cecae040202,99,420,6,280.48,2025-01-23,US
64273689-9633-4b0e-9e02-5386c4030b6f,781,216,10,4510.08,2024-05-23,US
5b8bb592-b90f-4339-8473-dea4ee66d62b,401,387,9,1364.44,2024-04-29,EU
0ef736fb-53f3-4adc-8215-bc215e186234,685,142,1,219.52,2024-08-07,APAC
f20b0de4-a41c-4cfc-a00e-58bfdb3a9412,71,86,3,341.31,2025-07-04,APAC
7b0db5fb-8a0e-4bec-a993-d6743f1db5c3,595,47,3,1208.49,2024-10-28,EU
01d6b3b6-8f31-4f7d-b317-b16378c17ed6,85,402,5,2328.67,2024-05-14,APAC
e03afc38-5405-4ad8-9b95-6bc7405b9722,699,255,7,3489.99,2024-02-20,APAC
c11721f2-28d8-4414-bdd8-8893a4b5c78b,41,69,8,1218.98,2024-12-11,APAC
a2fc3473-ec57-48d4-afe2-e3af9c458eda,638,477,10,3288.53,2024-07-22,APAC
400f0e87-d955-414d-9ba1-216adc769a6e,822,482,3,374.91,2024-02-11,APAC
d494f8f4-b9ba-447d-aa12-3a2698abac62,740,198,4,1055.28,2024-10-14,APAC
188f6b8d-2f85-4586-a056-5c8387ebefe6,633,59,10,712.1,2024-11-08,APAC
2a661750-2de3-4f14-bc5e-41876eb0ac77,491,59,1,491.17,2024-02-01,EU
eb3c01ef-6ea6-463b-9135-79a2355c8297,56,14,2,175.04,2024-02-15,EU
f1546441-eb17-4651-8d8f-465a852924cc,516,463,1,134.63,2025-02-25,US
f2691165-3534-4985-be39-023816997417,707,159,3,362.25,2025-04-06,APAC
594916f6-6610-40b8-a95a-0c878d4bccad,433,326,4,959.62,2024-06-27,EU
13b25cf1-2962-45c1-8d04-dfafb60d9279,560,56,4,660.73,2024-02-10,APAC
22168e46-361d-4d06-b73f-e781d1315f15,714,537,7,1498.39,2024-01-17,APAC
b40bc8fc-9384-47f2-b018-934d73419221,265,142,1,50.42,2025-06-28,EU
764f128c-0d66-46c7-9bf4-28f01922757d,773,200,3,1315.89,2025-03-02,US
6335a692-1863-48ff-91b8-844564bc6b8b,503,395,10,3263.03,2024-12-03,APAC
c4f5fb6b-9b03-476e-8d65-7226acb0b62e,757,165,3,1452.4,2024-10-03,EU
97d3d07b-5079-4571-a366-bedab8e13b27,347,251,1,126.58,2025-02-16,US
9169dd75-0e64-44cb-aa1f-05153059e14e,326,362,1,146.31,2025-05-23,EU
a8946337-7c6f-4329-b897-41c494392487,887,276,4,1587.53,2025-04-17,EU
578db0c3-c701-47c0-b092-8a902ab356a8,525,298,5,515.08,2024-11-07,US
9dc64680-e3b9-4599-838a-04dd78ebfda6,953,16,4,1401.59,2024-03-29,US
996821d9-4ba9-4259-aaba-408c79ea7cd8,564,449,6,1278.41,2024-09-27,US
f2313621-2d2a-48fa-b8df-3fdd9e895af6,374,410,10,3704.62,2025-01-21,EU
77a35095-2e47-4b7a-8fc2-1d516db0a705,409,349,10,1621.39,2025-02-15,APAC
2b48510a-cb55-4502-9f57-f7f642a92834,799,340,5,852.51,2025-06-15,EU
f126e880-2e61-4c57-8b3f-f4d03c707732,897,90,4,1440.33,2024-06-16,EU
4c49aebc-e977-4159-92eb-18d563d3a840,630,48,9,2709.56,2025-04-09,APAC
f85d7729-7eed-463c-8f44-ae638e288d45,309,419,4,1800.17,2025-03-08,APAC
3915e729-5347-4ea7-a9ea-fd814d0ae332,850,99,8,273.41,2025-06-26,APAC
5745ad75-5f1f-4865-a272-23862eda912e,701,466,3,1167.58,2024-06-25,APAC
eb3a41f8-c752-4bf8-97b0-808aa3b2de1a,763,16,7,1345.34,2024-08-15,EU
3f61749f-a368-4a46-8407-e5e6cb23cd28,838,318,8,3947.62,2025-04-30,US
68caf138-3206-4b4b-82a7-3c726e076b3c,239,226,2,366.61,2024-11-01,APAC
56ef81f2-fc51-4a9a-a695-7baa866e1ca7,717,454,10,1762.81,2024-02-07,APAC
110fc763-b078-4b17-be38-61b455b588ed,171,400,7,1707.2,2025-07-04,EU
72754cef-ff72-4c05-84b0-9bf0ad6bca4e,4,128,8,1495.54,2024-04-23,EU
ddd7a79e-f2ab-422a-84a3-c1ab19239f1a,149,495,5,380.87,2024-12-27,EU
06a89c78-8d3b-4636-a47b-2bfc837cea11,200,271,8,3216.93,2024-07-20,US
48a45ba9-93e7-4a39-9be6-e737e0d19e6b,928,185,4,475.67,2024-01-25,US
cf1fe54e-49af-4464-a4bd-114ae3f0edc6,602,76,6,1682.31,2024-06-17,US
c0a39250-6aed-4d28-9170-512a07d2397b,541,247,10,129.73,2024-02-21,EU
bebf32e4-3cf1-469d-81ce-02c347d046f1,773,382,4,1618.63,2024-10-26,US
5ce6b72f-246a-4553-b644-5b914c19e20c,140,194,5,2299.93,2025-01-05,EU
4de7abdf-3c14-4fed-8faf-aa91c2a26500,86,231,6,2265.07,2024-01-10,APAC
40e1f350-1bba-4a5a-8a5c-4b5a6624a123,690,232,2,187.53,2024-08-05,US
9b2746d0-16aa-432b-88ed-1c8e17e1b020,519,445,10,4957.82,2024-08-24,US
11644920-a95b-45b1-ac44-6014d01b3c83,352,64,,442.12,2024-02-14,APAC
1481f553-68ef-438f-9e56-4cc5f38e2c20,729,389,9,2380.84,2024-04-12,US
bd7f2d96-75e1-4000-b63d-e1ecbfdb80b4,692,416,6,875.26,2024-06-20,EU
63b7ee6c-a5b9-4e10-a82b-182a979688ab,403,132,,229.85,2025-05-25,APAC
389c3ce4-5570-4570-b24f-2d92a1e948f9,865,122,10,3245.07,2025-03-09,US
e91408da-4dfc-4fd7-a832-281263b3be16,651,116,8,2233.6,2024-08-15,EU
ee2441db-1cf1-411f-8ad1-dfe4f848814b,623,149,9,1460.46,2025-03-13,APAC
9df16ba2-7aeb-4055-bafd-1f48303aee20,440,265,5,2086.55,2024-11-18,US
5addc5c9-b1dd-4b97-a45f-1903ee1559e0,960,248,3,1000.89,2025-04-08,US
9b7cc6de-f4f2-47e2-a39c-82f3b5e2530c,670,41,9,1290.35,2024-07-03,US
026bc787-f0b4-4e15-bcab-d7e79bc5ec8c,42,387,9,1352.79,2024-08-14,EU
867dae39-35d5-4e25-a2da-b392b83d53b1,925,413,6,2416.11,2024-01-26,APAC
b4310ac1-061b-47c8-bb73-52bb305952f6,406,227,2,860.53,2024-12-24,US
38197687-a9c7-430b-a5a3-6887deb9c70a,440,176,2,163.81,2024-08-16,EU
1d42783a-881d-44f1-a8be-e8cb1d8e0c41,365,317,9,2217.28,2024-09-26,US
c45fb411-fe31-4a32-a5db-41cf5e1f3b7b,875,160,8,645.07,2024-02-29,EU
04714f8f-6898-4403-ac84-e22d81137b7c,692,447,8,2023.08,2025-05-28,EU
a8384e88-7e91-4ba7-8693-8338005387b5,203,184,4,834.8,2025-07-03,EU
89dd8d5b-3edf-4bcc-a725-69853e0d743e,187,129,9,2186.83,2025-01-06,EU
6242a552-1fa7-491a-80c8-89b8b80e75a2,91,402,1,121.41,2024-02-22,APAC
aaa786bf-875a-4ffe-90a2-a7c38a9809fa,942,301,9,3490.83,2024-02-28,APAC
9cadf41b-e8c2-462e-bf30-b4facf95306c,618,281,1,345.6,2024-05-14,US
4e9f2fd4-90af-4bd4-99da-15e31a285f8e,229,17,6,622.26,2024-10-09,EU
3fd9c878-e9de-448a-8bb3-926414a39c89,75,432,10,4733.66,2024-07-05,APAC
2bf88b3d-0da3-4b35-bcc3-239ba26073c6,39,497,7,2215.54,2024-12-02,US
324838fc-b97e-4be4-98ef-9aa025c2b704,16,127,8,3677.25,2024-05-26,US
65805593-afa3-4242-972f-cf6a906526b0,794,49,8,2658.55,2024-05-08,APAC
3c06e353-7989-461b-8702-0aa907375450,980,175,3,31.02,2024-07-24,APAC
e83fd5ab-6d95-44ce-b4d2-6fcf14517e8f,871,76,7,781.3,2024-05-10,US
8f04b886-f75b-4ec4-b5a5-009a02eb03e9,65,316,8,531.92,2025-02-02,APAC
2af376c0-029d-4591-8aad-a8a80b4a3b98,614,151,3,1346.95,2024-10-16,APAC
a0551f4d-61ca-4f9b-9a2a-4eac8503f4d8,857,35,3,1232.81,2025-04-27,US
b38a141c-30fb-4cf4-b62f-26003b713426,770,327,5,219.14,2024-03-20,APAC
fda310bf-f43c-416d-9cf7-b92483d08aaa,665,403,10,912.29,2024-05-24,APAC
a82905f8-cdab-4f90-b9ea-e72bac4c2d78,141,482,9,4087.48,2025-02-13,US
7f234a1e-752b-45ad-87a9-d9d2c627f97d,190,85,3,1453.53,2024-01-08,EU
571a8e92-5180-4759-ae53-9fbf1fe4df25,893,9,9,3455.53,2024-07-23,US
22923436-c042-47e3-9336-cf5ab3dc7a0e,407,157,6,985.72,2024-05-27,APAC
c07618bf-6bf9-47e5-870c-356f27f2cb3c,606,493,8,1638.33,2024-07-24,APAC
ea8b6e37-95fd-47b5-9998-50bf1face4c8,323,400,7,1530.36,2024-07-07,EU
c1c98907-7989-4ba8-9385-b3f67e2c9af5,501,70,6,2072.82,2025-01-31,APAC
815b993a-368d-407e-9725-7bd40b5d1913,285,318,8,2577.56,2025-01-02,US
bef12ee0-5956-4cde-b463-e47091ec9a61,232,281,10,2346.83,2025-03-23,EU
1a5bc336-ed66-4e36-9031-a43625c2033d,929,369,10,89.83,2024-03-31,APAC
2229766f-fd6b-4a88-8207-3b340fcd9bc8,788,446,2,643.35,2024-09-14,APAC
42513ed7-a45f-45e4-94c3-505dca3692dd,766,97,4,1679.95,2024-09-01,EU
1a9803b0-b530-48b8-8c55-406c4783effd,197,2,2,714.32,2025-01-12,EU
ca4f9e6c-56bd-455c-a199-a958c762a76b,613,431,4,909.73,2025-02-12,US
65090484-6086-43c4-ab85-c618c194dc53,569,400,3,488.94,2025-03-05,EU
a38f2ee0-d1b1-4d69-8f42-fbf1b2489d37,982,23,8,764.23,2024-10-01,APAC
332222b9-2803-4ec4-835a-25aa3be0bd14,37,411,8,1376.81,2025-06-01,EU
06353577-d202-4393-b060-b5e7b42f2f78,745,494,6,2046.87,2024-05-31,US
4c8da100-f616-4662-ab8b-858c9eb2ad46,600,202,3,556.99,2024-09-15,APAC
46e94993-0a71-4a31-b6cd-96270a5d502f,438,350,10,2333.35,2024-06-21,APAC
d8df2a1f-d704-4d7b-a2bf-77ced2c6770f,782,130,7,1061.09,2024-09-13,EU
57de66e0-c59f-42b0-a1c6-3c7bbac027ba,521,38,3,127.63,2024-03-01,APAC
e993b660-f773-4c17-bc00-3ce2f08ca7e4,186,203,2,178.52,2024-08-11,APAC
c3878618-2117-45bc-96d4-3f4fa1175b16,382,183,9,3243.06,2025-03-08,EU
644503aa-b4c0-4490-b00d-1901b75d019a,788,22,6,2797.22,2024-02-16,US
768f6aee-8e16-4ee4-bc95-e3daf5b57814,743,99,6,489.1,2025-02-03,EU
5c1e1109-b8b0-47ed-ba6e-0de41bdca8e5,817,272,1,389.86,2024-10-18,APAC
d88e98c4-1a8e-4886-938a-df1659eaed8c,56,119,10,4783.81,2025-06-30,EU
d6013cb9-06b3-46fd-a244-4b74b80c048b,406,73,10,3215.31,2024-07-14,US
88a19c68-9920-4481-8361-b4d48be4f8aa,377,24,5,1729.9,2024-12-27,EU
8e540431-3c2d-4012-bb93-10322ad75482,559,250,4,1617.49,2024-03-30,US
1d25398f-0022-4f60-be81-8532a7404fa1,137,330,7,3373.71,2024-10-26,EU
0f743285-d791-4726-a425-c52a805dae2d,324,449,9,265.08,2024-08-12,APAC
fb88ed4b-1942-43ae-acc9-6f46b93f8414,382,403,8,3671.29,2024-04-19,EU
aeebb190-34bc-45db-bde9-2cf7f6f8a022,217,216,10,3711.96,2024-09-14,EU
e55eb1aa-92f6-4e93-9f0b-fefa3f43060f,331,6,8,1163.28,2024-10-28,US
05ac70c7-8f06-48bb-979e-8a67acb550ef,89,322,6,378.35,2025-02-13,US
925e90bd-9db8-462b-aa46-8d4eeae70aa5,86,257,9,1292.67,2025-01-30,US
4b5cd7cf-fdd7-40e1-97cd-037bddfb204c,347,242,10,3045.45,2025-04-10,EU
464aabf5-2b56-4fe7-8dfe-d543d63f03a0,666,307,9,2203.18,2025-03-27,EU
41572c22-31f0-414a-9ce4-8c8e8c9703b4,925,303,,105.36,2024-02-01,EU
39c70560-dfc2-4dbc-b244-12d542caa132,929,72,2,760.3,2025-05-24,APAC
add68908-9859-4afb-921f-3a81fc4c23c6,467,6,1,8.16,2024-02-04,EU
411d61dd-d57b-4f27-9877-9660dc6048a5,277,405,2,319.59,2024-12-17,US
c8c87977-5cc7-4aa3-aa08-61a7a9103c9b,647,442,7,1183.62,2024-06-04,US
9af3ccf9-368b-4cea-9e78-b5b4b66838d0,431,498,7,2847.13,2025-04-04,US
cc8171cd-49fc-4f9d-a12d-6cc422f3e930,183,118,5,907.96,2024-08-21,US
a9a51aae-c81e-4ebd-92db-e7e416fc9560,803,90,4,1161.23,2025-06-06,EU
f5193cda-7d59-4b8d-9c8d-383393f8613e,572,463,10,776.24,2024-02-13,APAC
45f20783-d5c5-4429-8bbc-2d9632167281,568,10,1,72.24,2024-04-01,US
b1865c8a-b73f-416c-9dce-466921cef360,116,50,4,409.27,2024-06-17,US
83aa1dc2-60ad-4678-8a0e-5b13f8622015,952,401,7,1776.93,2024-07-11,APAC
f31e55dc-914d-4baf-bd85-cbc7a174c797,850,309,3,1031.78,2024-09-13,APAC
b2831955-91b0-4ebd-9021-7bd3765186fe,865,397,6,1111.42,2024-08-25,EU
2184b38f-4e6e-4de6-86da-ab11b20eac3d,254,448,1,431.62,2025-03-26,EU
94bfa6b7-ad92-448e-831d-7b9bd3cdebaf,113,25,7,1522.89,2025-04-26,EU
986fab2f-a6cb-4472-ba20-abddea83a4c2,459,460,5,1936.06,2024-04-08,US
b68a46a6-2dd6-4a57-94eb-fd557ebd48ff,408,21,3,1012.41,2024-03-26,US
7ccb7a86-e6c2-47ba-a2df-36c61cfafe19,216,124,5,2405.31,2024-12-24,US
d2492490-9dcf-4762-a269-b08342b3bf62,872,110,9,3197.48,2025-01-27,US
fe3b8a22-efad-4204-8dea-fa02a76e3418,848,132,9,745.49,2024-07-20,US
144712b2-f27a-4459-9432-35d19b4af941,713,176,5,1386.03,2024-03-20,EU
4a9d33d0-7d09-4568-82f9-96cf9ecfc1fa,876,391,10,3471.65,2024-10-14,EU
5a2dbacb-b2c6-4aa9-954a-1a2a49aee350,230,81,10,1710.59,2024-10-14,US
6e18724d-3bf3-4ee8-b18c-c14de543517b,339,483,,84.44,2025-06-16,EU
c04d2c2a-1561-4af0-ab95-8bb7d66bf56e,656,18,9,3195.04,2024-01-24,APAC
445baf98-081c-4426-a02a-81202961187d,10,435,10,2740.09,2025-02-05,APAC
0f8dd020-f35c-431b-8c21-f251fbbd1062,344,237,8,3882.99,2024-03-09,EU
277e0498-3643-4bdd-a539-8eea6ec6efa5,421,139,,367.21,2024-02-16,US
e5440b11-57bd-4fed-9288-29f3dbb44f53,976,247,1,227.52,2024-04-06,US
8694294b-9690-495e-bd29-954b51a42b73,970,288,7,1200.68,2025-03-05,US
1f6dd3f3-4804-46ba-a860-79395cb21042,822,375,7,149.68,2025-05-24,US
22a4bb2b-c915-471f-af89-fc2d2b210a47,657,497,5,1819.39,2025-02-08,EU
b556803f-8934-4253-bfad-1877bdd51999,978,67,5,1834.71,2024-06-15,APAC
46106a18-b860-4d8a-83cd-65420c94b23c,403,82,5,2023.65,2024-06-06,US
8b99ac75-be19-4bed-9d58-5cc6c8f214b6,249,271,4,1293.6,2024-09-25,EU
173c179d-7633-4a8a-b7c5-23aafaf6abf1,704,444,10,463.33,2024-03-06,APAC
a8d4327f-e6e4-47f7-a430-5726eab67967,809,116,5,774.71,2025-02-20,EU
4e1f7b98-367d-4ab4-bb68-25de10c9862b,15,255,1,342.59,2024-10-07,US
727b63d7-3eda-4032-8af5-c979ac77dcea,650,445,10,2898.42,2024-05-08,APAC
9036a7e9-f768-4974-9499-5965fc0ff003,567,210,6,753.52,2025-03-23,US
0bd09cd5-6e60-4b77-ae1e-e58d716cd25e,159,203,2,232.14,2025-03-28,US
4a575a77-f924-4503-8aaa-8ae2d1a90b38,154,259,,29.25,2024-09-22,EU
784630e0-d2af-4a16-bc6b-0fa88a834b81,384,395,8,278.44,2024-10-26,US
506f310b-1819-45e5-bd7e-5a50a57a7ff1,593,176,3,1123.97,2024-05-21,EU
803c0b88-b5bf-448b-9d66-9c0abd239075,512,189,3,335.78,2024-02-01,US
9c6b22af-7c57-40c5-bff9-0b4098e74269,21,77,5,482.48,2024-06-24,US
8b57d313-2788-4a4b-b9c9-fbdb25e867b9,210,205,5,1365.85,2024-06-14,APAC
bdb9bec1-ab8e-4c61-9ea8-29103bc561e4,38,51,9,2700.23,2025-02-18,US
8e916826-cc99-4d0e-bc98-cc7ca1470ee3,748,83,2,618.64,2024-11-03,EU
9cccc7be-88a5-4991-8f46-cc41fca2a085,736,226,9,1929.67,2024-07-28,US
21281aba-53b5-43a4-a727-07fc9c14846f,279,220,9,2434.88,2025-05-19,APAC
20370982-fd8d-46cc-8b22-ed821f1f25d5,75,295,7,1943.9,2024-03-23,US
487b5062-6bce-49fc-8cec-e45386af1440,14,298,10,3103.44,2024-07-19,APAC
c29d903d-8022-48b6-b60b-0292c2c82b66,993,258,1,450.49,2024-08-20,EU
78890c67-384c-413f-8c90-1f34bc2cf907,637,68,6,1773.94,2024-08-03,EU
d831c8e8-ed3a-493c-a277-80c102f36bf5,243,1,7,1474.69,2024-02-11,US
c469dde1-063b-4cb6-a8b8-4ad60c553762,99,48,4,97.6,2024-11-10,APAC
850e998f-f28f-4596-bd98-bae481021716,41,442,2,399.61,2025-05-19,APAC
30ba8ffe-6234-40d4-af87-e6dd95839de9,905,296,1,444.61,2024-06-15,EU
a7d30b56-66dc-483d-8314-fda2768585d9,858,481,7,2160.53,2024-12-02,APAC
6e6fbaed-f111-4827-888f-f419edb44df0,223,154,5,1141.09,2024-03-23,APAC
1364d59e-599a-4a94-bf12-ada39f41b214,640,123,6,827.25,2024-02-27,US
c6f6071e-d837-4de8-b67e-b61676838f33,479,358,9,1952.74,2024-03-10,US
0b363562-3849-480e-9aa9-651f01c98da1,966,498,3,1231.36,2025-05-22,EU
c09305a2-5f8d-4dc3-8d8d-a8d20001c0aa,179,63,1,259.81,2025-04-17,APAC
9ba9ac8a-4d9e-47a2-b1bd-8adee4ad6e92,307,202,10,1806.93,2024-12-23,EU
4b3639c1-9686-422f-b93d-ebd00cfd378a,424,129,2,939.54,2024-11-04,EU
0aefaf84-67c0-47f3-8fa6-efde982dc2bb,101,481,7,3272.35,2024-11-24,US
5ad6e678-504d-474b-ab9d-af30e2dcf3f5,246,15,1,263.07,2024-04-07,US
6811b9f2-94d0-445d-8e40-cd185b29c52d,755,35,7,1704.58,2025-01-23,APAC
f03900a8-feb0-49da-abb2-1bde0e318d97,899,401,2,573.82,2024-01-11,EU
dd14994d-9b4a-4f7a-bfe3-8ff99372b956,590,159,1,193.2,2024-03-30,EU
7198b4a6-716d-4392-b88e-0a7893f5f7b2,181,34,4,1343.67,2024-01-30,EU
85041856-16f5-41a2-80aa-666901050c49,108,156,2,612.85,2024-03-23,EU
c0315435-061e-48a9-a3af-1e04b22cd7ca,478,295,8,150.65,2024-12-12,EU
4ee453d9-aee6-4c1c-af92-abe6907b893e,164,170,3,704.64,2024-02-16,EU
e2bf2340-0feb-43c1-a26f-0d9b9f880aab,803,230,2,112.53,2024-09-12,US
e6cab57d-e0a9-4ec1-b282-c201ef53696a,265,98,1,329.17,2024-09-11,APAC
32aab651-4012-4009-88a2-8029c1402959,497,150,6,2623.84,2025-04-03,US
6f6ce4d6-0a99-4c77-8bb7-ce59a2120d94,209,260,9,1925.02,2024-02-02,EU
9e53d5da-5c37-4093-b7b2-a7ab9102c38f,153,188,9,485.51,2024-07-03,EU
5ebc7011-24a1-4d8d-b9de-08b2ec09abf1,834,447,8,734.47,2024-09-19,APAC
9f3ccccf-74cb-4fdf-956e-13e3be22cb09,794,2,8,2324.21,2024-01-02,US
88d5f960-4c37-4285-98dc-c0dc369a8e48,954,37,2,861.1,2025-06-01,APAC
cf29e5e7-5ba4-4054-a66c-bcfdc1797cdd,13,313,1,333.47,2024-02-06,APAC
383c34e7-80e4-4653-9c33-873a4c2cff80,568,427,4,226.58,2025-06-25,US
3a3d8ab6-7f35-41fc-8642-1e20f45bd02f,482,439,9,3410.45,2024-09-08,US
4207ca50-78b1-40b1-827b-8fee15bc12e3,417,30,5,1261.99,2024-04-02,APAC
2ec53bfe-830a-4287-b3b4-d4af9cc230bb,402,173,,68.44,2025-01-05,APAC
fbe1d44c-1147-4416-a224-dad00ff68c90,819,90,8,1609.75,2024-10-16,US
f2815ac3-d36b-430a-b53d-0eaee7ed8c13,158,238,5,1426.16,2025-03-11,APAC
8f516203-d03c-4551-a654-37e31034e5d7,359,176,1,301.32,2024-04-26,EU
8c68cc32-f442-44df-b2a1-e018fd2a5168,409,239,2,797.86,2024-06-24,EU
2d206c6d-d6c1-42eb-beea-621a218760ee,719,23,4,1589.3,2025-05-20,EU
280dab24-3d7b-4019-9fbc-32b96b42b84c,130,340,10,3452.71,2024-01-19,APAC
06372b04-c0d9-4446-a501-0bc6ff384264,282,215,3,896.03,2025-02-23,APAC
cd07c054-24a6-41f2-9ee4-99b9378f8231,946,144,1,401.1,2024-07-25,EU
9b579f4e-e7e8-40de-bd39-522015aad202,360,161,8,3286.66,2025-02-22,APAC
f80b59b3-d1bb-4704-a946-3d407f39f64c,688,478,3,1120.61,2024-09-28,EU
b046efa7-0c5b-47b7-b9fb-af8bb12758c6,488,445,10,4036.89,2024-06-27,US
32f64c72-f41b-42db-bacf-7ba224759e13,892,93,,461.69,2024-03-18,EU
27227f13-ff7f-47a7-9e42-f9dd4244d8ab,253,320,9,1680.74,2024-06-01,EU
11f1a693-67e1-4503-b4ed-cf685b0bb7f4,403,284,7,3254.33,2024-11-17,APAC
fd28b3aa-dfe8-4930-b283-450863a1cb49,666,71,4,1334.21,2024-04-16,APAC
c1c60957-e7db-458e-a7b7-0bf824030a1b,389,427,9,2247.77,2024-04-07,EU
93f1b512-1dea-40fc-b7e3-1d4f9bea57c6,526,360,5,2417.14,2025-02-14,EU
392d8cdd-b636-4ea7-b6de-e9a047e5346e,224,464,10,3691.99,2024-04-09,US
8cb57f45-4bd9-4f74-86d2-202f7f09a0d3,843,69,10,805.3,2024-10-21,EU
29f86dd5-9143-43b7-ad95-6a17f524a3e3,826,232,3,1175.91,2024-03-26,APAC
42298662-9f8e-4f01-8ce4-4f49de86ec51,960,103,6,1574.17,2025-02-15,EU
08bc2715-5505-4da2-a00f-6b03e5066a94,542,377,10,2570.25,2024-08-14,EU
a402f715-2198-41cc-bb13-474d24269a20,237,113,4,752.6,2024-11-10,US
edc271ac-9d04-4aaf-808e-6af078bea26d,653,146,5,1505.97,2025-06-13,EU
d497948c-de6e-43bb-8281-dd306a718b06,176,497,7,113.88,2024-03-07,US
f1eb44c4-7ff3-4a7f-b2b6-744ea2f60050,670,287,9,2987.34,2024-10-28,APAC
f50d5277-cd06-4b9e-838e-d939440e6470,266,100,3,600.48,2024-07-27,EU
f1f92c04-7b8e-4e63-b821-deb0a3d8aaca,297,474,9,3936.91,2025-03-30,APAC
05c2f6c8-9b60-449a-a61e-0fbaf4d7a9f6,877,247,3,282.6,2025-02-11,APAC
a1ff8dcc-6ba1-49e7-ad96-d9342ff7fd11,990,274,4,725.29,2025-06-13,APAC
f0ca9bd7-3cd0-442e-a86f-c13fafd90641,824,62,4,1911.62,2025-05-09,APAC
9398d095-6a63-4d77-9d64-5eccc639c420,283,122,8,3108.91,2025-03-14,APAC
b15f6fbc-768f-433f-8644-f2197df51bb1,28,262,5,2117.38,2025-04-25,US
136024a6-55d7-4fca-9989-4688f0946e27,995,50,5,2065.16,2024-07-25,US
c1c6ecb9-27b7-43ad-8a78-a1cbe4f544f6,709,116,9,3257.93,2025-06-08,APAC
615ad014-383e-4d5a-8d7c-2a107650e035,67,174,10,2845.8,2025-05-15,APAC
d6f564a7-d631-44fe-90e7-84909dffa547,426,156,10,1400.94,2025-05-27,EU
4222d52b-1582-409a-b207-0a17230773d6,762,237,1,13.0,2025-06-23,EU
18e9c5f2-69c5-4dbd-bb3b-6bdbf537b9a2,50,321,7,589.92,2024-04-28,APAC
db6446d7-9d38-4735-bb50-439ada3db506,535,477,9,3566.22,2024-03-17,US
70da647b-311b-45eb-bc85-3a4c9249e9b6,378,97,10,3134.35,2025-05-07,EU
dba8ce3e-bfeb-4924-9795-3249a84dcb13,826,488,9,4175.66,2024-05-17,US
11811f0d-0a49-43fd-bc24-e09c11090b31,325,153,6,1039.34,2025-02-03,APAC
1357e38b-5fd4-4d8a-9672-c35d7c8fe97b,867,319,4,347.85,2024-12-18,APAC
a9fd288d-284b-4492-a3ce-8c45b3713c7c,815,274,2,206.15,2024-01-26,EU
b92f4354-fa57-436a-b244-0fde50cf9cc7,547,138,8,1288.23,2025-02-23,US
c7a34a7e-5afd-40ff-8851-3139daa68a7f,116,382,8,3479.13,2024-10-22,EU
4e26ce98-4c3f-40ad-a36c-a4001a038984,84,209,4,350.99,2025-07-02,EU
27c66112-982b-4189-b9a7-4d87199c5ccc,212,451,1,39.46,2025-03-23,APAC
6fc43fff-676e-4848-ac01-39b5858f301c,666,443,8,477.6,2025-05-18,EU
d261d382-a056-4ef2-8165-8d679582c046,200,58,4,447.07,2024-05-04,EU
1c9df2c5-ce59-4281-8e84-fbd8bb7cd1eb,466,440,2,553.56,2025-02-14,APAC
516dd248-dd74-4c74-9796-e3143dab3146,563,2,1,360.37,2024-02-01,APAC
751b5ce2-b0d5-4ca9-a6e3-e44409d2aa6d,483,343,4,943.21,2024-11-04,US
3256f68a-6bf7-4da7-b022-60ef04bda35c,282,489,7,3325.45,2024-02-15,APAC
36240776-bab6-4741-9af1-4245ef43fde5,617,105,4,297.96,2025-04-03,APAC
39f2d692-8f4e-4ea0-9b78-795bcfd31fbb,791,310,3,531.84,2024-01-10,APAC
860269de-5aa0-47f2-b565-c2ccfd34af28,459,339,10,1636.11,2024-02-11,EU
9a2346bf-0769-4757-adf5-96a7727b6f8a,446,116,7,2655.53,2024-09-08,APAC
b4de9630-5568-4e43-87bb-822205ec69f9,36,18,6,1542.43,2024-08-30,APAC
178f03d8-5929-4926-b0ea-dc0868018301,901,179,8,3455.15,2025-03-17,EU
d099819d-d8ad-4b80-8892-e570c49f0bdb,873,147,4,1915.21,2024-04-16,EU
cb9df891-44c7-4e8a-b096-ee67c27a837d,914,488,2,266.95,2024-01-18,EU
1dc8eac2-5956-44c7-8661-ab2a0a8f7a79,103,25,7,2816.11,2024-10-19,US
0d9626d0-5dc6-4a22-b5fe-0f38f6655bfd,67,216,6,2337.74,2025-06-02,EU
1894d2ec-00dd-4ed1-9b3b-c3f7f59826ef,123,450,,271.61,2024-06-06,EU
ef939670-ae14-4e05-8575-1e7dd1dd93e8,228,49,9,1480.16,2024-09-01,US
19f50e18-8513-4ebe-b7a8-519fe2d3132c,322,448,6,2288.13,2024-04-21,EU
3a3eea9d-53de-4bad-aa56-e6fefb4801fa,706,81,4,860.19,2024-09-24,EU
92d11bdd-9e47-4ae2-ac41-5f513348f2fd,104,32,2,753.39,2024-01-19,EU
aff02025-4594-4941-ad40-568f027074b8,225,113,9,2586.89,2025-03-23,US
74b9b408-8b8b-4f35-90cf-d724b096de3a,133,189,7,993.82,2024-08-31,EU
632f5589-0ccf-4dd9-a06e-9a73fb7e8004,657,494,1,341.83,2024-11-18,US
ed6c29af-b385-41ca-9fd9-09f188ff028e,639,267,8,3111.33,2025-02-18,US
e3798a66-3422-498d-b698-4c997d5352dc,955,316,3,516.27,2025-01-15,EU
452d2abc-f404-459d-8a1d-d8a534da9ffa,296,166,9,551.17,2024-04-18,APAC
e2dea713-534f-4e56-8444-ea4529608bbe,148,464,9,1695.47,2025-07-03,US
61c42d35-3b5a-4b3c-8ea5-3af9f47b663e,971,268,6,776.93,2025-03-11,US
5391e0f9-6426-4d57-b004-f54eb7c86e87,282,456,9,1893.13,2025-03-10,EU
a096f789-cdee-4e64-8a57-bdc6531f094b,195,44,6,1014.0,2024-07-28,US
600ed7f0-4338-4247-9d37-ab9246dad736,326,17,7,2617.78,2025-05-27,US
fa04bc39-c6b4-476a-b050-5c14d4bd3bba,96,59,9,3021.79,2024-10-14,APAC
3be7e1bd-72dc-4882-8348-d7e481539d27,995,387,6,475.04,2024-12-09,APAC
099b1689-e40f-4e82-b224-b2f2fc763d5b,947,253,6,1814.26,2025-02-09,APAC
cce22a9d-7ba6-406c-b391-a94e4e53ca8c,232,192,6,686.64,2024-02-16,APAC
abfb5ac7-06bd-4081-98d4-3828a4354b08,419,187,5,333.95,2025-02-04,EU
1df2660c-58a4-4b98-9fb1-b5b6e19ed990,52,112,8,585.92,2025-02-18,EU
1a1f7860-6aa6-49d3-9fd1-66be7e8ea4d2,646,249,8,631.26,2024-08-26,US
86950e1f-4cc5-472e-aa39-23b2626199cd,226,16,2,884.6,2024-06-05,EU
68dc4465-9102-430d-89a3-4da91d03f84f,160,374,1,200.13,2024-11-13,US
d5f0f3e5-d90f-4fa5-ba91-73f3caa00e05,724,80,6,1987.02,2024-08-28,EU
204816cd-c869-4473-ac95-5f773702537b,296,137,5,287.48,2024-06-18,EU
3475cde3-089d-4fd6-a8f5-a1163a8fd5ff,779,269,3,1267.76,2024-05-05,EU
d1550867-764b-4fc7-87fd-5d7566a1b29d,205,461,2,22.44,2025-03-29,US
d31dc66e-5225-41e5-bd21-6b8ed6807a9f,356,21,9,117.44,2024-08-01,APAC
289f7624-7d9e-4cd3-a0c3-e075aeef8605,698,261,2,656.5,2024-06-18,US
5e96a046-a46d-4a2b-8a24-a5131b4eac68,343,57,8,210.69,2025-04-07,APAC
d620f0e4-3343-495c-b0c9-403c8e8b6806,954,477,8,829.87,2024-02-24,EU
62be45c8-0efc-4788-ac4c-0b39bf67a3b9,188,74,10,3096.75,2024-08-22,EU
070efe96-d608-43f0-a096-05c298217156,202,233,10,554.38,2024-04-24,US
68d6685b-dd3c-4647-9f99-b2b593761c81,57,331,1,95.3,2025-03-31,APAC
62f0768d-1256-4642-b170-86d1aae14911,651,209,8,2990.67,2024-05-18,EU
5df726ae-a629-40f2-a9e9-800d411b244d,239,429,6,1767.33,2025-01-18,US
8e7758dc-44f4-450e-9e7e-fda56a294c2a,642,138,1,221.97,2024-05-01,US
c6dbe93b-b445-4a12-b6a8-e33454c42a15,670,47,4,1117.24,2024-11-05,APAC
4d8ed9e9-477c-4f79-8b74-761316fbbdf1,636,493,10,1924.56,2024-07-01,APAC
ebdfde64-24c7-4d8b-a2cc-de72747a0a22,582,226,9,4067.25,2024-02-15,EU
25838721-7061-4679-b208-af71a65fcee0,321,168,10,1741.13,2024-06-25,US
41321232-c33c-4a8a-9dfd-ae04c20c04b0,813,469,7,2994.1,2024-01-02,EU
96511469-cd9b-4af9-8096-8dac5c2b5cb3,668,94,3,903.46,2024-05-10,APAC
ffb07701-ce0d-4650-b314-c6cd39c6352a,23,416,7,1457.23,2024-11-21,APAC
64395626-0c2d-428f-b3c8-d141d570bf5e,219,99,9,1847.69,2024-01-17,US
a1029058-909d-443b-9e2b-8a44720d1b8c,233,255,9,1324.17,2024-06-23,EU
86f964c0-8264-47f9-a459-ee483c6dc747,253,39,4,1652.31,2025-06-17,APAC
7ce24ebb-16ca-4044-a0b4-14f3d06fe7a1,933,401,9,2517.44,2024-05-31,EU
67bd9465-9c6a-4db9-a54c-62933846f062,807,172,9,1420.91,2025-04-20,EU
c8415391-75e9-4e0d-ac2e-8159fa9ec416,282,456,7,324.57,2024-04-05,EU
2c232df9-3814-4b91-b4a1-a469adfde437,621,177,5,1720.47,2024-02-06,US
6acd0eab-bd5d-4225-87ed-25eca66590e5,773,45,5,2410.0,2024-11-05,US
37eb0f0e-9e11-4762-9560-d175c938a921,627,251,5,1165.99,2024-04-10,EU
c8bbee66-0115-4fab-9e29-38cb96153fa7,208,235,8,1637.2,2024-03-09,EU
1e5bc7d7-9883-44dc-b211-1e2ada959f46,243,131,4,323.77,2024-11-01,EU
cfe9635c-a194-4301-b4d8-aa6924295327,634,59,3,1061.57,2024-06-28,US
12217598-3732-410e-9b93-c73eeb05ab2d,469,24,6,998.9,2024-02-12,US
4922a8ab-37f0-4cc9-bef1-6c7f3edbf547,74,81,6,2347.08,2025-03-13,APAC
6b9a0bca-d8d5-4925-9d5f-8ae59dbe4e23,520,114,10,3070.12,2024-09-17,APAC
b05a8f55-9cd9-4fd8-b465-791f8f2e2e5d,307,55,7,65.35,2024-05-19,US
eb59819a-daac-4fc0-a526-5d14084f3f91,920,439,7,1076.74,2024-04-27,US
3137d99f-4c26-45d9-8b46-04c019779d21,134,342,5,1952.57,2024-09-08,EU
fb59c077-cef2-4d1c-b61d-c3e91901e3f1,229,30,7,3089.63,2024-10-06,US
be8a3462-19cd-4bbd-8031-fcd80e38d606,49,169,3,1225.97,2024-12-04,US
ead5d768-ff2d-4158-a73b-7f37ff3ac8ee,302,164,2,530.02,2024-08-21,APAC
c386e9bb-6441-4dc7-990f-cd4573ecffe9,781,281,8,3446.82,2024-02-29,EU
f28754c9-1561-4f83-9a36-621eb2a771c2,970,197,7,930.44,2024-03-04,EU
ae9871a0-3347-46d9-97f5-805310aa389d,192,432,6,1486.08,2025-05-23,EU
9c36fd9d-1ba9-4456-9da7-0242fb93a617,250,247,7,1024.82,2025-04-08,US
2906f0dd-0d4f-4ac7-8b89-89f764d8f917,690,15,3,521.27,2025-01-19,US
486048b5-5e06-4e14-999c-c0eeae033ccf,57,172,10,3214.32,2024-03-09,EU
5a56eddd-e6a0-4ecd-96b3-e33145466c99,39,363,9,4431.52,2025-03-17,US
f36facc8-30b7-46bd-885e-5950e4532afa,293,226,7,3149.94,2024-09-22,US
109a0d62-6eef-48d5-a87b-3a2f2e86ebef,488,430,10,3520.22,2025-06-12,APAC
17997eec-b29e-4561-9bad-d39f42fe8b62,905,98,1,264.0,2024-09-11,EU
4c259e3b-da93-43e5-86c0-262e9759fba6,216,440,7,1017.68,2025-04-20,EU
93bd30c0-a227-4232-b155-06b16360e45e,217,15,6,2986.28,2025-02-25,EU
e6bd77ad-a62f-4a4d-823a-fdc8aaeefa1a,124,262,7,2240.36,2024-12-28,EU
a137e9d0-7665-4633-a524-22b069dd4f1a,580,205,4,1311.3,2024-09-27,US
76b63930-b5c1-49ee-b7b1-c30d0c483ebc,639,394,,85.23,2024-01-21,APAC
03a908d6-2151-4519-80e7-e11f509e5a3c,546,119,10,3027.74,2024-09-02,EU
f7ab5dbd-62e7-49dc-86f0-7d3d72f0adf0,420,402,,190.36,2025-06-12,EU
168cfee1-a247-4dda-b29a-07aea28b6a95,476,418,6,254.78,2025-01-23,EU
636061bb-9363-4ba9-9789-fffe0956606a,781,401,,437.55,2024-03-29,US
53a98023-cf44-42dc-9721-b2f77b3510bd,801,382,8,3536.1,2024-08-15,US
ab33ca60-ef06-440e-856a-2afedeb5dc1f,952,116,3,1001.92,2024-08-06,US
780ed104-92bd-467b-bff4-eb38081bfead,84,427,2,230.05,2024-08-10,EU
1eb3f806-6f75-4e61-8106-744dff2380ec,25,369,7,3167.28,2025-05-31,APAC
87324dc3-923c-4d58-a1c8-8137ee795467,631,104,2,288.71,2025-01-30,EU
f540c0f6-2a5b-4af6-857a-118d9685327b,184,471,3,668.79,2025-02-25,APAC
81e37d7d-a6e1-4255-9c3e-f5cd00f86bb6,935,413,3,1437.03,2024-08-10,APAC
9705c740-2678-43a1-89eb-1c63af3b90e2,58,275,2,31.76,2024-11-16,US
1e133688-276e-46f5-9115-1652b0956b3b,850,408,6,1175.69,2024-04-19,APAC
756e2a96-786a-4c3f-aa64-bf092c3b215a,224,464,6,2302.34,2024-11-02,EU
d1205679-b35e-42ae-9228-8f3d8d9dbacd,431,444,7,1429.38,2025-06-04,APAC
953e5178-bdfe-401f-bbe8-3c2fbe314cc1,78,420,10,3367.74,2025-05-03,APAC
03a68cbb-5bb4-43d8-8d42-c6050e356cf2,551,1,5,1628.6,2025-04-13,APAC
2cda214c-af46-4934-81ce-31d962143793,70,37,5,435.46,2024-12-08,US
2fb7c202-78f0-464d-a0f5-104a92693f1d,858,374,6,1686.16,2024-03-12,APAC
88a2d506-0584-4df7-983c-c47758a3d24e,13,327,4,648.9,2025-01-30,US
f37c63a5-ffe1-4780-a5ca-1c7dceec53ce,786,175,10,4419.49,2024-10-02,EU
aaa7317d-1fab-4136-94c6-73cbd9bc5d83,10,301,4,1031.38,2025-06-08,US
1867dd3a-28b4-41af-b1d1-8ac992401174,100,142,5,796.73,2024-08-24,US
943ed71d-6dd6-4351-8034-fbfc612110af,101,354,7,1115.65,2024-08-16,APAC
ff2580cb-3250-4bc2-bbef-0068027b6a8c,681,362,6,513.73,2024-12-16,EU
4fe0c117-57c2-436f-8f4d-8d3d24e45b6f,343,153,9,2128.17,2024-03-20,US
80f99abd-196c-428d-8e78-1e1a41507acf,310,27,2,432.57,2024-12-15,US
e9db191c-807a-4347-a646-314a75089196,762,258,,117.6,2025-05-09,US
cd10c3a8-2938-4a84-bdd0-89e2b8b0de3c,649,44,9,2517.12,2024-11-02,EU
ccacb3db-a458-4155-93c7-d9f5f5ac7bdb,344,385,3,711.51,2024-10-23,EU
86882b1e-901d-432b-8194-739fb4896303,929,376,10,4998.91,2024-12-14,EU
ed15d1b3-5097-4e74-a56e-5303e914f4cc,987,151,1,172.89,2024-05-24,EU
f4056014-85dd-4e3e-98bb-45a78868d85b,329,177,7,1282.06,2025-06-22,US
9c5fc32f-2df0-4703-8632-7788e1914aac,725,252,8,3572.74,2024-08-16,US
9e052846-e51f-4b35-8188-b195b5fd1c80,768,319,2,851.03,2025-03-03,APAC
05a7150e-a2aa-402a-ab81-5ca59073d0fd,869,89,,185.26,2025-05-13,EU
64f371fe-1da8-40d0-93cd-4e996b26feb0,888,212,1,58.18,2025-03-12,US
b027509d-12cc-469f-ba51-e0587095a5c7,901,422,7,2730.95,2025-03-26,US
35b38647-6fdd-48dc-b798-a7364bfe7ae3,574,379,9,3813.89,2024-10-10,APAC
cff011bd-5666-41bd-9426-9590459b9e7b,548,485,5,1838.88,2024-01-12,EU
9f3fcc46-90a0-4072-9ee2-2ae2e6a7c4e1,704,434,8,2743.68,2025-01-12,US
0690d616-5b6f-4347-863c-947701176c40,104,244,7,1912.59,2024-05-04,APAC
dbb3c4f8-17a2-428f-9ae3-32ff7913ecdb,551,61,6,1319.08,2024-01-20,US
f2b99456-35bf-49c4-9553-277cb9558935,265,311,,246.57,2025-01-07,EU
ff75358c-a77f-49b3-bee8-50044e741546,613,468,3,920.91,2024-10-08,US
ffca1153-fb37-4b7c-8abd-756191a24a6c,236,101,6,799.66,2025-01-02,APAC
e3a6f6b3-838f-4896-a0f0-c0199ee6a040,586,342,8,466.58,2024-07-20,APAC
5e8b11cf-fa21-42b4-aaea-9cab0f9e3495,143,422,4,105.06,2024-04-27,US
e57ea09b-18b3-4752-9f4b-d9427565ef54,911,261,3,922.73,2025-04-28,US
0208d2ba-42d9-4637-9209-bf995f7e7624,582,61,2,717.5,2024-03-22,US
2e0e3a08-5952-4380-a87c-67915880185d,740,273,2,351.98,2024-10-21,APAC
0ff5808a-3882-48e8-8028-56d96a60ad1c,995,298,6,2459.94,2024-07-20,EU
6235967f-dd16-4206-8b4a-9d4c8a4f34a0,942,72,3,935.04,2025-05-28,APAC
572a55ae-16d0-4c78-99ad-0660ffb08800,709,327,10,2955.13,2024-02-25,APAC
851cb4b1-59fa-4cfc-b5bf-e03a4266b1cd,567,106,1,84.81,2024-11-14,APAC
7600b8d4-ce66-468c-999e-130c14371d56,158,196,4,242.06,2024-08-11,APAC
add3dac5-0b8a-4e0c-8228-fca736db9d40,961,486,1,143.53,2024-12-12,APAC
98009917-3359-4201-bba7-60eacfd189a6,472,238,10,3821.16,2024-11-02,APAC
0f553fe2-2349-435d-a0b9-a320dc37d217,798,110,6,437.68,2025-04-10,EU
684e413e-8830-41c6-8323-e53a38544970,452,368,6,1658.75,2025-03-22,EU
dcdcb04e-b6dc-4f54-bba4-00e40a6357e0,280,412,8,3288.84,2024-04-19,US
6da80f85-b55c-4ea5-93c3-b5b6e9de5e59,824,347,8,522.42,2024-07-09,US
8835b5f6-5871-4c08-9c49-4d315b4f1f65,497,404,9,1410.69,2024-09-20,EU
9254cb54-fe05-40d7-af36-db69ffa1ba92,79,216,5,831.58,2024-12-07,EU
af614159-da43-4960-bef0-3dd59f54b908,897,118,1,11.63,2024-08-29,APAC
e8e16b9a-fc65-49b8-acdf-2d2180684bee,386,463,8,938.58,2024-09-13,APAC
a8bb2d0a-5dc3-49ca-92f0-50d42870d1c9,756,276,3,282.61,2025-01-23,APAC
ac1428ac-9512-4d3e-b904-0c19ae90d08b,351,463,5,362.91,2024-07-15,APAC
0dd1f952-4692-466d-87ac-18e22d6c94cd,418,199,8,3793.44,2025-04-06,US
283640f6-0525-4861-b26b-5695e6e6e9c6,732,159,8,599.2,2025-01-07,EU
7259cd20-ebb9-4f99-863a-13a4899c9e39,14,149,5,1153.14,2024-09-16,EU
50cce5d5-9404-44ee-b3be-200aef542c68,993,1,5,2412.62,2024-07-20,EU
e3b87807-59f2-4026-9019-d87ee4af29c8,590,259,3,169.18,2024-01-03,US
bfc0565e-d451-4de5-9634-911d820f08d6,776,33,3,1180.46,2025-02-06,APAC
0dd29098-9a30-4aa2-8e84-d3c8be287070,891,35,2,852.55,2024-12-12,APAC
2d5ce36d-9be5-4aa7-ad6a-9b73552e93a2,9,381,6,2142.74,2024-02-17,EU
31215573-f937-4428-8368-67160ab1ece3,572,40,1,43.05,2024-10-14,US
eea945b8-62dd-4e5d-bfb8-2408afeb6587,840,434,5,2255.37,2025-02-23,APAC
84b61d28-15d6-4ad5-836a-4f4388062706,925,125,2,561.6,2025-06-26,US
bb20d1a6-7d4a-4276-8861-adfacb1b829c,684,93,2,58.59,2024-09-22,US
0043feee-5c0e-41c8-a867-7ca1f0a94e21,776,294,1,45.24,2024-09-27,APAC
e4b85620-0b8a-4ea0-97af-61d51695cbc0,412,345,3,212.27,2025-04-18,US
925e3a9f-7540-4b77-9b9e-d63f312f05ad,128,80,6,389.75,2024-06-01,US
e3450575-82a4-4b83-9a2a-0161268e8fa4,81,27,7,1378.44,2025-01-20,APAC
d0082fb3-b0cc-40b3-a4c3-d3c4fc541c1f,126,76,9,610.12,2024-09-07,EU
b800a606-f2fb-49c1-badd-dbf66da8ad0d,297,164,3,311.1,2024-09-23,US
29586de3-97de-4ab7-9d0a-ecbfc5e85a26,321,216,7,3398.24,2024-01-24,APAC
7c656921-0683-4ccd-8bef-25efab439986,203,31,4,408.12,2024-06-08,EU
b1c44e8c-53b6-4d6f-b949-9fade6519487,243,203,4,419.18,2024-10-12,APAC
51eb0e65-dd1b-40bf-bfe9-3b0fe8d152fc,744,232,6,2119.41,2024-04-21,US
1d113636-e44f-48b8-b776-98cd935761cc,217,92,6,2350.95,2024-11-17,US
e016e0d9-9aa8-4e85-95d9-2cee1ccde7d7,164,427,9,1665.29,2024-04-07,EU
f6e03b1d-b35b-44df-964a-b3ab5fe2371c,758,481,6,1680.16,2024-11-25,APAC
1b5f370e-3920-4c43-b34d-9bd7aecce92e,275,462,9,1932.8,2024-01-19,APAC
b06801d5-334c-4ee4-80f1-81ada42fc2db,354,199,10,3626.59,2025-03-19,US
6445eb73-d291-4ddd-96cd-58175fe22be2,90,252,10,839.93,2024-04-11,APAC
2a28474f-f382-4564-8e27-0da61d81219a,571,181,6,2547.67,2025-06-04,EU
3d6586de-00cf-4131-9163-b92df4b870d8,482,448,9,4467.72,2025-01-07,EU
374ac069-17bc-4aa3-85dc-96868fe4ff5f,765,412,4,1618.47,2025-05-06,US
3ca3fe11-bc0f-46af-b6d4-e2fd44352292,301,380,9,3711.44,2025-05-05,APAC
0f705637-2861-421f-af1d-ef3f65880770,607,393,1,462.95,2024-12-12,EU
9f6e2689-fa71-4c4d-8079-f40fcea203e7,237,72,1,23.36,2024-03-29,EU
8cd937a9-a5eb-480c-a5ba-28473fd075fb,864,316,4,319.63,2024-06-15,US
c7cb1281-d64c-4c15-b91a-021c30860f83,270,494,3,1089.58,2024-02-10,EU
261db6c1-e388-42f9-a113-e17d9f739695,671,54,1,48.37,2024-12-02,EU
24aa7454-8fbb-4e1a-9710-61d4243ee4da,593,306,6,1164.69,2024-08-14,EU
1e15408b-7110-4e72-8ff3-b9f67d98ed62,601,406,10,4204.7,2024-09-24,US
df9aa038-2a2d-499b-8e8b-9e4d5e5966b6,378,264,10,414.89,2024-05-18,APAC
798a16e5-76d3-45fa-b5a6-f9ee91e3d15f,663,75,3,1125.72,2024-02-02,APAC
799865a6-48ad-40cc-9dc7-062224af5351,910,401,3,1381.81,2024-12-01,APAC
7f96d261-9cb0-4955-b04d-cb14b1f2a5df,227,322,4,462.04,2024-02-10,EU
5a201610-ddf4-4989-8fe4-30f511c9e763,44,427,6,2294.14,2024-06-09,US
d3cf9656-6d3b-4d7f-a17f-9fcc16e19889,1000,469,3,394.07,2024-10-13,EU
de1f067c-f5fe-49ee-a28d-7a56066ecf77,697,232,9,2620.54,2024-11-30,US
77b2c260-abf8-4b88-99c7-6edc8d66d72c,111,58,5,1923.57,2024-07-03,US
febb1081-952a-4d09-91f9-5bf3ddeb48bc,491,413,2,608.8,2025-04-01,US
6c69ef27-cc37-4909-96df-42fa17bfec58,492,378,3,153.12,2025-01-30,US
3adbc16b-cbfc-4fb9-87ce-e56c3faa739b,298,1,7,477.05,2024-02-15,US
264112ab-72ad-46d1-8a99-eee7b953d3e0,732,482,7,694.98,2025-04-23,EU
67fdbbfb-9e76-4fb7-82c8-7ef6f8632ec6,663,184,1,103.5,2025-04-06,APAC
9db2f2e8-1f9d-4580-ab2f-4e421fbe0033,127,11,1,190.34,2024-05-14,US
e0a41041-3d49-4617-8c8e-18b456f2a290,315,183,6,1053.63,2025-05-16,APAC
60644490-692e-4542-92ab-1158904a6e48,909,177,3,626.49,2024-04-29,EU
84837527-c500-4902-a720-7b4d77801a08,81,434,8,3237.8,2025-05-10,EU
c8f1cbda-fd43-43c0-b2a2-4a63aa35b72c,585,198,1,253.69,2024-09-18,APAC
7b672d63-de82-4229-a633-4ca662359eab,896,428,7,158.65,2024-04-09,EU
9d17f83e-bf81-4376-a1b3-164efcc5e572,881,367,5,2236.37,2025-03-01,US
ba1a1aa2-13f8-4dd7-8a0a-9e49403ff15c,425,486,6,2072.04,2024-03-15,APAC
3cfd91dd-c633-45f4-a293-c2891728f94b,338,270,,73.29,2024-10-24,US
d791aa84-f833-4a93-8fee-9c08a591965b,209,225,4,1199.2,2024-01-11,EU
f16c5d99-e996-42ce-a947-fb2ff82ccccb,947,360,9,3449.5,2024-06-28,US
ef4a3746-2215-4c8a-8413-eb3d5b79b14b,803,269,6,1137.92,2025-03-22,US
28f6a90b-223e-4e10-9682-5970e9de24bd,569,235,10,1584.72,2024-08-04,US
a8116504-f364-41cb-944f-09a0a3c5d0f6,530,438,1,336.74,2025-05-23,APAC
f4bddbd0-fd3f-41e4-99b2-f91ce7032677,925,87,2,893.81,2024-05-21,EU
dc7e0669-ecf3-4ee0-b461-cf38d3f324dc,544,474,3,1403.0,2025-01-15,US
ffa52e90-42b7-485c-9f8f-99c339675f6a,562,56,3,1434.19,2024-04-29,US
8f8d0879-7cd4-43e1-a66b-e73327ef67ba,749,421,10,794.98,2024-02-01,EU
4bc0a0f0-4215-4199-81a7-8bc342f8556c,818,483,7,3153.43,2025-05-26,APAC
216f5937-7a90-46b8-a160-37fd175d3e5d,83,412,1,163.68,2025-03-27,EU
6c151a46-a04f-4d1a-963f-097432e81523,588,477,1,237.51,2025-06-28,EU
dbfcef99-e892-45b6-80bf-9a0453ed009e,376,430,2,923.1,2024-02-13,EU
6fa82259-33e8-4c70-a8d5-c79e76a467f2,10,111,5,1693.7,2025-03-03,EU
aaae4260-f3ec-4858-a759-55a8bcad35c3,293,451,10,3156.45,2024-07-19,APAC
2faf7f69-02d1-432c-b0cf-2f71635acc3b,935,172,7,3002.7,2024-03-01,EU
ef9970dd-f77c-46dc-8cf1-7cc553b52d4a,477,39,10,2478.23,2024-06-19,APAC
db5ea39e-593a-4307-81db-37063964592e,735,333,1,237.38,2025-07-02,US
eea336da-5914-423f-93e4-6d1b9bac6074,120,17,5,933.15,2025-04-03,EU
ecb92fe6-bfd0-4e58-b58c-0552a2edc1a7,952,71,9,3773.16,2024-08-09,US
6d30ae42-b6d9-4328-8b62-4f05edc5ceef,688,12,5,672.69,2024-02-14,EU
0933c0a3-894f-4083-9f04-d7ca9270af32,179,343,9,3982.58,2024-12-22,US
0e2d7d6a-c5c2-4b83-a42d-29859b47ba28,597,420,5,1971.43,2024-05-05,APAC
7fa62709-5e0e-4b9d-877e-5de0732196a9,863,118,7,1916.34,2025-01-21,EU
1ad090b1-6697-41c3-80d4-5f9c257bb12e,559,365,1,103.35,2025-06-02,US
f7628c8e-04f4-4a42-8002-f709eee87c4a,950,457,4,1314.28,2025-02-02,APAC
f8dbc330-3609-4d9f-aef0-0e3e90c7f013,506,243,8,331.85,2024-08-27,EU
b69c85be-aa9d-42e3-a910-6f4d038b2261,24,148,6,1933.45,2025-02-26,US
0c3b5d87-b5d4-456e-b6cb-f0920227faff,123,302,1,38.45,2024-12-09,EU
fdc0d9a8-d290-4882-8089-138b7366cc3c,997,435,4,273.28,2025-05-10,US
0ce535b3-f10d-4f6f-a2f4-58ea6fb17582,742,34,9,1689.22,2024-10-28,US
52c2c6fe-394f-4268-b69f-5622fe8fb243,316,256,3,396.59,2024-06-13,EU
e55d8405-f424-4e8a-8985-dea78bf21362,865,395,5,2014.24,2025-03-29,EU
d8058ae8-90f3-4d9d-a4f7-164af59f6b7b,789,82,7,2282.22,2024-02-11,APAC
b33ca61d-7ced-4935-8c48-e40e1293044b,120,317,7,569.74,2024-12-25,APAC
871ecba6-0fd3-4d09-b9dd-82197b2e8a03,405,484,1,207.35,2024-06-23,APAC
61a50337-e02c-4a94-8d51-946e62ca21c8,359,276,6,2613.09,2024-11-13,EU
058212b2-bc67-4253-b19c-96bdeca92a40,708,457,6,2278.62,2024-12-30,US
a18b43bc-8165-4660-9a0f-b485bc25093b,139,207,3,182.47,2024-08-18,US
f9896c04-9bda-4fe2-aad2-74713eb00f64,698,445,5,2256.45,2025-03-08,APAC
9ef6c042-fdf9-474f-8646-73c3d7428f16,963,293,6,829.06,2025-03-28,US
d8ed454d-476a-4346-890b-a8e1c764faf2,651,214,6,2664.23,2024-01-06,EU
63bc72ec-ea0e-45a3-a27a-a3d9f40a4930,576,164,6,2403.33,2024-06-29,EU
ffa55ce2-60a2-4e3b-b28c-6a81568c36ac,685,75,8,1345.2,2024-09-22,US
6c38574f-4456-466c-ae27-b807d7a5f0f7,698,346,6,1626.74,2024-03-06,EU
ee57d1fe-6c77-4edf-81dd-e5c025bbae14,488,195,4,144.34,2024-05-04,APAC
c21c4c55-46a9-4bf7-b697-79783024a7e5,486,496,4,1546.5,2024-11-05,APAC
9f3e6e30-59d0-4f7c-bcec-3ead15ec630a,602,458,1,87.97,2024-08-14,APAC
211b2b66-dc17-4e3e-81c6-9415bf9b0180,265,12,5,1752.62,2024-09-29,US
6ff408df-e144-42df-9be6-441d707db175,945,471,8,1675.32,2024-05-09,EU
94a7bb96-6560-4b65-b2b7-295d8cc2706a,446,442,5,1399.01,2025-05-14,EU
b8387e8e-6df8-44bc-b793-14441bd40374,313,113,4,1348.81,2024-08-07,APAC
dd9730e8-a173-4334-807c-701d46da2ce2,577,312,6,595.94,2025-03-12,US
a9b00517-2f3d-4800-96c8-3364c9fe9898,944,283,3,773.36,2024-04-23,APAC
aa8c078d-c91e-471c-8cb7-14305ddafcc2,247,14,9,1648.17,2025-05-26,APAC
8febc178-41d6-4017-8b6f-a066261383d1,106,485,9,2326.02,2024-12-26,EU
65f26f6e-d684-4913-bba8-1db1cd0864c5,75,17,5,710.39,2024-11-10,US
05200206-1f91-4da9-8a91-6f5badb52ffe,274,27,3,508.87,2025-04-25,APAC
6be78a6b-cdc4-4043-b071-3629af3cef9d,322,37,10,1799.65,2024-04-15,US
2d53ec67-1c61-4cbe-9e01-6f5c63c6638e,951,459,3,253.34,2024-12-24,US
886bdad8-24b7-4651-9e38-5b137eccfe09,318,325,8,3421.84,2024-08-03,EU
72da7df0-9664-4350-9eaa-ba8af043bf56,49,38,10,4487.46,2024-04-07,APAC
316885c7-fd4e-449c-88d8-a29ebb03afc0,925,343,7,67.02,2024-08-22,EU
7c8cecfc-e1ee-4335-b238-7d12e015e7a2,99,316,9,2600.42,2024-08-23,APAC
19f5b39a-321c-4478-adc1-60d813485b4d,499,109,6,549.32,2024-08-18,APAC
81bf2fbf-bcc0-4bb5-8fc1-d51dba287592,454,207,6,1112.54,2024-10-03,EU
34782291-f5d1-4d91-8d85-3871eb0b0c8a,802,428,4,1278.96,2025-04-11,US
9a5b67de-9dcd-422b-b7cf-0232aa09d9ed,343,395,2,289.74,2024-10-04,US
dcd278ca-ee56-4a14-aaee-b50a663e16a6,759,198,7,1379.41,2025-03-20,EU
1e495295-07ef-406b-b4ae-fb4fcaad619d,797,27,5,107.9,2025-01-11,APAC
05cb88ce-15a7-4e9e-8138-3103154b8140,777,194,5,2053.65,2024-01-30,US
081f153e-0431-4e61-bc5a-3948eed10078,609,27,2,854.35,2024-06-22,EU
15f0d264-b14f-4c11-9433-0862a262f426,482,155,8,1900.73,2024-11-28,APAC
25091574-1671-4d15-8d7d-f9023896c824,734,16,10,2052.78,2024-11-26,US
94deca00-0b9e-403b-b58e-b8c2f8181c53,338,191,7,1350.27,2024-02-22,US
7a7d784a-bba6-49f2-a219-13205f9d948f,797,244,1,449.83,2025-03-09,US
99716000-8688-4392-8956-83fca7361a26,949,478,6,704.71,2025-06-15,EU
41a3b64f-00ca-4075-8970-c335b0aa3952,614,49,6,2048.35,2025-07-03,APAC
b2293733-fd2f-4e1f-8031-7330cbf66532,950,221,6,2813.07,2024-08-28,US
3c72f538-0239-4016-b9a3-7f285e84cb82,273,472,4,1766.27,2025-04-27,APAC
238e9673-68ac-4640-9e80-ebef1e080d65,886,392,5,1507.81,2024-07-11,US
83636c4a-eb08-4625-a79d-8e14a311ea67,380,112,5,1873.52,2025-03-08,EU
ae598f67-2a42-46a2-9f61-dc42959b121e,600,24,1,160.48,2025-05-11,EU
87cc2d54-bb5e-4350-a5e0-f7a34d8eeff9,476,124,7,2163.02,2024-04-30,US
b0cb4784-dd60-4c18-99c1-e4b9b910b2db,982,500,6,1641.6,2025-01-21,APAC
00417eec-dff8-479c-bd9b-a282f7a46937,711,189,1,219.67,2025-07-04,US
b73f9969-e67c-4c98-b10e-df7b898906f1,230,318,4,607.25,2024-02-04,APAC
2b365dda-5689-4883-8c2f-731834061de6,259,146,4,1071.01,2024-07-14,APAC
121d7a53-a6e2-4581-b94e-58b4c31d398c,216,151,2,861.18,2025-02-16,US
d3a85c74-d6b9-4194-9972-6293b4a59ef1,438,232,10,1665.26,2024-03-31,US
9c2cc59e-f793-491b-9337-d812f5e2da64,916,99,8,985.42,2024-04-28,APAC
b72525d8-4855-4a6d-92db-b88e98b5d68d,959,196,10,2171.69,2025-06-13,EU
51a6d30f-69a4-4828-a878-d9b19dfeefd7,985,272,5,1957.45,2025-06-09,US
0331ff65-c1e1-4760-8491-892d6bbfdb62,706,438,5,1560.27,2025-02-08,US
3c872885-aa1c-4487-aef5-ea4de6edc532,163,240,8,3219.94,2025-04-28,US
5d80f0ab-a3ef-4b07-9ab3-f05c45533499,786,212,6,2300.44,2024-07-18,APAC
8b84c281-a04f-4c7b-8422-99a74731dd95,58,75,9,1217.64,2025-05-03,EU
4bb4c398-293c-4d15-8848-d3c4e951941d,248,107,10,2296.51,2025-03-16,APAC
1d094821-1d9e-4bd0-9220-fea8f6e6d612,978,439,2,10.83,2025-06-27,APAC
ba2681d0-3d6d-4508-b890-1a0553d93440,360,238,4,922.69,2025-06-11,US
db538e86-76d3-42ed-b235-f5979a2f3254,708,386,6,1499.4,2025-04-04,EU
437a6685-27b6-45f7-af2e-3d7a2591db22,849,398,6,2309.13,2024-07-26,APAC
0936d287-d2d1-4a9f-b82b-f005d7d4de9f,538,224,6,756.58,2024-09-12,APAC
d7c8632b-4a75-4aae-a108-1a6f8285aeac,802,162,8,3188.44,2024-06-14,APAC
5d061462-02ca-423d-aa68-8cc7f13ed5d5,456,107,5,1513.03,2024-05-29,APAC
f21943f1-2936-46de-8e93-f0cb59ff5b3a,656,362,6,1598.56,2024-07-25,EU
eec4ed22-9d7b-4409-a12c-715befa2c651,6,145,8,709.85,2024-09-09,US
18543e4f-53d7-4a0a-943c-8aa115b14f6f,991,138,,171.89,2024-10-20,US
24807658-4232-4d78-922b-f2477153b08d,65,333,,358.36,2024-01-16,APAC
c7278487-3921-43bd-a826-62ec97bbbc66,228,389,10,2956.26,2024-08-02,APAC
e1f1be94-b9ef-4d9b-95bc-c212cad6d064,709,173,5,255.76,2024-01-06,EU
f95c2d39-225d-46db-85c1-c52739837104,236,65,5,2413.24,2024-12-18,EU
7c2730f0-ccf3-48e0-8204-d50445a1b4d7,562,109,4,1422.39,2024-08-18,APAC
3f872e38-0e27-4a57-8156-c6212f0baf59,986,306,5,1133.45,2024-11-13,EU
0335053c-9a95-456d-a721-0bcd9b6e0b1d,371,235,8,1842.56,2024-05-19,US
26a27ddb-758b-4776-ae58-742bbd4499b2,241,195,9,1002.39,2024-01-01,US
0b9a20a9-e20d-41ec-abc6-3f27bea0b33e,985,13,5,875.52,2024-12-13,US
b870dc6c-dd55-4c85-9780-0a206c0c0878,982,383,10,1790.74,2024-01-07,EU
88a4356f-dfc9-4952-bf17-ae24bf781c31,913,55,4,651.38,2024-02-28,US
66c27b2c-1470-42c2-88f0-b5b226251245,930,144,1,175.51,2025-05-04,US
f3da5cd5-f82d-4808-a3b8-870b6b5a1572,498,258,3,668.2,2024-09-09,EU
193db605-3124-46fa-84bf-feca169bdf95,200,473,3,1450.91,2024-08-13,APAC
cd453935-da9f-41f1-bb44-84d45cfdb830,658,394,3,163.03,2025-05-20,US
767dac54-cedd-4f50-9798-b8b1cd501d00,571,110,1,331.72,2025-05-06,US
b411aeef-7cbe-4bef-8393-73ede7f3d4e0,515,38,10,3897.8,2024-07-01,EU
11271a8f-8f90-4cca-bb9f-121aaf1e2973,914,125,5,360.66,2024-02-09,APAC
0149c083-bdcd-4293-8c36-8175d49cf80c,530,1,2,261.34,2025-03-13,APAC
09215739-ba07-451a-824e-5da6768f3cb7,172,491,3,1269.92,2025-01-28,APAC
2b9648a8-333a-458a-9db5-5a405ed84bc4,399,225,10,1869.77,2024-02-10,US
5151427a-ef0c-447c-b632-ebd1fac74e51,32,32,10,1724.11,2024-07-19,US
44013e9c-f016-4056-ac9a-7757f1479ccd,761,266,6,2500.32,2024-01-02,US
42bea34c-d544-4819-87bd-ec8b3cb94c8e,1014,134,3,1362.8,2025-02-13,APAC
bfd05f4c-3260-446f-98c1-c4da18bfd501,283,217,8,214.26,2025-02-24,EU
972a8347-e1bf-4932-884d-cf0f199bdb91,947,358,1,44.95,2025-05-10,APAC
e34c2a0f-9b06-44f7-9152-0766d71cb5a5,71,367,,328.06,2024-02-13,US
3b373144-45bc-44f9-8dbe-2ecfa4d58412,507,482,9,540.27,2024-03-15,EU
8e79e762-4026-4077-bb99-24fd031cc448,972,303,9,154.44,2025-04-15,EU
7f80daf4-6b4b-439f-922c-3fde9d7688f3,973,216,3,1212.07,2025-03-20,APAC
25a5f14b-da3d-4431-ab56-c2fb5a39285a,989,352,4,771.38,2025-02-15,US
4745db6f-2342-4f83-b063-d674e53115c8,156,453,4,1646.85,2024-10-27,EU
bcca273a-81ea-4ed8-bc88-27de4fdf7807,685,312,5,768.68,2024-02-06,US
e6036989-3937-40b1-9042-2357b7a43bd3,989,10,1,298.82,2024-03-25,APAC
da0d921a-6b13-46c6-8113-46bdf04e5476,574,141,6,1791.97,2025-05-17,EU
1ac8a97d-01b5-4c89-b3ad-f148d82539f3,960,79,4,612.67,2025-02-18,APAC
5875ed5c-ad29-4814-abe7-c9e1803b2f6b,595,45,9,3752.17,2024-10-29,APAC
1ed82f5f-7b85-49fb-b5fb-6467008375e1,560,475,,35.23,2024-06-14,US
c6b9296d-1b46-4e29-a4eb-7cb2848f6196,808,316,7,2788.5,2024-12-10,APAC
d3b45777-22a3-41eb-be7d-92637fff0c7a,21,423,7,1798.04,2024-12-18,EU
4f7be820-2a67-4bd5-b91a-72a47b686af3,634,473,8,3243.88,2025-01-04,US
dd63d1a5-c05a-4522-bf0b-d87b9caaf68f,339,215,4,418.07,2024-09-26,APAC
421f3aee-935a-489b-8524-b68e2a1b7458,488,479,2,944.64,2024-04-04,EU
8f4a0273-226b-4df4-a565-b6a9b01bc2c7,196,261,2,598.41,2025-04-27,US
4e7f6b67-86a5-4f96-bf9c-0b4bb8ffd9b5,682,228,10,3524.41,2024-11-28,APAC
d73a36f2-2157-4789-9e8e-b9894acfc6cd,441,490,7,2633.97,2024-03-26,EU
928cfbcf-0cfc-47a0-80df-d59e759834df,806,141,4,1008.86,2025-01-15,EU
92c6178e-3ea5-46c7-903c-77cf819897b8,96,81,5,112.63,2024-10-12,EU
da28c7f4-8e25-4b1b-9f8c-24cf0a0f5d88,223,80,9,2515.64,2024-04-27,US
63e431fc-7efc-4a95-947b-a02a581fc2d5,818,231,,401.04,2024-05-23,EU
979a1df4-0bea-4cf6-bd81-d9687ee1654d,292,417,6,465.62,2025-05-18,EU
52f637bd-f4ec-4fa7-b2e2-864a022c639e,88,143,3,90.15,2025-02-11,APAC
65d1bb83-c057-481b-8b1b-db21b0260f49,619,87,1,476.93,2025-02-03,APAC
5ae44815-7131-4d1a-9633-ad3a4de2b3c8,557,15,6,2745.56,2024-12-04,US
a5f3b661-f024-41cd-9d36-889ba5804623,616,119,,432.98,2024-09-07,APAC
e45f2422-ad8c-4aa0-b451-f22088a729fa,495,112,7,3154.97,2024-10-28,US
24399cb2-1d30-4d95-9d6a-aec059df6106,304,428,1,187.31,2024-01-23,APAC
3bbea67f-9211-419a-ae05-01e3b3ffd438,934,412,1,166.03,2025-06-02,US
988f8835-4d21-43f1-b4dd-6a70fa0467ac,751,210,7,2128.86,2024-10-12,APAC
37ca6ad4-8640-4bb5-ad02-955618ff34ef,750,85,2,173.46,2024-05-09,APAC
74a24296-bc0a-476c-a3d1-b0ebd7fb029f,661,248,3,603.09,2024-07-26,APAC
ad17c44a-5c62-4a29-b22b-29de3cf38680,530,67,7,2564.18,2024-10-05,APAC
d49c7635-2555-41bf-8453-931f383e0dea,468,91,1,24.14,2025-02-17,EU
38a03847-804d-4edc-be22-2fc96dc3d561,166,125,,89.79,2024-04-07,APAC
b6af852d-669c-4840-9ff8-eecea5686bf6,621,45,7,2721.15,2025-02-22,APAC
118005e7-647f-443b-817b-1258c4f4e611,661,373,9,1399.9,2024-04-21,US
7c209f10-f12f-4291-9db2-62c5de45ce02,40,191,9,234.13,2024-09-17,US
f5435bc3-3d67-409a-a80c-55e9690bdab6,200,240,4,1627.23,2025-01-18,US
5972f8e7-3918-4f24-ba52-5df93c89feb3,840,384,7,1855.9,2024-08-03,US
9604d217-68b2-4230-a1d8-a9a541d06059,597,189,5,1874.48,2024-12-26,US
a6ef0ebc-2281-4b6d-a8f8-a7bbbf9ef5aa,289,483,3,342.14,2024-05-19,US
339f6d69-90a8-4418-b113-720487873524,627,341,6,2864.7,2024-02-10,APAC
91b7743b-0bcb-4d8d-9769-954539cda67a,897,217,5,2103.66,2025-04-07,US
516ad88b-ee0d-41dd-8e54-faa33a126e19,955,395,4,1528.13,2024-06-26,APAC
e1408700-3326-491e-b5bb-68c2cf8a6145,974,480,8,1084.57,2024-09-19,US
5a1c84a3-ccb1-49bf-b291-260ae3834f28,585,6,10,2342.54,2025-06-05,US
2fc754e3-bb4e-4955-add2-5404324a97f8,323,291,2,477.87,2024-02-01,EU
c0a0ae3e-eabc-4b2e-8458-14817bb76452,743,259,7,1324.19,2024-06-02,APAC
0b0aab59-153c-4fb4-8658-fdc5c1769a24,974,302,10,4810.84,2024-10-16,APAC
5a0349a5-faba-4787-b46e-25279a0176cf,16,338,1,270.11,2025-01-01,APAC
91d6a97d-c816-47b3-bfd2-a0e4631f83e4,614,389,2,857.72,2024-01-29,US
f4ea53a6-b657-49cb-ab00-f04e4ff9b038,750,367,10,272.85,2024-07-14,US
4df342ab-446c-4b7e-bbd9-73cbe680bd8e,934,115,8,292.25,2025-01-18,EU
8271c708-9f8e-4987-8bb4-1249e8565a95,303,484,1,120.27,2024-02-24,EU
cd37ab0b-33e1-4c15-9591-b32c525501e6,881,193,,301.81,2025-04-26,APAC
2f7485a3-1c1e-44f8-9bee-d16cab705e72,987,391,1,388.84,2025-05-24,US
aeba8742-e369-46c9-bfa9-0185c505dcad,587,286,1,386.03,2024-08-11,EU
743c3b0d-bbdb-497c-b815-5155245ec980,851,176,2,732.5,2024-08-20,APAC
96cf3413-a0a0-467d-a990-e4ac6aa2a362,627,418,1,447.89,2025-06-20,US
d03b3f54-fc97-4f9a-8ee2-22d3142aad27,611,162,5,372.19,2024-01-19,EU
7afb411e-c337-4572-a09e-9f8800243018,760,323,7,1984.94,2024-08-25,US
89401146-8a04-4dce-832b-9c6fc17b6b41,665,25,6,497.51,2025-02-27,EU
b9b51692-9b23-43f4-9365-c3099afc9396,32,201,4,648.7,2024-06-14,EU
a169f825-6bad-40e4-8913-7be9f223607b,749,484,5,1791.25,2024-08-12,APAC
776c36f4-7131-4cd3-a0fa-488f938a729a,36,157,,175.82,2024-12-12,APAC
0bf29737-2169-4907-a4fc-dfb9136849a6,544,296,9,4148.97,2024-06-10,APAC
8d6f1543-28da-43ad-af06-b47095d6e664,283,283,7,2496.95,2024-02-15,US
1f8b0758-5fde-4834-978b-637d3422059d,693,350,9,3456.98,2025-04-02,US
0bbe4306-3b32-47cd-ae21-83cedbcdd717,612,42,7,1337.9,2024-01-17,US
fbf28104-0dbd-4861-af65-981484de506e,400,411,4,1867.76,2025-02-23,APAC
673064c2-44b3-47bf-9968-ed95d3141a71,485,139,1,139.5,2024-11-12,APAC
9b929263-9ada-4459-a788-db3d1891822d,6,127,9,1701.17,2025-04-04,APAC
38c6037a-751f-4271-a80e-2f287879521f,882,19,1,398.48,2024-12-27,APAC
269616dd-b239-465b-9aaa-2c6988ca87ae,421,101,8,3346.68,2024-07-03,APAC
453bd5c9-4934-4f39-bbf0-ce4da01c528e,852,479,8,1658.9,2024-02-26,US
ba03a04b-932b-4fce-9bde-c2d5e006ea70,366,88,1,358.19,2024-02-22,EU
8f094875-fd89-44cb-b096-012a13785023,919,39,7,1820.34,2024-11-11,US
fbbc0a05-5cf8-4dd2-a5b7-5aabed0da668,389,76,4,1638.85,2025-02-25,EU
6c9cf05d-d2cd-4413-8393-6e0384f7fffe,212,333,4,87.47,2024-11-08,US
7fac9e77-f481-4299-a81a-657c858858b0,507,100,9,1263.35,2025-05-18,APAC
a713530b-3ff4-4de8-91e6-adf177cdc108,636,238,9,2435.5,2024-09-14,US
8861b3fe-3715-496d-b5fc-76a945053d0e,845,465,8,85.17,2024-01-01,APAC
1911dd25-6a9d-454b-b4c6-a39d5619a561,730,76,3,162.82,2024-03-07,APAC
693eae10-2468-4160-abc4-0f75b7213c36,49,221,3,21.66,2024-12-13,APAC
bb973998-2da3-42c0-8d3a-55a857c0ccce,190,27,6,2957.85,2024-12-31,US
99bab0ef-bed8-48cf-a695-57083006004b,976,448,5,2465.37,2025-01-19,EU
ff0532bf-1d2c-4406-8582-cb15ba0e44d7,369,52,2,684.28,2024-02-22,EU
b6cf1211-0aba-40af-b788-71ee2106e0aa,574,425,8,2102.2,2024-01-11,US
c5c9744f-0ba7-45c3-b65b-9100638a0479,541,317,9,1575.99,2025-04-02,US
65fc5ca5-1db9-4e38-a9e8-4c63318ceff6,842,270,9,663.05,2025-06-11,APAC
331247a7-4b63-4df7-94ca-6d6e8ac8694e,90,385,4,557.73,2024-07-12,EU
c9b5b7c2-12b6-4377-8d0d-9638b23bc03d,452,360,5,114.88,2024-02-14,US
a78937a1-be9b-4c18-b175-92608c9d8206,673,323,10,3153.74,2024-02-17,EU
97cbe36f-1acb-4320-903e-3a4245062ae1,529,131,5,866.37,2025-02-17,EU
024760af-e2cf-428d-b9b8-feed71b68753,384,402,3,1356.59,2025-01-26,US
7e4817c5-2015-488f-b33a-c6b5b1a12793,401,231,3,629.88,2024-12-22,EU
698fa3ce-4b78-4ad8-b136-0cbb98127b67,387,157,5,756.48,2024-07-16,EU
f4103854-4dbd-4dbd-b704-178ae0b62101,870,404,10,4113.59,2025-04-14,US
13f48288-63df-4dfb-a71c-c13c42641fb4,51,499,4,1328.05,2024-08-09,US
010e6719-b669-4c66-918a-c47eb67fb0ff,153,178,8,2878.59,2024-07-17,US
4a0cc523-46e9-4df4-ad5e-3d802446124b,231,113,2,425.96,2025-05-11,EU
166ab11f-e85b-4ca0-ab6a-41cbd7e0ebf5,100,64,1,253.17,2024-11-16,EU
baaec1b9-9aeb-461a-b411-5c779ddf9e91,816,386,6,739.0,2024-01-17,US
4d36c3a6-bc57-4c08-95bb-ef0a99f887be,975,339,2,691.61,2025-01-11,APAC
ec9dab22-9f20-41c6-8552-26c7fbab932a,806,297,10,995.85,2024-09-14,APAC
9ea0f6b2-2dbd-41cf-ae6f-dd63c841a8a4,732,196,9,1770.29,2024-08-20,APAC
e8ce8d0f-7503-4903-967c-5ace2a8956b1,278,21,2,564.5,2024-11-05,EU
68737eb1-f375-4bac-8549-3b829e7d5067,690,320,8,3729.08,2024-06-27,US
e7646f15-7da2-44bb-8aa9-f945c69f09d7,24,45,4,921.07,2025-06-02,APAC
6544eb84-d268-4c49-b122-d40e9942ee72,466,425,4,698.93,2025-03-25,US
9412c644-902c-4a1a-86d1-c5c94acdc147,629,144,10,3026.79,2024-06-23,APAC
7276abef-54cf-49b4-96c1-e6093ac1a419,457,293,9,1771.4,2024-02-07,US
e1043cbb-d1af-4b13-8262-13ef7f889f06,797,483,,486.18,2025-03-08,EU
3c3626dc-8995-41f3-b6f9-b4c780f77420,98,471,4,1422.12,2024-10-16,APAC
f43d5329-f659-45ae-a93f-5af0b0e07bf0,536,468,2,146.86,2025-04-22,APAC
81bf3be2-e025-4d15-9501-61e79cd085a6,53,261,1,416.5,2024-09-10,EU
903a4410-bb7d-4286-a420-4f54d4f8cb0f,268,181,8,1424.84,2024-06-04,EU
6ca670ef-734e-406b-b7b3-c77fdff37d9b,248,304,2,502.19,2025-01-13,EU
2bef42b6-fb3d-4b45-b27f-ea4aec5fc2f4,698,152,7,2967.18,2024-01-22,APAC
fcb6a3a1-0df5-48e1-bb37-06058801f91a,954,389,4,1806.69,2024-03-30,EU
e13a1f0b-4811-4fdb-ade8-a3c662183ba5,384,220,1,121.5,2024-03-23,APAC
6139b91c-e9d2-4120-b703-edbb8eb2dd8c,702,254,7,2319.34,2025-03-01,EU
6c23ed6a-e0a4-4d1e-82b1-5ea4896a6c56,757,285,10,4803.18,2025-04-22,US
e4a7dacb-660b-46a9-9925-ac936a19e4f3,813,7,5,2423.66,2024-10-24,EU
4de290ba-152f-48d4-a72d-5eebfffe2c72,792,398,2,702.64,2024-04-29,APAC
0b3d6eb4-9d5f-474e-b847-34b958171140,606,371,2,665.5,2024-02-10,US
87ca9217-d410-424d-a7fe-ba4713322ef9,627,495,8,3652.55,2025-02-26,EU
8d4f72fa-1a4b-4063-a909-d4b12b083123,995,125,5,654.43,2025-04-28,APAC
575d5dad-f66a-4a85-89a6-b46d2b214a84,107,101,3,296.43,2024-07-20,US
126a26d4-fc78-49ed-b934-c536894a437e,767,395,7,278.33,2024-12-17,US
4cdeecab-ffbe-4bce-8053-8dd0b5947a9e,133,424,10,1938.93,2025-02-12,US
34e46014-8dfa-4882-bf6f-e7a436d2e9d6,719,113,9,3207.24,2024-09-13,APAC
17195587-52fc-4125-a8f9-c3a25685fc4a,177,432,6,2588.68,2024-11-13,APAC
c6e6e6ec-ffe9-4b01-af8b-57921693570c,552,113,6,2479.22,2024-10-08,APAC
4ea73587-b7d6-47b9-9fe5-6e5d02e59a43,625,169,2,779.03,2025-04-20,APAC
57868da4-3802-49f7-91f9-866c31150a3f,518,4,5,2091.91,2025-05-22,EU
86100ca2-e7e6-4420-a512-549e8def41a0,106,10,2,409.33,2025-03-29,EU
c7799314-24ad-45f0-b667-835c73a9b566,320,18,10,1058.16,2024-11-13,US
92c29574-47f7-46cf-b92a-e3b310f11f28,90,196,6,1362.48,2024-01-03,APAC
3bdde395-27c0-44c0-a1af-fd44d966a270,405,149,3,396.71,2024-01-11,US
cc842ecf-0883-4389-9a17-6c012a5833fe,256,496,3,1159.95,2024-03-28,US
38370544-7c64-494e-b06f-7c4b1198ecc3,523,20,2,682.37,2024-04-02,EU
544cb0d9-2ae3-4825-99ce-2ae16e3761e1,303,382,1,53.78,2024-01-06,US
ab5afba3-a629-46bb-87f9-2be21f198f5b,618,173,6,2026.52,2025-05-31,APAC
55c4d24b-0f43-4da7-b3a9-6cee30cb0582,355,377,9,445.33,2025-07-01,APAC
39523827-1683-4360-a80d-3bba6ceab610,479,323,3,817.36,2024-10-18,APAC
11cb9af9-10c9-47e2-9961-ef4437958c6b,801,19,8,3487.8,2025-04-23,APAC
e0b5c75f-f387-484d-a89f-8b84d8586f85,780,185,7,2652.98,2025-03-22,APAC
06b08f05-dc5e-4fd2-bc0b-5d0bbd46baa9,737,244,9,4012.83,2025-02-21,APAC
f18af8b2-1c19-4771-b531-55da245448bf,643,78,8,1068.81,2025-03-09,EU
eda6f475-48f6-4fd8-a5ee-943ba3a6cee6,525,409,9,2748.92,2025-05-20,APAC
b45b8f6a-ff78-40db-9633-835591a770a4,696,462,7,552.12,2025-02-14,APAC
fc011320-bcc3-4276-9079-9a0e17fc04c9,172,414,10,1679.62,2024-08-01,US
fff8a33c-75ee-4298-ba70-a4e8ad3bb381,806,380,10,2125.55,2025-04-06,APAC
005275ed-3b29-4450-aa06-65e9cc00c5a8,61,156,7,1037.12,2024-04-29,US
5238f11c-0436-4744-ac65-ccad536c8751,518,390,4,1983.86,2024-06-29,EU
ae3d7fcb-afc4-46c7-a6d9-03aa9f230883,744,251,2,772.87,2025-06-15,APAC
ac066598-0b77-47e5-b242-a4a460947c6b,741,352,8,2123.4,2024-02-24,US
c9ff8bce-53ea-452d-8d93-dc9f822a60ab,790,460,10,1268.2,2024-02-22,APAC
6e2128e8-f81e-4833-a790-429529c4d889,495,429,3,407.53,2024-12-23,US
b94c9522-2a05-4431-bb1e-90c2ae945153,856,249,8,917.93,2024-03-10,APAC
e8b8602b-19e6-4821-a123-6961136d8cf8,514,82,8,2574.84,2024-10-18,EU
0dd687b8-f4e7-49ed-a714-bf85bf58762b,153,415,1,146.88,2025-02-06,EU
fdb30198-bbbd-4f19-bb48-7f830a6a4caf,655,67,5,2207.45,2025-01-08,EU
10a257a6-b368-4ba3-a144-bb124fd749ca,945,273,4,1499.46,2024-04-30,EU
424308b5-7975-4c8a-9858-ecfdd566d574,712,435,6,2199.98,2024-11-13,APAC
5593953e-9643-4234-bdfe-affd1f6232d7,616,338,8,3334.23,2024-08-15,EU
d0e7efa4-aa56-42e5-9a70-ebdbc0f070c8,930,64,4,524.0,2024-09-06,EU
07ed0e8a-1165-4f03-969a-f2dd46222e12,879,285,2,306.3,2024-06-05,US
bb2caa59-f499-452f-bae4-09dfe37e810b,340,429,5,1396.04,2024-04-28,APAC
beedc3f1-a380-4306-9ad9-0c2bc2ff693b,996,217,7,613.22,2024-03-22,EU
08e57ada-3989-44af-a5ab-4f6bcceaf07b,479,87,4,1009.21,2024-10-29,EU
1acc6037-f021-4956-9c85-3cfc50d6565f,833,169,10,2879.47,2024-10-18,APAC
81542a97-b57d-4db9-8fbd-dbe22475d381,371,176,5,1138.03,2025-06-05,EU
7247f0c7-7aa8-4dc8-9bc8-aab0509e78f4,840,472,5,2039.0,2024-03-31,APAC
8890f87e-2d93-4b6c-ab1c-3301ac2da33c,723,403,8,1980.26,2025-02-27,US
129a253c-3a8d-4875-8a1b-368e2b807d81,669,104,,256.14,2024-09-04,EU
54877527-1c5c-4c9e-9aee-2698290589e5,512,53,4,717.45,2024-09-13,US
246b87a2-dea2-4960-afb4-484d81c80c25,440,89,6,2575.57,2024-06-21,EU
e0b362ad-eb46-429e-b29a-b4a7d8505256,302,85,4,1550.13,2024-09-22,EU
e80b4bae-061d-4c9c-9839-04654fda91a0,220,490,6,437.12,2024-01-01,APAC
8b6200c3-0114-44b5-ad97-b08f03aee16e,712,177,1,105.16,2024-01-13,US
63a69704-fa0d-4d34-a7de-5586e191bdae,278,109,9,3253.99,2024-01-24,US
a95d22dd-9727-40c8-b5a6-4329fde8f6ab,637,379,9,1071.09,2025-01-11,APAC
1d9d0c63-3530-4fa2-865e-2ac807171a06,860,2,10,3896.82,2025-01-10,APAC
9150d432-f4bc-430e-9dea-8bd99b9ae992,199,326,7,2487.15,2025-04-19,US
22e13d59-99ea-4285-a729-6630003d5c38,520,349,,333.25,2025-06-19,EU
cc6951ac-dd9d-415c-bd03-55d9b05be8c9,438,118,5,2176.42,2024-08-15,US
4e4f74c2-a184-47a3-9eaf-a78cd68337c2,730,106,6,1668.8,2024-08-07,APAC
74c202ee-a8bf-414e-955e-2a3ff651c1d3,336,396,2,743.27,2024-05-16,US
b0018d93-ce31-40ef-a6a9-f5c500f5f2dd,117,146,5,1995.02,2024-08-28,US
1cd572ca-8fc3-4d2b-a59d-8fed1cebf9ec,860,138,1,157.0,2024-09-25,US
7877aa34-295b-4ace-b1f0-be363679d34e,833,365,6,2870.3,2024-03-03,EU
5c7a5fde-46e4-4961-8df8-602b44828fe5,414,375,9,3163.97,2024-10-02,US
8564c84f-29a7-4763-8765-167bf6255811,368,133,1,297.72,2025-04-19,APAC
96e8cd83-9d79-4456-a005-daf121e4bc5f,175,462,2,15.31,2024-03-31,US
e691e6d2-a7f9-4882-a99f-5f8ebc70c126,54,245,8,1606.66,2025-05-25,APAC
c534acee-6501-4c51-96d0-0523d59c894d,4,99,,53.16,2025-04-15,APAC
958fe39f-6b09-4a1e-8141-b09330c2c5d2,203,117,8,2437.73,2024-10-15,APAC
cce41786-ed84-4a5f-9b8a-2eb541677f8d,833,77,2,929.07,2025-02-18,EU
449f6d59-9fda-4d74-b380-9299c822d27c,908,96,5,914.73,2025-05-23,APAC
815c073b-992b-49b7-b16a-e4a30274dd80,566,305,2,633.03,2024-06-10,APAC
95d302e0-54aa-467a-b1eb-699467b8ce81,699,386,2,765.38,2025-06-05,APAC
d4541d4c-666d-4fa8-9d7c-ab84bad42cdf,957,294,5,637.66,2024-07-04,US
887a1f94-de26-4807-a60d-c250b137befa,30,272,8,1896.12,2024-11-25,US
baec8e0f-86e2-4b18-b951-13aeed54abd1,914,97,9,2103.64,2024-09-24,US
59ac4a1c-aa67-46e8-bced-47aa3b740fed,512,372,8,2284.08,2024-05-16,US
9a9a8207-f19c-4594-afbc-c8435b62c7c0,279,260,3,917.11,2024-11-18,EU
e62320db-791f-40d5-bf69-145976861667,209,413,7,507.12,2024-04-22,EU
38ddecf3-7e6e-44f6-a410-9214caaa2d12,543,6,1,182.54,2024-05-30,EU
bf24f70b-55eb-43fe-b2b7-0a30108bd27d,777,396,5,1830.04,2024-04-16,APAC
be1ad45f-4ba9-4c2c-a0c5-f5d48b11180a,115,237,4,912.87,2025-04-17,APAC
6b315867-5a6a-4c78-b61a-548cc8b3508f,599,355,3,462.37,2025-03-09,EU
fd514796-ee62-4436-9184-0479e393b60c,878,189,9,2073.6,2024-08-27,APAC
504b51cd-816b-41de-b0e0-739d1f6c9adf,970,308,9,1866.92,2025-05-16,EU
76127730-8603-4166-8c61-b02d489f32ac,987,204,5,1305.61,2024-12-01,US
0029aeb3-1cb6-421d-a31f-0dd5c6f4938a,648,59,10,2134.81,2025-01-13,US
44dbba42-ca3d-4f91-8212-5fccc15cb5ec,121,168,1,12.88,2025-04-29,APAC
275b97cd-626a-420f-bb9a-746bdac9df4a,80,236,5,1177.83,2024-05-01,US
8b16b9b0-1e98-480d-a20b-77e128389a51,267,219,7,3057.05,2024-01-05,APAC
590899ad-2851-454d-8a34-9357e07a6d07,281,107,2,657.21,2024-06-13,US
1c2d3910-4679-4ea4-af44-7234f74a0d12,716,424,7,696.84,2024-06-30,EU
06e51caa-ebdb-4604-8dac-67efb0b2a19f,222,193,9,3105.91,2024-06-21,EU
0b384975-6d2b-48e1-9c78-00281c844cb4,524,140,6,1901.89,2024-10-24,APAC
acc45bb4-b66e-4cb2-a5c9-419c998cc632,895,494,2,619.3,2025-04-25,EU
16dead53-cc91-4434-a418-4ab5dbebbea0,949,64,4,1246.23,2024-05-08,APAC
11055af0-d926-4ade-a4e2-23c2b20320ab,87,68,10,3281.32,2024-01-27,APAC
cc41e5d0-9c88-4daa-b3dd-0170256411d0,53,360,9,199.02,2024-10-07,APAC
0b7e433c-a018-42e9-8705-6111abcef747,67,302,2,145.15,2024-08-16,APAC
dd6b80be-5091-46e4-bbb2-ed3742ee3bde,695,397,2,62.78,2024-12-24,US
56921f83-b53f-4e32-82a8-da61ce9aa242,599,32,6,1151.92,2024-10-19,APAC
d571e331-55f4-440d-9bf7-e428ecb7f996,907,332,7,178.08,2024-12-26,APAC
4b1f3257-322e-4044-a068-19f20e649683,434,70,10,4634.94,2025-05-29,APAC
1d3245fe-4c4f-428f-be00-7c9d7bdb3fb8,467,416,7,3142.03,2024-03-02,EU
25ab6fb0-78b3-4712-b665-7693462c4913,358,174,5,2176.01,2025-01-25,APAC
dd730ef9-4052-42cb-bd74-c9301b21206a,817,299,10,2151.32,2025-01-07,US
34c3a01a-0137-4aa5-a72d-12f00eb45cc1,529,218,7,2487.09,2024-07-31,US
b3d8c3af-f03e-4c59-9597-3775a65f06a0,119,386,1,269.35,2024-12-02,US
f87cf71d-a808-48f2-9b96-8a0c9041cac4,13,413,7,1337.52,2024-11-23,EU
b38b142c-3976-4465-8485-7cd89d4a491d,861,9,6,2755.98,2024-12-28,APAC
99eee3a0-7a96-48ca-ae52-fe0f45c064e4,964,302,6,230.01,2024-09-14,US
d02c6a35-9716-4bf8-82be-d4a6e0e75571,873,223,6,840.18,2024-07-12,EU
c2d04f5c-c5f2-4913-993b-0c06d350913f,120,43,3,994.55,2024-03-09,US
695055fe-43f4-44a6-9aa8-fd007e6df851,124,481,7,2531.68,2024-02-23,US
31c76fde-cf52-446f-a9cd-0b9f4a38403b,332,115,2,818.77,2024-05-08,EU
67618a15-57d0-40c1-95c9-136fa3df1194,652,405,7,39.35,2024-02-12,EU
945dd3a1-d4fc-46f6-9b60-2c77d2464f16,481,179,8,1745.12,2025-04-06,APAC
ce85d1cf-78ef-4cd2-8b75-47077b6914f8,28,277,8,3683.67,2024-09-01,US
ad598cfa-afbf-4967-8130-83785a43f7f7,31,357,7,1403.47,2024-08-06,APAC
2b1b8110-e01c-404b-8189-01a863db0af1,939,15,5,1198.89,2024-11-02,US
20f8e04b-2566-42d6-94c0-d0594d1c80d7,666,302,3,966.7,2024-01-07,APAC
3acc988d-2e8b-4db5-b051-1c7f31121ed6,519,200,3,1095.99,2025-04-23,US
e88d429f-e812-4720-8f4c-459e1b406a0d,73,168,1,478.35,2025-02-22,APAC
876e0da7-f0bb-4d01-9887-d14859b73814,912,64,5,1906.9,2024-02-03,EU
a1470d07-8ef8-4e3e-a250-5eb955d0081b,884,190,9,2896.31,2024-01-08,APAC
f5b7dd16-e01b-49b4-9678-6d760558d6f8,202,149,8,2527.35,2025-03-29,APAC
40e3b6bc-d7d1-4e68-86a1-63b161722885,102,117,10,2300.54,2025-07-03,EU
041849ae-9780-4da8-92fd-2c73bb5e919e,562,465,3,1081.02,2025-06-02,EU
9bee6ae2-048a-4ece-90bf-ad8af03e96f9,945,213,3,86.17,2024-05-29,APAC
b72a689d-9a7e-4a17-b7c1-eef4e8d6fd68,700,222,6,44.79,2024-01-10,APAC
922661aa-ab81-4fb8-aa7f-793fe3b5fdbe,154,424,7,2352.67,2024-04-04,US
3360f735-e13b-43e7-9ce3-93c3701ab1e8,951,181,1,447.34,2024-04-19,US
0b77769b-bca7-4e8a-b85a-fb4ee6997afe,762,434,8,1704.55,2024-05-16,US
a8d76912-1893-4ed6-9bff-946e565b0a00,431,479,7,1735.18,2024-12-03,US
aef53e9c-b58d-46b0-b486-47be4aa04abb,979,363,4,522.52,2024-11-18,APAC
58c07529-e4e1-402a-bceb-1817cf3b8b92,484,25,10,2132.85,2024-06-27,EU
220b6542-73fa-4667-b431-72e669317d70,898,326,10,443.38,2025-01-15,EU
3be1d75c-c004-48fb-a298-8b5a0d4d48f9,779,200,8,1908.95,2024-01-18,EU
65054d8c-2181-4118-a730-3028c62cf8ec,524,365,8,1098.66,2024-01-14,US
fc25bba3-72cc-4ce6-901d-116c2adbca31,964,69,3,114.15,2024-04-27,US
c02629b6-c839-4eb4-b29a-2129c6cd6df0,113,62,6,1986.99,2024-07-10,US
bd891425-f2e5-4644-ab34-622e3fa96219,970,387,10,4646.89,2024-02-03,APAC
8680efe3-d160-4933-9a42-7fb575d53140,783,210,5,1363.97,2024-05-24,US
4e8367d5-1d86-437f-85f7-e0474290085c,127,47,4,1591.97,2024-09-13,US
65edbf65-2973-4304-a064-06219214a9a1,407,302,1,195.19,2025-06-25,APAC
c7ebace9-394b-4ce2-a81a-5f2e38a3ded6,546,56,5,2046.22,2025-06-28,APAC
365b520f-c8be-4579-82c6-f2b42d07a99d,946,234,2,208.51,2024-05-02,US
850e7ac2-8dd1-41d1-8700-06943257cd51,487,357,3,1425.85,2024-05-12,EU
edeee523-b7d0-4bbb-8316-cad6d5b9c011,93,264,2,361.14,2025-06-15,US
db016b15-5bce-4f88-b947-5fd618cb846e,145,461,8,3238.9,2024-07-23,US
83d0a350-b03a-4377-8906-06aeefc01ef2,101,444,8,3068.74,2024-11-13,US
46a15dda-4960-49c2-8c5c-7af6bedfd401,558,435,8,286.27,2025-03-11,US
39602703-2734-4f31-b696-4e9a203d8c9d,100,106,2,337.55,2025-04-02,APAC
db5f5bc5-5824-43a8-9917-ed810336774a,933,469,10,196.18,2024-05-12,EU
79726180-eb8e-4fd7-9914-5c1672a1feb8,696,426,6,193.68,2024-05-29,EU
4f9dae58-d279-4678-9f2f-6fcc4262855e,731,226,9,2373.7,2024-07-26,APAC
ab314ddc-a11a-4681-ae44-4fe4d1e31885,223,169,10,1123.66,2024-05-24,APAC
d34d5baf-3b8d-431f-aea1-85681e7156cb,788,175,2,823.75,2024-11-29,US
b95db047-5634-4c01-a867-415456d4f138,549,271,1,90.67,2025-03-18,EU
11072fbb-2738-4877-a385-0c4073a3ab20,583,330,2,475.33,2024-09-08,APAC
2b853740-3fbb-49ee-8d8c-87e99c2d6eeb,285,230,5,1162.05,2025-05-26,APAC
37dc996c-f001-48a7-80bf-1b826a204216,407,20,1,227.99,2024-11-07,APAC
9261a0b2-b183-4710-becf-302611dc6d5b,666,287,,450.99,2024-06-29,US
7c2b896d-13d5-4d2a-a2b1-d7bddbc2cb6c,848,409,7,1819.77,2025-05-18,US
2b524f27-d8a7-438c-97a6-0382cefe8536,809,56,9,2380.38,2024-11-28,US
2f990f1f-5a8c-45a8-9134-d8629d6f1c46,653,306,2,94.54,2024-01-09,APAC
48bd4fc2-0968-4c1d-a03c-1be97d6ac9d7,959,251,7,1040.02,2024-09-16,US
cf3fb962-13f8-4301-b3ff-181717c26e85,349,254,3,990.76,2024-10-02,US
115491b4-2137-41be-a303-22387334e4b6,792,25,8,1813.79,2024-07-27,APAC
0f50989d-bcd1-485a-b58e-f098418f8283,184,12,4,668.11,2024-07-08,APAC
a2de6803-31f3-4f3b-8f14-52767c18974d,836,33,9,2230.0,2024-05-21,US
af7cb94b-519b-4f84-a936-0b06ce8fcd6e,306,382,5,1178.46,2024-08-24,APAC
a65cbde2-014f-414f-9e3a-5c841672cbfa,948,127,7,1933.57,2025-06-26,EU
47108254-ca35-4fe4-aa28-575d8fd0b08b,19,460,8,2966.16,2024-01-03,EU
2dbae480-6d11-4386-bb5d-ef8e9282d120,689,35,4,205.63,2024-03-03,APAC
a30fb750-81ac-4b6d-bbb7-797280f5d28d,684,21,2,478.81,2025-03-13,EU
b7671995-822a-49c4-9514-916e33c9d559,886,326,1,375.58,2024-02-21,EU
4b2ba9df-5ad5-4df2-b41f-8601f4cd2bc3,286,288,5,504.6,2025-04-22,US
9e4185bb-6588-4e14-bea0-da60fe5bc7e4,762,210,2,220.05,2025-04-01,EU
5593b8f6-f1eb-48c9-a897-a3061aea7d84,548,376,1,39.76,2024-04-06,EU
d4118866-c70c-414e-8b3c-85694b30eb65,515,343,7,3463.0,2025-05-11,APAC
b378f0d6-a0e3-4614-b9ec-8a45e42e38f5,880,101,6,2533.47,2024-08-19,APAC
5272dd83-6f1f-4c5c-8dc2-1f378c44ce91,938,376,4,1242.0,2025-03-04,EU
046712f0-841e-49fe-8df8-acef93b3b8c9,635,464,5,1678.11,2024-01-03,EU
1c750957-a8ae-4372-bc97-ec5301d93aa9,579,143,10,3844.87,2025-05-30,US
d45a0c14-e65d-4c9b-a080-892789f1c0a2,802,302,9,2654.22,2024-03-14,APAC
4d7e7615-4dcc-417e-8d33-8595465569a9,908,15,1,48.55,2024-04-11,US
5229965a-aabe-43a9-8a07-96e8ad3d5c87,330,479,3,1358.84,2024-12-31,EU
aa48864e-4144-425f-8246-e65b10c8bbc6,428,423,3,970.82,2024-07-19,US
ff2d2c13-f834-4beb-838d-0596ee2a9333,793,413,3,1093.97,2024-07-04,EU
397ba435-165f-4212-85f6-7a126dae8142,810,196,6,1427.64,2025-04-26,US
844cdb12-0eef-42ca-9bf3-f9afa7822bc2,777,287,5,946.49,2024-12-03,EU
05778e5a-8e1f-469e-83ca-b8a00561760a,483,304,1,428.84,2025-04-29,APAC
cd228d1c-564f-4b64-8c12-072e20ead092,703,290,6,221.38,2024-12-12,US
65ef6290-ca94-46a3-af74-8627ff586061,59,172,5,1306.94,2025-01-02,EU
11748749-dd66-4c13-9fcf-6f69458e52c1,189,431,2,798.66,2024-04-25,APAC
ed81213d-e99f-48d8-bb63-0917a6f1655c,338,380,5,763.17,2024-11-17,APAC
6f234b53-c565-4aa0-b7c2-5c97a8b47c01,996,355,5,1390.67,2024-10-09,US
72880f9a-3380-4246-a013-5176119807fd,63,28,4,737.12,2024-01-01,EU
f23974ea-b192-43cf-87c9-d47ad3a1dbd6,499,71,6,37.51,2024-09-13,APAC
430cb43e-e61c-43f0-843d-d6c4dc259232,544,28,1,489.15,2024-05-01,APAC
8c2f86a6-4863-403d-bb86-c80063c15883,193,77,10,2139.28,2024-10-05,US
731975ee-f63b-4eb2-8f06-e19874db1230,600,310,1,51.57,2025-03-12,EU
fc56d2f4-6cdf-4c26-8d80-c1559c4065c9,302,352,7,3163.79,2025-03-04,US
9e612797-0324-442b-912f-fde9fadbc12a,819,4,10,1640.49,2024-01-21,US
5f268005-86aa-4645-81b1-897ac79a4091,639,6,8,3982.08,2024-06-08,US
64ff9def-106c-4a1a-89e1-93c0633c50d4,176,450,2,67.61,2024-03-21,EU
e417579e-00fb-4c32-8b5e-51d2975e6f0e,305,396,2,898.17,2025-04-07,APAC
1376a62e-6d76-47a0-819f-38455b4a96ac,809,65,2,649.96,2024-09-27,EU
ee36e609-fbc2-47f5-9aeb-ee27264a9c29,948,45,7,1041.52,2024-02-16,APAC
94432d11-437b-4685-95a7-2be822cec48a,856,206,8,1389.27,2024-05-18,APAC
c6aab1fb-d674-44ff-8382-614e872747db,239,188,1,28.76,2024-01-13,APAC
554cb71b-aea0-49bb-8482-5ea56f6d1358,1000,333,1,133.02,2024-08-24,APAC
71917635-7856-42a7-b8e4-9a8e6438251a,374,410,10,1204.8,2024-05-23,US
e1b23c85-2895-48e0-b829-0a644e21b5c1,807,9,3,1228.55,2024-08-14,US
a3cf277f-1d4d-4110-81cb-ed1f2f57e2fd,411,84,7,1768.41,2024-12-22,EU
8ebdc34d-709c-441a-b0c2-4fdd3a9c4544,397,182,2,949.26,2024-08-03,APAC
0adbc3ac-5cd1-4c4f-861f-c1693be9e142,845,269,1,290.54,2024-01-04,APAC
b2fb0f9d-959e-4df2-81db-f3c4fd7aeeeb,768,424,5,492.04,2024-12-11,APAC
b1c863d6-5046-4599-a24a-eadaa7ed4746,391,491,10,421.06,2024-02-10,EU
d6fcf76b-3224-4185-941b-91d24e88ac71,814,49,7,3450.58,2024-08-21,EU
4d7e3c40-94e4-4ba5-b739-a8a9cc2cddbe,250,341,9,739.69,2024-11-09,US
fe87a065-d56c-495d-8902-f07e7c8cdd2d,237,83,5,1777.8,2024-04-17,APAC
17ee789c-4251-4486-8b23-23856d128988,799,399,1,49.04,2024-12-27,US
07fb3c17-ff22-407c-9d5c-12695468c17a,7,494,4,1432.49,2024-06-21,EU
3a124c74-a1a6-4da7-8919-030f44416800,248,253,5,2229.69,2025-02-07,US
d29e3704-12a4-44e0-a933-74fa83980747,926,35,8,868.79,2024-03-12,US
99d13596-18cd-45c3-866d-669a02f064b0,868,117,1,119.53,2025-03-15,US
6375af98-dd07-4614-951f-1d31f5bd5d47,842,147,2,327.42,2024-10-14,EU
a3702f71-316d-4aa3-8104-b22c4fe5d027,874,286,1,7.24,2024-08-12,APAC
13e0bf6b-6cbc-4da4-9f5f-29f0c7a99255,95,55,5,2115.3,2024-12-31,US
45451286-6287-4d8a-b946-b5b6d2357cf8,912,268,5,846.89,2025-01-26,EU
0de70c63-7a13-4485-824d-db16edc4b8b5,555,34,5,321.01,2025-03-10,US
9dd7767a-1645-41cb-a4e3-605a31a4923d,767,267,1,407.72,2024-07-03,APAC
abf629b1-ded3-43fc-a7ba-a6c1cea6d186,759,243,3,1024.84,2024-08-29,EU
f2f1255a-3160-47cf-a72d-dc54b6637034,287,193,5,2335.19,2025-03-03,EU
4df962b3-2ac5-44b7-aec6-0b81567bf0e0,321,265,7,756.07,2024-02-29,EU
afdf33fe-f556-4ea0-aa54-15cf6cb5a2ce,694,432,3,752.71,2024-01-24,US
d4a0a5ab-b85e-425c-bb08-d8ef60ff1862,196,316,7,221.82,2024-11-14,APAC
d50d79a7-19b2-4d8a-8314-b40eabc6086c,951,27,9,1738.05,2024-04-02,APAC
5a7a2ff5-9401-47af-87aa-d4fd897834be,577,120,9,4400.78,2024-11-11,US
bb44cc73-956c-4501-98d7-8d4c858678f1,294,8,6,2546.61,2025-06-08,APAC
690802d4-f8d5-45ce-86f4-efc39441bc80,106,63,1,372.36,2025-04-04,APAC
cbbb220b-f354-405f-812b-f348770ac2a7,354,332,7,2672.7,2024-09-18,EU
19a401b2-427a-43d6-b6c9-153997e6f48a,905,333,7,383.41,2024-02-08,APAC
c27db4be-5fec-430b-a1fb-563034eb5b23,882,189,5,987.39,2025-05-18,EU
15b0f889-878b-412f-b5c2-8404ec47a1c6,219,329,3,498.88,2025-02-05,US
f742b140-7012-4f04-9089-5f90542670ed,524,362,3,865.28,2024-01-08,APAC
960e4c87-871c-4368-8a12-48efbe8fba9c,319,10,3,338.74,2024-09-21,EU
75eec921-9f1f-4cc9-a8dd-de60ec213a20,14,405,1,264.45,2024-07-11,US
2774fdaf-d85c-4e6b-9e0a-51a0880d815b,917,108,2,952.2,2024-11-09,US
40d95916-5ade-41a7-878f-a194b1be5494,624,374,8,960.86,2024-01-29,US
c249c12c-c630-4188-91b3-581e2baacb72,148,210,7,2993.08,2024-09-14,APAC
2c01b564-71ec-474f-8570-f1ac8ffe5e30,677,56,9,1301.72,2024-09-23,EU
d9fcdce8-e87f-4985-aedb-58df1a545520,836,216,1,295.26,2024-08-25,US
3a7feffe-a3d0-4976-a8c0-bb671d907e69,972,486,7,2353.3,2024-11-15,EU
360b8eda-55e1-4097-8e8d-a60d654a4ef2,609,172,1,461.58,2025-01-03,APAC
9cec846b-e9ce-499c-b282-5673d2ae49fd,321,3,7,2297.08,2024-01-16,US
3a6f8e7c-f2aa-4c5d-9592-8a7b1c614b50,493,328,5,1119.28,2024-01-24,EU
45594e20-8509-406b-955e-3932e48c4a1d,140,213,8,2043.18,2024-11-05,APAC
f818c8fa-18e9-41de-8eff-8574b91a49fc,599,29,6,451.6,2025-04-07,US
5860e50a-9430-449c-8923-da1d6f2e1197,688,137,1,201.85,2024-02-05,US
d01229bb-d68a-470a-a032-850d36284bd6,341,435,2,725.28,2025-01-25,US
047229b2-ace2-4f60-ab80-8c070194a9ae,430,7,4,820.46,2024-09-22,APAC
2c5849c8-ab95-4fa4-9c1c-96170e63d886,434,6,3,593.48,2024-09-07,APAC
fbf0e98b-fd84-4625-b3b3-e230c382f422,955,92,4,155.9,2024-10-25,APAC
199be8c4-2a65-4ce4-9fb4-6de2e55a7f43,881,350,10,3465.12,2025-01-03,US
abe5ceab-8cbc-4f95-8ae1-c9e4126dc145,85,156,4,645.92,2024-12-03,EU
2cf2eb2c-3a34-4b59-bc14-7dbb14f3d02c,286,210,2,740.92,2025-03-08,APAC
f3f78342-e929-425a-b421-601c98ca0814,397,457,7,672.55,2024-08-12,APAC
1dfb5dad-db0d-40f9-a348-6e1bdaf9bf45,705,62,9,1793.11,2024-12-21,EU
18f08662-2c80-426d-af23-1789dbf29be5,525,76,3,455.6,2025-04-08,EU
1047627a-8de3-478d-b91d-13e273fd11ab,71,69,9,2136.51,2025-04-28,US
0f0d03b4-029f-4239-a1e0-66af141952e3,838,322,6,2817.08,2024-01-27,EU
66e350e3-f39f-4b13-b781-20ab4edf0431,577,400,6,2418.96,2025-01-21,APAC
8d86a8b8-bb0b-45fa-8815-ebdd56e4f45e,164,149,5,624.1,2024-03-15,US
01176042-a592-45d1-beda-4108c18f0606,488,484,10,275.63,2024-09-16,APAC
684f0df3-d1e4-4355-9c76-0162f5583908,393,193,8,2759.29,2024-04-24,EU
252cd043-b168-4052-8c2d-ac2402905fab,394,93,6,2170.08,2025-03-01,APAC
48e20796-1bcf-4fdb-8d73-758d9c8f90d1,697,232,3,996.65,2024-08-20,EU
01cce80c-6769-46c3-b0e3-b8247d026431,137,90,6,571.34,2024-06-24,US
afcf56a5-174e-4773-a85a-a9c79c2088b3,225,165,10,692.9,2024-05-27,US
f19ff99c-10aa-4166-a3f9-1eb481e66b7e,492,49,3,604.92,2024-07-05,APAC
c07ebc2a-bcab-47fb-8617-e2cfe4ba30a8,583,351,6,2968.21,2025-06-28,EU
6094fadf-1435-4e17-80e5-4ce479b9ba84,716,214,9,1577.25,2025-01-18,US
5926c3ac-2474-4cdd-9cbb-9aa24c02d864,355,78,2,367.07,2024-01-27,US
96555a37-9771-4613-a621-226ea948e95f,275,94,4,544.24,2024-08-19,EU
29b12db0-269d-43dc-b730-c133b661f58c,444,148,10,3855.46,2024-09-08,APAC
f3728ad9-55fd-4460-b041-747e2e4a5a5a,392,260,10,4841.78,2024-04-02,APAC
18e478ab-4669-4db1-8f01-ecd3a00ea9a3,556,320,4,1603.88,2024-12-27,EU
e8221a43-2aab-4dba-9330-3e57bd869ddc,922,133,8,2490.17,2024-06-22,EU
f03d4523-93c8-4792-8a8e-31dfdbb6b623,138,469,9,2543.68,2024-07-07,EU
d557c2bd-0dc2-495e-98f4-aab3ee9147a3,307,333,6,143.93,2024-07-16,APAC
520f3008-515a-416e-a873-4d5589838162,597,210,2,694.22,2024-03-28,EU
acd31dec-c6ad-4013-83f1-9d31f082d4ec,652,144,9,4175.29,2024-08-01,EU
2af941ee-1c5f-4a10-aac7-542e84481087,595,431,8,943.0,2024-08-20,APAC
228b5f87-ae6d-4572-8da5-4a2794c779ad,858,162,1,439.4,2024-05-19,US
7fdce3b4-370e-4732-8cfd-4e2dbe426395,636,140,9,1583.6,2024-09-21,EU
3160caeb-8544-4b3b-9604-f33f06e58655,882,172,9,1130.52,2024-07-20,EU
e3b56ecc-757d-422e-97d1-9c3db4b33fcd,686,270,5,1927.18,2024-06-13,US
4ad7f8e7-f158-46b8-b430-d9570f713bb6,96,445,7,1590.97,2024-07-25,US
bee5898e-25c0-402f-a44e-3942254d3860,605,490,1,33.99,2025-06-24,US
eb30252a-fac7-4652-b0d5-d117ead6aa2f,113,8,10,394.17,2024-03-05,US
8b7b137b-8a5b-44df-ae73-872d7e1482f1,923,364,9,4112.17,2025-02-18,APAC
9b0e97e3-0645-46f4-a10d-da934600e1a3,237,278,5,2291.9,2024-09-16,US
5e01a5d3-ae15-4b66-84d7-d2c230be46c3,389,73,2,350.39,2024-05-08,EU
bce12844-8e14-4b3b-a56f-16d16dacf5f3,978,28,9,2227.55,2024-06-07,APAC
d372539a-a6a3-43d4-b5fc-8c52ddd96066,32,260,6,1219.13,2024-12-17,EU
55573c37-47b9-413d-a3a8-b94ae74fdca7,494,21,7,3208.8,2024-02-11,APAC
b2a0e546-dbad-417c-a674-280435300068,563,272,7,1450.51,2024-12-07,EU
3dc7999b-bce2-4f95-ace7-fa140c6ec165,447,105,4,1491.71,2024-03-18,APAC
409aff39-3200-4d51-913d-a6a12ce21aee,716,101,3,190.84,2024-06-27,APAC
8e194edf-2ca4-4af0-8b35-e8161f07aa59,870,311,8,2943.08,2024-03-05,US
8bbe96ff-9ef9-490c-8fa8-6107ba46c098,285,350,7,1763.03,2025-03-04,APAC
7ef1f8a2-59d2-45ec-b190-12c5a30fe672,651,275,6,1957.36,2024-06-24,APAC
df5d8151-82f0-4534-8fda-d5da85d0c45b,199,500,4,755.92,2024-08-27,APAC
2fc5893f-1cc8-4328-81c2-cdeb6311c6c2,63,231,9,507.35,2025-05-21,US
0e954a52-75f1-49bc-a52c-4dae213c7122,290,220,4,352.17,2024-12-11,EU
a46f6614-83cd-48d5-925c-d03088feaff9,586,235,3,1312.16,2024-05-28,EU
6cb1286f-8403-40eb-98e2-b322f6462d51,21,438,2,220.83,2025-04-09,US
e1aafe32-0806-433a-a6fd-d55f19d9d053,286,175,6,2342.49,2024-04-07,EU
dbfc696c-9fd9-4233-99e4-08bf917d4a34,599,280,4,1437.49,2025-03-14,US
90c9c22c-120a-4c6f-ad49-80f9dcd3b424,597,171,10,836.42,2025-01-30,US
a00b98cc-261c-40b6-a39f-c649fbbf8192,666,469,,289.87,2025-05-25,US
ed5c8087-ae10-485d-9352-0b506870276a,788,464,5,2069.74,2024-04-01,APAC
2d6f73fe-0dac-4dc0-b084-5df1c460b85d,119,402,9,1726.81,2024-09-06,US
45f922ee-c8d2-49c3-b87e-52b817103cb1,871,224,9,66.05,2024-08-05,US
ae33d64f-4691-4ce5-a05c-5e1556835784,515,479,4,485.31,2025-03-06,US
aca12204-9940-467c-b4a1-bc98c2f3b2b6,445,177,6,1399.85,2024-08-02,APAC
4829717a-4ce5-4731-b204-2326fdae8001,809,117,1,270.8,2024-12-05,US
6cd937ab-c40f-4278-a306-4297207bf055,370,227,10,4197.46,2024-01-02,EU
186dbc7d-7ebb-499c-a0b3-3776a7c7d5ea,539,462,6,2439.06,2025-01-26,EU
3dfa03e7-7ffd-4f9b-aa5d-f5f66ae51eff,724,232,9,3735.43,2024-02-05,EU
2c41cb7d-2ac2-488b-8a5d-2475929ee1fe,622,495,9,2738.99,2024-03-25,EU
9433f646-20d0-4dba-afbc-772745bb7830,462,271,8,1034.9,2024-03-27,EU
66872a66-a818-4840-8078-f319302e8494,446,451,8,1761.77,2025-04-18,EU
992693bb-b19e-4752-ac49-923316fc84a9,283,201,9,3787.05,2025-04-05,APAC
d4deec0b-aa3c-4dcb-9797-5ebb35546139,582,389,1,209.92,2024-11-22,APAC
e3cb1181-4fa3-4d93-9dfb-b44d73320a1e,176,132,7,2602.87,2025-05-23,US
372e353a-0271-4cf1-9ddc-db521da8342f,839,136,2,194.68,2024-11-30,EU
1681a534-31b3-483a-8e02-9dc9cf4b258e,368,218,4,1512.67,2024-02-24,US
adc9698c-b536-4277-a232-11b2f8f6d40f,896,431,4,1214.95,2024-10-28,US
86d65656-99fb-431b-8dbf-f4aa470037e9,780,289,7,1474.99,2024-05-20,APAC
b6d31717-2840-47dd-adc9-eb297d02a8ab,448,228,1,341.93,2025-02-09,APAC
8fda44c6-aaa1-47bd-a0d1-6a1f5f885859,197,56,2,705.26,2024-07-23,US
280c6be3-8385-4161-8e79-fec3d79fce4d,63,51,3,941.34,2025-05-02,US
ac1cfb39-025a-4f31-9f72-1d04e8f51a53,94,4,4,951.39,2024-09-27,APAC
12dc9199-ae07-4d6a-bac6-b43db91843dd,776,280,1,143.32,2025-03-22,APAC
77d3314c-9d15-48ca-a8ec-28c11cc3724f,275,3,8,2321.26,2024-11-29,US
8ae68900-2eaf-468a-bdd3-82a92dbdb569,328,352,4,526.93,2025-04-03,APAC
efd236a4-b202-47d4-8128-817ed5ae3326,2,345,5,955.07,2024-08-25,US
ac7a8cee-9eca-4adc-bef8-24765c58a412,109,114,3,1030.3,2024-04-11,US
71dca4a6-5dec-422c-ae62-345c3ffbe452,647,330,,260.62,2024-01-25,EU
0c5ab8b1-a23c-4712-b81c-edaa66488cc4,80,163,4,86.81,2024-07-09,EU
1616d77e-467e-4a01-812c-a899b3ecaace,685,417,9,1887.19,2025-06-19,EU
feb16097-8443-4c16-8176-114ff06c9b2a,578,3,5,1185.26,2024-11-18,US
313bcdf6-1855-4add-8528-58e5971dfeb5,68,211,4,932.28,2024-02-18,APAC
e756b2ba-ca20-4969-93ac-360662185a6e,599,332,2,52.27,2024-03-22,APAC
c3fd16e5-f253-4b96-abf4-b51423f3fc5b,614,4,5,1581.97,2024-10-02,APAC
d3c4fc80-3942-41a4-bd20-ecc9ef38cec2,157,139,2,958.13,2024-01-24,APAC
06d8ad1e-3304-4008-8223-6132ab449b04,191,281,8,2805.49,2025-06-22,APAC
c47c6a49-4c81-4e54-9f54-8956ba083529,232,370,1,136.36,2024-11-08,EU
05bbbf87-0f0d-4f70-aa00-867c0a40cdb0,894,176,8,1069.2,2024-04-08,APAC
c4326ff5-4df0-4f8d-9380-3d9e3936db8a,377,296,7,968.56,2024-07-21,EU
b5ee626b-2ec1-4265-b3f5-fe87ba70765f,386,423,1,300.83,2025-03-10,EU
34aedb97-ad97-4996-960e-12f1890bb4e8,471,478,8,42.55,2024-01-31,EU
8bfc0641-daf1-4f8c-b978-f12d736fd615,285,330,9,65.33,2025-01-03,APAC
cd0bccbf-4e54-4317-9c95-875d4ba26cae,542,392,3,1155.85,2025-05-28,APAC
8e3bed74-8a19-4fbf-807b-0f0651ed27c8,524,78,4,545.65,2024-03-01,US
ab8587c1-e4b5-4ce9-9035-05508b00f740,209,196,4,1334.37,2024-07-25,US
cc7e9729-10cd-45a2-87bf-1f05b7de69d9,242,50,9,1734.74,2025-04-13,EU
a278b8dc-504e-4411-af45-b777eca4b4e5,285,362,2,466.43,2024-10-09,US
3bfbbca5-71d9-4586-9497-b7b98d2e5efd,841,303,10,217.98,2025-01-20,US
bfe0b8e3-e583-4b61-ac00-5f60e7057b00,865,317,,66.95,2025-06-11,APAC
23d3d98c-64a2-49fa-be91-ea60ce8f5925,428,247,1,428.56,2024-05-16,APAC
f6de75a0-2e19-40f5-be8e-56c237a5fabb,483,419,3,540.59,2024-09-05,US
71264a11-beb0-45ad-af89-3eaf44a77c47,780,411,2,514.59,2024-11-13,EU
a8332e43-0657-44d6-b1ff-68e43b6dde2d,750,45,9,1369.55,2024-07-17,EU
fdf01c3d-b97f-42de-b02a-96a8ad705269,776,33,3,1135.34,2024-06-03,US
280e7cc6-a3e9-41e5-8833-abd06ac4e9c0,29,4,5,2388.16,2024-10-27,EU
ae8ce7a5-4f45-48d6-a584-f73bbe2de834,597,397,8,866.3,2025-05-26,US
5bf00157-5026-4da5-96a1-42d0e132d3c9,212,65,2,194.49,2024-03-14,US
49401dca-3682-450a-b9cd-6978b9c0a926,491,143,6,168.41,2024-10-21,APAC
0232285e-f80a-4344-b4e3-90259368edab,929,43,3,182.55,2024-01-17,US
80698aa8-6c56-41a6-83e7-da826b686e7e,617,177,4,486.66,2025-04-08,US
dd2c87f5-6616-4882-be9d-805c1b0b360a,186,222,5,2469.8,2025-05-17,APAC
2a525835-ed1b-4fb9-b762-f249dc2779cb,939,71,1,217.52,2025-05-04,US
a504a5a1-3dfe-49d0-a3e6-c4a1171747ec,523,51,9,788.75,2024-01-28,APAC
c04e1788-d753-4507-b2bf-b24346c02d3a,738,481,1,224.09,2025-03-18,APAC
1bd815c9-7ac7-408d-bbb4-f559b619aeca,186,263,8,2191.96,2025-05-01,APAC
d516b10d-ec34-4324-92ee-5e092ebc7033,192,432,,260.61,2024-07-10,EU
d48b7f61-b22c-41e0-85a4-ece79d0aff26,497,137,8,2351.39,2024-07-02,EU
ca650aae-d952-4c19-a0ba-095b4c42f2a5,57,203,1,175.58,2024-06-08,EU
03da2f17-ad96-4358-86b7-0f6c78510558,311,96,2,43.61,2024-05-25,APAC
1786cf92-7777-4edc-b11d-31150e0f9966,894,343,5,2006.25,2024-03-27,APAC
4586c497-1fd3-4061-894a-08ea012dc651,701,57,8,2809.04,2025-04-03,APAC
287603ad-6abe-4906-8a79-36c7817c863e,910,486,4,1637.57,2025-02-21,APAC
5f4e9bda-9b8f-4a33-9077-4154f637ad08,996,258,3,522.81,2025-02-02,EU
36a9ebc2-db49-4930-896e-e1d7564c6073,583,209,9,1643.89,2025-02-02,APAC
0eb0282b-7ddc-485c-8e25-d141e93be4cc,477,289,2,90.08,2025-03-13,EU
385fb2a0-a87b-47a8-9354-313d07553ff6,533,148,3,972.8,2024-11-30,APAC
b3fb2b23-0d51-479b-9c79-f11d5e2e163c,709,176,6,1757.14,2024-12-30,US
7711ef12-5eee-4064-9fc7-f6acfe0d60cf,17,480,9,2389.89,2025-01-23,US
8b96a90d-378e-4ab6-b054-378d3260f1a4,254,471,1,107.5,2024-06-20,US
3b5041b0-1a90-44ac-ba22-5c4752342cbe,795,477,8,2553.12,2024-09-13,EU
371114e2-56ca-4569-9a61-7191e48dda1b,80,283,10,4896.75,2025-02-04,EU
2e70d8a7-41a2-4d52-9fb3-55dcb1fb97ed,688,496,3,1296.03,2024-06-24,EU
b9cc8071-79bf-4f34-a2da-9e04727a670d,469,229,6,2331.45,2024-10-27,US
eb4d9144-f4be-4491-9509-091b7c8b7f22,885,463,4,1172.95,2024-12-27,EU
7fd061c3-048a-4a0e-a89b-1e3349779ffd,609,261,4,341.28,2025-01-07,EU
1d1abb44-b252-48bd-973b-c94b47d14617,923,30,7,880.4,2025-03-13,APAC
20895359-5792-48e4-a22f-4f9ed747cd78,240,229,3,1114.93,2024-09-01,APAC
6e5bab9d-8ef4-43bd-96c7-d029412496fd,597,294,9,2370.48,2024-09-23,APAC
9f39f7a5-a787-4677-a99d-6c1a6f519816,806,465,2,256.24,2024-08-24,US
40e61882-1d78-4013-bbce-7d1023b5ce99,342,104,8,784.92,2025-07-04,US
0c6d7f6d-501e-4ba5-9417-284e050e3729,567,322,2,747.34,2024-10-06,EU
aeb0a542-c4ac-47bb-a80d-2165428d78fd,165,42,8,2653.91,2024-12-12,APAC
9391efdc-8d5f-4c51-80ff-9bbdb22eadf5,132,323,8,2908.96,2025-05-26,EU
3793a51e-f18e-4864-83e8-abe674893c71,865,466,5,2352.82,2024-09-04,EU
83ec7fce-32a0-49b7-a66a-e3812c0a89d2,998,121,8,3177.96,2024-10-27,US
49b313f9-a88d-4c4c-925e-84e3133524b7,691,402,4,1666.86,2025-06-04,EU
4058f262-d6f8-4dcf-9e6e-2f31f0969374,445,81,2,763.52,2024-12-31,US
ffc08209-b2cd-4b54-8f5b-57ce8cfa65f7,473,37,4,275.7,2024-12-01,US
700799b5-748d-4688-be3c-9a9285128561,739,188,8,3645.54,2024-01-22,EU
e3ee861e-fc3a-4567-b1bf-c53d7acd2b4a,821,35,10,4780.33,2025-03-29,US
eb57f452-71ad-43a4-9dd9-1653b7543933,685,490,1,271.18,2025-01-13,US
1a1baa00-94a8-47d5-be5a-b29e334c47d3,734,16,6,1745.94,2024-03-05,EU
1f0bbb87-ddb1-450d-9082-38c2ff3b960e,170,156,1,169.8,2024-08-12,US
db03a465-d896-43a0-81b4-71ec9bdc1a4d,788,193,3,125.1,2025-04-26,US
ad4b5e6c-1964-4589-b19a-c729379bba51,297,177,9,310.41,2025-04-05,US
180f9515-d2bf-4a67-a98c-91cbd8746cd8,897,373,7,1566.53,2025-05-20,EU
ae1ca530-20ae-458a-8a25-0e392e0beee4,752,227,9,1307.37,2024-06-03,US
5e3a3ced-e64b-4fb9-82aa-03756d551725,124,497,2,245.93,2024-10-22,APAC
b9047eef-676c-40d9-8734-51ec4c8f5064,574,121,5,215.62,2025-03-21,APAC
543f336b-860f-4559-8ca7-b78782bc9e18,709,381,10,892.75,2024-03-05,EU
defa31b7-8e5e-492d-83dc-253c8f102ecb,376,278,9,341.05,2025-05-19,APAC
a385e20b-a24b-4420-80cf-173b9993b0f0,635,432,9,4099.71,2025-04-09,EU
3fc1c5b2-507b-48ee-acaa-ce6397634908,448,143,8,1606.94,2024-12-02,APAC
e16a4348-10e2-4ec4-8099-23eeaa4dc57f,407,495,4,999.93,2025-01-14,US
8843ea05-468e-4533-a177-6b88646e9c22,183,155,6,642.26,2024-08-22,APAC
b5f6089d-8d40-4fe6-9a94-983d542df6c0,884,227,4,416.52,2025-04-09,EU
a36c6a97-e0c8-4e50-858c-89f8db289789,578,84,3,479.03,2024-02-01,EU
43b4d9cc-8cb2-4b36-8db8-8f06d935c391,565,476,3,1472.08,2024-10-03,APAC
2dcfe584-9d7e-444b-ac3f-ae71ef8b4aae,827,331,1,390.4,2024-09-02,APAC
3ad638e6-7285-4217-9066-ab9fc28ea9c3,305,148,10,3113.29,2025-03-27,US
7f61147c-97fc-4dc9-86da-3953413e5851,88,246,4,820.79,2024-05-28,US
7fe78e24-8057-4d8c-9ccc-85146d26a2d4,537,146,8,3078.39,2025-04-27,EU
7ed72511-d291-4c0d-8cca-8934d6d47e56,53,194,4,1335.21,2024-01-27,APAC
1adf576b-5fa4-4c65-acc9-066b04b52f16,355,495,3,548.77,2025-03-19,APAC
2d5c108c-2608-45f3-947e-e1b14d135014,58,175,1,151.21,2024-02-06,EU
1d0c4662-624a-48aa-855a-2dff0a568d26,869,198,5,1858.72,2025-01-02,EU
55012807-17d4-42ae-87b2-ea6415a704cc,593,389,6,185.31,2025-04-20,APAC
1252d24f-da42-4ded-8c70-71e1cc6d7c82,636,264,6,926.74,2024-04-18,US
be18e5c7-5e96-49d8-8601-a73d4e86e193,716,282,10,4489.37,2024-07-18,APAC
26e9b231-96be-49f8-92cf-fb7d87e9636a,649,495,10,4216.93,2024-04-09,EU
965e1704-c4b8-456e-a4cb-bbda0f71ef50,554,126,8,2069.06,2024-03-19,US
ee40ee7b-6b6a-4386-9847-464e882e7303,926,221,9,1001.56,2024-07-11,APAC
35b82985-58a8-49c7-aae2-bd1e7efd3616,463,442,7,447.67,2024-01-09,APAC
69223ecf-83eb-4368-a1cf-2349f77997e0,427,94,1,127.73,2025-05-02,EU
d4f6afdf-8d66-4ebd-a54c-82dab5fcec71,830,236,1,264.71,2024-09-10,EU
f1c28055-4e97-429f-a8a5-63a6b6df174f,320,73,6,2704.41,2025-03-03,EU
3e5323da-c4d2-4eeb-80b8-64577e1c0f44,221,6,3,1402.66,2024-03-11,APAC
d5fa0af3-0014-428b-955a-a8d092cb6318,951,105,4,1054.63,2025-06-06,US
f2631676-25d5-4526-9e16-51d763a47e9e,264,147,9,270.23,2024-09-23,APAC
81a889be-6177-44d7-8e6d-e732bacd00f8,148,386,5,936.33,2024-09-03,EU
d07b7945-47b4-4987-a279-3c44266bf950,957,91,7,3340.39,2024-12-30,EU
a3e941d6-c7a3-40c6-b71f-9203f6f7a2ca,180,340,1,343.08,2024-03-08,APAC
4ca392fe-0862-4c63-b976-6c54ff317580,731,317,8,3487.39,2025-06-16,APAC
f7238b55-12c6-4c5f-bfc8-828678611d2f,819,343,4,984.65,2024-07-30,APAC
8bbb1d04-eb91-4338-bb53-c1e49eb38713,445,33,8,1607.91,2024-09-26,APAC
dee49fe6-718c-49fd-96b5-bf9819e42510,920,335,1,344.54,2024-10-09,APAC
97580942-761d-452b-8aa6-b6f8f530a669,876,55,2,681.32,2025-03-31,US
181c1e41-4e96-4aa6-a970-6ccda21c44f9,238,271,8,3442.92,2024-11-01,APAC
64fa26ca-d0ac-44ee-87ac-e39c7ee876ac,57,200,1,53.44,2024-11-13,APAC
3e57337c-b0d5-4d6b-bcff-1b50e74f9e9c,169,33,8,3072.24,2025-02-03,APAC
1d922d12-7b0d-46f5-aa14-b9d829fbf524,913,105,9,2996.2,2024-12-11,US
b7768741-9b31-4c53-b433-0b2b68ba1647,727,150,5,1548.57,2025-02-19,US
e21eefc0-1ddd-4cfb-a990-49e209cd06dc,932,16,2,553.94,2025-02-28,EU
590b8e29-9876-408a-a171-72a81e6c2419,934,326,9,4209.35,2025-01-01,US
a1125617-c7b9-42cf-8fef-daa3f79b1fdd,680,55,2,823.29,2024-10-09,US
94bb004b-3eeb-4f4e-8e45-7be650e62d38,768,286,10,3690.21,2024-11-06,US
a2a88ee1-8244-42d2-b192-8c8d56534691,43,316,2,832.14,2024-07-21,APAC
a5e1380e-0d72-4a09-a578-87d15e55579a,99,3,1,238.52,2024-09-17,US
91fcffef-b322-40e6-ae0e-adf30e19edaf,118,138,7,842.22,2024-12-24,EU
9e663bb7-149a-46cc-b018-ba79526c79c5,140,184,7,434.85,2025-03-22,APAC
7a10be5f-1f5e-4180-b22d-44bb4857b0aa,651,154,6,1577.72,2024-06-08,APAC
877fd659-c006-4524-b1c3-bba5f36898f8,119,274,9,404.81,2024-01-16,APAC
d09fc96b-e3bb-48e6-9aa9-9275e7af1bd8,463,494,4,1038.04,2025-06-02,APAC
42fb8f30-ba18-4c43-b3aa-6caedd5701b1,267,471,,127.82,2024-06-28,EU
97820c1e-5c9d-46d3-83a7-41c678854c80,902,141,3,1388.58,2024-08-12,APAC
baa0717a-1866-4ca3-a437-9955e740a17e,816,166,5,2434.28,2024-04-16,APAC
80c2a17e-d573-4cc4-bc01-9369ee3356d4,195,194,6,2912.35,2024-03-25,EU
4eb32ca5-e78c-4a3a-b46b-66c11c5ec49e,12,49,1,291.63,2024-05-30,APAC
5c534cfd-c20d-433c-889c-d64cc852ec3a,158,453,1,150.8,2025-05-05,EU
64f6b234-24c0-43ff-af65-62a2c1ebcc73,668,28,10,2641.25,2024-02-18,US
eaaf41dd-9f05-4c7f-836d-627caabb0113,491,438,2,537.87,2024-05-25,EU
5798e33b-c215-4885-82b5-abf3c7739b3a,106,443,8,3118.33,2025-05-01,EU
e1fba2a2-81cb-452e-a61c-351a67d9bb77,136,6,4,227.1,2024-06-29,US
3bf17c6d-97a1-45ae-bac2-8f4e35e1dbc5,291,350,8,2583.71,2024-03-28,APAC
4f0c9c4c-28d9-47a7-a685-6b1cca7e24c5,657,165,6,2819.19,2024-11-20,APAC
89627abc-4eb8-4af5-99e2-b847dcd02f2a,932,389,1,291.99,2025-06-04,EU
5c1d724c-cab6-4c1c-9a46-64a3b8b449d0,563,400,6,2415.0,2024-05-23,APAC
a73446ff-f7b0-4f9d-8307-8820c09c5a38,966,347,5,73.3,2024-03-11,US
e5eb07ad-e0f4-4bf6-96b4-52bd91282280,869,242,2,855.27,2024-01-22,US
a6cab7fd-cb98-4272-a2c3-f462177172ce,328,470,9,2791.85,2024-03-18,EU
c98f2198-5ba1-4824-b45b-ec5ff4b50888,723,448,5,1534.6,2024-04-24,APAC
afb67507-349e-44d4-b1e6-52fc088b4d08,348,92,10,692.62,2025-02-21,EU
48dec1e3-847c-4c43-aeae-7ba6c2b65233,942,7,3,1247.82,2025-03-16,US
61ea3148-9f44-4607-960f-cff3d418cf5c,55,368,8,435.19,2024-09-26,US
dead0c1b-dc00-4f57-aeda-17d150592fb3,95,14,6,1536.72,2025-01-14,US
2fd48cf0-0543-4d27-900c-6b08988f8957,996,325,6,2418.48,2024-02-17,US
86748701-7a3d-4db0-86a6-8199bbc301ec,776,226,1,199.32,2024-09-19,US
f78c9112-c967-4ef7-a21d-845011a12dab,733,175,4,1156.98,2024-04-29,EU
0386a6a3-315f-4c26-b41c-d5d9ba26ad9f,651,283,3,1051.55,2025-05-14,US
6731f861-d55a-4217-ade4-935942408bba,928,104,2,425.77,2024-10-13,EU
0594b005-9fab-4574-bed8-c82ec13638b7,713,412,2,994.9,2025-06-20,US
c4c8e6c9-6612-472d-9ad2-b77b04c42e46,548,429,7,523.25,2024-08-19,EU
ecf5417b-dbfa-4553-a747-c66f62aeb49b,374,411,6,1934.57,2024-03-04,US
ecd22988-df6a-427e-b90e-ade16cefe734,786,242,7,527.8,2025-06-22,APAC
8285cd1a-d84b-45cf-a5fd-83303e2381f6,26,308,9,2553.42,2024-03-03,APAC
86d7e4d8-4e87-4f35-b02a-9c943e9c71e7,220,453,6,2842.18,2024-03-25,EU
5e8745ed-a7b0-499e-be67-9bd56f4764da,730,230,1,171.69,2025-06-06,EU
23a60268-e754-4ff7-bf97-a4338a00c200,974,378,4,1492.22,2025-01-31,APAC
1d85ceae-f0d8-4040-a87e-370229c1f14c,308,458,4,1033.09,2024-10-02,APAC
4ccdfdd8-d2f6-4058-8de1-a51bbf94cc32,289,60,1,356.3,2024-07-15,APAC
cffb086b-04b8-4854-8b1c-52deeb445be6,729,60,1,57.04,2024-07-09,EU
165a6ce8-f005-47f5-9c1d-a143e5ac4e40,224,81,3,1250.52,2024-03-23,APAC
4b2a5891-74c5-41de-bd31-39a630e67509,569,24,6,2496.59,2025-05-21,EU
8c0ffe06-67ee-40e9-87fd-ce8150e58bce,507,58,3,344.95,2025-01-30,EU
f0d79b72-c011-434f-af99-d6ec2536764f,569,450,4,725.9,2024-04-10,APAC
5948a047-459e-408f-bc80-e3de53899427,79,441,2,417.16,2025-02-26,APAC
ab8d58b1-bcd8-4f11-8413-55776e9dfbcb,130,92,3,354.18,2024-12-25,US
340a4f1d-bde1-4801-a262-ba951edfcbf5,809,256,10,701.13,2024-11-28,EU
1ffefa22-34a0-4cc3-9265-dfad90dd6fcb,195,74,3,225.53,2024-11-22,EU
552e4d60-4e87-4520-addd-7380bd03a924,452,228,1,493.9,2025-05-11,APAC
cf280fe7-29f0-45ff-8cc8-a1fcc4f08d28,312,276,7,1017.78,2025-04-25,US
c2328e45-fa32-47b1-8e71-09b174db9866,25,9,2,376.23,2024-04-27,US
08f0714a-e7ef-490b-8ca6-0c6a43f12f90,759,115,4,252.4,2024-01-20,EU
297e2906-ac46-4ad8-82dc-e3899bf56ad4,325,407,9,227.84,2024-12-25,US
79c28c36-bd8f-411c-ae70-24a4fb4a9a9b,526,129,8,2099.16,2024-08-21,APAC
647c588a-9bde-4d6c-b08c-af24aefacc67,135,280,7,974.71,2025-03-30,EU
a8f34d06-baff-41fd-b51a-36e1cc1ed262,551,373,5,2262.07,2025-05-13,EU
79faf4c5-a80e-4d17-abab-55d4f1d90a07,414,252,4,718.08,2025-01-10,APAC
70580d47-83fd-43ac-b1b3-af3261b16a08,727,484,5,2351.63,2025-07-03,US
e870a2e7-f737-47a2-a927-6144f7719cf6,383,179,4,1299.85,2024-07-15,APAC
49fabf88-67af-4cbf-8189-cbd98cfa0599,126,480,4,860.76,2025-02-23,APAC
1b464761-57f3-4af1-b2e9-c3edd18dff32,470,384,4,1929.99,2024-08-07,EU
10ab02f6-015c-4c4b-833c-e6bf1807ead7,452,305,8,3960.44,2024-02-01,APAC
7598105c-6e41-4c4b-947a-6cee736dae58,548,321,7,201.56,2025-03-22,APAC
3838d8df-62c6-4c17-bb4b-9dcfda046124,312,123,3,1212.75,2024-01-29,EU
a2abaf42-029e-4b7e-b1ae-ea2480a7c673,284,407,10,2087.52,2024-08-02,EU
3215d94b-1d02-48c4-b18e-d79a785f1bf0,309,90,4,1235.07,2025-06-27,EU
462ed6d4-b856-487b-ad18-10415ef08b52,119,287,7,2873.09,2025-03-14,APAC
b9598ee2-d1eb-4844-92da-e985862a8d96,502,382,8,3212.58,2024-08-27,APAC
55500541-f80e-4ee2-a839-ee1fbc4fd1ee,485,139,5,135.86,2025-05-25,EU
566b087c-baaa-45eb-88db-e1e7e2d9d845,464,301,9,836.85,2024-09-28,US
3ce96203-b4a5-4288-8502-6b3f37bff1d3,925,381,5,2163.53,2024-09-19,APAC
0d1cbada-3925-4699-8514-eece84dc3394,528,113,6,1720.62,2025-06-26,EU
cf053efb-0d26-410b-97e4-3ce1986bc9bf,118,456,7,2732.03,2024-06-03,US
96d0af24-b8c7-4027-823e-5c12f02fc7d2,548,415,5,1597.24,2024-02-08,EU
820293e2-842c-4318-b059-1737ef80ea65,499,111,2,40.51,2025-06-15,APAC
76292dc3-5c1a-4197-aeef-8349a37ec815,925,23,3,886.97,2024-09-16,EU
b861192f-db03-4075-8729-ecb2318734cb,66,143,10,4393.33,2024-08-19,APAC
69a58883-2999-43b6-8936-11cd70186e81,458,480,2,192.36,2024-12-11,APAC
32b0e3d7-3268-4a58-97ba-c0506e0b096d,486,176,3,956.22,2024-10-10,EU
857a7e26-184e-46e6-a9c3-d732b070d63f,604,163,9,2138.25,2024-11-13,EU
c7ed26f9-e808-4e4a-8080-c27fde5c488d,860,132,4,1474.73,2025-03-08,US
7edec597-04b4-44a3-962c-6b02d6576eba,688,28,5,1882.6,2025-02-08,EU
4811cf87-65b6-4919-8448-e4982d84ff00,920,139,1,422.52,2025-04-01,US
4a29797b-570b-4868-95cc-b4938a838681,598,66,4,789.66,2024-07-10,US
9b7d294e-7dc6-42cc-ad64-ac817c915bdb,685,147,3,259.52,2025-06-14,APAC
6c29f0f2-580a-4045-8ec3-3ad10e7f947f,196,126,,65.12,2024-10-15,US
869a50b2-82b0-4dff-8423-393cbf5c2053,264,308,2,91.7,2024-12-11,APAC
0d715a94-13c0-462b-b6de-b482fffbf96c,227,341,3,841.01,2025-01-12,EU
772e6868-fca8-44fc-966f-2620fc72f10a,161,475,2,92.48,2024-02-27,APAC
af9c3ee0-10b8-41ea-a4a5-b01967dbf60d,656,407,2,280.99,2025-04-18,APAC
2bd20eda-cc34-4dd5-b13f-7432f4db8ca5,411,249,4,199.86,2025-02-19,APAC
08825c76-5cf3-4d74-a2c1-58e86acb2bf0,188,249,9,2409.36,2025-01-03,EU
1cb4d01a-daee-4b98-afbe-84746491543f,993,342,6,160.14,2024-03-13,EU
763fe51a-d251-452b-8535-5f673736b107,135,444,10,1324.45,2025-04-13,US
d51dd448-b8be-4901-91ef-43a3ae5524c8,328,442,8,465.38,2025-04-30,US
5b554237-fe6b-4471-803a-2195bdc196cb,285,360,5,1745.88,2024-12-25,US
fba00367-7e00-4e86-9dad-4716e84c3808,815,194,5,1503.56,2024-08-12,US
b84fdcbc-9702-49cb-818e-f9ed14fe023a,180,405,3,195.35,2025-07-04,EU
67c8d72d-933c-41c3-964f-5736e3ce18d8,620,41,7,817.5,2024-02-09,APAC
6f7d7a89-a8be-4d38-b7f0-a07a538cbd1f,770,230,4,1041.63,2024-02-08,EU
813f3f9c-a1d0-479f-b8b2-5552fb1c6876,674,470,5,1754.4,2024-01-26,EU
e72985ce-d568-43e5-b35f-32a38e88cbc3,855,174,4,700.4,2024-02-10,APAC
701a5d47-ade7-4aaa-8d48-cbea7b0f565a,450,495,4,993.89,2024-06-02,US
d3344d58-6c9c-4859-ba5f-8bc03a8efc39,184,144,10,692.81,2024-04-25,EU
520034ee-71a0-458a-a8e7-5552d7d72725,281,179,7,508.24,2024-04-19,EU
c0ae3922-7e41-4d24-a658-e81d1593a43c,201,475,5,435.06,2024-06-17,APAC
aa64c711-2c47-44f3-96d5-406d8c9701f0,497,50,2,672.22,2024-01-31,APAC
5562a964-e76b-47b6-97f1-feef5958cd68,617,267,7,2568.53,2024-04-14,APAC
3e80b0e8-c390-4def-a8eb-487fb1ad7dff,622,239,10,170.4,2025-03-28,APAC
1d7edac9-9c5a-488f-ad17-fd75bb703f50,180,464,1,293.1,2024-11-10,EU
84bbefdf-8841-416c-b593-03c182025851,405,421,8,3081.91,2025-06-13,US
f1b28299-44f9-411a-b7aa-a9a78dd419cf,937,347,3,1351.69,2024-10-07,EU
e8ece708-6203-4a40-b385-c6720e3b8920,135,115,5,2026.63,2024-06-01,EU
8cc53363-e7e5-44d6-9898-94456bb3ef32,875,495,6,1490.26,2024-01-21,EU
5490208a-5898-4746-8cb5-8ae631dcfecf,363,111,10,1867.87,2025-01-03,APAC
fb04b6a6-f64a-4d37-a5be-7c6f28ee1781,258,165,1,464.37,2024-10-24,APAC
0f63eaca-d9a8-47ec-97a2-b985eca4028c,44,26,10,2736.6,2025-01-17,EU
0978ede9-12cb-4b29-a235-844e5fe6902f,343,88,7,1798.73,2024-02-08,EU
0005eaa6-aec6-4040-b434-946b85de2783,99,28,1,463.42,2025-02-04,EU
b7ea7924-4a0b-4f03-862a-feee70d547a0,875,351,3,1435.77,2025-02-24,APAC
ed9863bd-4488-4577-b8e0-8fd08cc6d8d4,652,70,1,279.02,2024-07-17,EU
daf90a58-ceb5-458c-adb2-8a8dd59e2371,603,456,10,3081.11,2024-06-17,US
c5e5db69-9f07-4241-a3cb-091453449a63,934,216,2,168.05,2025-01-13,EU
f5cbc3e2-8621-439c-a206-2ceb4890613c,287,189,4,320.4,2024-03-25,US
12bf0da1-064c-49d8-a26e-829a5aa4ff92,840,10,10,2740.32,2025-03-08,US
fda5a302-a4f3-42b7-84c1-edbce8830054,948,173,8,3844.81,2024-10-02,APAC
db9a327b-4fc4-499c-95c5-9f6ad49cfed4,61,263,8,2595.55,2024-06-19,APAC
62155d5e-1136-49be-8e4f-f73872086101,521,177,2,981.44,2024-07-20,US
ec46cc3a-71c0-4f69-86b6-503e45af2299,292,430,5,1283.16,2024-02-04,APAC
b06b9985-dd0d-4fbb-9ce4-787b9cbd5453,479,168,5,603.53,2025-04-10,APAC
9b681448-0369-4b9c-b995-89d1ea04a62e,317,310,3,702.7,2024-11-11,APAC
dca920a9-4d08-4d1e-9c88-47b9b6c4b2de,609,334,10,1276.66,2024-06-01,EU
b8634da0-3915-45a2-8848-679b9d41e603,570,110,4,1647.21,2024-01-03,EU
6303db94-b1c5-4f96-82d5-95044a3efdd4,483,456,9,3531.29,2024-09-29,APAC
4693f76f-09f4-479f-b754-d6126352310a,156,282,5,1318.5,2024-09-14,APAC
ae7b87cb-3979-4efe-89f9-62ebeeb27ceb,201,489,6,2176.37,2024-11-24,APAC
c3e1f640-ce3f-4349-84ff-8f6008560a58,156,97,6,958.97,2024-03-02,EU
6953d188-d157-473c-af75-8494309b28bb,800,174,5,1993.48,2025-04-10,US
8cb642eb-86c2-4b30-ac07-3b1020407076,370,468,6,71.57,2024-10-07,US
cf376385-fd4b-458b-89fa-d9400fdc1dd4,368,444,4,674.64,2025-05-16,APAC
ee1dc680-c6f5-42fe-9495-c265b75ae9c5,765,417,9,3090.46,2025-01-25,EU
ed169cdc-7268-46b2-8156-e50374667ebb,875,269,6,2687.63,2025-06-23,US
7ba37c23-78d4-4338-ada5-3a8889beb50e,171,440,2,672.28,2024-05-03,US
ddebdb9e-7298-4572-95d4-1fdf958033b0,109,379,5,2297.79,2025-02-25,APAC
98285be1-e8e2-4395-bfde-f47f15b79d41,361,240,,168.28,2025-06-19,US
863abe6e-090a-4d7c-a191-4235f348a089,757,411,5,1346.13,2024-12-31,APAC
64a2ff3d-6565-4fca-b4df-a3ded278feee,833,313,7,1040.32,2025-06-27,US
62157d4b-8cd7-4d78-acce-0736dbd14287,470,451,7,1482.12,2024-07-05,APAC
49543b12-cb8b-4d4e-982d-c0da35983323,755,194,5,1162.71,2025-02-20,APAC
9a67da82-c794-41bb-b339-54c96656cc85,783,237,7,1325.32,2024-04-12,US
9d883e95-163f-4631-8878-4de790660541,739,432,5,623.48,2024-04-01,APAC
f63c4537-7992-44ff-87c5-053e49f632d9,987,414,10,3713.65,2024-06-14,EU
7dcad96e-12d8-4245-849d-2ad1ec573a4d,836,253,8,2697.6,2024-08-12,EU
f6705706-f07f-4eb8-98bf-d093e5821b0c,204,277,6,1337.39,2025-01-02,EU
84ecf938-8ae5-4d38-8e6c-6bfdc0e5419b,706,271,,166.73,2024-04-26,EU
2c559661-6386-450e-9849-c0586e53f339,157,61,8,170.68,2025-01-10,APAC
78278279-54f2-4ba2-8396-07eaeefb8f6f,551,165,4,770.61,2024-04-23,EU
e7d29953-724f-46ac-940e-949104de54b8,617,181,4,1669.63,2025-02-02,US
dbe57cf9-9897-4511-b33b-b92a109b1c89,140,98,10,4831.05,2024-01-16,APAC
4f06b5b0-f1ea-4f4d-975a-a854a1b4ac7f,952,329,4,849.82,2025-02-22,US
2df4126d-efad-46c1-9840-37e01c801be5,378,89,10,611.92,2024-10-28,APAC
e855e6c6-9970-43c3-870f-27bd8d2fb884,445,37,6,324.96,2024-03-22,EU
66a8daa6-ee27-445a-9283-a8b87935b836,673,442,2,866.03,2024-05-31,APAC
ad28dd30-947e-4ba4-82fe-07f739abb564,14,151,7,639.42,2025-03-09,APAC
46e118aa-32aa-42d5-b039-b3e5a3d49300,882,153,2,801.43,2024-08-07,EU
a92385bb-8418-480a-ad1a-9f184c1399e5,454,60,1,108.13,2024-10-15,EU
6ac02470-1ad7-4548-86ba-5a238860b00b,876,415,2,330.76,2024-11-20,US
7a9adc35-d524-49d9-bdac-6b1a670a17b0,532,335,3,1019.27,2025-02-10,US
8f5ec780-bbcf-43ad-bfc8-1d6b15014b0e,955,64,5,1190.83,2024-09-19,EU
bc099dc8-4cf1-4489-8108-8a6a60266cbd,175,265,7,1731.25,2024-03-10,APAC
35b2aed5-9ee9-445a-bc05-e39e9e39ead4,838,247,10,2545.07,2024-06-07,US
1dc854f6-be3a-4002-9aa7-0090e86f8149,619,462,1,27.78,2024-10-18,EU
dd7a8f2d-5867-46d5-ac54-16706bfbe1ac,707,136,1,150.84,2024-05-11,APAC
f023c847-112f-4658-be50-2e561424d998,269,229,5,1253.09,2025-06-18,US
c735e1ef-7842-4995-98d9-01891204d878,481,496,4,1864.19,2025-03-16,US
d1444164-3788-4ed5-be48-7601b7a5afcf,974,214,3,958.58,2024-05-12,EU
3de89a5a-a476-4170-9e20-84195369161b,749,476,10,3773.79,2025-03-10,US
4c192278-7837-4b38-85b6-34668dea42f1,22,456,2,591.49,2025-05-18,APAC
e00f5d11-58f8-4833-b598-1c565ca081ca,125,172,1,491.58,2024-04-15,EU
bff6e643-87c4-4ac3-9860-f203f0e0fdf0,235,117,10,631.13,2024-03-20,APAC
3aa0c1bd-3673-47c4-a957-fd6a3e80ae7f,513,358,8,1984.36,2025-03-27,EU
10aa06f5-eea6-4f6e-bfb2-fdff8a5d3c44,964,60,10,3602.19,2024-06-21,US
760494f0-d817-4c83-a810-1806dd17ae73,247,381,2,95.0,2025-05-25,APAC
b92cd44f-734a-41b8-a634-f1614bc091e6,738,418,4,785.67,2025-05-04,EU
0a804db4-3b6e-4213-b8f1-344b820e6942,130,332,7,2114.71,2024-09-23,APAC
fc03196a-d326-49ba-a1a7-438ca7fd9a6b,968,461,7,1410.75,2024-01-27,US
4b82d84c-041b-4431-a2c7-03c64a4287d2,579,227,9,1571.26,2024-09-11,EU
9ff695fd-b32e-4a58-b87d-4a2e861e5c36,476,98,,287.79,2024-03-24,EU
eb1a8957-632f-4b27-b836-3c35312b62e1,460,47,3,678.98,2024-11-01,EU
0a8a0ee9-6e1a-4332-8d56-062935702a9d,737,270,7,1411.68,2024-12-06,APAC
5ae4cc21-029c-4862-b837-676ee42ebbe2,586,116,2,913.06,2024-12-21,EU
c47a9bd9-3ac5-445f-ad29-31e67a9349c1,85,176,3,1118.46,2024-08-22,EU
3aec69ce-ff46-4b4c-ac6f-db19a90c73f9,51,454,7,2185.23,2025-03-27,EU
2612824d-981b-4a2b-b00a-eaff40f93472,66,470,,272.49,2024-07-28,US
b824a51a-23b5-46f7-a30d-97b12957b0c4,771,43,1,277.38,2025-05-27,APAC
0b3597a5-7df1-4624-b29e-f3f6fed73585,729,136,8,1912.42,2025-05-02,EU
7b2e83e1-a575-4c6b-a119-7b35458aa1d9,85,428,10,4421.07,2025-04-10,APAC
00c1ca20-31d5-4c5c-aa4e-36f9049fc90d,212,423,1,454.06,2024-01-18,APAC
4ba40eaf-07f5-4f8d-a4c6-fb2df2264744,49,399,2,804.07,2024-04-15,APAC
3265c990-2c05-4f15-928c-3fabb92032fe,147,492,7,164.42,2024-11-30,EU
9085ca07-9db8-4b0f-ada6-a891b75be8bb,755,150,9,4262.51,2024-09-02,US
711f618c-d06e-4cef-b3fc-cfcc5d7ab167,725,382,6,1454.62,2024-01-02,APAC
0c4f918f-515a-4f38-9ba9-9fc53837794a,244,9,10,2188.91,2025-06-01,APAC
15089202-9f4c-4be4-82cc-b0c0d3828a3a,528,396,6,1686.17,2025-05-29,APAC
d9f666a9-17a3-4ce3-a0b7-7a6cc9bca9d1,418,366,5,2154.55,2024-03-20,EU
37a25800-8cdc-400b-a84b-e4df1d8b2c81,76,436,3,1337.51,2025-06-27,APAC
3acf31d4-62fd-42e1-a52a-9397bbd80072,74,481,2,659.32,2024-11-27,US
018221cc-42d9-4e64-ae29-319fea5fc7b7,77,61,5,1375.05,2025-03-17,EU
74750f91-87c6-46c3-b6b3-303dc79aa665,883,456,9,3980.54,2025-04-16,US
25db0e39-bd83-4802-8f46-528863da1c57,17,319,10,2838.41,2024-09-20,US
02d450f5-825e-4f47-8cb5-bd489cd03dfa,640,171,9,588.64,2024-06-20,EU
2534bc00-9f65-4b99-b689-b262ea280723,189,22,1,205.16,2025-06-18,APAC
816c2804-928a-4d9c-9297-b4e603d3f7c8,481,310,8,2370.91,2024-05-28,APAC
28d25c31-7d1c-479a-8ef8-2779ba5ccc8a,424,453,4,171.17,2024-05-31,APAC
d0e9c213-81cb-40d8-a11b-1645fc7f327f,249,305,8,643.85,2025-03-19,APAC
a759be11-683d-4eaa-b136-078b37ee093a,21,352,1,16.56,2024-11-19,APAC
ac13c683-d14a-4ea8-8c44-9349bb687855,820,110,6,2690.14,2024-02-07,EU
1b43c4ef-e484-44dc-b91e-dccad0bcfbfb,27,33,6,1085.2,2025-06-11,APAC
9b8b8393-1b20-4011-afb2-140451ea8db2,526,139,2,421.21,2024-03-05,US
17692319-c550-4c4e-bc9c-b5e24c554907,90,240,1,182.08,2025-05-19,US
4610b462-fa00-40a9-ba40-e38f34c76b3b,609,499,10,1232.99,2024-07-03,EU
f36b3ac3-241a-48de-808a-c5e328e74c79,342,129,7,2788.6,2025-06-20,EU
ddc0ffaf-53ba-4f96-99f8-7a8ce0013f64,91,84,5,300.04,2024-10-10,US
c128aec0-8068-4feb-9d05-d58bf72000fa,209,271,6,2161.3,2024-06-11,APAC
8efa0939-e074-4e60-8ac5-75b2827ca819,433,465,2,43.33,2025-03-11,APAC
723e3bb1-e5e0-44fc-a165-9499f1f76229,707,253,5,2256.59,2025-05-29,EU
c0a05cfc-ba4c-4387-8a1d-e983a7db6eb0,742,268,2,242.71,2024-03-01,APAC
07c8f160-7ce0-457b-9a1a-be4cd99f8e98,329,227,7,542.35,2024-02-23,APAC
fb92a576-b7e0-451c-8d5f-3e4e6ff8d4f7,363,90,3,880.49,2025-03-05,APAC
ef83c152-4ae2-41fa-9730-eb413aa7c35f,89,434,5,849.98,2025-02-06,APAC
1f87702e-a7a0-4671-95fa-af39dc7a5e0d,668,355,9,3372.65,2024-06-28,US
6585cb21-a637-4b4a-aab0-58599bc26bd7,675,52,7,3168.4,2024-10-30,US
450afa17-97dc-4cb8-a97c-1ca934170e42,704,463,8,3038.88,2024-02-20,EU
b530e082-b00c-4938-8286-43cda9627218,907,478,2,30.43,2024-03-20,EU
559ea96d-cf73-4836-8cf9-eeb6d71fecea,889,323,2,518.17,2024-02-19,EU
dec56bb2-d325-4cdb-8e60-4de056bf27c7,149,32,3,372.43,2025-01-15,APAC
b6fd7912-6764-4cd0-b8f9-1f2ea2f5258d,21,353,1,420.97,2024-04-12,EU
6d2df853-dffb-48a4-84f6-cccda5ee186f,564,374,6,2737.22,2025-03-30,US
63f6955e-10ab-4a40-a94c-9b5660f4d335,82,210,10,1374.76,2024-07-31,APAC
4cf55750-43d5-4fcf-b127-542fc7bae6be,311,58,1,285.35,2025-05-05,US
836a6bf2-e346-497f-8276-18feabb60f3c,908,308,8,1080.09,2024-06-27,US
4d85451f-ccc6-4929-a1a4-d0f317260edc,292,414,8,3348.97,2024-05-31,US
553a8a57-265a-4235-abbc-0eb79dc8dc92,15,100,8,2859.26,2025-03-14,EU
c7b9410d-dca7-4550-b8be-63a193f0e132,207,225,3,1031.4,2024-11-19,APAC
d0e959bf-7f59-4ce6-8a18-1274ec025239,740,433,6,2137.91,2025-03-06,APAC
dca7eb9e-140f-4a02-b5c9-a249032a0fb3,441,66,8,329.27,2025-02-03,APAC
14d65765-63e7-4eb5-a232-eb2560858c8b,482,58,4,933.08,2025-02-15,EU
1afabd73-4f84-40a5-b206-f75b19c529ae,45,3,3,1348.07,2024-03-26,EU
22126c6d-aaeb-489a-b275-b593c53c0d9a,27,460,9,1098.76,2024-07-17,US
674f41ea-28cc-47a1-b294-ff5e95eed438,65,465,4,1793.02,2024-03-02,EU
c838bfb1-1cb3-4326-aa62-233f65647274,5,47,7,3196.46,2024-06-28,US
5ec9d141-bd88-416a-bb77-b40da83d17cb,836,298,5,1657.83,2025-04-07,US
199cc08e-b7ad-4190-8c71-d734a14cc6f5,601,28,3,968.55,2024-08-29,EU
60a2b589-a8a8-488a-b915-ecc8856def22,389,43,5,1868.84,2024-02-25,APAC
36ccd9fa-57a6-4ca1-a206-beb312e623e8,928,88,3,502.61,2024-04-04,APAC
0493c0ed-d226-418c-88e2-1a742d6c73c1,332,125,4,1870.73,2025-03-27,APAC
2e56515b-2099-4b53-a31f-77cef84d254e,375,318,4,424.95,2024-06-07,APAC
7a545284-9368-4584-a87e-e6b00dd2db53,509,7,7,3306.87,2024-05-24,APAC
f00b3e15-3a4a-4303-bdde-a6618758571d,881,338,2,878.13,2025-05-06,APAC
9d3451dc-d84b-4f1d-a91f-56cea4fb80f8,305,500,2,584.78,2024-10-08,US
ea910ab9-9ed8-4e82-ab9b-468dbe5fee5b,47,413,6,1277.74,2025-01-25,APAC
895b2031-d3f6-460c-9690-1e634d03178b,989,49,8,1734.92,2024-10-16,EU
9f8b4b9f-cc30-48b5-8626-32eafe3ff2c1,167,76,9,365.82,2025-03-13,APAC
6f2b46bb-44eb-4101-8227-4b338b0fe96e,268,304,8,1258.95,2025-04-02,APAC
09fea5a1-a71d-4893-9ddb-ab2d8fb9cd51,657,424,2,61.58,2024-06-15,APAC
f99f689e-4706-4f2c-91bd-873cc78e9f2f,146,472,5,1075.92,2025-03-28,APAC
f02f44e4-b6d5-4f14-98fe-7cbbe690559d,250,103,6,1255.18,2025-01-05,EU
459b7744-9e3b-4ca8-9b40-0ef4a41520ec,374,113,7,1058.08,2025-06-19,EU
7be2a8e0-eb67-4ac8-bcca-2e453994e029,812,295,9,867.42,2024-08-13,US
bcb1ecbe-ad37-49f8-8292-27ab35300270,954,285,1,101.32,2024-08-13,EU
e288a4ae-fc02-4dca-b3b8-241200acce04,402,18,5,1305.86,2024-11-10,US
9940b8f5-2a0f-488f-82fe-06c57348d81a,574,110,9,1373.34,2024-06-23,US
c84d8687-23ca-4453-a725-990f3f4f2291,524,479,1,50.71,2024-08-18,EU
6aba3eef-f261-48a5-88be-288b001df9a7,695,42,8,618.66,2025-05-29,US
6e97e5e3-4920-4572-a8fa-15aae69cc0bc,839,271,10,1708.2,2025-06-13,APAC
33409fd8-6445-414a-a539-7558be9ea528,783,276,3,778.69,2024-04-17,EU
7ac86aca-d723-402c-9eb9-c15925f3092a,866,342,6,2746.31,2024-03-09,APAC
7fd1ae9f-38c8-4cc4-b461-1641a5b8ff00,611,497,6,2540.17,2024-01-05,APAC
ae2173b5-d7dc-4f80-9d2c-57e57b18849c,109,222,5,373.8,2024-11-18,EU
6958ad13-9c50-4851-bdf2-1caed0f17983,630,428,8,769.1,2024-10-07,US
a5798597-4215-4112-a21f-1f404e61ea30,333,203,10,1470.99,2024-03-17,APAC
e651e29c-7d6d-4fd6-ba1f-b2891cbf73b9,112,80,3,254.62,2025-01-10,US
4b0207ad-a7cd-4883-847a-ce773a5791cd,390,212,9,391.25,2024-07-16,EU
fb78ab41-be46-49be-b088-23949f5f9cd1,493,32,3,666.1,2024-09-30,APAC
01757b6f-34f5-4810-a9a0-db2832b2e7f4,913,308,9,724.26,2024-05-22,US
fdd2f9f8-8410-4477-9ab8-9d3a7fa3a1ae,244,327,2,962.53,2024-01-19,APAC
1300d5a6-a65d-4e9d-afb9-404955e351e0,791,139,7,2152.99,2025-06-05,APAC
684b22d0-d534-48cb-b68f-eda6b1b4c5c3,290,403,7,1623.87,2024-01-05,EU
93183543-0155-40a7-8a62-dc1d771cb6bb,20,31,3,465.7,2025-03-28,APAC
ce945ece-3985-492b-bcd1-aa3e5e82bdff,391,395,9,872.99,2024-04-15,APAC
ed15f118-37fb-4bb2-8fcf-b2e7853f783b,808,33,8,3325.45,2024-03-19,APAC
36ac9e97-b0f5-4bc0-a2b4-64596a8485ab,664,91,5,1744.95,2024-05-13,EU
018001cb-c3a8-427a-b253-1df4c8677d54,572,368,10,995.6,2024-05-24,EU
1bed963d-b03f-4fca-ac6d-782804b881ae,377,111,8,1432.06,2024-07-18,US
2ba6db98-4c83-4384-85ed-b0ec0e85bf82,901,292,6,2903.65,2024-01-05,APAC
02595bab-ccd9-4266-8be8-2d54062ccf90,662,499,6,684.48,2024-03-03,EU
4e80da79-45d1-4112-9e9a-a48987fa656b,938,419,4,601.81,2024-07-19,APAC
dbf693d5-e9b0-4662-be59-fc172a759a3c,730,222,9,1302.04,2024-02-19,APAC
8d9c1f6b-6fc4-42df-beda-7c5326e88b41,806,116,4,1651.61,2024-03-09,APAC
bfb6586a-8dd5-4d4e-a5c5-4f7dfe556270,741,280,4,1155.03,2024-11-20,APAC
522f8fcf-6992-4821-b0c7-f7d2406a4928,888,287,1,253.91,2025-03-20,EU
b17d8f1d-561e-49ec-bbb5-97bbd87e05ac,357,11,1,489.11,2025-06-13,US
15f2cc0d-71e5-4f76-a173-f203501a150b,958,269,10,926.48,2024-06-20,US
888e8622-e961-4922-9176-f76958b0df9a,230,154,6,1996.22,2025-06-27,EU
a3920605-f9f0-4ae2-862a-f071b99aa4be,140,230,5,1330.06,2025-01-27,APAC
dd2b1e92-be80-429b-839a-7c2abcd992d9,355,139,2,309.94,2024-05-25,APAC
d8552dee-518a-4662-a860-eeadeffbd6fe,647,123,6,560.84,2025-01-14,APAC
f7885018-afdd-43dc-bdf4-b3a00830ed4b,273,304,4,355.85,2024-12-02,US
79d6cccf-409d-42d3-9b73-a7ed07ff83dd,950,230,10,3249.0,2024-12-15,EU
edb827d5-1fb0-4cb1-9429-aba860534a29,195,123,5,295.51,2024-04-07,APAC
8f108bb7-3fd6-4cf1-9654-84277d539387,280,418,4,1658.48,2025-02-09,EU
969a8768-3798-41d1-aef3-a2bc65f12473,676,279,7,1005.22,2024-11-17,EU
17da593d-ca13-4c8e-bcff-869413268155,498,249,,200.62,2024-08-11,EU
7a8b38f2-8b1a-4660-9c38-d550cae367fd,969,417,3,1488.99,2024-06-07,US
39bf8658-a4bc-45d7-a915-ff1903fbdd37,468,430,6,2230.65,2024-02-29,APAC
7f51b702-aab3-4c57-b5b2-02e74a55d99c,546,112,10,186.31,2024-08-14,EU
db2598fe-3b93-4174-9789-09af9cbc770f,839,64,9,4231.25,2025-04-24,APAC
39181993-36e9-4ae8-93bd-ec8e1354df96,431,123,8,3388.51,2025-05-22,APAC
ac27958b-3ff1-4827-9887-ec3a3cf3f028,876,294,1,21.72,2025-04-13,APAC
49dcd34b-f13c-4ad1-846f-457a74794c74,57,56,3,204.22,2024-06-25,US
df2876e5-a818-4359-92fb-55a199124436,298,310,1,218.26,2024-01-31,US
c1e4bf51-0b0b-4ac2-92be-f5148188be53,410,291,6,2699.27,2024-04-21,EU
82d7448e-d877-4c61-8c03-81d06449eb22,132,31,8,1449.96,2024-07-22,US
433ee76e-7168-425e-927d-59b6320fccb1,391,379,2,924.43,2024-04-06,APAC
090a3990-dbcd-4522-999e-5361de9d851a,354,69,8,3827.62,2025-04-22,US
10edb96f-b33a-46e1-961a-533fc677537a,499,297,7,135.43,2024-06-21,EU
9df691a5-be85-4399-aab1-f776ef9c82b9,812,324,10,2607.39,2024-11-22,US
b9b9c890-28c6-4332-bfff-d3be07c0a39a,662,81,2,814.34,2024-06-04,EU
583cf5c4-eea8-437b-a85d-339737e5e828,121,225,5,933.51,2024-05-06,US
7679c1cd-c9b2-4291-9e6a-d81b8248ace5,389,407,6,2843.96,2024-11-15,EU
091f04aa-9a4a-4a4f-9ce2-209e35267d02,943,192,6,2317.75,2025-04-16,US
38ab5170-bce6-446b-a6c5-6e7e5a190841,705,1,10,2989.53,2024-08-02,APAC
01683682-0a12-4bd8-90ee-3b8d82340c1a,207,19,6,1887.61,2024-09-25,US
f3608699-1cb5-4c7a-84ef-737cfa8db0dd,798,454,7,435.09,2024-12-07,US
35afa700-211c-49d3-9d7c-7fec81662017,498,7,10,2761.51,2025-02-21,US
01a8e838-9876-45d3-90bd-d39a7e9dd8d9,708,119,2,838.87,2024-04-30,EU
733a2e41-e439-41ba-ad3a-2d759fe033f7,669,211,3,301.78,2024-12-04,US
a1d6d07a-1d3b-4277-9256-b9cb034392bb,17,326,9,2267.86,2024-05-14,EU
988653bf-f28f-467b-9ad5-e2efeb2b83fb,801,381,3,774.77,2024-11-01,EU
a000a89c-0ee3-43b1-8274-da5b880c1d2d,412,266,1,176.22,2025-03-27,APAC
a7fe96fc-50c3-4923-85a5-eaa610a105d6,996,256,2,796.3,2025-05-05,EU
2d74ba20-c935-41b3-bc7a-504bb392eabd,18,113,2,631.29,2025-05-21,US
51ccb5b4-dc92-4a21-87ba-ee6b73581e7c,892,126,9,3647.29,2024-08-01,EU
8716f92c-abb1-46c1-aa36-a3ba8d4d3bf4,556,100,4,1297.84,2024-12-16,US
548820bd-fa88-41e3-82d8-db7819f0609e,70,489,7,3081.66,2024-02-08,US
84e24d9d-23c9-48d9-b545-6fc18dc8b4a9,392,169,5,1441.87,2024-11-12,EU
b4c4e0b5-3a9d-4c63-a512-369f463a3a59,280,105,4,1796.24,2024-07-30,EU
1fc23749-afce-41c2-b68d-b8cb44671dfb,631,271,7,2451.29,2024-08-31,APAC
f112ad8d-f93a-4cb8-8288-ca1b7b0082b5,77,336,9,2844.23,2024-07-31,EU
53412083-3e97-4973-9f83-83100d883e2a,696,189,2,213.19,2024-06-29,US
047e61ec-a6f9-4192-bb97-b4530e7fb916,869,323,6,967.75,2024-06-03,US
e9368d94-12b9-4dbf-8501-797ecf255937,762,96,,8.64,2025-02-04,EU
0adec599-136e-4663-af02-435e5dd88175,610,226,4,1765.03,2024-03-25,APAC
228574ec-fc77-4b39-93c8-32e496dca4e4,228,164,6,1457.68,2025-05-04,EU
db14ee7f-2f5a-459c-88e5-4666407f84d6,324,336,9,2739.21,2024-11-05,EU
b41364a7-b298-4616-be17-9dcd10ea6ea8,719,406,4,1637.64,2024-06-18,APAC
7ce358c4-980a-43fb-b8a6-277218228d1a,466,67,9,3469.49,2025-01-21,US
9fb7b379-b747-4a1c-8c33-63cc13254dc4,499,184,6,2643.67,2024-01-30,EU
34309825-e59c-4c8e-9f2a-50a14bcf1207,827,257,5,1623.35,2024-04-23,APAC
4da26fa9-767d-4491-823c-ca8096beb4b7,170,429,7,2071.43,2025-07-01,APAC
b9c01995-3d9b-4826-9dc8-9eb13fe34f74,272,144,8,949.9,2024-12-05,US
8b19547f-07a6-4009-a3fa-4b0c1865c2fb,213,53,5,1379.08,2024-02-29,APAC
e8f79416-eb8b-42c1-b341-0091781ddd7d,618,450,7,1302.91,2025-04-12,APAC
d10e6ced-3e45-43b0-8394-ee4d634d2e3d,620,87,1,454.56,2024-09-10,US
fbf5b917-c144-4a85-abb4-1995b7cbbf0e,260,407,3,49.09,2025-03-26,EU
243380bd-7325-4398-bf25-2ff6dfe6793f,604,114,9,2947.45,2024-06-14,US
74f53be6-c3ea-4089-a58c-46425c3b34a3,56,76,7,456.44,2024-11-15,EU
0e9b8413-6e35-47cd-a6bb-2dd8163a2027,295,361,7,3073.94,2025-05-28,EU
27293bf9-6ace-44df-b4bc-30d13d9c3842,261,538,10,955.6,2025-01-07,US
5036f941-754b-4d78-967b-704615a9c33c,606,302,6,271.61,2025-06-06,US
384d8687-72f6-450d-bc17-2b615b5f5656,505,397,5,1055.99,2024-06-19,APAC
d5dbb11f-53bb-4b32-9eb7-843d3cb1fa18,400,66,7,3172.16,2025-05-01,APAC
1eaca0a0-2409-42a2-b6c9-c0d2e39bbd48,511,250,5,766.81,2024-09-24,EU
30e4cdc4-350a-4922-babc-ec675f205065,743,216,7,2034.11,2024-02-25,APAC
f88c06d7-12c8-45ee-8465-4821fbe03f32,811,6,9,1365.23,2024-12-26,US
f76633d7-31e4-4c9b-a0fa-82371aee2112,528,437,10,414.61,2025-05-17,EU
cc835c7d-879b-4065-aafc-38f68e995d49,383,490,9,2434.65,2025-04-22,EU
c09a6154-12ea-4e3c-b6a5-1a44dfeb1557,446,419,1,193.7,2025-02-17,US
f45bb591-0df7-4347-8f60-87021a9fd684,551,32,4,1108.63,2025-04-12,EU
8ab5dcfa-8f0e-4889-bffd-17844ece6a89,336,331,3,813.25,2025-03-06,EU
6f113157-37c5-401a-ba1e-f864b5dcd18d,27,358,1,407.1,2024-05-08,US
b299dc4d-a667-461d-a142-6b51c2fc2bf8,988,205,4,379.24,2024-02-12,EU
03be5304-3b04-4c88-99b1-20a85b4f24f6,42,372,4,1747.61,2025-06-28,EU
a601ed0f-1235-4987-8c4f-4dcac0c79fe4,542,94,7,2299.39,2025-01-29,US
552a754e-0086-4b03-8cb6-7b15cca463d3,876,134,8,1670.11,2025-03-28,APAC
84834d1e-8cfa-4473-a221-3f01cf3565d4,869,194,10,323.84,2025-01-10,US
96cbedf6-0f58-435a-905e-d75bc541d5a8,66,452,9,4060.05,2024-07-26,APAC
bd0e5302-4194-417e-8e5c-d8c44a49d23b,579,90,5,760.51,2024-02-13,EU
fe539ea4-debb-4356-95cc-def5e7e550fa,160,467,2,360.05,2024-03-03,US
5b9ee896-00c6-4ba5-a4c6-bb987d6af96d,545,436,2,887.73,2024-12-16,APAC
5c97ab81-06a0-4692-a215-91c742e11d56,118,177,2,311.86,2024-10-02,US
19008198-8dd4-4d23-8fe2-4a96a0ecdd37,907,449,8,3413.72,2025-01-18,EU
a8faa118-03b9-4d55-bc39-0d449972b0ee,948,246,6,394.52,2024-12-10,EU
5b6582a7-fc90-4e54-a7a9-033ce144144b,425,32,4,1646.26,2024-12-04,EU
17197d7e-66b8-4986-ad32-10c3418aa606,825,98,10,3368.16,2024-01-18,US
0ed58b1d-d9c0-4fd0-9ec0-7e07134647dc,426,237,8,2338.56,2024-10-31,US
a1c98868-8adc-46f0-b16e-5dcaec472828,106,28,1,348.13,2024-02-13,US
b4fef601-21ed-4b0c-9204-410438362e65,366,178,2,79.24,2024-03-27,APAC
d3a9f0b1-cb37-4744-aebf-28db857d2fdf,272,286,5,2144.59,2024-08-28,APAC
8626d9a5-20c0-45ed-8cab-f2187654d67e,712,11,9,4190.94,2024-08-09,US
36c629d7-008b-4e1b-b495-a5efce5f64d3,604,390,8,2896.74,2025-04-19,US
2f37e5b3-d516-428e-be23-5b9a34fd99b7,387,363,5,671.83,2024-04-18,US
2ea1ed7c-0b5f-4fee-8f91-82dd82d686ce,966,234,6,2239.35,2024-07-22,EU
09a27dc3-9dd8-4860-a3c6-6a48f7800092,724,175,4,402.72,2024-03-10,APAC
d497b9f6-ac3f-4b51-9caa-44c4a875b0e8,964,99,2,710.11,2025-04-20,US
1eb7bed6-8825-4d88-b64d-4498916f27dd,872,129,8,3555.01,2025-02-26,US
d5987fa9-840a-4284-b3e3-91d34b73a03f,647,58,3,889.09,2025-01-22,EU
c8485c95-578d-47a9-8f81-e36c85bee1bc,88,69,6,1147.82,2024-06-25,US
647124ef-41bf-4d49-8618-b832a0f9f7e7,408,259,7,528.14,2024-09-06,APAC
5eb142ea-c205-4a1a-96a3-c2841b7e566e,589,143,10,610.85,2024-01-16,EU
46b49dde-e93d-4ca8-bf6c-66ed1f8763bf,391,154,8,2893.81,2024-01-16,APAC
6fd77eb1-bc31-48ac-9fa6-5d7a3d08a298,661,329,9,3702.82,2024-10-11,EU
2295b5c7-a728-42c6-a354-342ddcd225c9,480,446,3,105.89,2024-10-11,APAC
e0f4d2e9-9fd2-4476-a13a-08993270052c,48,161,8,1365.83,2024-02-29,APAC
6780c372-d9c1-45f5-9195-467aefe7ea26,515,47,3,695.34,2025-01-28,US
10354ecd-bc9d-4f80-99f3-3cd7f78ccb5c,112,104,6,912.32,2024-06-07,APAC
4af07ac4-8120-497b-ab8a-0a0883181fe8,984,180,7,499.58,2024-10-11,APAC
c0ac18f4-7a25-4462-96e6-dfae5ea4576e,157,466,7,2851.57,2024-12-23,US
b6a73e82-0833-46eb-af21-5e8a2116a7a0,204,428,7,256.81,2024-05-30,EU
0d01755c-2ede-49e2-832c-66c7f82b08fc,522,247,8,1136.05,2025-03-31,US
48d77c78-39ac-4bcd-b0f0-4205575bc4a7,199,320,1,361.83,2024-11-08,APAC
549d1fd1-b3a8-434d-bf63-11ce09aa083b,637,39,4,1456.11,2024-09-04,US
252a6044-41cc-48d3-93b7-0d0c022a6468,227,210,5,2480.48,2024-05-14,US
027fc2b4-7c25-4a01-9146-2597bb6ce8b6,153,125,10,3468.72,2024-07-21,US
58b52d88-967f-414e-8928-505613d53b88,586,64,2,875.9,2025-01-04,US
21733b8d-1343-4c68-9143-ae60f23b3abe,19,390,3,16.55,2024-09-03,APAC
d22b59cb-26fb-4642-8752-0c11a12f390b,294,182,6,1684.41,2025-06-04,EU
9d63df3d-7f65-4abd-bdbb-6c162087350f,576,410,2,550.62,2024-02-22,EU
2e145f4f-d9b9-4e67-84d1-43ef6f0b64d4,486,431,7,326.22,2024-05-14,APAC
b383d253-ea72-4d8e-9432-2eeefa520877,279,265,1,356.57,2024-12-11,APAC
e0767711-7515-4fb7-9887-9c02eabafda9,133,2,3,1332.43,2025-04-14,APAC
31683c97-0652-44b7-84fd-ffdf59028f5c,211,285,9,2527.81,2024-09-06,EU
6c5d9abf-4c91-48c5-9ba6-75f982161632,523,232,8,3414.85,2025-04-28,US
519b0fcb-9a92-43f5-8573-788b2289e1fb,898,98,7,2915.73,2025-07-02,EU
44622c84-0a35-4a56-9c9f-69ad046cd40f,445,80,3,750.52,2025-05-22,APAC
f3ab0d5a-5e6a-4a55-8c9c-c67bd96619a9,675,200,2,888.29,2024-06-22,EU
a331f94a-ae8f-4e95-899b-124ba775bdb0,653,107,9,526.13,2024-12-07,APAC
8e5dca74-c08b-45aa-9224-cf5f5e2baf50,455,350,10,1463.07,2024-05-09,US
d7e4436e-68b6-4bb1-b9da-08f95d311d84,132,192,8,3151.71,2024-03-03,US
e9f636d9-18ad-4bd7-bde4-559212f444e2,727,255,1,474.83,2025-02-01,US
097b619e-7db7-4ab6-8356-430baefc65c2,602,22,4,920.66,2024-11-23,APAC
91f63d1c-d03c-4a43-90f8-98df9d751df2,8,440,7,488.12,2024-09-08,EU
15631a1d-faac-4d43-be79-3dce5f0a1453,974,238,4,1255.84,2024-02-04,US
fb2e8418-89cd-42e3-a138-78e09f80b7fc,836,326,8,890.56,2025-01-12,APAC
2c7b0e2b-5322-4b37-99b9-a01671cbb642,566,482,9,1382.02,2024-05-01,US
66f780e6-6d37-4e17-a172-5e4f7a95bdf3,565,338,4,1196.87,2024-05-05,APAC
cf5f19ee-99b9-4fa2-9490-3a0f8d057316,592,328,3,804.27,2024-07-21,US
400bd0f2-299d-4e69-91ae-1b15ea218b6d,397,67,4,1009.58,2025-05-01,EU
08383b11-31e0-4f85-a79c-b5e603b1ca14,337,96,6,330.9,2025-06-01,US
8f1a4de1-124d-4c91-ae7e-e4b9de936f65,679,249,2,575.7,2025-01-16,EU
fae27124-a62e-4bf2-a5d0-e09915836f87,259,34,3,951.51,2024-03-28,EU
fc405c72-8fef-4475-9b9a-b56fc70cbb13,729,159,6,469.44,2024-08-02,APAC
7651e8cc-4c32-469d-8567-9e4fa8a0a474,686,486,6,85.6,2024-06-06,US
efa8607a-3889-4324-aed2-be21e7cbf127,303,422,4,1364.77,2024-01-25,EU
a6ec1659-2806-44a7-887f-7553d0c78546,479,300,3,739.89,2024-04-25,APAC
33c43f80-7757-43f8-b1e7-258ac0ab21b3,120,217,9,2126.76,2024-09-23,US
f3f72f2d-a679-4511-a6ed-6f94e223ad10,722,452,5,2406.22,2024-06-02,EU
f0da437f-3fbd-4720-b2ef-a7a0ea16b0c9,6,432,4,564.45,2024-05-06,EU
aba4b8cd-2206-49bc-98f4-b7b8d6cec86b,79,154,2,330.34,2025-03-09,APAC
8fd95628-747e-4a07-adc1-342dbb237261,298,362,10,2285.85,2024-05-22,EU
6fde8229-d107-4a8e-b67a-506e2704d641,125,56,6,2429.33,2024-01-08,EU
d5f99b2e-2ae3-46f8-8bc4-d107a0b2304a,442,239,9,2245.1,2024-11-08,US
4fff4e1e-19d0-476f-8538-9ab46d498b66,180,402,2,750.02,2024-06-25,APAC
60e92a9d-3d61-4c20-bfd4-aa4fd2b3bfa3,740,140,5,37.82,2024-06-20,APAC
7b0d8966-b6f3-41cf-be49-64475e978ef9,178,131,8,1152.77,2025-03-27,APAC
ea047566-892b-43f7-98d6-e6496ed51824,81,101,9,4069.11,2025-03-26,US
fa59429b-0ca6-44d0-a235-29656f74c221,463,67,7,3087.57,2024-03-03,EU
ae51fd44-3f19-4e58-8069-66775e32c7af,453,460,7,2837.21,2024-01-01,EU
3ae95fb4-f6e1-4815-9e85-762110645ddc,420,242,4,812.16,2024-06-21,EU
be9e4ff2-3d9e-4cb0-ad50-85bd89df2e22,617,190,7,3417.0,2025-06-01,APAC
c7d3cb51-0650-481d-974e-8ed83ddf58f0,727,298,1,28.46,2024-01-01,US
efe95537-fe82-4a1e-8a71-0433434a2c7e,449,466,5,1730.17,2024-09-08,EU
9cfccb18-204c-4002-b8a2-f2c9c9f4b085,970,487,6,1046.7,2024-08-26,APAC
7870afa9-08c9-4cd4-a6aa-e5db63048f81,343,402,2,612.53,2025-03-31,US
86500631-5849-4d3e-bc3b-0c33efba456f,755,220,2,515.09,2025-05-21,APAC
e6a44098-1c04-4012-b42a-11f5e19c7a71,427,338,10,1133.41,2024-11-16,APAC
6ad4cc05-fd51-4586-919b-523a7f9496db,586,487,6,767.05,2024-01-11,APAC
c682b2da-749c-40a4-aee0-d8fcb3721575,378,482,3,1380.77,2025-06-10,US
58ade6cd-f42f-4ea1-a90f-3c55bc30c9f3,828,241,4,732.8,2025-06-15,APAC
b2832fb9-3c83-4527-a663-6bb1be800c3f,314,57,4,872.14,2025-02-07,US
c5bad38c-5129-45c0-8b74-52de8fe03dbe,114,56,6,2643.98,2024-05-02,US
04f3464f-9325-46ca-9eca-d87347a16aa8,740,450,9,1226.08,2024-10-11,EU
ed986434-e62a-4ec8-8c6a-0df12c3404fd,847,314,10,4704.68,2024-09-09,US
1db66f30-c933-4031-96c4-930676d12eb5,878,145,4,1607.58,2025-05-02,EU
e8ef278a-cbb1-49ab-98e2-7aea28a8978f,979,72,2,138.82,2024-02-13,US
5fe7b713-6f11-4411-ac8e-4e1be9b80f72,474,118,5,223.81,2024-09-24,EU
41f24ac6-eb7c-40d4-acfb-348600d92a4a,41,90,5,1908.55,2024-06-03,US
6c1ac3ff-e936-4d44-861b-ffb281bf1977,394,67,5,1769.73,2024-05-03,US
6320a3da-65f0-4c7f-91a9-3628484bb700,121,432,6,2366.19,2024-03-07,APAC
a732861b-0815-46e2-80f5-44f7bda56494,340,355,1,69.15,2024-12-03,APAC
42d277fd-0b05-43e9-ad86-97faa50fac9f,889,430,10,2383.93,2024-07-12,APAC
1cdd6f97-3636-497b-a8f8-71f651205bc7,45,18,6,1251.74,2024-02-26,US
36f73591-df7a-4dff-bf50-168c02f33e81,880,175,7,2234.81,2025-01-11,APAC
b4ef48cc-91bf-48ac-b51a-3edb48b66423,351,243,3,903.07,2024-05-12,US
3651150e-80c0-4143-bc09-eb66a76756cf,176,411,9,3316.46,2024-10-10,US
07b2cf00-2cae-49a8-8ad1-a2f42103a188,907,172,,70.18,2024-09-16,APAC
94100ec8-499a-4ca0-bddd-9ebaad35ed0a,369,331,2,358.09,2025-05-23,APAC
5b5ecc82-be13-4a98-b7b3-91bf56f15c04,165,342,1,25.31,2024-11-08,EU
31b817d7-67fd-4d68-a688-a52347fc387b,977,360,5,2335.87,2025-04-17,US
9c524f9e-6f5f-4d65-b484-2164095f2c80,268,441,10,522.52,2024-02-06,EU
90351c67-559a-4263-81a8-11d46779e112,514,274,1,486.01,2024-09-15,APAC
b3da14b7-fe4e-499a-8061-677c226ea0bf,594,350,6,2894.46,2024-09-12,EU
a4c446e1-4825-49f7-a19d-3d1a8da14fab,116,312,2,554.83,2024-05-23,APAC
0cd027e8-d102-4d59-bc8b-5376aa0d7dfa,250,218,4,264.38,2024-06-20,EU
958f11ab-5042-46da-b2c4-47ad100428f2,788,191,7,1667.96,2025-02-28,APAC
214e0476-2f59-4c9b-8f0e-57e983a22876,5,41,7,443.47,2025-02-26,APAC
8d4236d1-77ad-436b-8cbd-d65f9115b192,934,456,,356.37,2025-05-10,APAC
5d4e5919-e6d4-4a3d-8f4f-a9e6f898fcce,265,288,9,1364.06,2025-01-24,US
b3a9d284-a46d-44c9-9689-d201dee5757f,196,482,4,1262.34,2024-12-16,APAC
1dd20842-14ae-42c3-a570-71849a986154,253,41,7,1395.38,2024-12-10,EU
d2a70e64-9bf0-49ad-be6d-9df7422dad72,509,403,9,1759.3,2024-03-04,EU
c221a11f-ff26-4549-85f0-eee2ad25fc18,294,185,5,422.8,2024-09-29,APAC
9020980f-5ae1-48b6-ac0b-5fe1ad67b98e,731,159,5,2177.01,2024-04-22,EU
1e61429b-4ed6-4f47-bb2e-bc38eb535b29,145,355,8,3622.7,2025-05-04,US
43d05bae-d38a-4f12-86c3-1165d73b743e,526,371,2,867.9,2025-06-12,EU
6cb3de12-6223-47dc-8244-ed0db8414c94,429,416,1,116.3,2024-07-23,APAC
995a3dac-29f0-4b0e-a192-0f951190573f,725,270,6,911.89,2025-04-29,EU
3c65f07f-9836-4106-973e-c24eea856bdf,505,54,1,451.67,2024-06-22,US
228b66d5-2268-40aa-bfd1-6e74cfceaf57,598,411,3,334.57,2025-02-21,APAC
1fb34704-16cd-4a61-a757-fa7d4ec1f921,931,105,9,3894.49,2024-06-16,EU
c011520b-35fe-4caa-bb39-15053b00d24d,667,396,2,868.08,2024-08-12,EU
8e396570-8e38-4434-b432-b3dcd979cff0,903,398,2,588.27,2025-06-02,US
2a8847c9-663b-4acd-bf94-76c9c069ed25,667,85,1,408.33,2025-06-12,US
7062703a-d4d5-4cbf-82de-fe98d730f7ed,803,189,3,332.42,2024-09-07,APAC
f3b3fa14-83c6-4a0e-a4ab-1934ddca4522,49,250,2,902.89,2025-06-16,APAC
0217b1f1-c594-4b92-969b-599963d9f9f2,545,70,1,153.3,2024-03-23,APAC
9097aa97-9636-4eaf-b604-bc95002bc9c0,896,181,6,520.72,2024-04-20,APAC
f906e990-0ded-47cb-9642-0463fb549538,455,284,9,1707.54,2024-02-20,EU
776a76e7-6469-4a10-bfe7-bee7d02fcbd3,155,9,6,421.9,2025-04-08,EU
a9c8ffc2-e798-4e0e-ad45-a30911abe2a4,19,213,1,451.97,2024-11-06,APAC
d8110b84-b293-4bc0-85f6-696ae086e224,834,199,10,518.46,2025-01-06,EU
35719501-db27-42cc-b9c8-9be0bb194845,805,441,2,638.33,2024-05-22,APAC
105bc1c1-a129-4261-b62e-fea572f3e7bb,620,38,6,622.8,2024-11-19,EU
4fc8d3f1-536f-4a80-86a2-f887913aeb0f,687,3,2,346.13,2025-03-19,EU
759f6342-2164-4be8-9432-245d0fed2352,535,494,7,2466.54,2024-07-27,US
e833f4a1-9ed2-4b6e-ae39-5d34c06519b6,379,263,1,79.72,2024-05-31,US
6822e050-5a6c-49c3-98ed-85616bb10946,986,345,9,4157.74,2024-04-30,APAC
fe127de3-84be-4990-b065-ad722788e39b,735,89,5,1637.46,2025-03-20,US
a27504eb-159c-4ee8-9a67-6a9f7e4a16c5,504,311,4,1546.91,2024-06-16,APAC
6f89752c-58d0-4661-bd6c-44a34ff63393,750,32,9,3977.22,2025-04-19,APAC
a00bb394-ce45-4f3f-853f-2016f94ce64c,140,378,1,246.96,2024-11-09,EU
78d5911b-5e90-4158-96f9-3e5135ccb54c,385,406,1,139.87,2024-10-14,EU
a17d5b90-18d9-4855-8e8d-bd41c2a8c92c,102,235,5,887.99,2025-04-15,APAC
8be8f8c1-1af7-4c36-9df7-ba7341d9e0d7,323,178,8,1588.45,2024-04-23,US
3489f142-2a84-4dd6-9d98-7f2e6a7f1698,193,426,1,280.49,2024-01-09,US
d503fd3a-aba6-49ce-8444-8575c320f660,193,190,9,4043.06,2025-03-04,US
507418a5-dba7-455b-87b8-33e1b5ff3d03,480,35,5,1989.98,2024-06-04,APAC
85188175-9f56-450f-aba6-9fb7ff2dc945,685,285,9,3961.55,2024-11-22,US
0b9cbd26-c0ce-49ee-9cab-c176745b3140,333,192,8,350.74,2024-08-10,US
5e94a3b5-a381-4023-8b18-e04a4809aa4c,756,144,9,776.8,2024-10-14,US
821c1502-3ff4-41a9-9aad-61177b5844b8,397,134,1,105.05,2024-11-24,US
67ff8ebe-0ee0-4ebe-bb81-eae6db315bac,176,388,6,2803.53,2024-07-24,APAC
b9c20e67-89f2-4bdf-8de5-ad71e13f66b6,438,500,8,3717.97,2024-02-10,EU
1fa6f601-ed6a-463f-830c-9d6fc1e8e7cf,65,165,4,1930.69,2025-06-15,US
86386b86-95be-4519-8de6-3346ce7fbf77,731,467,8,3194.13,2025-06-01,EU
2c703754-7b3b-44eb-b61c-fef88e38a761,465,365,1,359.94,2025-03-27,US
5726f9eb-9653-4433-8888-be0762d0d38f,492,265,,313.54,2024-11-18,EU
a103f3f8-ccd6-4e32-8e8d-62a80a19fa7e,907,483,3,961.97,2024-10-20,US
23282bf4-eb9d-47db-b84d-fee468336636,389,499,8,3705.46,2024-11-18,EU
32d21f5a-1105-4a2f-bd95-3078cf46a136,735,495,4,1116.84,2024-12-26,US
450b2439-ff7f-4cb7-a78b-bf70924ebfa9,288,144,10,1750.87,2024-01-04,APAC
a3e7155f-11e8-4229-8c59-4c22903c05e3,32,413,10,776.32,2024-10-01,APAC
bc296cfa-2d12-46dd-b35e-1207e08462f7,570,380,4,911.0,2024-05-31,US
ee60120c-6fa4-40de-a2af-eaef4cc640e7,593,86,6,1412.9,2025-01-23,APAC
fc6b298d-e1da-41e0-9045-41469948ba02,358,121,7,3233.06,2024-08-15,US
70c04290-d572-415c-86de-ce32bb076a6e,214,122,7,3269.77,2025-01-30,APAC
0a883062-12dc-4f6d-9ff0-a80897a339a7,638,299,2,760.03,2025-06-29,APAC
45705a80-ff00-49bd-be72-84c7b1a09e66,363,253,10,4298.78,2024-09-02,APAC
973ae30c-5e08-41a8-9d00-d6835ff2b299,465,262,6,2641.23,2025-06-07,US
333005c9-bd84-4586-b9ca-3222c2881280,555,111,8,2706.94,2024-12-05,EU
1eebd68c-1dab-45ec-9bf6-d40793114e8c,529,403,10,4531.62,2024-05-03,APAC
8a58d5f2-80e6-45cd-8eb8-7f8024fa3e3e,969,100,1,72.19,2025-04-06,US
ef443920-3238-4b3d-8a28-ffcceef964a6,77,446,2,986.61,2025-04-17,APAC
dc5c3106-6993-4d6a-996d-c6bca3a204c0,257,192,3,234.17,2024-12-21,EU
070b54bd-07a1-46f7-9854-d33c30a87c78,343,425,10,2315.76,2024-01-19,EU
f896064b-327e-4249-bbfa-3746c837eaa2,47,14,10,3974.19,2025-02-04,APAC
c9f93eb3-9495-4100-8a44-bb1a18cafd09,598,185,5,1886.29,2024-10-05,US
098f4f8e-363c-457a-a76b-4d0bd98d06f9,607,2,3,1113.58,2024-09-10,EU
6f690dba-5361-4815-a0f6-ba8a7555130c,300,471,6,382.53,2024-04-22,APAC
36f71ed5-0ebf-464c-8748-ba21c37fdff8,381,356,7,920.21,2024-03-11,US
4357c79e-1728-498b-8eec-77af0bbbe453,137,495,2,226.73,2024-03-04,EU
eb895c2b-2b4a-4135-a204-724913334aad,338,485,7,2998.69,2024-01-31,US
f8c7f902-c9b3-4fcf-afb9-72e51cf435a4,448,238,7,1117.88,2025-01-10,APAC
3c1d2880-d98c-4790-a9a7-fce6c7d80493,214,421,9,2410.44,2024-01-27,APAC
69541b15-2ead-4e17-8a8f-35bc7f19f6b4,680,17,10,4582.34,2025-01-08,US
12f074f8-e9c8-46f3-bbac-cfb483b5a0e1,259,126,9,3948.18,2025-02-26,US
fd0d1243-a086-4c7c-9c2d-d4d9c2b3d1c4,582,244,6,298.65,2025-03-18,US
97e517b2-3739-44da-954c-bef1e33aff7f,377,312,6,1801.77,2025-04-06,US
f61c90e0-967f-4005-8178-bbe04f4079d5,382,138,4,1518.66,2024-10-27,US
a1f77999-d0f8-4b24-b571-c16bc197eedc,855,327,8,2424.1,2024-01-03,EU
74d8e6b5-2784-47c9-91ee-c6088d0594f2,791,465,3,1493.02,2024-03-24,US
bf3197ba-b8f7-4f66-a938-65cbaa660847,180,306,2,723.0,2025-07-04,US
ef449861-5947-4a96-ac87-98e1a91bf307,470,27,,37.03,2024-11-23,EU
7ce31b27-6970-480e-837c-69c5720271ef,488,88,3,774.91,2024-11-28,EU
b9503a6a-499c-4f52-b9f9-91ec452be0a0,126,408,2,855.58,2024-11-30,US
ca223594-673d-4d08-8e4d-2ca875e16724,812,397,8,1381.63,2024-06-12,US
4570e7bc-ebbc-4387-bfca-8dad3fee7091,733,54,4,154.6,2025-02-14,APAC
4b7b269e-4586-4e91-ad8a-9a20ba923fa4,262,183,2,408.99,2024-04-30,EU
7e687a74-8c6d-4df7-93a2-7a246c8e71a8,983,118,1,356.11,2025-02-25,EU
d2d0be22-cece-4c68-aa65-cb7cdf7cc781,905,322,4,921.09,2024-10-30,APAC
4cb3982f-9f9a-4136-8c13-cd15a7e7b735,293,252,5,1388.54,2024-02-08,APAC
ef652905-c1e7-472e-bd9e-06bb8e4f297c,477,409,6,820.23,2024-11-25,EU
1d9df8b4-3570-41bb-9709-06af914893f2,684,377,10,622.42,2024-11-25,APAC
0d9037ad-2ce4-4ab5-81b2-be564fdcee84,924,379,9,4262.48,2024-02-24,EU
20695097-ef04-4e5d-be27-620682ed374c,600,123,10,454.49,2024-06-05,EU
38c3c21a-5514-436e-8f7f-2136b6891ac4,137,328,3,505.19,2025-06-13,APAC
6df770e5-4f0d-48d7-b624-57c57c2fb6d5,851,409,10,761.25,2024-01-22,APAC
f641fe76-a657-4fe0-bded-61a3c33eecf3,231,368,7,1086.79,2025-01-18,US
337829a2-a806-461c-9ce5-f5a60a328d16,63,365,6,1376.75,2024-08-26,APAC
084537e0-d04a-4210-8988-ec1d18872654,936,80,1,140.79,2024-03-24,APAC
fcf8d5e5-a88d-46a3-9778-f5109cce20fc,644,64,10,2287.68,2025-03-02,APAC
64564fab-b44a-40ed-9983-f45467cf68ea,608,82,6,1886.79,2024-03-19,EU
2edb7c7b-cfd3-4e31-ac31-02ffc499684c,334,349,,415.5,2025-04-09,US
69aa9d55-e8e3-4558-ad7f-05ad64aefbab,907,98,5,1933.87,2024-08-31,APAC
1a59b147-50f4-4603-ab80-6ef9bf97b82b,305,352,5,1645.5,2025-02-10,US
65c0c3f6-11f3-45cb-a65f-377b9ca4ba86,110,249,4,1276.36,2025-03-25,EU
31b313b9-3017-430d-8daf-45ee925adeeb,604,52,1,219.71,2024-12-08,APAC
cd7463a1-0af7-4803-922c-578f08ed6ba3,242,459,4,297.77,2024-01-01,EU
96b9475a-5314-44c7-97ed-7819051e169e,586,298,4,398.14,2024-07-09,US
1047b038-aaa8-46d0-bf84-bc74fe026fa6,553,194,3,1048.54,2025-06-11,APAC
f8c84728-d549-4719-a577-43fe75eb459e,608,487,8,3262.08,2025-01-02,EU
529758ac-6094-4bb9-b660-c3d7778d3549,914,56,5,1005.8,2024-04-12,US
b22d0f3d-54eb-4716-87a9-bc3e20821d5b,362,267,8,3281.7,2024-05-14,APAC
ac21a916-0459-47fa-8c3e-ef27b2487179,691,249,7,1834.65,2024-08-24,EU
30c2aa9a-b47d-4d36-9af3-cb94bf2afd25,591,301,1,357.53,2024-08-05,APAC
2c3d84c9-44f4-409c-b0c9-71d281b1b069,162,206,9,1044.31,2025-03-01,EU
90c3c334-eab0-4c56-a33c-31b4759a9d16,470,81,7,2437.75,2025-05-05,APAC
4ebe0c6b-bbb8-4db8-ab79-955f8e2c9b98,93,222,4,445.64,2024-09-06,APAC
1f581ea1-21ac-4ef1-87db-83dc3adb79ae,576,387,8,1508.15,2025-05-16,EU
6d12f647-2f36-47ba-ab01-4b011de49eeb,376,67,4,719.62,2024-06-29,EU
0dac42db-6895-425f-96db-2f96a479a2ff,822,188,4,1078.65,2025-03-02,APAC
9d6727ff-20e8-4a84-95a4-2e65a09b2575,279,331,2,94.74,2024-02-08,EU
8bfd4218-8215-487c-9fc5-32993223ac04,274,52,1,372.24,2024-03-10,APAC
865e7c82-6e90-4993-8019-947a71256e03,709,437,2,641.49,2024-07-03,APAC
77120a95-b5c1-4101-bbb4-d744d724eb7b,596,113,3,488.38,2025-01-10,EU
c79752c6-2362-473b-b9fb-f3a80e132eb7,647,455,10,1669.9,2025-02-11,APAC
c96deae0-dbd9-4e13-b167-ade2abf22dc2,559,210,2,479.45,2025-06-04,APAC
27d10e75-ceaf-4bb4-9560-cf9f02284422,276,416,7,3189.65,2025-07-02,APAC
b79b9480-cb04-494b-8f5b-0709c2c52052,489,359,2,848.2,2024-06-24,US
004f998a-f45f-48cb-8fb9-912103d978ce,742,242,2,573.34,2025-02-21,APAC
04ba0a2f-0aa4-4377-a243-a52813eb2591,711,154,3,849.09,2025-02-11,US
52861398-21cb-4535-a5a7-0879d18cbcd7,231,458,,72.43,2025-05-27,US
7b104dec-10cb-4568-9895-9ca13d9bc1c6,378,390,2,156.09,2024-07-03,APAC
28b0f4d9-41fe-4d53-806e-601a218dadec,628,343,5,2275.03,2025-05-01,EU
eb84c875-7718-44c5-9dc3-113a32acb049,473,359,7,2251.85,2024-07-17,APAC
a08d27d8-4318-4890-b4f4-621ae95a4172,620,48,4,859.37,2024-07-05,APAC
3ca7884b-2373-4a7b-87c8-ee0b9e2b39e1,922,153,6,668.25,2024-09-23,EU
0785e094-251a-4d8f-b12b-cd711c17b68a,196,345,2,607.7,2024-05-19,APAC
cae20f6b-5e5f-4e00-b0ba-0e49056987ae,926,399,1,328.82,2024-06-20,US
7818be70-fdc5-48c3-a2c6-f6fe55fd4027,641,276,10,4887.39,2024-10-29,APAC
1db8a03e-a9ce-4d62-956d-5293c1fa839d,141,66,1,108.31,2024-08-27,APAC
1a9e7dbe-9428-416e-adea-b4ed7fd0de00,354,484,,207.29,2024-09-01,US
f67d7f74-b073-4b2c-b92a-84221156c394,513,486,4,256.99,2024-12-23,APAC
a3872be2-6006-40e1-a81b-cdfcb3a3b5d5,982,464,1,49.22,2024-11-13,EU
a4462b73-da44-4195-959f-46bc47741de2,943,161,8,3096.42,2025-03-05,US
190556c2-f010-4eb7-8480-49366e8f65df,889,201,4,480.89,2025-04-19,US
1acd661e-c935-49cc-ace5-cdaf20cdeb8d,700,118,4,784.38,2025-02-07,EU
04bd3cc3-1a26-469d-a905-4d91b16f1ede,325,38,1,331.85,2024-08-12,APAC
1c157f1d-5db0-4d12-8f5a-ba7cf10e0a2d,770,445,6,359.8,2024-04-03,APAC
ea4b8ce3-6800-486a-b40d-5003cfa2bf22,722,175,5,1859.92,2024-09-23,EU
45b025b3-9d08-4809-8cec-b56b2e757e36,464,407,7,2519.66,2025-01-03,EU
1124545a-2ef9-41ad-a098-60c437084462,828,24,5,1504.01,2025-01-06,US
43946c94-6507-46ed-a466-5a1160679de3,170,457,6,975.14,2024-02-10,US
c4f7e0a2-0114-403e-823c-bfd70f7fe018,230,388,1,465.45,2024-05-15,US
6b96cb8b-5fd5-40ca-bb50-d84dd6170e76,512,242,9,2262.17,2024-02-03,US
d7705521-61cf-485a-8435-e006268750bf,228,248,7,2711.19,2024-07-11,APAC
88277786-1273-41ad-8fd6-d39f5a723b52,359,491,6,1717.8,2024-09-07,APAC
e6f4cb8a-3fa8-42c1-a645-9cb14e3ae513,251,332,3,794.98,2024-07-05,APAC
53ddfc99-e184-4dfb-889e-63f00bbf25a1,422,167,9,4262.43,2024-10-05,EU
672f7cf9-afb1-47f0-95c0-acb072ef7409,42,363,6,2238.18,2025-04-26,APAC
23e4b458-e09a-4d6d-bb73-73023461d115,358,15,8,275.46,2025-01-02,US
b8341d02-f892-4045-a0d7-b3f229de7d0a,685,305,3,95.64,2025-04-06,APAC
87c85422-914a-4edc-9c02-51f836e94ca9,884,247,4,1630.82,2025-01-14,APAC
912a09d1-608b-4dbe-9593-d662bdcf43a3,655,433,6,1207.05,2024-02-28,US
c46325ec-582c-4b76-bf35-a0654bfbac88,151,346,9,3140.22,2024-01-24,APAC
c5413ae9-18be-4500-8a41-28d7d0f8cac8,793,353,9,211.02,2025-07-01,APAC
a89b7c08-9115-442e-bf38-e0406fea2446,845,369,1,498.71,2025-04-13,EU
30196654-d7ae-426b-8fa6-c582208a6cd7,953,411,9,4188.8,2025-06-20,US
100e50c8-3802-434c-b6e7-35b77a820272,47,106,5,2042.09,2024-06-06,US
30b09002-9357-4747-a738-5c086abbd9ca,799,386,4,1994.89,2025-02-11,EU
cba01155-40c1-4237-83a3-5deb59d89653,49,144,1,444.88,2024-04-09,EU
d56ee0c1-db86-4e49-9390-044946112c1e,2,402,8,2503.53,2024-06-16,EU
e2ccf870-58ff-4840-ae96-27efe7c49038,684,148,5,959.43,2024-10-07,US
b3158093-0285-4ef6-9250-813750bd13fe,278,4,3,211.0,2025-04-26,EU
d3d176a4-bda5-43b4-9a0f-d1830977ab09,574,459,1,87.15,2024-04-13,EU
99477332-d27f-43c4-9bd9-6719dbdc3953,66,9,8,1092.68,2024-05-03,APAC
ee34446d-c7fd-4243-8eae-cdf11eea02ee,174,155,10,3782.45,2024-07-10,EU
401aa1ef-138d-4f2f-bc62-53515ab7e1c9,151,367,7,1184.42,2025-02-21,EU
63997061-0923-43bc-941e-5799baa0df67,264,36,1,376.99,2024-08-05,US
337cfaf3-4147-4c91-8300-0102b5274404,390,63,6,2965.25,2025-03-05,US
1e79ff61-c9b0-4405-a550-52a9a32d5977,762,95,1,348.59,2024-12-02,APAC
3d05ae7e-bc17-4c4f-91c9-d486bfecf0f5,524,173,10,1220.7,2025-06-17,APAC
d9d43a32-df70-4a24-999d-d463a5149cd0,978,235,3,986.93,2024-06-13,EU
316a13ab-7a8a-45e3-9e1f-8ad95c45cc66,667,392,1,173.96,2025-06-16,EU
34413752-81db-48ca-8d14-b8755c2a6e8b,104,370,2,441.21,2024-11-11,APAC
16e27547-c1a2-49fc-b037-00d9f1969006,137,269,7,2684.06,2024-12-04,APAC
00651b6a-ce1e-4244-962f-fae07fcf05d2,647,255,4,761.55,2025-01-03,EU
024e5ea2-80a1-4446-a443-ba1ea3c64587,627,382,5,1016.09,2024-02-23,US
715e8574-d1c5-4915-96e5-f898219e42c3,346,311,7,2834.43,2024-01-15,US
76c3a59d-47c5-4c0e-bcea-66b558b6762e,451,115,4,1595.78,2025-04-02,EU
ed501c65-2655-4144-a804-c5aa39b780aa,534,327,8,2139.3,2025-06-11,US
47416931-644d-4e2e-b431-987ae317f6d9,974,91,1,424.74,2024-03-14,EU
9a3855e4-eaf5-4b69-81f4-f2148bd3db28,110,139,8,2263.25,2025-02-02,EU
b5823796-1f01-4cd6-8b88-9fa157c70628,342,38,5,88.31,2024-07-26,US
29638238-eaac-4b6e-b22d-936d1b952218,200,447,8,766.04,2024-01-11,US
4f0bcdde-b74e-43b2-84e2-505c9eafd0b9,85,124,5,1140.08,2024-04-30,EU
54ad33b3-73cf-4c2a-8464-ad18e0e38249,303,446,9,2417.27,2025-04-17,APAC
e56e3f4d-696c-458a-b7da-84b4694d1778,832,110,5,2242.03,2025-01-11,EU
8923c73b-9526-42b6-839a-24e44db812b2,225,209,8,2754.22,2024-04-12,US
e5f7940c-f280-4a0b-9232-bbfae1d4a2d9,431,73,2,258.67,2025-05-29,EU
e059eac1-06ba-477d-931d-9bc77e80e4ca,966,332,10,2821.14,2025-05-07,US
438796f6-756a-4cd0-bea9-1078093c8431,99,6,9,3229.03,2025-03-10,US
aa615c50-c365-40a2-8e07-41854c898e45,834,432,3,1123.71,2024-01-29,EU
5aae0164-fc40-452f-bfe5-4a5ed87e3cbd,569,126,3,560.86,2024-07-24,APAC
c277a339-3455-4abd-9395-c473096efea5,645,212,9,1690.8,2024-04-07,APAC
d69fefa4-4a8c-4a6d-8e32-00c9e420093d,18,490,6,2597.75,2024-06-02,EU
4e6379db-fad1-4aea-8a25-6d437ee8707d,998,26,6,2225.45,2024-07-05,APAC
5c9c8eef-fc14-4925-b2e9-b798cd8db2ea,144,353,5,1705.89,2025-04-16,US
48df3bdd-597f-47f7-a114-290f3a10d1ed,373,328,3,486.03,2024-08-23,EU
30ab882e-5325-484a-99a9-295665f11d43,210,102,4,1479.72,2024-03-22,APAC
4e513f08-0a4a-471c-b98c-fb00c748cd02,501,410,6,2536.93,2025-02-21,US
57a4cca4-a216-49b0-b780-4e5873a0fd09,642,57,1,472.74,2025-04-09,US
62cefc75-636c-489a-a24e-6c192f231225,602,276,1,301.19,2025-04-20,US
7b8d99d8-1243-45b5-8528-e71907f3997a,587,258,9,1077.35,2024-10-23,US
37a9411e-bfb7-4c33-a2c4-291b0999d739,495,277,10,3838.35,2025-05-03,EU
b608c8e7-2e94-47b2-a6aa-560e76fd24d6,149,72,5,1751.88,2025-02-09,EU
9d431b36-953a-41f9-a31c-35c4c3d13849,810,446,7,2472.23,2024-04-14,APAC
3ac0da79-8890-4d97-a8f7-573d01993198,628,335,4,657.67,2025-03-29,EU
4a45df6c-6298-4669-8b5b-362fcec04ee4,405,22,1,460.19,2025-05-16,US
ff977bf3-ed43-4f65-8d06-c75d7c15e62d,301,159,10,1221.48,2024-12-09,EU
90be8295-6607-4676-9322-4ea3170accd2,381,173,10,3874.97,2025-03-20,APAC
2cef7e57-5af3-4074-99f5-9c638c66c40a,818,75,10,1181.97,2025-04-07,EU
9bdf4795-facc-4beb-8d9b-2846f72fb7ab,829,321,4,297.26,2024-03-16,EU
d2e52563-780f-4783-b2f8-351552c5cbb8,258,290,10,3878.16,2025-03-11,EU
4fe33948-2fc9-4b8f-bbe5-15949f9e43c4,979,284,1,53.81,2025-01-21,US
5d763106-9df2-4845-90bb-c91799a24599,165,301,2,498.82,2025-06-27,US
e5f38e23-9b34-481e-8a46-7eae68264a5f,813,128,8,1340.27,2025-03-20,EU
1b05e5ef-7731-4a9b-bac0-8f39216f5193,239,26,10,1886.59,2024-10-25,APAC
2ff4464c-40f1-4b19-9119-5ae5721b8aac,659,136,5,1326.04,2024-01-20,US
961489a0-5464-4c55-b22a-1cfd148d0a1e,244,96,4,886.26,2024-05-28,EU
ba5c2281-6661-49d9-bb04-c90dd7d3483a,704,255,9,3767.85,2024-09-26,EU
f7b4c177-0f1a-4e7e-862f-7e42648bc57e,743,190,5,736.74,2024-08-06,US
b8f1718d-694d-4ab7-9651-ba9ec65738fa,573,156,10,4366.14,2024-04-18,US
9d385d0f-5bc9-4e74-a766-9e93f24c0cae,701,35,4,1313.56,2024-06-15,EU
4deaa5f7-a395-48b2-a5e8-9bc70e2b956e,8,12,3,314.79,2024-11-26,APAC
32715a97-4e84-409c-92fe-45eb9d5d9879,623,158,1,231.72,2024-05-07,APAC
9abc6979-db35-4894-8819-cfff703844e7,445,137,1,331.16,2025-01-18,EU
7e3ac1e4-39aa-4ff1-880b-9d387a3b737f,416,160,7,1193.88,2024-03-06,EU
5b4a3eeb-661d-4b53-a60c-b01f1d7c3993,708,368,9,963.42,2024-07-03,US
a2075fbd-1d9d-4024-87fc-7668407e6646,802,213,10,2919.5,2025-06-02,APAC
4f886bce-8590-40ca-938e-5c5d707a2e13,551,119,3,263.2,2024-01-31,APAC
2755ede1-3a7d-4dab-8239-491c3117c5b6,366,311,1,189.89,2025-02-09,APAC
2597ea92-4d3a-4e56-8f5b-9730e2d2f7c0,111,123,9,301.56,2025-02-05,APAC
b7361905-7fe2-4173-8c7a-6fca84762ccb,982,137,6,1258.65,2024-11-19,US
d3686028-c22f-468b-b3b4-05d2295d2e18,66,114,10,271.49,2024-11-17,EU
700d9705-b880-475c-9ea6-4f8d4a9955cd,44,433,1,298.79,2024-06-01,APAC
0c625870-97f1-4ca5-bcbc-27690f3f76cc,72,161,,105.76,2024-07-29,US
39dd2866-f011-42a8-b5eb-eb7062b02a3f,552,336,3,638.81,2024-05-05,US
f8a5694f-f31f-4701-9c34-6e20ddb6bc75,783,489,6,2736.36,2025-04-02,APAC
dffefadc-5c61-41dd-b31e-41ed5c2e16dd,687,426,5,1652.59,2024-03-01,EU
36e555e1-7758-4b4f-888d-849957d98c3c,570,230,6,1845.55,2024-08-04,US
4acde077-39cc-44bc-a712-345b3a384df3,813,148,6,221.68,2024-09-18,EU
ad0b0b54-08ae-4682-86c1-bc8e8d3dbee1,901,426,4,93.57,2024-12-13,US
37bc5a0a-2b4c-4322-ad85-71f63546a78c,598,327,3,504.07,2024-11-05,US
2261dbf7-c2cb-4762-a031-c564361ee4b8,619,426,10,3565.82,2024-08-02,APAC
9e2122fb-8fad-49dc-85f2-8ca73182cc96,857,196,9,3695.69,2024-11-01,APAC
04f3a320-891d-43ba-9827-6abcf4b2d641,673,340,6,1499.16,2024-04-28,EU
c99d5d7a-c5eb-4afe-9f86-88f2fc0be42f,739,150,1,404.84,2024-03-06,EU
2ef07c15-0091-4c65-b075-6e8cbb771aca,431,274,3,129.9,2024-06-01,EU
772e36ea-07e7-448f-a45e-c5c71fb74fca,854,293,7,321.1,2024-10-18,APAC
973712f4-180e-4067-b26e-165a06aeb4ba,27,385,7,2505.57,2025-02-08,EU
89427bc2-de8c-486d-8f87-f816a912987a,414,163,9,4370.4,2024-12-23,APAC
7a7c85ab-ed60-41a3-a37e-affa2ed514db,652,384,9,1230.89,2024-08-30,US
aedf0a6f-619b-4fea-9af5-42cdce277006,773,471,9,2489.61,2024-04-09,US
d51bfcfc-17f0-4e9d-a875-03a552c2e626,167,180,10,4334.61,2024-02-21,APAC
71653a38-2f38-4be6-af63-bbc33662a58c,600,87,9,2910.64,2024-01-31,APAC
0327b188-98cd-40b5-8b20-2891ec6a4594,462,274,5,1323.32,2024-06-19,EU
3abcd605-d1cb-41db-9c45-7da68d8b77b8,734,14,7,41.84,2025-02-16,APAC
8d48e8fd-6474-483c-949c-0293c3bf3fb5,222,440,5,135.0,2024-05-08,EU
33da2ba5-9787-4322-b0b3-223d2c9bbb2d,578,100,,242.58,2024-09-28,US
25d018d0-91cf-45dc-8161-282fa4182a39,118,345,7,3007.33,2024-06-11,APAC
6b61a382-a5a3-40a9-9bd7-206bb7a7c417,511,146,5,193.82,2025-05-06,EU
2fa5efe1-972c-46bb-8c54-2428bd814ee9,651,106,2,262.37,2024-07-03,EU
e7f0d70c-1937-4074-8bac-087f686fb4a1,303,39,8,2548.71,2024-10-18,EU
79b3137c-5377-4241-a8c1-b263af66b124,859,185,7,315.84,2025-03-07,APAC
f2f249f9-f41e-4a10-8545-da8eb92b468c,125,122,4,1061.52,2025-06-01,EU
30f66352-bc46-4215-9bb4-37bcf96adbac,768,440,7,1462.27,2025-01-15,APAC
cd3b72aa-6ad4-42e2-8cff-5e09d1919730,195,200,4,1681.96,2024-06-19,APAC
95a55420-71b9-4546-9e16-f429652152bb,200,164,,45.89,2024-10-19,US
abab7b4f-e742-46e3-b2f7-ea31218c8d8d,292,442,6,2354.4,2024-02-08,EU
cbc07daa-fe09-4a9f-a8f9-3fac762a41a7,262,250,5,726.77,2024-02-01,APAC
5906df69-8084-4c20-90f9-fe411b72d0e7,662,163,7,2153.09,2025-02-27,APAC
802690a0-d0c2-4750-894c-2658ec72e7c8,667,495,6,2793.95,2024-09-03,APAC
e53dd396-90b8-4b2f-8dc3-c54dd61a61e8,812,7,6,1357.35,2025-04-08,APAC
7d63d3b4-dda7-4399-afce-74bc81ac489d,119,483,,425.24,2024-01-25,US
b0246cc5-55cc-49b9-850f-240a76719f87,364,84,1,29.44,2024-03-30,EU
2b7dbfed-85dc-4fde-9079-b943316ba858,403,100,2,636.78,2025-04-30,APAC
de63afb6-b0a3-46db-9a46-c5168b61135e,780,491,3,141.53,2025-02-06,EU
70028148-9f74-4328-894c-e30d24805402,313,456,9,932.04,2025-04-11,EU
bf319367-f378-432c-9f7c-ade230ed0834,973,213,6,177.65,2025-06-03,US
b4fbaac0-508b-4f02-9b5b-d40eefc5653b,82,190,8,1516.6,2024-08-06,US
e0d6b23a-7f6d-4276-b42f-360cd5a273b4,749,178,9,3962.92,2025-07-03,EU
153c99e8-fa25-4f81-be22-08305872c1f6,797,9,1,220.47,2025-01-02,APAC
2224d5b9-945f-4deb-8a4e-e9a735100e2b,951,353,1,213.9,2024-06-30,US
151f2806-f59f-4b7d-8f0c-3db3e7e7fa1b,298,16,3,564.34,2024-09-01,APAC
16c11bd7-f5cf-492d-bb08-a6859c5225d8,538,184,3,1274.37,2025-03-12,US
c262d39a-6148-4a57-9e38-495805a7b0c2,837,21,10,3320.15,2025-05-30,US
e604d2d8-531d-4080-a2a5-23aace898b1f,435,273,5,817.71,2024-01-02,APAC
49e538c1-a22b-4ca6-8ce1-1110be0a7b75,517,75,10,231.66,2025-02-17,US
5b0049db-5b31-42db-b8bf-882268d1bb3a,621,366,4,514.77,2024-02-01,US
4843ed67-ca07-48a4-bd32-91fb8819ee0e,328,193,2,711.52,2025-01-14,US
39965e79-c6b6-4a5c-91a1-efc526aacd8f,363,4,6,99.49,2025-04-27,US
2e90167a-6641-47ca-a66d-d7efd7edd770,41,349,8,2743.95,2025-02-09,APAC
89f0bb5d-6b3b-4ec5-a5ef-12afbb26b7d9,568,130,6,2697.12,2025-01-03,EU
be89f98b-520e-42c3-ac56-791b407d9d04,107,339,7,3052.7,2024-02-18,APAC
9b4cfb8c-18b4-46c0-9f3d-3ce30e5d625d,848,168,7,1036.18,2024-09-07,APAC
a1f2755d-19eb-42db-8e7e-d60e2683f1d6,528,162,1,224.1,2024-01-18,US
0074020f-8e67-4e7e-b51a-75b94ba8d88e,148,13,6,2394.93,2024-04-28,US
2baf8585-0258-4baf-a8b1-fb163956e9a6,546,167,2,142.24,2025-05-03,EU
cd4ee5e6-3204-4c68-9beb-ba07f85dfa3c,308,88,9,356.46,2025-05-27,EU
a79b459d-ddd2-4737-97a8-9ae901bb4ad9,662,500,10,242.88,2024-10-26,APAC
e6077abf-b651-4fbe-816a-0a747dfa48a2,641,79,9,2895.21,2024-03-08,EU
a35048db-9341-4e86-bc65-2fd757543acb,179,137,1,163.88,2024-12-20,EU
51ff7d8c-7425-4029-85a0-3f4d1bdd33f2,752,301,7,2504.06,2024-02-28,EU
74908e52-29c3-4337-a841-e07ae808c978,693,467,1,267.42,2024-04-07,US
f227af57-864c-4f0a-af02-b53fbf5551c4,113,169,5,1907.75,2024-11-27,EU
c903662b-cbb2-442b-85bf-8462e5ed0682,241,245,10,3572.0,2024-08-08,APAC
ccd69121-b3b6-4cbe-aab3-a9e01786dc03,257,195,1,462.5,2025-01-20,US
cfd0b524-831a-46b3-af19-19ee29eee352,790,325,5,1128.88,2025-02-17,APAC
ea2d0927-66fe-4436-8987-bc6420f0a40a,553,327,6,1254.24,2024-11-11,APAC
418209a0-c7a8-4bb7-8541-eaff6204a5ba,184,462,8,1272.75,2024-07-21,EU
36a6f95d-df62-4089-bf0c-16b3f93086d1,337,428,6,2509.96,2025-05-03,US
d442e16d-0280-44c6-98af-b867489bbb2e,598,118,8,2623.99,2024-09-01,US
b1843338-0a0b-46a9-b1b4-20224a9d69e2,77,295,6,642.97,2024-09-09,EU
d87dba13-dae8-4021-9235-b1f889b743d7,801,171,8,1407.96,2024-08-16,APAC
2ee9daab-e55e-4754-97cb-a39393625f56,594,73,9,3071.24,2024-03-10,US
2348ca56-730c-4e59-afeb-6d90f2bb631a,594,395,,286.8,2025-03-12,EU
98d48bd6-cba9-4491-b8fa-e9d928a2f22c,895,70,5,74.23,2025-05-08,EU
2cebd4fd-0dc2-4c78-951f-f0976b4f272f,929,202,10,56.5,2025-01-22,APAC
f3c40392-642b-49fc-ae6e-93c713c42229,932,331,3,422.9,2024-10-12,EU
ea04fcc6-595b-412d-82b4-de97ffd1a62f,505,408,7,2227.17,2024-02-25,APAC
4c6801cf-4cc7-4d33-ae5b-2cc765a83ca2,933,149,6,226.96,2025-04-07,US
0c32d43f-53cd-474c-bf58-7e5cb6a4d04b,778,405,7,2265.08,2024-12-18,APAC
cf2e2c76-5650-4cd5-b0b6-009f8e555936,974,130,4,1639.97,2024-05-03,EU
4f4885d3-6fff-40c6-b992-3ba29f4b6a7f,632,171,10,716.0,2025-03-21,EU
b3744631-f81b-4073-9f98-147c132ea025,846,479,3,958.39,2025-07-03,APAC
d12b0833-1ee0-4c76-ab64-67a2144fd6bd,108,162,,373.64,2024-09-30,EU
665c92b9-34b6-4a72-a899-85623e805b72,7,154,6,1709.74,2024-12-15,US
cf594aa9-e736-4a03-abd8-ff9a078e7071,815,423,4,1252.2,2024-12-08,US
e3953974-9586-4534-ac23-08f128011342,466,186,3,1356.94,2025-03-06,EU
bab1e900-9ba3-4812-913c-d6cc46b2ec37,397,360,2,314.18,2024-08-10,US
b2342371-d065-47ff-af0b-dc0cf134f4d2,143,88,3,101.85,2024-07-02,EU
aee28e45-ab61-4e88-b599-f951c4140b32,982,198,2,736.59,2024-10-13,US
b20d5905-7a5e-4a8f-b9aa-8c781b2b30ec,32,249,10,3793.27,2024-09-19,US
7ddeb937-2cc1-46bd-b55e-545e8a55d52b,696,219,8,1179.52,2024-08-11,EU
17a10cef-d057-4102-b879-55438d805c82,916,159,8,3942.46,2024-05-07,US
e75e2fe5-3745-452e-8530-15b6684faafa,774,27,2,572.35,2025-05-10,APAC
d263c759-98d4-47cb-bf62-619298b486cd,529,101,8,1651.79,2024-05-01,US
8dc86913-285d-4835-9319-210af8038a93,889,418,3,1417.17,2024-06-22,US
e7b718bb-357c-4cab-b75b-30f8eaa1ddb7,905,452,2,541.41,2025-02-04,EU
b1eabd47-c6c0-4570-a28e-7e7a08d57626,791,76,4,1488.03,2024-07-04,APAC
559be8a4-f43d-450f-b4db-38132b0050c1,293,507,6,1221.87,2024-06-20,EU
a2edc72e-3269-4531-a279-08988b9c036e,5,390,5,917.3,2024-03-23,APAC
d994cf0d-5235-4bbc-8c47-3d066187671e,2,312,5,1133.42,2024-07-12,EU
c5e99ae1-d91e-4991-9383-8908063e39fa,370,390,10,1728.38,2024-03-05,US
c4ab230a-b33c-4f63-9835-4d8ff0cd6340,525,174,10,1441.81,2024-10-01,EU
ded2d224-66a7-4441-bcca-aa231aa35d14,796,475,7,509.54,2025-05-11,EU
1273a37f-822a-4343-8cbb-39765ec521d8,376,7,8,3366.26,2025-01-21,APAC
