sale_id,customer_id,product_id,quantity,sale_amount,sale_date,region
36adbb27-3cdc-44b5-82c8-1b670efb147b,294,374,2,821.52,2024-04-22,US
17fb14a5-f865-4ff3-b1fd-e5d985194439,477,461,10,4679.41,2024-12-23,APAC
1f671b6a-5c09-490c-8c11-8f110d25e0c3,726,227,7,125.16,2024-04-27,US
2a4ec8b8-83f3-4c51-972c-6f49383edeca,607,30,3,930.72,2025-05-24,US
56a2a46e-2ef9-446e-9535-9900ff819b8f,737,209,4,1812.93,2025-05-09,EU
9d9e1a0e-a203-4319-9608-dbda64030cfe,900,481,7,1976.61,2025-02-18,APAC
5d212c33-adab-457e-9fba-7deb5f231445,784,378,,421.03,2024-07-02,EU
4f557902-a3b0-4a48-a2bb-d837bd52c28a,290,284,4,1863.87,2024-08-15,US
b1abaa9d-edd2-4d27-9911-72b7a9dfa4e3,745,470,2,205.2,2025-05-29,US
973badb4-d59b-4647-a933-648907a639b7,138,242,,57.91,2024-12-22,APAC
e1c66052-ff4f-4dd4-8727-760c28956498,384,113,10,2096.37,2025-05-25,US
ed16ff8f-8bf9-462a-a7b8-ed32357fbc93,24,459,6,788.1,2024-08-02,APAC
128c4d46-2d35-4660-9ddc-baa03552061c,566,459,8,2137.71,2025-07-03,APAC
8d41234e-59f4-4bc8-b0a0-43622ef11b30,100,351,10,2093.45,2024-01-14,EU
e2e8e68d-edb0-4104-bef3-ff1e5928414f,249,233,9,1458.15,2024-09-19,US
63d73b3a-d811-4747-93fb-f28c2d05ec44,850,405,10,4335.96,2025-06-04,APAC
3cdfea51-75eb-4aac-9821-75158a3e42d0,26,455,7,174.46,2025-03-10,EU
f84d225e-97ea-46b5-9b6c-412427f90e63,217,358,5,1869.0,2024-01-05,APAC
c362cd72-6d59-48e7-8053-7b5c1c78084c,650,158,6,453.35,2024-03-12,US
7f608ef0-86af-4a11-8f1b-4e3b5e69f63d,751,207,6,1512.4,2025-05-06,US
097b912f-b4f9-46c9-9d49-e4dc7db388b8,649,448,4,737.26,2024-03-16,EU
8f00e07d-735f-4105-b38a-500947cca906,759,320,4,998.27,2025-04-24,EU
b391bb8b-69fc-45f3-afed-e60a3a11ea46,586,340,5,1168.9,2024-12-16,US
20205c5c-9fa0-4f70-b03c-1c982253d6c9,96,386,3,1076.27,2024-12-23,APAC
e201a427-a44e-4342-ac6b-ffea05329633,816,196,7,558.25,2025-01-30,APAC
6bf3b351-1a07-42fd-bf60-5fc9602e6348,834,164,4,170.02,2024-08-29,EU
3c8a4930-f645-4871-9255-e8fe416c5cd4,225,236,7,2685.33,2025-02-12,APAC
cc27122e-76ee-404a-a4fc-eb00d77f598d,617,402,9,4242.52,2024-01-23,US
a0903bf2-2704-4644-9ffd-db4fd3222160,619,186,4,1733.82,2024-06-10,EU
814b18ce-8ff7-4a6c-8ea2-c5a8297bfbe1,125,414,7,3151.38,2024-09-16,EU
c7db9cec-2870-472b-b64b-dc9528f0d751,815,108,2,784.71,2025-03-24,EU
66c4548c-f4a4-4441-89de-85f4fff5d9f1,194,80,10,3482.41,2024-11-13,EU
18701e24-0fdc-4c4d-a664-4875fb54192a,481,160,2,435.58,2024-06-27,EU
744fa5c6-41a6-4154-89f5-679613cc7c64,936,441,7,452.18,2024-02-23,APAC
af9f97cb-3c70-4ee7-af87-e1dd6e545530,172,69,5,734.72,2024-10-22,APAC
4f672155-a91b-499c-9344-6ce022f523fa,733,57,7,3384.96,2024-08-02,US
b4520ea4-1ad0-4926-8805-3d6be6667049,791,229,5,1054.4,2024-11-07,APAC
70ccf724-973a-4b6c-bd9e-70708f052381,710,262,1,56.63,2024-07-15,US
34a8471c-57f6-450c-9632-634476f82a70,312,294,10,3391.39,2024-04-19,APAC
dd07e208-6af4-42c7-848b-0ad328f199eb,830,239,4,1077.77,2025-02-05,APAC
e1c3059f-6d56-4575-acf5-730f98fb3be2,257,384,2,75.18,2024-07-30,APAC
d6b55624-6212-4d61-8193-a39c6b589724,658,70,9,2275.36,2024-03-04,EU
2560a86b-af92-4992-9946-5ce55bc83588,280,152,6,1054.95,2025-06-30,APAC
eb44cbed-6f96-444e-8f38-cf1991e6c0c7,470,125,6,1783.78,2024-10-25,EU
4463e901-660e-4de2-931a-b23f2fe1621a,586,429,8,710.83,2024-03-19,EU
72217a5b-6f5a-4a5c-aa8d-6bca84264e4d,784,208,5,121.6,2025-03-27,US
3874abc2-5c1c-4962-b9cc-d16d82f9ae9d,203,35,9,3503.66,2025-01-19,APAC
5cf0c5ec-4d8d-45d7-af33-19e7aafc0b82,484,99,1,388.93,2024-08-07,EU
a79e1f22-70ad-4f85-9acd-d6dc183ccc2c,310,371,4,966.26,2024-05-24,US
28b42e28-40a6-4eb8-982d-56a5657eae4e,817,364,3,871.29,2025-03-09,EU
cfdbbddc-c9fa-4e98-a43e-51c8716fdd27,854,119,2,80.47,2025-07-01,US
9d272756-4218-4b31-a7d4-bd5c53adb28c,117,266,5,511.83,2025-02-04,APAC
8c5b8bcb-9191-4775-8e07-cc5d162a2649,614,111,10,1775.84,2024-06-11,US
2256eee2-64f6-4839-aadf-02b443cf5e24,679,400,7,1090.63,2024-02-29,APAC
28fd1cf7-02fe-418e-88eb-48be70cebc2a,543,233,6,1543.18,2025-05-14,EU
0d7875bc-c446-4877-84d7-f583c2f463ba,342,320,8,1622.47,2025-03-21,US
66a27f11-da5d-4f36-93fd-3fcbbdb46f8f,935,325,8,3215.12,2024-10-07,EU
77d52db2-3826-48db-b6a0-bc908524880d,728,69,7,387.36,2025-06-23,US
14c04dd4-a377-4cc3-a90d-61340a4293bd,602,162,4,1768.42,2025-06-25,EU
c341bcbd-bbee-4426-a96f-8e405d7892ee,934,53,4,1810.17,2024-12-06,EU
dd5a106b-9647-45a0-a01b-80ab646bcc60,902,161,5,84.42,2024-06-25,EU
e869b348-765d-4251-b098-35bb429cd094,418,107,2,963.13,2024-11-06,EU
bb13c1f4-05ba-454f-9847-91824caf0090,513,259,7,1104.91,2024-05-24,US
b2aaf6fc-4366-440e-a4f3-09deee5e4e6a,906,21,3,191.03,2024-01-12,US
b3091b47-7ca3-4757-bb08-2b63a8c08a26,681,241,2,768.69,2024-05-22,APAC
57e13966-ab09-4da8-a6b2-9f9d2f986d2e,790,340,8,1473.51,2025-01-06,APAC
344ac5d0-9797-4e20-8e59-f47f1f6a4881,168,108,7,114.66,2024-01-09,US
f0d08199-630d-4521-b65e-71fb70107482,408,183,4,1391.16,2025-02-08,APAC
99cc7cab-90ec-4831-ab58-249f34f74fd5,831,352,10,1903.77,2024-03-26,US
6e799256-e040-4b73-a0f6-f906d1107bb4,430,339,9,1238.59,2024-08-19,EU
899a9c0b-4664-4864-8d4b-e6b8a7819606,597,160,9,2659.38,2025-06-04,APAC
620542b9-b71e-463c-8c41-954d51b708d0,563,162,8,1203.59,2025-01-12,EU
d58930e7-2285-40a8-9246-dce3422c0884,532,89,2,605.2,2025-03-12,US
5c669b4b-fc7a-4c03-bf26-488a747c2b1a,956,146,9,2750.86,2024-02-15,US
46ae595a-0197-474c-9e6a-e122993b4ee5,454,487,9,1643.85,2024-02-22,EU
8ab33668-4af9-4410-a0ad-23ed413afc21,453,77,9,4190.72,2024-08-03,APAC
492829c8-f698-4b4e-a820-10b2163947ec,293,274,1,97.0,2025-02-22,US
84c6aaea-2c86-43a4-8dd2-60c4b42af67f,324,57,8,378.56,2024-12-19,EU
135fd05a-b7ff-4793-b496-98ec8c586b2a,223,143,7,2732.04,2024-09-03,APAC
0bbf076d-6165-4254-894d-5e07f7a23a93,762,272,8,3156.96,2024-09-30,US
5ce12add-4c27-492b-aa36-e2f7b549fee3,524,12,6,2359.58,2024-08-04,US
e46122ad-1035-40bd-a30b-67df080c58cd,567,343,9,2799.22,2024-09-20,APAC
d048a748-9581-443b-a8c0-1169f093952d,223,41,3,1350.88,2025-05-17,US
3ff328c5-8976-42b2-b823-58bf8761f203,659,29,1,127.53,2025-01-01,US
e46b3751-ef98-481d-8b99-9484d68854ae,302,96,6,465.2,2024-06-06,EU
0a56d40a-5513-467a-8167-bfeacbc9e6e5,236,128,8,302.77,2024-05-21,APAC
03b8219b-4aa1-4d50-86c9-3999fa7eafa6,872,243,4,869.11,2024-05-07,APAC
28313914-b56d-4541-9dc8-46a9ee2ecb27,726,323,4,233.54,2024-10-20,US
fed949d4-8340-4f39-b9f8-a3a2c85cec3b,520,466,3,75.12,2025-01-23,APAC
77a33e0d-f0b3-4dee-b619-077d57b1effc,451,432,2,392.71,2024-10-23,APAC
c29008f8-77be-4014-931a-9d673bfd895c,545,392,10,2780.37,2024-03-11,US
b016e58a-429d-438b-8f4a-03fe027a81b5,945,404,7,2993.35,2025-03-06,APAC
7b10e37c-18b1-4321-9bf9-8266014ca1a7,792,347,10,2500.43,2024-04-25,EU
fde1ea20-ee87-4199-8d0d-ebd478d7a9b9,655,324,1,390.63,2025-05-29,APAC
c14ad907-ddb6-422f-991a-38fba282863e,239,159,8,284.33,2024-10-28,EU
3a5261a9-3c0c-45a7-a475-71db99b9de95,498,442,2,110.37,2025-01-11,EU
fc7e2a7c-5a4c-4578-bed0-319e58fb13aa,476,138,5,589.56,2024-03-21,EU
a81b849c-1a09-47c2-8e76-6bbfc0bf50da,762,276,4,461.86,2024-02-06,EU
ab4df1ef-3dcf-48d9-b234-3ccddcdf7c2c,688,2,5,807.74,2024-09-28,EU
7d768643-2fcd-4f39-a780-723644a9181f,599,437,7,2139.77,2024-07-24,APAC
74ce5d7b-3bfd-4fd5-acea-4865dcd65c0e,556,278,9,1801.97,2024-01-18,US
5e1ada32-a1e6-45a3-ab89-3fcaf78ac3fd,271,209,9,3212.13,2024-01-07,APAC
ce4256af-6938-4665-8f47-505e93937035,332,97,,484.42,2024-03-19,EU
c60e68f8-f318-4e6c-91fe-941f888dcd9e,234,57,2,204.04,2025-03-21,APAC
4c3141bf-5509-4fe4-9e20-d2dc740f7eb4,742,385,8,2225.58,2024-12-29,EU
9857f89e-5b74-4dd5-9c1e-fcb0220aa3c9,629,126,10,2431.6,2025-01-23,APAC
764c2c26-0e1a-4905-9b62-0613c888ea45,5,101,6,1520.21,2024-07-22,EU
33871d8a-6a26-4620-be95-2203c5e37482,215,262,5,1021.26,2024-10-30,APAC
c5f03c28-7c18-493e-ad35-bb3ac519c287,330,252,2,956.29,2025-01-13,EU
7c7e3446-a69c-429d-983e-7199d095ea44,683,247,3,1490.18,2024-12-14,APAC
d079f2a9-b4a2-4515-a77c-48843eb061ce,841,123,,456.19,2024-05-22,US
de3b8fa3-1569-43f2-afcd-4132754d5135,521,146,,311.59,2024-12-23,APAC
844d5ce5-bf81-4ebc-8758-49f9b56de2c5,101,98,8,1459.77,2024-11-08,EU
7676f99c-38f0-42b3-ae44-b7eed0b5e666,108,248,7,221.66,2024-10-23,APAC
d2251e54-5283-4b6b-b1cb-899629a99cb3,331,222,6,1402.86,2024-01-23,EU
6bfe1c5f-9ed0-4c14-9c6c-a5ab1cd77d60,840,436,8,94.33,2024-11-15,US
ee62caf5-dc47-4db7-b13d-0dd347e2d60e,75,123,2,102.75,2024-11-18,US
0ff48764-45e3-439a-8bac-369e23fd78e3,857,74,9,872.84,2024-07-16,EU
a65b5e6f-ccb8-4b42-ae6c-9661176ed268,651,228,1,88.49,2024-11-12,EU
95907f94-475f-4984-9688-d172cb438e8b,836,437,1,419.57,2024-09-12,APAC
873e2ab5-96ea-410b-a0dd-187d6bae9d7b,717,200,3,690.69,2024-02-08,US
a0369b26-71c0-463a-9226-f1419372c54a,119,1,7,326.3,2024-07-26,APAC
6deb19b9-d4ff-4512-9f35-c2caecc80854,692,50,7,1518.7,2024-01-31,EU
14fefc29-4579-4912-8653-49796bb3d23e,821,320,5,1502.08,2024-06-16,APAC
10d70b7c-543d-4a24-acd7-2df07caa55db,995,40,8,2781.62,2025-01-02,EU
5881758c-0e7a-4185-9ce3-6b6c2c4eda10,335,437,10,2060.56,2025-06-02,EU
e31c7446-86cd-450a-ab58-3914f5e028f0,632,214,3,18.23,2024-12-09,US
6e08d606-849a-46cc-9916-ff15f589b99e,174,429,10,3236.55,2024-03-25,US
840ae6a8-6548-4407-b681-61f3b571ede9,535,320,10,793.32,2025-03-16,US
068ee376-9277-4e1e-bcfd-e2e4895277f4,881,416,1,282.02,2025-03-19,US
1a58e6bd-a50e-40df-9199-e2713c105e07,211,302,2,950.96,2024-05-31,EU
707d0670-6c30-4b72-8c45-5e707f236ee5,280,269,10,1246.1,2025-02-20,EU
2b739af6-3db9-4783-a76d-2c59ef45b726,420,488,10,3863.65,2024-12-12,APAC
48f5cb68-3099-400b-b3c3-309a1904b1df,215,414,1,420.16,2024-06-20,EU
22f281f8-42d3-4732-8571-097e2df660f2,237,344,9,3688.53,2024-07-12,APAC
0468bfde-b0ca-453b-81c9-ccb3b643b8c2,911,63,7,2014.99,2025-03-24,APAC
4f98a28b-63cd-4bdb-bbbc-1e6df3113d7b,417,387,5,1172.11,2025-05-29,US
1e195e33-1885-45f0-a099-58b315981563,15,484,9,1505.61,2025-02-18,APAC
82a2cde2-38ff-4264-891e-1ea3df90e5ba,934,220,5,579.26,2025-02-17,EU
71636fa4-ac0f-4bf7-8478-16c536a7412a,716,106,3,819.79,2025-01-20,EU
2ca70a38-9dd9-48c6-b2b1-95e577747a4b,35,386,1,264.29,2024-10-09,US
f0150bf2-592d-4914-bea9-0c11738c30f5,881,28,4,499.63,2024-08-12,APAC
9301959a-0a94-4a28-83ca-2e799a79245a,533,253,1,125.65,2024-12-05,EU
44eba0d6-a338-4834-9299-4fc26a30d695,510,86,10,529.21,2025-05-19,APAC
f02c2467-5165-47b7-954c-d5f54e1ce8e3,939,202,6,1098.57,2025-01-08,EU
77b23ac0-e846-4d0b-a84c-60431be70a80,335,233,6,340.22,2025-05-15,APAC
1034872a-6296-4b8e-8b4b-b751485dcd80,828,463,10,3415.2,2024-08-20,EU
229ddc84-a0d1-447c-8eb2-413a43a5ed48,154,96,4,718.69,2024-07-05,APAC
8501e3ba-30c0-47cc-83e2-c76bf5ed6033,935,298,4,1465.44,2024-10-12,EU
d46bd628-ea7f-402d-adec-43346c73444e,810,435,10,498.22,2024-11-11,APAC
377e7279-bfb7-4e79-9724-10077b85816d,995,424,7,1285.31,2024-03-01,EU
72270330-54a9-422d-864e-784e11eca528,141,340,10,1165.27,2025-01-09,EU
5787c55d-ac7c-4e9d-889a-a886bc21abfa,409,480,6,2959.68,2024-05-22,APAC
5a6b4fa5-093a-4c05-aeb0-842f2f2c32c8,757,31,,182.58,2025-05-20,EU
2c6453f7-8d23-41ec-9a2f-9699d024d5b7,897,481,9,181.99,2024-05-26,US
9edb9a8b-5f46-4f88-b32f-e0639e3415b0,198,378,7,446.69,2024-10-18,US
85c45371-a8de-4015-a6b2-c16acb0a4eb3,908,32,7,2999.42,2025-06-17,US
c3a1d98a-072d-48d4-a1b0-f447d20884b6,366,486,7,233.72,2024-08-19,EU
974b2c68-678d-4739-a558-9e14193bc40b,739,68,6,900.31,2024-02-03,US
d3b241ba-af0e-463a-975b-ef8e49a007c1,280,465,4,46.74,2024-06-25,US
59944be4-afc9-4778-92a1-c57657dd0955,70,174,1,64.64,2024-09-27,APAC
72968fd5-b1dc-4dd8-9c32-a3a21da0de25,431,354,5,60.85,2024-03-16,EU
82774e37-bd95-4535-8ed3-691b3228d1db,270,368,6,1585.45,2024-11-16,APAC
1a1c52f0-a07b-4cbf-a0ca-f2031727782f,912,415,4,1148.6,2024-09-13,APAC
7814c23d-da46-4dd6-8302-d320fe9f59a0,690,336,4,1282.44,2024-06-18,APAC
feba1e88-c514-4e85-a021-8186e8a3992f,42,352,10,2730.02,2024-07-15,US
dfb50e0b-a885-434d-bb1d-0597ae5623e7,108,456,1,228.31,2024-07-31,US
ec60345d-b990-4ece-a09f-76fdd0a66dc9,959,338,3,630.47,2025-05-31,APAC
dede3411-f5cb-4bef-b4b2-6a2929b4e468,267,450,8,2832.17,2024-11-20,US
8c527425-4621-43b5-894e-0ea266e71655,695,95,2,302.21,2025-05-09,APAC
9d1e87cd-24f3-4daa-ab00-c78ddf3089a8,855,429,10,4448.73,2024-11-02,US
b08c3d7d-e696-4d01-b52f-19d753809a81,699,357,4,939.37,2024-04-15,US
6c03f56a-e4ff-4a6f-ac25-53b4057e9652,619,106,1,183.24,2024-06-05,EU
a0bd7272-57bf-448a-993f-368ec9a283ec,421,276,4,1893.48,2024-11-24,US
f68ff712-18cf-42b5-9ea4-c319a43a8cb8,313,349,7,2306.66,2025-04-03,APAC
c4000566-6eb9-490c-83cf-21bac789a4d0,202,216,5,1727.15,2024-06-06,APAC
1be2156b-ffc9-42b5-bb02-0c7830e1d683,125,464,2,33.91,2025-03-19,US
976e2685-2dee-435c-b314-877d3302f010,699,198,9,2438.7,2024-08-30,EU
12ce0a15-f36c-499b-99dc-c6cb672ce384,716,369,9,2295.51,2024-03-19,US
0c34da9c-4589-4408-94d4-d5c553f7ea01,276,53,6,256.86,2024-02-12,APAC
f62fe3e6-dc41-4ead-9553-a28bee4307fa,617,43,3,502.49,2025-03-24,EU
420cfdb6-4eb6-41f7-adf2-6a02705116df,835,195,6,427.24,2024-12-04,APAC
ea70c395-0129-4b3e-a782-61e3c9a3f855,176,343,6,1757.2,2024-12-30,APAC
7eb60477-a57d-44f3-99b0-dace1d6da71c,616,262,10,3274.64,2024-04-03,APAC
53459fc9-73e9-4fa4-89c8-9985b58b0353,487,377,4,1205.9,2024-11-08,US
645dda4a-ad65-4de8-a09d-e6eefe6d1857,310,440,8,345.26,2024-07-31,US
135a5d8b-8507-49d6-851e-0292a5b52d8b,640,370,6,1341.55,2024-09-30,APAC
90e00938-69bc-46f5-bfe5-06296d4c2d6f,695,348,3,1005.32,2025-06-05,APAC
3569d062-9200-47d3-8d77-02f92288aff3,730,498,2,842.08,2024-06-29,EU
fbed2f06-34c9-4094-b823-db34b793add2,842,87,2,179.85,2024-01-06,EU
5a7dd4b7-4ac7-426f-8e38-3cd6eb5c7caf,782,15,10,4614.29,2025-01-24,APAC
8de68fad-1928-4831-895a-442df6c8fed4,64,492,1,129.31,2024-10-10,APAC
d8eccc3b-2feb-4316-aba1-14f1fa151dea,734,84,5,512.57,2024-06-20,EU
41c4614a-21cd-4747-9292-c9f178ac751f,989,249,2,918.78,2024-04-06,APAC
d485946b-0a26-47c5-ae0c-b39783a2542f,832,230,6,2458.29,2024-06-29,APAC
374d9aa4-809b-40fe-bfe3-34fd4a92c6de,685,243,1,90.27,2024-08-21,US
15b6086f-3f9f-46d8-80dd-0c4427cb0965,106,149,1,412.07,2024-03-17,EU
a7629a54-a76f-4619-828c-6f8804d5a90b,137,447,6,318.41,2025-05-19,EU
1e43d931-cfbd-4c59-892f-7a775937ef48,287,138,3,829.84,2025-06-14,EU
a13b92a3-7758-4f39-b391-f71e2a4c519a,800,411,10,3606.45,2024-05-28,EU
a38b849e-53bc-4713-9b16-3ddbff4eed49,77,335,5,1617.04,2024-05-20,EU
dffba7c9-45a2-4354-97dc-01f92b541ce1,674,317,1,273.64,2024-06-13,EU
cbf46622-5d7b-419b-bf1d-d64f8d35a581,442,393,6,2242.77,2025-02-27,APAC
36748743-71b5-488a-9786-897b6aec3a49,128,314,9,3774.71,2025-02-14,APAC
c5bc05de-5681-4dfc-937b-157e891b62a4,67,472,4,1272.34,2024-03-31,US
27067186-6eab-49ea-9974-a0650e45e00e,613,454,4,1600.24,2025-01-18,EU
6e90223c-8e66-4c19-8939-cfbf755f9f54,1041,434,2,220.62,2025-06-24,APAC
56ea240d-c7ef-4d4b-826e-d7df211977da,533,57,3,589.33,2025-02-10,US
95f03c73-b970-4c40-864b-b743da2d4afa,88,383,1,163.37,2024-07-07,US
3440b974-95b0-4be7-8f86-163b6b894e98,578,85,5,1979.43,2024-07-23,APAC
3b111d3e-c131-4ee5-8c56-706f987a5074,780,219,1,360.74,2025-06-09,APAC
90c6250d-3e2f-4366-9f29-0d75c6809e2c,963,175,3,988.48,2024-04-19,APAC
ab25c60c-021f-40f6-ae48-dcbf1f398413,643,91,10,556.84,2024-04-09,EU
a33549fc-a359-4566-8b9c-623af862f6b7,784,394,10,3943.74,2024-09-29,APAC
d40e39f1-23f9-4e02-92ad-698ce1f11f59,537,343,,212.58,2024-11-21,EU
af4a44e4-e7cb-4c33-9aaf-2614b743c9b4,733,69,1,249.76,2024-08-26,US
712ee41f-bbc0-42e0-a1c0-c166897c9aad,970,65,6,496.84,2024-05-11,US
b0ee50f9-0972-4e80-ba05-8ad8355d9e8f,758,77,5,879.73,2024-04-15,US
52330261-19f2-4f7b-8aef-c805a002df85,374,473,7,1578.08,2025-05-07,APAC
52d01144-8c46-40fa-8e65-c34757ac80e1,493,407,9,1422.68,2025-01-09,EU
8a4fb69d-1966-42ee-b97c-4a699468da53,36,306,3,456.49,2024-05-21,US
882c13d2-b744-482d-8245-f6291376efba,493,53,3,1438.9,2025-05-28,US
b7c052b7-933b-4582-8b3a-ebdb29274bc5,709,408,9,1035.52,2025-06-02,US
794756d3-6a1c-497b-84f7-9f8cef4a84b1,829,452,9,2759.44,2025-03-05,US
84b5c890-c5b9-4ade-812b-238772527ff1,48,233,1,343.55,2025-06-12,APAC
3e56cf43-2342-4aa8-adc1-a8ffc57e1c6b,915,88,4,212.65,2024-08-09,US
0995094f-c4e1-4820-903f-61d99c98d114,3,185,6,512.63,2024-08-15,APAC
ccc5ef73-f828-49a4-a79e-59c8333fd02e,582,25,6,1665.46,2024-10-30,APAC
827ad978-f55a-49e8-8493-eb9c3c240a61,120,221,6,2192.76,2025-06-16,EU
8f2e2937-a2e0-479d-b740-8b54a05fc433,635,245,6,738.23,2025-02-03,US
92735971-dd09-44de-94c4-3725d2394d02,968,245,2,794.52,2024-08-30,EU
36692b27-6259-42af-b2c7-133e09ae19e3,151,79,4,194.35,2024-10-07,APAC
de7f632b-340e-49ee-baa6-12234a932d26,161,343,2,105.67,2025-03-05,US
26b89045-a8d7-41bb-82a9-41f23034c5be,290,318,10,2101.05,2025-06-23,APAC
5e1296c8-d8f3-484e-89da-64ffd9b59eee,238,274,1,65.91,2025-01-06,US
8764e21a-de2a-4d33-b18d-8d446f2dc68f,367,422,7,1355.44,2024-11-29,US
2b3bac9e-c3b9-4a9f-8b63-5bde5e236028,471,124,6,1088.17,2024-04-21,APAC
c0c9003d-5bd4-48f9-ac03-63055533742a,883,334,7,2259.24,2025-06-15,APAC
65bd73ce-226f-432c-a7c5-500b5ca8e7f3,871,454,2,30.35,2024-04-29,US
00b71b2b-3297-46e8-91cf-b0c42a3272a5,569,380,7,471.04,2024-03-31,APAC
a76f5d70-1cc7-4f17-bc3d-4f0a2b1c181a,784,499,10,1248.3,2025-02-04,APAC
78896611-b41e-4bf8-9788-394df330543a,267,319,2,361.97,2024-09-17,APAC
74f078aa-7224-41cc-9653-f31692857e7b,527,434,6,630.23,2024-03-23,APAC
26970e4d-4f3b-4220-a8dc-c834980bbb77,418,328,9,3171.02,2024-12-28,US
28284d72-9c9a-4e33-9335-a31dc4d176d1,372,217,8,3113.92,2025-04-30,APAC
16a0991e-94f1-41d5-ab46-c1f856083ae5,906,326,1,383.36,2024-01-31,EU
3bf7ae49-f94e-4266-b09d-286c794a6d89,195,41,8,3624.04,2024-07-17,US
25a884d4-ff54-45c1-9d71-10f630199431,162,82,6,2995.62,2025-04-12,APAC
7766a54d-64ca-4b2d-9124-68a17deab833,514,39,10,3609.38,2024-06-16,US
e685db94-18ff-4237-bf82-bffa12cd107e,640,479,3,651.35,2024-05-22,US
35fed862-93db-4584-a37e-ab2b0b95af55,990,229,5,52.27,2024-08-27,EU
22ced254-326b-4e84-b7a0-7f14acbf26a6,632,215,10,4898.15,2024-07-21,US
5adb5388-4375-4948-9f75-7c26581773ef,108,438,5,1258.19,2024-02-24,US
fb8603c9-70ae-4a95-a563-e1e2de38c1d6,904,344,7,2524.52,2025-02-13,US
cdce4c25-1f03-4c1a-9a56-a61e05e646c6,67,410,8,289.5,2025-01-02,US
9cff600a-5985-4f2d-b205-184a796bb8ec,192,424,,93.96,2024-08-23,APAC
6c4bb4f6-d162-4158-bb3d-b7c4c990bafa,690,220,7,487.88,2024-01-03,EU
92dbe21c-6e2c-4b29-a526-1b4e4bd81563,405,275,3,898.85,2024-07-10,US
8596e5b4-25a4-42dc-b092-af79acc85418,690,115,7,65.29,2025-06-11,APAC
a843aa2e-632f-47b0-9e8c-40d074ba942f,410,2,1,154.31,2024-03-28,APAC
540bd4f5-7d97-4ac1-91de-698236650c08,474,59,7,1496.49,2025-03-16,EU
1286f3c2-1c4f-46f4-9caf-48f85cf19440,38,422,2,738.98,2024-05-06,US
945d691a-e297-4396-a88c-652dc499a710,374,76,4,1152.17,2024-03-28,APAC
ee657ddc-4839-4d48-8cbc-714636656545,891,52,9,955.17,2025-01-14,APAC
5b075aef-f20a-4b37-9636-e1a4af32b493,50,247,6,688.52,2024-07-17,APAC
b609e67d-bbe4-4b35-9aca-6d44f10ad246,19,180,5,1030.39,2024-05-01,APAC
833a0d29-e1f8-4bc3-bae5-34cb0cfcb32d,301,436,4,353.27,2024-12-14,EU
31ecc64b-8c2f-41c4-bf48-183658844223,552,453,7,640.82,2024-06-23,EU
792b8995-ac55-4b7d-b9d0-f306bb9b7e81,186,486,1,292.52,2025-03-16,APAC
d006ae94-1622-421f-86eb-0f3fd2d749b1,294,136,9,3532.19,2024-11-03,US
c53d2e4e-5ebd-40f8-9de1-a7640b8b3451,443,244,6,872.88,2024-08-06,EU
c5baaece-d5ed-4f41-af7c-f3a7d71af0b2,720,66,9,635.48,2024-11-16,US
e7ee0362-4fe0-4728-a4ce-0bd6846e901d,578,29,6,1332.78,2025-02-18,EU
749f98b0-f738-43d7-a808-306e77424ef9,138,211,2,364.41,2024-11-03,EU
9ea43983-ccfd-4f6d-ae47-35a49b87aaeb,704,71,7,2176.01,2025-05-21,US
7a15e1f1-fdd1-4ae5-9b0c-5b8a4da99a1d,917,198,4,182.14,2024-10-13,APAC
0ecef4fa-11eb-425d-a17f-8adebee6b8aa,127,219,6,2629.91,2024-08-15,US
84cf5ce0-4402-440f-8de8-fad861d77284,444,243,5,198.56,2025-04-11,EU
b8aba896-7028-4d59-9522-bf65c333e097,60,90,2,100.05,2024-07-05,US
cd8d510f-9e4f-4b2b-ac60-455fb1faaf47,564,386,6,1397.42,2024-07-25,EU
1dbd5e6f-91c3-4973-ac31-1fc28c50278e,929,36,6,422.32,2024-06-14,APAC
6ccac2aa-bae4-4364-8ef2-cc4e4424e150,767,49,2,938.23,2024-04-27,EU
5ebaa8d8-be05-490d-86fe-fe470f1b8dbe,187,475,6,2484.12,2024-04-20,APAC
7ceccf4f-eb3a-4659-bd98-ee21ba64cdf7,30,438,5,1972.76,2024-06-25,US
d458e77f-4d75-431a-ae88-36b84994c84f,733,124,7,1679.04,2025-05-27,US
8bb0290e-8e59-4070-bfc6-9c83bc91db68,59,350,8,966.07,2024-02-09,APAC
d1a53130-009d-47cd-a1b0-ce01bc33e359,191,411,8,3310.74,2025-04-24,APAC
a577b87c-b9fd-4ca4-bac6-c53f8a1e10cb,129,431,8,2784.96,2024-02-27,EU
0bd923da-e9a2-4c98-a32c-7ca83be8e3c3,92,74,3,615.52,2024-09-13,EU
9016666d-9d03-4f21-94bd-f2067b52e388,516,190,1,380.79,2024-04-30,APAC
01822268-c515-4df4-9b0e-46d23817ea4b,503,350,2,122.23,2024-09-04,APAC
dd2cccd5-f188-4dbe-ad11-f4e50d35152f,708,377,4,752.27,2025-02-19,EU
9f3d0785-a043-4a7b-b681-40abf565e40d,458,260,2,410.5,2024-07-03,EU
05f1d663-bc35-4b32-a7fa-fd7f5a165f4b,344,233,5,28.67,2024-04-25,APAC
978bedc0-91d6-4216-834f-459efd4e6d57,956,42,4,1230.09,2024-05-01,EU
f8f32280-1e17-4981-9e19-1046873d51b5,734,346,2,331.14,2024-06-10,EU
852c863b-3b68-45a2-bed7-aca3451830d9,973,424,9,505.17,2024-09-07,US
c19e8c86-a61e-4126-87e6-43575b96d1ca,356,362,4,1604.62,2024-09-01,US
ab1aaf6a-31f2-4c39-aefc-5b4006880b60,903,22,10,486.22,2025-05-06,US
3c35410c-1471-4ebe-809d-2e642d46dac0,265,236,3,1113.58,2024-03-16,APAC
f9a4d06b-66f6-464e-accb-ff1b6cd20730,245,269,10,1821.39,2024-03-10,US
a79bafbf-6237-4f8c-8a83-5fdda6d7d04a,846,171,7,1377.41,2024-01-24,APAC
5ae3834d-9fcf-432f-af7e-37718e15a1c4,547,385,10,1992.27,2025-04-30,US
1a053295-4ed1-4a1c-956b-ac0d9c0de4e0,799,427,7,133.29,2024-11-19,EU
8bba163e-ed7c-40f3-972f-ab8947df40b9,202,106,8,148.54,2025-04-10,EU
ea520f66-9340-44b2-b435-6297b1d9f8ac,668,365,2,625.72,2024-12-17,APAC
45b76eba-ff44-4862-ba1a-06ab6c5afd7a,750,450,10,1660.38,2024-11-05,EU
eeca7794-9b92-4957-8acc-c5e5972a8583,723,326,2,230.16,2024-04-27,EU
271c6b57-c54e-4103-8452-feea3a1d8bc1,575,432,9,3972.86,2025-02-07,APAC
f6c33675-bf97-4f3b-b7da-3f56d8ef3bf6,155,125,4,363.48,2025-01-07,APAC
d9dfda41-a8e5-4a1a-86b4-c8ce5012b64f,283,198,9,3281.11,2024-09-27,EU
5e940650-c722-4351-a97e-cf8c0864461a,564,326,1,375.2,2024-08-29,APAC
292c67b4-84a3-48dc-8073-7752ecd08eb7,988,360,6,1438.19,2024-06-20,EU
58f24007-5339-4b67-ab8e-0615c8d4abff,758,398,,220.27,2025-04-30,US
9daaf953-af0b-4ce1-8d88-040587adfa9f,591,302,10,313.41,2025-06-18,US
c7ecd197-7d8f-4c36-8c3d-2c098593ed8d,420,270,3,1073.73,2025-04-27,APAC
b3b7d90e-9a47-43c2-96be-893dac75b888,797,368,8,426.2,2025-04-01,EU
4dee7c4e-a87d-4d07-b2e8-d35600c0b155,575,446,10,1123.93,2024-04-01,US
65f0a785-14c5-497a-86f2-f18e23a2bb46,435,149,7,3047.64,2025-06-17,EU
fe9b4c7b-a1ca-40a7-92f0-a62cb33e1482,226,499,5,522.88,2024-09-12,EU
b9d50d36-36cf-4a48-92d1-7fc31fb17ebd,472,116,1,412.94,2024-05-07,EU
2d7ad0cc-2494-4dcf-b681-d20126b2bbf4,960,460,8,1900.8,2025-05-19,APAC
a0479b11-0122-4b0c-90a5-4fb5c2305dd6,841,382,7,1387.08,2024-02-19,APAC
8774bcea-2cde-4c8e-9129-200442bdcc56,331,186,10,1572.63,2024-01-04,APAC
c050ab23-db73-4ddd-910a-7e6c5cbf3b7c,346,313,7,1205.56,2025-04-16,US
fa595ac0-6e30-4b2d-827a-b087a4e0a497,597,462,6,1298.1,2024-06-01,US
ca68d6b5-bf2d-471c-bc78-676fbb1837d9,337,358,4,1963.81,2024-08-27,APAC
48f4325e-1ca1-4036-83ab-88681aa3b5b8,283,432,1,293.29,2024-06-27,US
9068388f-8e45-4458-b7e2-8a3f8790960a,802,445,1,23.1,2025-05-11,US
2e3b5a47-7ab9-46ac-83a9-c6e22ffaa2d1,514,78,8,158.09,2024-12-17,US
8e947375-b69a-4be7-958f-8d874d9f1475,275,282,4,1100.62,2024-05-07,APAC
5f5c1c4e-58d1-4a45-a4ad-6b63d5fd32e8,208,385,3,1013.52,2025-01-16,EU
2b9f0caf-2f14-4df7-ae52-af75d278f838,920,376,9,2877.22,2025-06-23,EU
8d233355-c2dd-4f78-a997-07e506e640af,648,239,1,288.13,2024-07-01,EU
f02c240d-87a4-4f27-b8ef-5c30be13efda,56,459,4,211.71,2024-11-28,US
e8631182-b326-4595-aba5-472974b84e25,872,235,9,2350.74,2024-03-13,EU
9f5a6b31-4e41-4e9e-be84-dc2ef54df34e,580,113,1,63.13,2024-11-03,US
256a8d59-ca15-4f31-9315-0c7b2e3d0904,873,140,10,2223.56,2025-01-15,US
848869a4-c88e-4df8-a2fa-b4c3c55d5e95,125,479,2,825.24,2025-02-27,US
a6fb3521-a2a3-48a7-8c72-118be56196e6,716,215,9,2339.47,2025-04-03,US
8ed3cef8-fd64-42a5-8303-ad649110150e,571,153,6,1829.99,2024-04-03,US
37420f3d-c19f-42c3-9c57-f37bb8256634,733,153,6,2910.22,2024-03-20,APAC
c5fe52e5-7be7-4eca-bc5d-0e3891953f01,686,371,9,2035.91,2025-01-02,EU
84983678-5392-4273-896d-4b61c806c029,807,23,2,447.33,2024-02-18,APAC
436039d8-4f18-4c9c-840d-563e7c3413c3,761,174,6,2669.76,2024-09-02,EU
308ae4bf-e08a-43aa-a919-93910a7344e9,270,397,6,755.2,2024-04-16,EU
5fcc6722-e5b4-4441-a7f8-405076d416de,90,116,4,1509.67,2025-06-03,US
78cc6f23-d676-4ae7-8019-630c1a8bb012,811,376,3,531.81,2024-03-29,EU
ec33bf29-2aaf-4855-945c-ff229a7c1605,371,187,2,150.07,2024-12-29,US
0cf6d8b9-2d9e-400b-811a-c803d9b3a33d,733,168,1,246.97,2024-07-26,APAC
d4bf98d0-44d6-457d-a787-8dfc0e6f1c26,847,133,3,1283.62,2024-04-20,APAC
9b1ed15a-7002-4a19-9280-5d889bcaed61,544,17,10,206.63,2024-08-11,EU
364e9f0f-d9e8-4e18-ab40-87e97788b9fb,183,490,2,596.88,2024-04-12,US
2a925335-8f90-4cd9-8704-2f35c53d4bc9,785,242,7,929.14,2024-02-16,APAC
38db7eb5-e87a-47b7-946b-6fa421bef20c,770,252,4,1898.17,2024-06-14,APAC
29a24ed5-d1bc-4655-ae01-3a3e4656ff17,541,180,7,1895.49,2024-10-08,APAC
352d7d7c-0fb5-4149-8d27-3d312d2ecf06,487,199,7,832.27,2024-12-28,EU
b8fc0c8d-dc8d-408b-a006-8064914046c2,793,245,3,1252.98,2025-03-10,APAC
db617551-eb61-4763-b295-25c9ad41d8c2,337,495,3,874.44,2025-01-06,APAC
7d4d1bd6-c2e5-40c8-8dc0-b3d72128c0ee,633,159,8,1118.53,2025-02-18,APAC
6f832e21-8841-4ff2-bb2c-e9201ef79fe9,358,239,1,51.43,2025-04-29,APAC
8ed08286-1436-463f-b09b-f688b2d31225,716,414,2,838.61,2024-11-12,US
5a0c50a7-b380-4792-a8c1-1b8d2f50559e,349,160,2,483.21,2024-08-06,EU
ad2f5e94-27f4-4389-8b24-78fed54c9885,324,488,4,1288.54,2024-11-19,EU
bbcd0464-8962-42b6-9852-6f0357523f0d,262,196,2,83.12,2024-05-15,APAC
59898fc6-cfef-45dd-a279-eabb69c21967,655,133,3,1221.79,2024-09-04,APAC
3919ae13-fcd7-49c3-84f4-86945f672582,875,152,8,1414.09,2024-02-05,APAC
a052a7f7-058f-49a6-bb19-3d5db57a6ddd,246,15,1,21.17,2024-04-24,APAC
53e7a1d2-c8c1-49b9-aba6-127fa40a0bcc,527,70,4,1135.21,2024-07-13,US
2f05388f-28ac-4fa0-abf3-a4eeea8ae9a6,98,485,6,736.11,2025-06-16,APAC
04aeb6d2-1d62-4736-a6fa-d480041df963,176,284,9,1504.19,2024-01-16,US
0decaa2b-04e5-426e-b133-c60125b3101f,108,284,10,585.9,2025-05-24,US
79a67e43-f5cb-435b-8951-e52fcb18f699,180,203,4,1694.69,2025-02-17,APAC
09946edf-faf8-4bc9-aaa6-aad472392c0c,382,61,9,2703.51,2025-01-18,EU
14b9702a-2900-464f-be66-79a9fc86632a,388,107,4,1827.5,2025-03-17,US
33e79943-aa08-45b8-86a6-e6269db9043f,821,284,8,669.52,2025-01-10,EU
81dca35c-b8b8-4a2a-bf41-ddd865ae7ace,374,82,5,207.51,2025-01-15,US
08c07c61-73e5-438e-9f56-5e8bcf034dd5,794,341,8,1085.59,2024-01-25,APAC
49ff281a-45e9-4e65-add7-433d1f0e488e,931,124,4,1020.08,2024-05-05,US
486c69dc-5c2a-472a-9ca7-33ccb853d2ea,939,319,3,472.02,2025-04-20,APAC
717f938d-348e-403f-9e22-5c6a5fdab7df,773,57,10,2083.76,2024-05-29,EU
f1d0ebd2-6395-4925-bc4e-351aa5b330b9,282,173,7,538.9,2024-06-25,EU
138bf4f4-d0fc-4e50-80eb-726faaa93998,290,213,9,1460.94,2024-12-07,EU
bfb5e023-3ab4-4509-b5dd-a790864e4681,553,120,4,1934.66,2025-05-11,EU
27e1718e-95af-46d8-b53e-b3def7041f9f,108,99,8,3288.78,2024-06-02,APAC
22ba1521-7430-4ca5-b897-2570e122a938,467,165,8,2162.06,2025-01-23,US
14885d86-b2b1-4bba-8dcc-9a0867e5e452,135,307,8,1347.15,2025-06-23,APAC
ea32284b-07ca-4386-88c3-1aca2c4b5ef6,134,368,5,378.28,2024-01-11,APAC
b6e86315-b80a-432e-92c3-25dea0a05878,22,341,8,1582.0,2025-02-09,US
4f4e999b-2d5c-467c-9f03-5919589831b2,73,373,6,576.24,2024-03-08,US
a496d58c-7097-4382-91b0-200d79c08806,289,376,4,100.63,2024-07-09,APAC
9d2d50aa-e3b3-404f-b4c5-b03e8b8fc117,104,214,10,3909.72,2025-05-14,US
596ae222-edc8-49aa-a931-1af12d1a7a88,133,195,2,441.87,2025-03-15,APAC
a706fe56-880a-4244-9545-04516e39e822,57,150,9,137.06,2025-01-25,US
6a9416e8-6d75-487b-b916-dd3e6f5bdb59,321,300,1,43.81,2024-12-11,US
86547970-256a-4b2a-b90a-2b92c3537365,628,352,6,79.23,2024-05-04,APAC
3ce5467e-9e24-46ab-a3da-b04f6243114a,734,439,10,4560.16,2025-03-01,EU
e5227dd4-88cc-4680-8f29-23bedbb47fda,681,65,1,496.49,2024-05-01,EU
656009d6-b21c-483c-9456-38140c901915,112,89,3,1080.49,2025-05-08,US
e3bd1064-a828-4825-b543-5cd06bd646e6,216,247,9,3757.73,2025-06-22,US
cb50baaf-e525-4387-b857-4230b9a5a114,851,486,2,976.02,2025-02-25,US
bba4e328-e230-42b2-8436-e5c67db6f553,990,472,1,93.45,2025-04-20,EU
6a4b5b36-df81-4c6b-bd24-8f2c010cdbbe,322,402,9,895.56,2024-08-14,EU
6724f5b7-6ee3-426e-8bd1-809bc86718e6,992,176,2,785.82,2025-07-03,EU
2be3b9ac-17f6-4d86-82c7-ad9a2cc70c7a,552,262,8,3956.05,2025-02-08,APAC
99c85ade-b603-4118-9fc9-b4555342e8db,247,255,4,1032.98,2024-06-18,APAC
ff6b44d6-1b83-4ae6-99c1-a1791e82b811,499,492,2,638.28,2025-02-28,APAC
9caa481d-2f78-4a4b-b833-f77a15f03186,748,77,5,2444.11,2025-05-11,APAC
ded807bb-13f0-4268-8ab2-d03bd35fec48,38,424,4,1869.04,2025-05-22,EU
4fa6359e-963b-4e1d-937f-b391845dbbe1,815,307,2,380.42,2025-02-22,EU
4f8e949b-7384-45f5-9c26-abc03d40e660,673,478,3,361.12,2024-12-31,US
c7609a79-816a-44f2-93e5-925f49518be3,521,131,2,975.69,2025-05-11,EU
da418870-4ce3-4fb3-b680-6b0850c2ebb4,304,235,10,1918.6,2025-02-21,US
338e4b08-63cf-4eae-ae19-7c1098ef6d2e,727,83,10,2862.61,2025-01-15,APAC
82476fb7-2518-4ece-a9fe-c80a9b244f57,27,244,6,2136.87,2024-11-20,APAC
49069ad6-b5cd-44c7-90f8-5cfa4891b851,121,51,1,312.43,2024-01-05,APAC
04a043e0-231f-4ce8-85ae-5f60c9dd2f3c,447,173,10,4250.47,2024-08-14,US
dcd92877-1287-4572-b744-f91fb9cf5c41,988,416,5,1865.96,2024-05-12,US
6799b00e-77f2-4759-99bd-2863304245fa,950,277,3,755.68,2024-05-23,APAC
f56bc10e-ae9c-4226-90cb-62fc980412c5,419,92,5,1917.65,2024-12-02,EU
d5d731d1-f7b0-4070-bde7-6ce252494fdb,954,457,4,662.67,2024-08-02,APAC
83d3a196-d762-41d4-886f-b6bbd6ead5e7,539,432,,228.28,2024-10-18,EU
8813668e-cace-4085-bd16-0bc63e9d39a1,463,77,10,1098.01,2024-01-27,US
4aa55bca-5ea0-496c-9467-db7a9224340f,76,266,4,1829.53,2024-01-05,US
5460c480-e197-4a9f-a047-e41374a651d7,252,191,2,37.14,2024-05-03,US
db8e7f55-6e04-4cea-bc3c-170f4e814e2f,452,425,7,3184.36,2024-01-10,EU
f066bb45-f277-412d-9fc7-0d43ca5eb1cf,588,392,8,1228.01,2024-12-08,APAC
bd15cad8-3340-4246-a330-c50c87607413,594,211,3,1142.3,2024-06-24,APAC
c71279e3-2944-432f-aa3a-378a0e4f268f,309,6,7,1493.77,2025-05-23,APAC
0a304054-316a-41d4-ae53-c792ff52b43d,493,75,8,2182.69,2024-02-16,US
7992a330-07f9-4264-b10d-01a31bc23bc3,638,13,4,1022.65,2024-08-08,US
475ee8bd-1ca6-41cd-8686-f9e29977f65a,529,204,8,2763.7,2024-09-23,US
da1e018a-11c5-41bf-aef8-bf567e6d7f88,710,14,2,167.56,2025-04-17,APAC
a1704fc8-1854-41d4-8396-4213989e4aeb,44,450,2,974.89,2024-10-10,APAC
0b7671b5-b84b-49b7-9e43-f7157ae9e304,161,422,4,403.36,2024-03-26,US
17af83ba-be21-4cc3-b7c7-5cf77e4a28e5,523,103,2,238.6,2025-06-27,APAC
4030616d-2092-4ddf-bb7c-a55596840abd,76,252,2,364.98,2024-12-15,US
ebc50aa7-184c-41ce-b05d-b4f0294f969e,101,135,5,1533.72,2024-03-12,APAC
9897ffe0-f545-4436-9488-ef834afe4d71,695,264,1,105.58,2024-07-01,EU
6e8c92a6-8d5f-44cd-820a-cb2346afe8bd,576,330,,398.42,2025-02-25,EU
45a17274-947c-4b21-b4ca-8a65f9af030c,873,424,6,1691.31,2025-04-14,EU
9d57e76a-c495-4018-8d16-d79cd9442981,769,353,10,952.48,2024-03-24,US
03875875-70c4-4a01-bf01-4056975618fe,856,440,5,370.21,2024-09-23,APAC
cd7601eb-94c5-4edb-80eb-a4efb6403798,117,114,10,2976.15,2025-04-16,APAC
2cc03343-db26-4422-9ca0-3e1d1fab57ab,865,215,9,1733.55,2025-02-06,US
4eaff805-eac8-4191-87a2-2138311b1157,253,493,8,1625.53,2025-03-27,EU
ab8468d5-a0b5-4876-bf0d-464dc747fbc0,469,328,5,1853.22,2025-03-02,EU
4d819d15-60c3-4a7a-b738-4adaa3dad8c3,340,332,9,3303.39,2024-11-21,US
8e4a542c-a8ed-4111-9a43-ecc0365cfbfa,622,399,6,2426.46,2024-10-25,US
c0aecfba-ae08-401d-9579-588f2f706c98,997,47,6,1299.24,2025-02-20,APAC
bc0fb5e4-3587-49cc-88c0-d2059e44f438,576,159,10,1078.2,2025-04-20,EU
f83154e8-7385-45b0-a41a-1b31a59d2688,827,423,10,3604.57,2024-05-22,EU
79d77910-1149-4a27-8042-26720ec38a7b,845,263,7,2494.17,2024-02-16,EU
38d81120-64ff-4331-aea8-a33e4aeeb760,791,268,2,239.19,2025-01-21,US
618a73d0-afce-4268-b5ad-1e3edb0af35c,982,98,1,366.76,2025-02-10,US
56fd6b9e-0d9e-4979-b495-3d4f807958a3,750,412,1,458.7,2025-02-15,EU
6c776e96-3138-434f-9ead-cb224641ebc1,438,28,1,310.3,2024-01-17,APAC
ed4d97f4-3989-4196-9228-203bda356117,402,226,10,4933.84,2024-09-17,APAC
049b5e89-c10f-4a0c-884d-8a0e2660c116,123,196,9,2466.72,2024-08-06,EU
408307a3-1bc1-4a10-a409-a3889b9c5ea0,204,225,1,231.37,2024-04-06,APAC
8f2db66e-b2e0-4e94-8eb9-7e58ff744670,110,381,10,990.77,2025-03-05,US
fca0cf87-deaa-4882-9e32-78ccc1f02923,937,85,6,1299.66,2024-12-23,EU
e8dd0b19-4f78-434c-8205-d4280da3f62e,576,281,3,1184.38,2025-05-18,US
207584e2-8124-4f33-a9e4-ad9c12bd28a0,770,439,1,49.54,2024-03-13,APAC
2fcc7680-b3c3-4ef5-933b-6ee1e866437b,616,81,1,80.02,2024-09-22,US
f564b7f5-336f-4be3-9217-be3a4eca5da8,923,284,6,1039.17,2025-03-28,EU
e1187a7e-f042-4d12-b3bc-cfacc0cbdfdd,549,83,8,3097.53,2024-01-09,US
4d853440-71cc-4b64-8495-1a1d67c95508,897,140,7,1605.32,2024-12-20,EU
c369044c-2b87-41e1-aeae-c703ad2c447f,109,391,2,393.3,2025-06-28,US
6538a2d4-4c03-4b3b-b5bb-7867c533209e,6,231,2,649.09,2024-08-08,APAC
9ea3999b-0a6b-4ce4-830f-d40bd848f04b,274,265,3,993.77,2025-03-01,APAC
177039d5-037c-48be-b083-ad3baf1e2a8b,646,326,,401.07,2024-05-24,EU
38af0a46-2478-4ca5-8708-1b7554ba9a48,507,157,6,232.85,2024-10-25,EU
7f0487f1-b209-4498-b654-53dbb3c1c912,842,424,6,2468.02,2025-02-25,APAC
d4751a08-15e6-41dc-9a1c-25760dd55a0b,34,389,6,1273.99,2024-03-11,APAC
e466de49-cc59-4602-ab30-47daccf8d97c,691,166,3,1331.15,2024-02-07,EU
1ab722af-d787-493f-af0d-216c7aca9798,108,40,8,2577.34,2024-07-26,APAC
7dc9753b-93c6-4550-8c7f-0fe210c81106,885,351,7,2555.27,2025-03-22,APAC
83eeaf6c-e7c8-4d02-86f3-b5832107b3ed,847,341,6,2873.12,2025-01-25,US
cb47d586-167b-4a3c-ab1a-570190ff40ce,473,412,9,562.16,2024-01-26,APAC
7fc286f9-2d3e-4ff8-9c07-9647815f21ef,650,294,9,1151.06,2024-02-06,US
a899c58d-c3ae-49e8-8442-1c34a0a86e03,128,32,10,3827.91,2024-04-04,EU
fa10d885-249b-46bd-810e-c0b1c035b681,705,397,5,1005.42,2025-03-18,EU
820f22fd-8491-464d-ad56-c0f425512278,980,5,4,863.96,2024-12-02,US
b61b47bc-4640-4a96-8ce9-12b0f071c367,596,399,,378.68,2024-03-05,US
45c8f96a-6f07-4dcc-9420-2ea36eeafcc7,294,16,4,530.8,2024-10-18,APAC
3268e57b-4554-45d4-80e6-10404c9d932e,918,424,5,1279.51,2025-05-29,APAC
7713626f-7833-4fb8-be0c-56165815150e,476,370,6,2193.49,2024-03-20,EU
8b3f5e99-72ee-41be-bc67-5b790fc894a9,175,389,7,2904.52,2024-11-07,APAC
87e6af96-df54-43dc-a60f-87677f2cf70b,326,125,7,279.05,2024-05-30,APAC
35fa06dd-ee1b-42a5-942a-ddf23c2e3809,691,413,7,2762.54,2025-03-09,APAC
1c35fa16-1402-4ee7-9329-660e1140f208,722,256,5,861.32,2024-12-29,APAC
dc627fab-9c06-4f3d-9506-8463f72a1d47,228,217,5,2089.34,2024-12-10,APAC
b5fec076-c8b2-40e8-972e-c1fc6f549c1a,185,418,3,535.4,2024-04-28,APAC
c3261246-6401-452a-bf08-bd08fe0b2150,734,485,3,218.83,2024-04-24,APAC
120ad736-9ace-4542-afe5-d77507676e48,258,244,1,137.29,2024-02-14,APAC
102b00ae-a4c7-4a5c-8cc3-541222aa1057,977,91,6,2927.17,2024-05-06,APAC
29ca5a84-a21e-42fe-b233-5d47612d4b89,611,73,6,2854.83,2025-03-02,APAC
209ffb55-b42d-491d-a212-3e9aa58b8241,920,254,5,1678.31,2024-12-17,APAC
8ade4a72-8354-44f9-bcae-696113952a99,348,288,1,21.25,2024-04-06,US
a5693f2a-6662-4b50-b700-7103ead2081d,144,453,8,1227.31,2025-05-13,US
f5d867b1-3d81-4c22-b67e-68a6a3a3cd05,89,416,2,927.29,2024-09-02,US
969aca2b-369d-4af8-b7d6-dfc0635e8268,375,90,5,2019.16,2025-02-16,EU
8be44f2e-afdd-4315-b5bf-4af8e3ca3db5,760,116,1,461.14,2024-05-16,US
13645f26-8f1a-4c80-9305-d9c04c35fdc2,345,185,10,4473.15,2025-02-02,EU
e498838d-0d68-4b3b-a6e4-6b7e6a9951df,630,342,4,1180.84,2025-02-08,APAC
d335c73a-65e8-43c0-8f39-a6dc910cd6b0,151,419,3,948.56,2024-01-25,EU
b91bb0f4-b4bb-4334-883c-86b969c3a277,23,57,9,1100.01,2024-08-13,APAC
a3db654e-d40b-4cc6-83ee-c672e418fb24,595,357,4,894.38,2024-03-21,EU
6e704ca5-f205-4e98-b555-af8b459b60b6,590,121,8,2083.77,2024-02-13,EU
de432e45-bc8f-4411-898f-17ad133a8499,281,248,8,2573.83,2024-06-24,US
4abd42fb-fd8d-4916-8894-f2b18f5ad5e9,760,309,7,2794.43,2024-12-29,US
9022dfe7-2368-457f-8aa6-b5a1412f7e6b,890,298,5,2263.64,2024-12-11,APAC
0bdfe00e-973a-40fb-bc6a-026f80a27334,328,332,9,2668.78,2024-04-08,APAC
1c81f2ce-4a10-4072-8a18-31de4107fda8,525,328,9,2597.37,2025-03-04,EU
742669cc-3bd0-4797-83c0-d3091785a857,915,317,2,613.02,2024-04-27,US
f9a89c55-d647-4aa2-b2a4-24595c074474,200,293,7,1316.77,2024-11-16,US
fd991d9a-5999-4591-8fb0-64bb1792f92e,994,253,6,959.3,2024-02-29,EU
bfc79e27-c663-42e2-8735-3618cc239b05,921,130,7,1716.33,2024-04-22,US
6d9af6cc-3d1d-470f-bb5d-994eb0a3124d,131,240,6,72.91,2025-03-21,APAC
ed0a8666-afb3-4bcf-b390-cd8cc73d7a01,359,289,2,841.4,2024-11-08,APAC
dc55c7af-d3b2-4450-9b89-5b37cbe45449,540,10,4,879.25,2025-01-23,US
8e71a7a7-f793-4ffc-9b2a-8d531b20a185,186,424,5,1908.23,2024-04-22,EU
545e7de8-bd04-4d3c-bc39-90b843d8f9ce,972,222,,439.28,2025-05-29,EU
5148a3ce-c0e2-4d4e-947c-734ae44d5dd3,568,292,6,2101.33,2024-05-05,APAC
f242922f-4e0a-4eb1-b6d7-516d8dd44ae6,833,448,3,949.66,2025-06-25,APAC
d51ebc58-f06e-442a-8849-3851d2e2ac2a,655,376,4,38.27,2024-09-20,US
a053fbbb-c8e7-4e7e-a741-f8da6deb2581,596,201,8,3164.72,2024-03-14,EU
b3d48b6b-fed1-485b-bf32-dded4b5241f2,957,320,9,2743.91,2024-05-31,EU
e66b6dc8-fed0-4335-875c-e1964eae19de,525,417,4,530.45,2024-10-09,US
7adeb4e6-6a29-4611-b3e3-cd6d8292a91e,299,88,5,1860.11,2024-08-09,APAC
862d60a3-592f-4367-8566-22339cd1f350,500,129,3,416.14,2025-02-24,US
d2b5f35f-ca75-4434-9788-2184a7f6a3d1,375,234,4,986.25,2024-03-14,EU
f641458e-db5e-41af-b8ad-42d63590115d,352,252,7,723.33,2024-09-02,US
48bc7a7f-9655-477a-8e33-96757224b5c4,976,366,9,1305.23,2024-01-15,EU
a7fa47c0-133c-40ab-82c4-f6d3bd7dc131,431,177,10,3619.05,2024-01-30,US
88ce0dbf-dc04-49b8-9cf7-e049dbce0d56,316,353,9,2007.24,2025-04-24,US
4582bbcd-d9a1-4a02-89ca-8a6900bf2932,203,156,5,471.73,2024-06-03,APAC
a3618930-a15e-40c0-930b-54dca7e59832,388,14,10,4387.52,2024-08-29,EU
85c021ef-1bcb-4d42-8b20-faa4a16bed1f,8,275,6,2283.19,2024-09-01,US
bf59b931-1a53-4d2b-8695-2cec0cc0df50,304,355,6,1095.95,2025-04-03,US
e7938edf-2463-4750-9c44-3847c3b3bf29,642,493,7,2592.94,2024-04-01,EU
f821138d-4f4a-4507-9182-d082f9e3a42a,71,369,4,1746.04,2024-08-12,APAC
6b2186b2-30be-4f09-9e32-3b15b556cffe,881,255,4,402.26,2025-04-20,APAC
aec89b7e-fdc6-48d8-8389-8646f0c9cee9,717,409,7,523.93,2024-11-29,US
593dc4e8-0b23-4499-8a07-d9257e8b7151,187,360,4,1742.61,2024-01-11,APAC
1b2637a6-6027-4935-8493-81d5f1a34204,5,330,8,2013.79,2025-02-02,US
73a67253-60f6-4acc-8102-e6bf99eef7f8,85,126,4,1561.7,2024-09-24,APAC
266f88b7-c810-46f3-8b5f-14666329ea8c,939,485,3,897.57,2024-07-30,EU
50339d34-51db-4e27-91da-39c51f7aa882,363,406,5,457.38,2025-03-02,US
0bc87b64-5a44-4d06-91b6-af0892c6a094,734,453,2,208.94,2025-03-12,US
fda21b51-d07e-4467-8e29-aacf8ab02c2f,434,212,4,952.71,2024-05-04,US
08caecd0-2b53-468e-b870-6b0bb7ae0dd9,223,246,9,2382.76,2024-10-19,EU
7225beaa-e88a-4b45-ab0c-ae368761b187,780,207,7,744.59,2025-05-20,US
0a5cae80-3fb6-42ef-afc9-2ae39471a8c3,291,458,6,2995.87,2024-02-01,US
64e11446-8250-433b-b049-ab8c0c260021,311,208,1,495.08,2024-11-17,APAC
baf6ca5d-4349-4e3a-acd6-0dee9fd969e8,977,223,6,2741.2,2025-04-28,APAC
66ac187f-c385-446d-9e27-3f6487648667,363,323,10,371.05,2024-03-22,APAC
18569694-4a18-411d-a87b-8248c6017e6a,812,31,3,986.58,2024-01-03,EU
74cea797-d067-4795-8b76-c382e5a2c34c,972,77,1,370.46,2024-03-06,EU
c75012f8-8845-4b58-9184-7f63548b04a3,508,138,5,1730.54,2024-04-02,US
101cb323-55f3-4b89-a949-a3a8a2419428,287,480,6,2725.36,2024-05-08,US
437ee252-0008-4d25-b24c-09ada5369b44,244,150,9,2809.11,2024-02-27,APAC
d214c945-9fee-4021-b6bc-6209d978b6cc,229,100,3,335.63,2024-11-30,APAC
cbb858e5-4199-417f-97db-3d0f31f6163e,846,216,6,2925.56,2024-02-22,APAC
2444a385-9d31-4dba-9cd0-5fa6d81240d2,653,146,7,2962.75,2025-02-25,EU
c0832cf9-f38f-41e3-a2f7-45c10e549942,739,225,5,2308.33,2024-06-21,US
93af4429-051c-4e06-abfb-1d8345a2f6d4,171,453,1,72.31,2025-05-22,APAC
0ba59cea-5d4a-4bc3-be14-9ca780feba21,246,261,3,181.52,2024-12-20,APAC
11b92f28-2472-48fd-94c8-996c6d4727bb,215,188,1,32.03,2024-01-19,US
29d199d1-2514-476a-bcfa-98dadb6554dd,379,472,6,2638.9,2025-05-20,EU
f40b215e-d391-4997-a88a-af4deec193fc,180,78,4,433.74,2024-07-21,EU
aae9773f-f2d8-4da4-a2af-1364a8c674d8,750,230,3,1021.24,2024-10-10,US
593880f7-9248-487b-967a-751784202b7c,83,6,8,2746.76,2025-02-27,US
c29afd4b-d1b5-42c4-815c-336eae15e46f,651,439,4,401.21,2024-10-10,APAC
1911fef5-3eab-4757-8215-d1a68b842732,792,350,2,125.41,2024-11-05,APAC
7ff587ad-0b72-4422-9d98-495a0f72879d,708,264,10,2007.18,2024-01-16,EU
9d949609-7614-451f-819e-8f1ffca70664,992,217,8,765.17,2025-02-16,US
d0708cf0-a316-4866-9d51-b0c1df6d89cd,881,124,8,2447.14,2024-09-14,US
54fea52d-de23-416f-880a-d7d827e8443f,338,23,1,96.32,2024-10-17,APAC
d10bbe62-ed50-48a7-8736-46bdff185945,937,449,1,358.6,2024-02-14,APAC
0823c81f-6c43-434b-acd8-7d2ea851667e,336,170,9,2365.09,2024-08-21,US
8eb36f0e-3363-4ef3-9117-6b3c951cadcb,605,372,1,486.69,2024-07-30,US
7af996d0-a08a-463d-90cf-4906fbb43c5b,875,116,4,1138.51,2025-05-05,APAC
dbb70d77-379f-4e04-8b33-b48de74e5742,372,321,5,1856.66,2024-06-19,APAC
15544451-361b-4339-bee5-fd02c706d222,29,291,2,361.84,2024-06-10,EU
ef16eb63-2dc5-451c-a8a3-543755d86e46,998,68,8,159.37,2024-07-25,EU
1020373c-6fe3-4c24-bafa-a186c25bdf4f,121,438,9,4064.76,2024-04-28,APAC
d5802bee-a778-41f8-ab08-0fc8999c724d,549,467,4,1337.39,2024-07-08,US
03e0f051-3ac1-4faa-ba40-726ce73ee63a,375,148,10,4233.95,2025-02-24,US
444e3036-8f8d-4f40-81c6-a86c6ca8da37,46,286,3,861.21,2025-05-31,US
b17a722e-7e8b-44bd-a2c6-5e4ee558588e,239,188,7,2061.99,2024-09-07,US
8004ae84-939e-4292-aee9-b9fe07b16dbc,652,280,5,2228.2,2024-08-28,APAC
3053b9ce-9a5d-4eb2-b32f-ad3d1506569c,428,161,4,182.45,2024-05-19,US
ff425934-c234-4a85-9ac7-09e0eb5f4db9,632,67,5,1028.68,2024-08-15,APAC
7e910f18-468e-4d6e-92a1-6c6fc87a2d2f,443,379,1,65.22,2024-07-08,US
08794b94-2c2f-4f4f-aa88-1ff4512ee0a9,428,239,5,1408.56,2024-02-13,APAC
ab206c2a-f52f-4b70-b0bb-3febe1466360,986,237,6,2299.65,2025-07-03,US
bad50844-626f-4d44-a5af-23b92499bc56,326,330,6,2288.4,2025-03-28,APAC
49ff7a51-ef37-49c3-a7ea-7d1ad7c1c527,470,212,6,73.36,2024-09-07,EU
d3872d80-a074-474c-a786-a7a30b027efc,808,301,9,3835.93,2025-03-13,EU
b94c7dac-e23b-4efd-a02a-f06b8a6ce9de,629,269,7,1081.66,2024-03-12,EU
d9f65820-3659-4658-a72d-501a7fb11474,955,109,4,1283.58,2025-03-01,US
dfc4ffa2-db9f-4c80-aea4-ca83af5a42e6,616,187,7,3462.85,2024-07-25,EU
80cec07d-d62e-4ed1-9b31-a53e3f9b668e,668,327,3,699.75,2024-07-06,APAC
a9d0db73-d100-4e2b-8885-62e625a5d416,160,145,7,2312.48,2024-12-08,APAC
f42b04f7-b8bf-47ac-8a69-9a6735f0362e,199,131,10,3197.15,2025-05-12,EU
c54fe4fb-3dfc-43e8-8863-2d20257dfb73,766,60,7,1787.98,2024-10-23,EU
c53e38f5-9a5f-4f86-81f3-5f101269b360,838,336,5,884.58,2025-02-07,EU
83bc9752-79dd-4990-8e0d-ce3f3294964d,377,27,4,356.19,2024-11-02,US
2dee66d7-e304-426e-b2c9-c9e67ea0acb3,694,192,8,1043.61,2025-05-16,APAC
ad8a1f77-cb1a-4775-958d-fe07ec0aac46,735,16,1,19.4,2024-07-06,EU
69710bfa-97be-433d-bccd-d37a7bccaf24,691,62,9,3403.51,2025-05-14,APAC
7d1e0d1b-d78a-43d8-aed7-84a5a7ba7977,527,221,1,411.41,2024-06-28,APAC
62172b64-86ee-4b46-b16e-57a1f458bd90,577,47,8,1740.83,2025-06-05,US
5fa8f242-92ff-4526-a97a-08fe610a5ef1,51,74,10,2670.17,2025-03-21,APAC
32b324bc-fbff-4919-9bd1-6c7540506b39,847,324,7,3333.33,2025-04-19,EU
bf6f87d3-0eb4-4181-9e13-74f08416ba99,427,392,10,4182.56,2025-04-22,US
edc5c4e5-51a9-4b11-9793-afd6303d4887,637,188,9,4345.59,2024-06-04,APAC
64eebbd9-05c2-4dad-932e-6cdfe50f6b62,731,395,10,3305.4,2025-04-06,APAC
588ea962-77f9-453f-a4e2-e084ddf0127b,108,2,5,240.33,2024-06-20,US
e7a6af16-502b-46d1-9019-a6f61843a550,944,164,8,1231.77,2025-05-17,EU
fef7ccbc-cf39-4273-b31b-fb5308169c49,540,500,2,281.38,2024-02-14,APAC
40b5bee6-5de9-47dc-afcb-47e5ac9190a5,261,171,7,400.94,2025-01-02,US
f443bbac-5a6c-4b39-951e-4aba891d05b6,619,269,3,287.55,2024-01-24,APAC
00ce2ec0-1574-49ec-96de-a1f08bcdc75b,225,125,10,1444.84,2024-03-17,APAC
a6b042c3-1bcc-431d-92c1-4af70477c200,665,456,5,1078.03,2025-01-11,US
8ec95156-beb5-41f0-8c72-c82c4b6c169a,109,435,9,2177.78,2024-11-15,APAC
fd604e63-2ee9-4fb7-8ce3-2aac78179546,429,50,9,715.39,2025-01-25,APAC
e9edfe98-77f1-4a9d-97ff-17164a04a3ec,303,374,8,2297.22,2024-10-01,EU
90873061-8742-4b9b-8bf5-1de18f0de1de,603,136,1,132.74,2025-03-10,EU
e7ab90d9-4f41-465c-8171-194c85b37b46,621,150,6,288.5,2025-06-27,APAC
e272e78f-d10f-43b7-93ca-1b47f80d576f,212,542,3,487.03,2024-04-29,EU
aebde5d0-629e-4f5f-b6f1-9daea2c1429d,671,156,6,731.28,2024-08-23,US
725206fe-84cf-4622-9a96-aa1fb9e2b413,125,467,4,1845.67,2025-07-01,US
ebebc121-b128-4d2b-bbbb-c1629370f95c,378,97,4,44.99,2024-11-25,EU
5510fe51-8278-40d3-b646-0526ded04c90,696,109,5,1829.29,2024-02-14,US
9064ef58-77b7-4b91-b059-70ac66cfeaca,794,325,10,706.09,2024-02-11,EU
2d7b0245-aed6-41e5-9e31-625819dfec70,860,114,5,1696.52,2024-12-14,EU
4b80ecee-a51d-4b62-9be8-0d05f0696663,517,66,10,1618.82,2025-02-12,US
e0fd9304-382c-4eab-8b74-02010844c44d,418,214,2,425.76,2024-02-09,US
baf8ec45-e1d0-4993-a17c-7df8399ee8fa,786,138,3,804.98,2024-11-29,EU
d668e935-bdf9-450c-8c0f-c8e28389d888,913,309,4,659.2,2024-12-12,APAC
8060b03e-aa8f-4b5d-8e4a-5fd45c08c926,570,422,3,1322.89,2024-09-07,APAC
57e410af-0ffc-41ed-9118-bc69d4a0ba7e,153,32,5,1721.3,2025-04-19,EU
b939860c-d59d-47ce-970f-a6f3973ae1eb,74,23,7,852.82,2025-03-21,APAC
dded36d5-4d9f-4f3c-97ff-1b705760bd73,198,346,4,638.4,2024-10-26,US
81f2a230-24de-4dfe-a37f-de61032fee8d,431,180,5,1575.33,2024-03-15,APAC
896350b0-3ada-47eb-a0f1-a9d206ae0cb1,640,219,1,126.42,2024-10-03,EU
98101762-b50c-45d9-a13a-c83fcae19e9d,256,357,6,911.43,2025-04-29,US
125279dd-bf27-4fdc-b91e-de64d2ae9585,147,101,3,34.02,2024-12-13,APAC
731a5715-21da-4a6a-9fbe-a293a8f86e22,391,82,2,731.43,2024-06-23,EU
ef80ed09-6651-4af5-bdf1-7975ad0e885c,161,172,3,400.55,2024-10-05,EU
d8829dd3-41f8-43af-8f34-3795faf6c429,451,437,2,905.44,2024-11-24,APAC
bb5e773a-10dc-40af-87ea-df2c71a069df,196,390,3,1145.36,2024-09-19,APAC
c26fd59a-5d10-4441-92fc-e5841c586eb3,437,317,7,2060.43,2025-06-16,APAC
7d4686a7-a7c5-495f-b48f-0042d7b98557,358,168,5,2155.38,2024-01-26,EU
7974752a-69bd-4468-b9bb-9bc89234fb0c,568,114,1,386.89,2024-09-17,EU
fcbb3f06-870b-4936-9b24-80d88fa53446,364,216,5,1013.43,2024-01-12,EU
f279dd71-0b81-4428-84e4-63c8177339ff,446,8,1,176.26,2024-09-27,EU
3b84e911-d681-4c78-bfc7-393a5fbe9f47,842,108,2,407.34,2025-06-02,APAC
ee207f0d-c61e-4f67-ad04-2d05636629ab,144,459,10,3118.04,2025-07-01,US
c174bbf6-375f-455a-a764-c4dae116989e,177,314,8,2690.89,2024-03-28,APAC
83090735-6e3e-4575-b2d9-db21ca46de24,200,213,9,2695.65,2024-03-30,EU
b94486da-b32f-49db-acab-82e854cafec7,788,86,7,1906.92,2025-05-31,EU
f173ffae-16f5-48d8-bdbc-08b467d06b8a,112,3,6,2852.01,2024-06-29,APAC
130bb7f6-816c-45a2-b052-0147ec42d52f,704,264,8,1381.99,2024-03-18,EU
88230204-92a4-43ce-afa4-5469f5def87e,737,493,3,407.0,2025-07-04,US
1989c796-d38d-416e-86b6-8346197e57a0,252,283,6,2691.75,2025-06-23,US
1516a059-e9a0-49b9-9317-1d1fa7c75dd8,350,333,2,244.31,2025-02-27,US
df8fb1b7-933e-44c2-92db-c673b6f9edb4,787,83,4,986.26,2024-05-05,US
521683b3-8c56-43e4-b7f5-b9ce023b39d9,949,15,7,1865.23,2024-10-19,US
a57b9e39-6869-4bb2-ac88-bc470d6f6379,913,155,9,1250.11,2025-05-07,US
53a2275a-9df2-4c03-9642-a08d64593550,194,141,,379.53,2025-03-11,APAC
3f24d145-622e-4cbd-93cc-6adba039f137,536,257,3,302.09,2024-04-04,APAC
9bbd8e62-9065-4d2a-9b94-3a2e7232ac26,468,203,8,811.9,2024-03-02,APAC
66d9eb84-1695-4d66-8630-325e556189dd,975,212,7,3464.37,2025-06-06,APAC
02f29d62-80a6-4469-aafa-107c5120246c,705,332,10,3562.63,2024-03-25,US
88a66aaf-482b-4ef3-9ff8-3437c0cf5273,551,161,7,2411.01,2025-04-26,APAC
46190f0d-e039-44c9-946d-e026bc6b6e14,345,257,9,1076.85,2025-03-25,US
0df4c5fa-bf20-4d55-9ab3-37ebee3ff4b1,320,92,4,1012.51,2024-09-04,APAC
60b8517f-b2dd-4595-baf7-9f90874ba7a6,283,389,4,301.27,2024-12-03,US
9cb0cd93-5ce6-49ad-b490-41dfca1711fb,156,468,7,1574.82,2025-04-13,EU
11dfce1f-09aa-467e-8a78-012dde158111,767,343,9,3051.53,2024-10-04,APAC
7b317c11-03fd-4937-b09e-261d1c9cffe2,13,123,9,2282.22,2024-01-18,EU
060783ee-28c6-4e50-982a-824d31951b93,827,342,4,379.72,2024-03-09,US
295c5c13-80c8-4b24-8ccf-1b7fcadcf34a,58,375,2,931.97,2025-02-28,APAC
baaa51c8-2bb5-45b4-9499-9cc81a782964,654,176,3,1082.21,2024-06-17,APAC
b79e5b68-ef74-49e7-ab75-196dc34591ae,840,66,9,4361.66,2024-04-21,US
2cc7c1e8-af99-43de-b126-7365e46c7405,908,96,6,2398.88,2025-03-27,APAC
430f416e-2812-4865-a561-e1244beed83a,722,410,9,4084.38,2024-03-27,EU
e90264d9-d2d7-4b34-8d63-26e1703f531f,991,461,,360.91,2024-12-26,US
f7852f4a-1792-4e21-9c7c-2d641b8fbc0d,104,284,8,3238.65,2024-04-30,APAC
7573eded-abaa-44ff-8e78-050c29507b3e,454,377,9,1181.23,2024-11-09,EU
8dd3d4c7-b829-4209-aa1c-6aa446e79a9c,140,15,7,1818.14,2024-12-20,APAC
c8cbd20d-251b-4f18-a065-45089c09d9d6,785,312,3,1013.73,2024-06-16,US
c77dae12-03bc-4959-8232-64ea0c75afd4,341,13,7,3418.87,2024-11-01,APAC
019e00be-51ee-4795-af84-3e19f1a86015,694,223,4,1204.91,2024-01-03,EU
95e630b6-0510-445d-8aab-1084e1850896,695,231,3,454.01,2024-02-12,US
0a092c50-db2b-449a-b62b-6c657a6b4b0d,829,419,9,1094.66,2024-07-03,EU
e2fd1c27-3b24-4086-9ec3-56c8c9778327,745,336,5,2424.45,2025-04-06,APAC
53fd30f4-f368-4819-9fd3-60681ecebab6,937,452,2,656.76,2025-03-25,APAC
92e11027-e617-40f5-ac7c-f30031c43278,649,143,4,216.55,2024-01-29,APAC
89e515b8-8129-4c9b-a0df-27bf16632d82,593,1,6,1774.0,2024-07-06,EU
795d1ee8-9a57-482f-acba-f3fc71eda792,98,285,2,642.7,2024-12-19,APAC
7a914392-e7e9-47b9-a1a9-33ed34d5ee77,673,492,6,1310.13,2025-01-28,US
2e5edb2b-ca06-4482-995c-bde582ce671b,642,475,8,246.4,2025-05-25,EU
6c4764e0-7d83-4291-be4c-9bcf1044f3d1,890,203,10,2921.92,2025-06-08,US
e6967b8c-0aa0-4d94-9c2a-bdba51e1f27a,938,271,2,280.84,2025-03-05,EU
c8775cc9-285b-4f06-8b9a-b388ab558123,402,176,3,1298.76,2024-01-26,US
a5030bd3-7f05-4ce5-b0c5-834313ee121d,582,460,8,2009.25,2024-02-16,APAC
c07d4d77-d097-45e7-a32b-d4315db3e811,356,164,10,303.24,2025-05-22,APAC
d11daf21-16df-492b-a29b-19710c4165e6,160,332,10,459.95,2025-05-23,APAC
135bc985-a2a9-43d6-bf68-171b8b84e7f7,671,144,3,422.09,2024-09-12,EU
586cb3a6-49c9-4c6b-880a-7960f5ef6aad,629,307,7,1392.83,2025-04-09,EU
0592ef10-e8fe-42ce-aa34-3b696df021c9,965,116,10,1426.92,2024-01-05,APAC
cbd61021-90d4-4df7-ade3-efdcddd83a7d,960,430,6,2507.5,2025-03-30,APAC
31da6cfc-9292-417d-ba7d-14b6e7f0b279,485,491,4,22.74,2024-04-27,US
e35d1107-584d-4917-a08a-654e215d175d,919,95,9,3178.49,2024-09-21,US
7c104a35-75ee-4fc0-8211-0ce3ec9dc74d,391,224,1,92.32,2024-06-13,APAC
2cc113ce-e8ac-4007-8efb-736c141a8559,365,56,9,3033.21,2024-09-27,EU
22471389-a412-40e8-99e4-6eef4579afb4,770,186,3,1439.65,2025-04-05,EU
1dc16f97-cf17-4aa3-ad1e-9992372f9910,591,321,3,996.46,2024-01-14,APAC
b1b0fa7d-54fb-4588-9cd1-1223f8cdeab3,163,359,10,4277.48,2024-02-28,APAC
97a3679c-2291-4e78-8826-8b2377c6c6b4,60,45,1,115.1,2024-06-05,EU
a3e29914-6297-459a-b4ff-a736905ee056,396,392,3,464.77,2025-03-19,APAC
66963556-d43b-4cbe-85c9-fd35355d5d6a,910,409,9,3696.49,2024-01-07,APAC
10f1733c-f60a-4427-879d-cd7deb0e216e,252,248,7,173.07,2024-07-13,EU
2b9be463-c11c-4398-81ac-6fcabc963963,171,103,8,2457.86,2024-06-07,EU
b6cff419-d156-4185-817b-48b7356a5b69,803,76,10,4899.46,2024-05-08,EU
9c760f7a-68c9-4951-a669-defc319d7920,955,348,1,439.2,2024-03-23,US
ee2b6173-8db4-4401-aa18-724e4338e7e9,691,300,6,2732.16,2024-03-13,EU
e62edbe7-e160-4889-b682-055b89cc5530,56,410,6,2494.08,2024-11-24,EU
f24b7f90-ba62-41dc-bd8d-e991583a0c3e,77,23,5,896.15,2024-05-04,EU
877e13ee-a9f8-400d-9245-fd608a9d17e9,234,279,9,3423.71,2024-01-22,EU
7eea4a66-1e93-4c4f-8732-a12da50d4882,579,362,9,363.0,2024-04-06,US
7e1fa637-28d6-42f2-b6c3-65f1c18ee727,506,20,4,1173.7,2024-06-09,APAC
7aa06762-8410-4b5f-b42b-c09ec14f7965,344,335,6,842.07,2025-06-06,APAC
0e628b85-9041-4fe2-a391-072090d77fac,194,167,3,945.98,2024-09-18,EU
42f0677a-1395-4ab2-bdaa-f72adef7b0d4,95,373,9,1765.77,2024-02-11,APAC
1720fcd3-aaf0-4f62-86db-267424b87d80,456,179,3,1452.41,2025-04-22,EU
56b14ce7-1e16-4bec-b1fb-02d77ab6a9c7,572,353,8,3980.16,2024-12-25,US
a09f904e-3b67-4d5d-b5c8-b4458a9d6ed6,119,333,5,660.55,2024-02-26,US
3e8e81e7-ee05-47ac-ac0c-f69887b4d5ce,404,377,7,2640.57,2025-06-27,EU
d50103a6-a610-4d38-859b-dac472afc582,697,291,8,1984.6,2025-03-03,US
1b9f3fae-8ae2-49e8-a70b-5ef8f19cde08,729,249,9,3151.07,2025-06-19,EU
d765c5ad-60ca-4b30-9903-72b967af8448,723,335,7,558.41,2024-08-30,EU
99607f45-4707-447d-8112-2ba221d68bac,688,471,8,527.32,2025-06-10,EU
7d82d936-da16-484b-bbdc-860d94d176d4,335,124,3,1376.56,2025-06-27,US
e08490c3-6f3a-4488-b47e-4eba04cc1e06,753,186,6,2744.68,2024-10-04,APAC
b5ad8e26-497d-49cf-9f97-4e3e980e58aa,581,451,5,129.12,2024-05-27,APAC
8b3a7c5e-dbda-436f-a921-11d13a7d5b4a,252,385,1,71.99,2024-04-01,EU
e3dece62-32f2-466b-bc53-45723c70da28,454,258,10,4886.71,2024-09-17,APAC
fe2e38d2-b0bc-444a-96db-0859fce6c948,16,114,9,2259.3,2024-10-28,APAC
fb6b9d39-bcc7-42b7-be15-8754cb896888,821,276,8,2133.81,2024-03-09,EU
52f11d4d-1131-43c9-b41c-ba868f6ad795,844,60,7,1191.46,2025-02-13,EU
8756e424-0a92-496e-8122-761ed77b30b9,814,244,2,223.08,2025-03-21,APAC
40c6ed91-aee5-4824-9460-79902f3c0ae0,79,284,5,1673.17,2024-10-08,US
993192f5-00e3-4204-8950-7ae502d766f3,814,84,6,1170.52,2025-06-14,EU
d11917d3-140c-4509-b832-3bbbf6ce8c1f,409,438,10,4944.54,2024-12-09,APAC
245650d2-cc6e-44d1-a6f6-1a5e1a0b0aa5,522,167,8,2606.93,2024-07-02,APAC
9910925c-c554-4a58-b92c-f74a144fa333,374,155,8,3348.48,2025-03-20,US
37d06468-1d4a-4afc-9892-d4775a8f18f6,323,298,4,1624.9,2024-08-08,US
d5b3ee5e-a216-4ebe-beb7-6cbd9fb01111,989,176,10,885.06,2025-03-26,US
9ab97dd9-3987-4229-a4c0-80e5ed5a7031,734,121,2,264.8,2024-10-14,US
ce7e5df7-3abc-4a23-b37d-ebee4d4c48ab,399,303,7,1123.88,2024-06-06,APAC
91ea0399-ad7c-4fe3-aae2-33b03cdeed00,367,153,9,2105.31,2025-01-09,EU
99536dc8-223a-40c4-ae19-76eca20582b1,524,424,3,807.14,2024-04-21,APAC
6f3008a3-3cd8-4c39-a360-64bde4826f30,26,247,7,2488.01,2024-09-28,APAC
138cf31c-f25a-41f3-b7b4-37bdb55db525,332,431,10,1007.99,2025-06-23,APAC
8dcd3a98-05f3-4b90-b0eb-03ffb6070305,573,29,6,1497.66,2024-12-02,APAC
3b7c8f2e-3e97-4ca1-9677-a3f524371cec,615,314,9,3287.98,2024-01-03,US
4637c281-8d99-497c-aaf3-6c6d699169d2,402,299,10,2230.54,2025-02-03,EU
664be6ea-7198-4866-93eb-15c3892feb7e,713,182,6,147.09,2024-10-01,US
3524f8cc-a5f0-43ee-a8df-75469c010cb2,242,226,3,1002.64,2024-02-21,EU
0e976897-0832-4297-bc9e-62c81615e5ea,361,376,1,314.12,2025-05-27,US
7faf7104-a84d-4259-888c-196950cf1cf8,376,206,1,109.26,2024-06-19,US
822e1eb8-00c4-4b9f-8ef8-29cdb6a7e118,473,4,8,1442.58,2024-06-07,APAC
e419706d-3a37-4c46-80a7-63a3fa9c7de6,346,197,9,192.71,2025-04-14,EU
6960941c-5eab-49f9-850b-6da4311d5842,518,116,1,186.88,2024-12-21,EU
a900501e-0bdd-48af-bdc4-effdbd08f0bc,863,262,8,2977.22,2024-02-04,APAC
6b0f12b7-2ebb-4963-b0c5-f5502467c4bf,21,148,8,2818.26,2024-08-09,US
115b6efb-549b-4498-8983-92d4bf62e4f9,627,361,,161.03,2025-05-24,EU
f4f05190-adbf-45e8-ba74-1fa66a42ddcc,254,440,7,1253.73,2024-07-20,EU
64b8e027-3fbd-4843-9edc-1e54262a0d17,915,113,4,802.13,2025-03-11,EU
ad5e812e-e234-4d62-a0af-b5276e9cb437,74,91,2,718.09,2024-04-22,EU
f7d50957-3dae-46b4-a793-7b1840668c89,122,13,10,4463.75,2024-10-06,US
1dbf855c-9151-455f-9a56-fd46ad056ed2,670,294,2,109.78,2025-03-26,EU
eff84fd8-2ec7-48f9-a13c-d69cbdbafa07,194,450,5,1659.1,2024-07-04,US
23104a31-9b83-47a2-89ac-f169f2cc9347,44,415,8,2661.42,2025-02-11,APAC
0e47dc3f-b652-4551-b608-6b90159ee089,744,318,3,995.99,2025-01-23,EU
dc3f7402-c598-4e2f-b7fc-1abff3863706,165,490,2,550.14,2025-01-29,APAC
baf830c5-5422-42d5-923d-61cb7b18d6e9,507,486,8,604.93,2024-02-02,APAC
551f3abd-b501-4eb6-bbc8-90a968221837,61,132,9,1252.55,2025-04-23,US
e5aef9ff-744c-4ba0-9a85-358c824a761e,874,60,9,2184.05,2025-04-23,US
52ec6c8a-a4d0-45d7-b0f5-a2aabb6a3ab3,60,396,5,1085.43,2025-03-05,EU
b2203800-8596-4f86-b64a-8ac3d7d3e938,95,431,6,2670.01,2025-06-09,APAC
47401d61-637c-4c02-9d38-1722d9104708,722,153,2,493.57,2025-06-05,APAC
8c326a49-fb68-4746-a709-926977f9033c,918,21,2,744.82,2024-07-10,EU
45ab556d-7211-4d4a-9446-f9358818ff0a,95,135,1,381.89,2024-07-05,EU
62dd1a6a-ead0-4c15-91e1-2033b39e781c,107,85,1,220.44,2024-05-29,EU
b2c41d82-eace-46cb-9ee6-a6fe6276e857,724,30,2,663.33,2025-03-27,APAC
b0ef60bb-0d2a-4a68-baff-ce6dffe6b5ad,257,196,1,191.58,2024-06-03,APAC
493404ff-ff41-4558-8df4-63e95e54e1fa,653,92,2,443.5,2024-08-02,EU
b8d586d4-2683-4301-bb6d-0dbb7d1b5930,317,338,2,191.97,2025-01-24,US
7e288d16-c399-4753-8b60-28b6d2a395c7,735,417,3,1311.58,2024-08-05,EU
12ccdc0d-89e6-4dbd-9275-913373b9b43d,568,350,,322.28,2024-10-21,US
7d3847b3-5e46-4ae2-8bd0-8f71f59ffb7a,612,109,6,1713.04,2024-06-27,EU
4e5e875a-756e-49d0-8b67-5a5b4829393d,735,477,1,14.28,2024-08-31,US
61688ab3-0689-4857-be0f-5d8d355e0bf5,867,414,9,1835.97,2024-09-16,APAC
5ee84ba8-f6dd-4a2d-be97-e72984b98941,150,368,1,367.09,2024-12-08,US
a19134d0-1e97-4956-ab43-9aaad2e1166c,399,7,8,3787.42,2024-07-07,EU
a9be02a5-5403-4d04-8d5f-d5ed7ff1ff4a,409,136,4,941.81,2024-09-30,US
63bd0275-2c85-4225-b563-4e8a4b0eafe1,70,470,10,4859.81,2024-05-22,EU
8772eba4-c8e6-4feb-ad6e-8cc9e59a9b19,167,71,5,1551.57,2024-03-02,EU
7444bc6d-96fc-4b74-a4b1-9876fdb62fad,244,333,7,1082.64,2024-01-24,US
5fc0e487-7cf0-4624-aae5-54e8e670ba17,170,434,10,2494.7,2025-05-17,EU
3c6bf9a5-3025-4d49-b5eb-58a94f871f39,783,481,4,752.34,2024-10-13,US
6f020040-4449-4d31-aaeb-22a7c03a5008,66,444,6,2208.76,2024-12-20,EU
e934ef90-6b35-4e3b-a7bf-2880922f3b8e,266,44,7,2288.48,2024-01-09,APAC
f93a4249-7919-4e4b-908b-8ab5e088a83f,216,304,1,239.93,2024-09-19,APAC
55f74ec9-5e4e-4d82-8a8f-b46b966acc49,197,266,2,119.62,2024-05-24,EU
18ae71bf-66ff-4c57-928e-946f7ac75253,436,424,6,1983.7,2024-09-25,US
871bea7e-91d2-4ab8-8594-3f76d4c901da,369,142,2,815.46,2025-04-01,US
14234cd2-e28e-4b48-a2de-bb2116713d34,874,136,7,1263.44,2024-09-14,EU
e9b9d8b4-b02b-49c2-9bb3-c605785c7730,831,446,2,205.73,2024-08-12,EU
920dcd4b-79a5-4efb-bda8-0be6b353f91f,797,29,8,1271.41,2024-04-17,EU
41bfa66c-45b8-4aab-a122-d9f635bcf274,67,234,4,1977.36,2025-01-04,US
9541be15-5b85-4ce1-b429-16f1c5155c80,16,490,4,457.93,2025-02-09,APAC
ffe2332b-3330-4506-a839-f94c5f094fc2,348,215,2,748.81,2025-04-27,APAC
dd1653ac-9492-487a-baeb-c5fd715e97e5,678,424,6,2553.69,2024-07-24,EU
b50874aa-97a8-4e1f-b267-939310d812d0,588,405,10,4745.26,2025-03-02,EU
9bbf3207-bd38-4f2d-a4f2-d108b85b518e,115,140,1,335.91,2024-12-05,APAC
b66d1c9e-bfa5-4093-b83e-9d1b29edaa6e,771,232,5,1043.6,2025-06-02,US
3d81aaf2-dfbc-4798-9189-230dfba1e79c,769,205,1,406.54,2024-02-27,APAC
1fbc877e-cb4d-4fca-aa25-0167a058f6eb,328,335,9,2341.94,2024-03-11,EU
59960470-a1a6-4b63-a9c8-464849750d30,492,337,10,141.14,2024-07-31,EU
2c9ccf1d-c873-4a02-bb74-27791e7d8453,671,499,3,154.88,2025-02-25,APAC
bf3a207d-4d35-43db-b6d1-f46a42629457,836,362,8,1763.91,2024-04-12,US
570317c3-a9f2-46a4-80e5-df4d05a67d12,429,127,10,2700.58,2024-04-10,EU
9af87fb7-5f3b-422d-a928-44f97c684bed,713,425,,112.15,2024-01-13,APAC
d5ecca8b-1dbd-4cdc-bd47-55136d4c9947,153,217,1,428.46,2025-03-19,US
9083f26d-d65d-440c-a428-e68b54ba8a9a,170,356,2,235.03,2024-05-26,US
d23a7f21-a7a6-49f1-8116-3e98a6f0a545,702,303,8,2853.7,2024-02-02,APAC
1547e068-b594-464f-acfc-2f8ab9138a09,648,237,5,326.2,2025-05-28,EU
17c7befd-605f-498c-a617-3736e2313715,502,159,,455.18,2024-05-10,EU
73cf9ebd-e815-431e-96d3-98d56c3c45c8,756,117,10,1499.15,2024-04-02,APAC
cf1533aa-1b4d-4171-8287-5d5cb157ca20,235,390,4,1995.83,2024-03-09,US
24926088-16a0-48fb-b475-e955deca212d,835,455,2,568.75,2024-03-25,EU
3d8d99f6-3902-47a2-8140-cb6927cd9cbc,659,16,10,1884.51,2024-11-22,US
a0bc4872-b145-43c6-9e0c-77ec34b4b853,9,360,10,131.9,2025-02-15,EU
412984b8-0f79-4b47-91a2-877fbdf9df3f,229,122,6,1639.84,2024-12-19,EU
c514bdb2-6967-4c96-8408-a8201099ac8a,619,82,2,845.55,2024-10-01,APAC
1a7d307e-85e1-491c-9169-9cc55b327909,661,426,8,1245.3,2025-05-25,EU
72551c26-068f-40bd-9ef3-af4b1085b40b,624,254,5,1392.76,2024-07-31,APAC
1a0d0ba2-33eb-49ce-ae8b-3fef67bfe561,965,383,4,830.81,2024-07-02,APAC
b465bbf3-1b4d-4345-8228-2fb8c5d86b69,54,436,10,2670.21,2024-11-30,US
b789360a-edf2-433c-b6bc-63f5d3fe6c26,224,165,2,419.88,2024-03-20,US
1955a632-8e26-4c6e-b63a-015873392874,881,222,,443.66,2025-04-25,US
22a9a60f-18af-47a0-a0cc-cf14d40a8ec8,554,141,3,970.47,2024-06-11,US
1e35bae0-40da-4932-8e22-4a13b1602946,355,306,9,2221.42,2024-06-18,US
c3e21e52-16a6-488b-880e-8103e5c40693,55,83,7,363.54,2024-12-05,EU
4e1c11d4-3f96-42c6-b796-ee7388b00820,525,230,10,4473.52,2024-04-13,APAC
b0691e6e-5a62-4b69-8ddf-be4e0cc41bc1,127,500,8,3971.58,2025-04-29,US
38d0496e-0966-4456-96d2-af882c83230f,344,146,6,35.38,2024-07-16,APAC
7dc9f222-82d0-4c09-a9ea-b89d7211e27b,759,287,2,821.58,2024-11-07,APAC
9246602a-1723-4205-a760-5a5f64232797,9,84,6,2335.9,2024-04-08,EU
5fd5260d-ba94-49b2-8d53-7b84023248c6,490,173,4,1870.96,2024-04-01,EU
05b162d4-e32d-4181-ba4f-d62880b3e94b,201,452,4,1376.42,2025-03-02,APAC
87fa9d73-cbca-47f0-b6cb-d79b369c305e,739,85,7,3430.95,2025-05-12,US
0ccf5645-0984-4d20-9a64-d6c399cdd7e5,304,113,1,190.18,2024-03-09,US
6c106d8a-337d-4877-82e1-5f5aaee33d71,526,236,8,1531.5,2024-04-10,APAC
bbe20388-a790-4a57-80c1-c460bcb79bc3,17,334,4,1984.9,2024-12-28,EU
1794b672-7a6c-48ed-9ef5-dc7bd419a8f9,911,464,1,92.25,2024-01-13,US
000dd9db-106d-4188-894b-2b52d692079d,561,136,7,120.22,2024-01-11,US
f685374a-5f4f-42fb-bcbd-2956f4053765,322,355,4,424.22,2024-06-26,US
cabcda49-d8a9-47e4-9ec8-d2beb9358dd0,399,176,9,3148.73,2024-10-20,EU
f81d652b-877a-48df-bf1f-cf8e686e592d,258,97,4,560.31,2025-03-28,EU
1dd8ca3f-cc44-4bc3-813c-82ff6751bc40,672,444,10,1071.15,2024-06-01,APAC
cc56c0e0-a8f3-4a12-9202-00c7c799ba44,58,33,7,1206.7,2024-08-18,APAC
71e8e68c-6b7a-43f5-88f6-9c9cb1e42ef4,746,158,9,796.6,2024-03-06,EU
b903023b-a688-4368-b6c7-11c95cdb5258,966,201,8,239.0,2024-03-26,US
f791051f-4bda-440a-ad93-2e9b46e7f8aa,979,227,10,2743.26,2024-03-08,EU
a52d7db4-d5d4-4296-92aa-37ed71a49e42,829,414,10,4001.99,2024-01-31,APAC
2c03baf6-92aa-489b-bc5d-9e932b55fd7e,312,234,1,216.81,2024-10-01,EU
61a113a9-d8b2-4408-a512-c6607bb65c59,673,4,5,218.62,2024-05-01,APAC
3898ea67-ad03-4d14-90fa-1be74b042a62,594,221,10,2422.93,2024-06-21,US
fe302869-f1c2-46ac-bc1e-a6adbc4eafd6,959,211,4,838.68,2024-11-01,APAC
6311640d-032f-44f8-ab9b-6877c5fafbd1,473,435,6,1701.21,2025-06-13,APAC
b689dc8b-78fb-44cd-8f33-ad8b1ae7f9f9,592,199,7,890.71,2024-02-06,EU
6eeb1251-e49b-4aef-9bd0-7dfe371fa2e0,798,239,10,253.02,2024-12-29,US
f71217e1-be54-44d6-8fd6-c22804f870fd,881,235,3,1327.36,2024-06-19,US
69f20b22-3b36-44d8-8ff5-87bde11c227e,440,434,,444.96,2025-06-18,APAC
56967ac3-1643-4d67-82b3-9e6606d65b3e,338,213,7,402.85,2025-05-07,APAC
4696bf9f-a0d9-4ad7-8c76-580d9004dcc5,653,451,7,1565.4,2025-01-18,EU
a5190497-5c03-4642-be71-579c1b25fd68,861,31,4,1275.67,2024-10-15,APAC
81a72d8f-92da-4c03-9d24-282192b161a9,899,175,6,2428.49,2024-03-11,APAC
f23e7f3d-a990-4220-a4c6-275296872bf7,610,231,8,3851.41,2024-10-02,APAC
6624f14f-6359-4dae-b359-bdf8a5d1883e,921,362,7,3051.13,2024-08-16,APAC
81ceb89f-6773-4b13-84e8-ea1942383423,899,197,3,1221.91,2024-12-01,APAC
2d522524-680a-4eac-b777-c567496fc0ae,737,351,9,2041.78,2024-01-28,US
cfb66d07-b12b-4398-a7f5-bf5cee48467b,881,452,3,122.09,2025-04-22,US
7a0a6217-c6aa-483f-a516-92e0bba61810,793,291,4,1520.83,2025-04-21,US
5f23e6f2-5074-4282-a34a-7bb7ec198296,601,49,5,2360.29,2024-10-06,APAC
11b250aa-4307-446a-bdb4-5fc10e1bc0db,700,450,1,91.58,2025-02-20,US
674580ab-02bc-407a-b3ab-0cf0c9a55c2f,98,16,8,2096.48,2024-10-03,US
757a733e-6e5a-4f3b-ad58-9fd6c408e680,821,198,8,2277.26,2024-11-27,EU
41c50749-e386-468b-ac21-36d818097bab,799,498,4,1684.93,2025-05-13,EU
6e522e66-d8ca-422a-a801-97f1144583dc,422,188,1,487.83,2025-04-06,APAC
1fb3c0e8-d398-4a0a-b041-09bb73fae469,902,33,6,1689.12,2025-06-03,APAC
e1c67dff-9d0f-4b0e-9613-14260794de28,709,357,3,670.8,2024-12-01,US
0d9e4b9b-fa73-467f-a6b4-adda217914a1,527,179,10,3686.19,2024-11-16,EU
5d76230d-af54-408d-9a2d-c4181db107c4,744,268,9,3748.41,2024-09-08,EU
f5f37e9c-b4ae-4dc4-be8e-0cbef5a16319,610,353,10,3521.28,2025-03-04,APAC
ce8e4845-8e0d-4924-b156-f91f59eeabba,682,172,9,612.65,2024-09-18,APAC
5dcb26ef-e570-443e-9b1e-0eaf8d5c1d0d,749,218,9,4364.41,2024-07-24,APAC
7f739de3-f883-472f-b7b3-51d28d52c0b8,172,97,7,3306.54,2025-04-25,EU
f4b343f5-cb98-4cb9-89b5-2a548374298a,226,381,9,1502.76,2024-01-14,APAC
1b1ad41b-e271-4da5-bc12-ea06b0eec031,499,447,7,2935.01,2024-03-28,US
bcd0660c-c95a-4677-9fcf-4115475a359e,154,491,3,139.02,2025-03-17,US
75447752-372e-4863-9bc6-0460f0b94e1a,689,293,10,314.97,2024-09-10,US
35978115-7d59-4cdb-82b3-c9c15b51b3f4,543,86,5,402.57,2024-12-24,EU
4a52a35a-a00e-41fd-9011-4376f8bb7d22,211,283,2,988.4,2024-08-31,US
476d1216-1258-49b1-bab3-8aac37840d7f,225,318,7,3498.18,2024-05-08,APAC
e4e7a119-01e8-4754-9ea3-ca62eecb1db7,422,166,8,1321.18,2024-05-14,APAC
9e5de868-070b-4db6-afc8-48f60e2dfe1b,71,24,5,2206.79,2024-08-16,APAC
699c5805-940c-4fa9-98bf-5757f5b156eb,896,188,8,590.0,2024-10-01,US
48731963-e509-4c59-aa38-73cceede20dd,865,208,8,2602.19,2024-09-15,EU
b2e2693a-d547-454e-b997-5d0b30166d6a,180,54,5,1701.22,2024-09-23,US
57cfc5ba-2b6f-4c41-ba5d-f8fe1d0f5184,9,240,10,4147.34,2024-07-30,EU
08e7e478-f421-48fc-be1b-274a9546594e,957,96,6,1111.31,2024-03-21,APAC
c104e186-8d51-4d42-8f28-57aeddda7cff,633,343,9,3567.9,2024-03-27,EU
166b2b6b-400b-4ad7-a0f0-4b0c47752e22,520,165,7,974.17,2025-04-27,APAC
9656c6a3-267b-40df-abd9-ac8a5d826d1b,96,356,9,1882.26,2024-02-14,APAC
a8b09adb-2e76-4b9c-afd4-4862b556a345,301,443,3,1167.27,2025-02-03,APAC
9962dfc1-38df-4510-9e32-64378ba3aaab,822,252,6,1285.73,2024-02-09,APAC
c094f243-3ef5-4def-9184-064fe198b50c,380,273,1,262.4,2025-06-06,US
fc73ec4f-7f17-437c-a889-a305f3a9c092,769,13,6,133.45,2024-08-17,US
742de459-0261-4b46-aee1-c584730a206d,698,346,1,61.76,2024-08-18,EU
f4d9b1f6-3a9c-463d-81ff-4cab921ede4f,784,45,8,1234.81,2025-01-01,EU
2bbe732b-f061-412f-8655-76ed8735e3af,645,300,6,2090.38,2024-01-08,APAC
a24494c6-55ea-44c3-9cd0-cb5c4fe21fd9,268,115,6,1428.87,2024-04-21,EU
c94c44ab-a862-4102-8d8a-f8a0b6469a15,610,471,3,159.62,2025-05-03,APAC
d01f0347-e319-405f-918d-490e42e643ce,695,342,1,211.68,2025-04-18,APAC
f39ba72e-596e-4701-9f73-5f6c89236248,998,192,8,3327.82,2025-02-27,APAC
05a7da91-57e0-4fea-b578-185dd6eefea6,673,129,6,1105.21,2024-03-19,EU
0dff0dbd-3bd0-4249-a6c1-ff293f7f359d,692,140,7,419.94,2025-05-25,EU
24e98b68-9d8d-4032-86b0-c4b5a6bed6ea,970,165,9,1722.5,2024-08-03,US
dc59fa0d-3f6f-47aa-bcd5-c098ac73b6c9,95,396,3,413.75,2024-02-20,APAC
6b5548e2-31ca-4183-9ac4-fedb0725b0fa,245,186,7,153.44,2025-06-01,US
3193ff6c-5522-40e9-a907-8455948d5ec4,952,17,3,215.18,2024-03-17,APAC
c1e1f18c-8270-4b40-a307-f6172e6c8b72,602,65,7,2943.31,2024-11-27,APAC
e0fcba5c-6ed5-479c-980a-31e382ff9573,606,142,9,2430.24,2024-07-15,APAC
bb25aa94-3957-4165-97d2-42d5d9fb4c87,609,437,1,443.43,2025-04-13,APAC
836e193e-0009-4518-be88-f2cf978edd46,989,261,9,2670.3,2024-04-05,US
b0ec7ca6-a3d9-4114-8097-34d6aa8e92d1,61,141,3,1048.35,2025-05-02,EU
dddc4dc8-bcdb-4942-a0f9-079cb0554d7f,674,198,5,1268.39,2024-09-29,US
dc49a324-56f3-4a24-92b8-4df3a3fb76d1,36,99,3,1174.65,2024-04-16,APAC
2f9be082-e872-4ca5-89b2-c0a09563f497,167,13,5,710.1,2024-04-24,EU
5c144737-ae81-4028-9bd6-348b100719ad,112,203,9,3618.4,2025-01-30,US
23a9b262-ad1f-41d6-a484-8911c56b706e,972,205,1,129.36,2025-07-03,EU
ce45ec0f-991c-43b2-b032-861f6e9b0540,732,37,3,517.01,2024-07-15,US
215f85dd-f02a-4ff4-84cb-a382440ed0ee,832,151,7,688.9,2024-01-13,EU
6d2d9ce0-0c08-4827-a50e-5672dd7959db,753,418,2,788.15,2024-04-27,APAC
20c54740-1c94-4582-98d0-f081bf0a661f,173,483,3,417.38,2024-05-19,US
da9a75aa-888a-4843-8200-174d5f2cf969,547,441,9,1108.99,2024-01-10,APAC
4894a6fa-4214-4b6c-966f-1a05d340c195,880,165,6,1402.3,2024-02-21,US
7029bef2-3864-41a8-bf42-b63470d745da,236,312,6,2573.19,2025-04-26,APAC
870ac8eb-3691-461e-b15b-3ba117133a97,655,383,8,166.25,2025-06-15,US
9eae9edc-b31d-46af-b0a5-497f61482642,253,103,8,2748.0,2025-02-26,EU
5433ddf3-c2e3-46e6-b97a-39aa21c68a9f,82,413,7,1334.88,2024-11-11,APAC
4123a374-f20c-4ee5-bf28-81b1392cab54,297,218,3,784.4,2025-05-16,EU
ee7e5508-c51f-4ca1-a1f3-174ed4454364,804,407,10,613.62,2024-11-29,APAC
33224038-f04a-4bdd-8ab1-09cd0703659a,991,191,9,1557.75,2025-05-04,US
ae99fe72-f817-455a-802c-9157de27225d,738,59,3,1032.91,2025-06-24,US
d48d9710-3d79-4a4e-b10e-a643fe569ba7,452,132,10,4114.7,2024-05-11,APAC
e8d085c1-03a9-40dd-b042-2cd5cc4f0e1f,946,28,10,2769.07,2024-01-29,EU
923dc826-c10f-4ec6-8213-80245accad7b,647,131,6,1811.72,2024-12-06,EU
0e8543ae-0fd3-4b1d-acc6-c4b8b7e35a0c,625,403,3,830.01,2024-07-11,US
93900da9-a0c0-491e-920c-912f82486dc7,329,26,8,2311.71,2025-06-25,EU
1a55b2c5-17be-4096-9154-42f0fbc90860,584,432,3,304.36,2024-07-10,EU
8ed974bd-d37d-4c00-85cb-6345b42cb98b,427,167,10,122.49,2024-10-08,APAC
07cf25e1-9c98-41a1-b288-45ffccbd0aa8,905,166,1,367.68,2024-07-17,US
10b3fd54-d215-44ff-a6ae-94a5fb2afebf,197,131,3,324.31,2025-05-28,APAC
50f4e17c-a2b6-4af1-8e60-6673bdd004b7,739,248,8,664.91,2024-03-30,APAC
18a0036d-3a7b-401b-bd58-06f26826aa29,873,50,1,225.91,2024-03-15,APAC
251431fa-8fef-4f4c-9403-6574836666fd,872,68,1,70.69,2024-03-23,APAC
33f79b66-fc93-45b1-bb26-955a49748f18,502,370,9,2010.37,2024-08-13,EU
0180f70a-7464-4ca0-8d5c-526451117a34,561,301,4,1073.38,2024-08-25,EU
a040ee09-7a73-406b-846e-efe35372fe4c,382,394,2,733.6,2024-10-26,APAC
255f23d3-865b-4a9c-8ec7-801fc93aa664,734,140,8,2582.25,2025-04-24,EU
002c8750-f8cd-43ef-9343-6030873c79f9,624,248,10,59.98,2024-01-16,EU
47fbcff7-baf7-4b62-aa62-8003497cbc56,222,289,7,54.72,2024-01-27,US
2c4c3ae5-5e76-4022-864f-5727ebace822,305,208,2,420.93,2025-01-25,US
5af73e6d-22b3-4831-838e-c4ff7052b32d,696,414,6,2752.28,2024-03-03,APAC
75e48c42-e059-4e42-86ce-5f4c0cac69b3,625,497,6,2504.56,2025-02-22,US
3eaceedb-b79b-4e01-93f6-f5d009ba1fb6,318,144,6,962.95,2024-12-30,APAC
1e0f67be-b64b-4072-83f6-c6709045772b,404,15,8,2327.26,2024-12-19,APAC
02b58c61-ca30-4f93-8487-1ef1300af7a6,233,241,9,2865.84,2024-05-26,APAC
ba037dc7-ce5a-4302-8355-d72c3a0baea3,32,83,9,1828.99,2025-01-08,US
038d78c8-f2ca-4917-aaad-939e23101e64,550,301,7,1717.36,2024-08-20,EU
4889896b-e1c0-4a3f-9254-9ef487f64f61,366,482,6,2218.91,2025-06-07,APAC
f48afba1-1248-4235-963d-dfb9b57943e4,83,434,1,187.51,2025-03-21,US
7acfa91e-b812-4f49-8bfb-1a1a0322e2e6,458,349,1,33.91,2024-02-24,EU
71d655a1-f3a9-4ba5-b832-956832a581d4,855,294,3,235.15,2025-03-11,EU
8d0591a4-131e-4a10-89ea-e60b99553d02,601,489,8,329.28,2024-02-07,US
a0499418-7b08-489c-af79-83852f633527,968,218,5,475.22,2024-11-17,US
3a5a1281-58f0-4e68-96ac-6babff528bd7,978,445,8,2199.53,2025-02-18,APAC
d092d5b7-0bdf-44bd-998d-4dcbfa01f624,493,16,10,1075.61,2024-04-19,APAC
52e83328-b021-40fd-98dc-e8252c6a44ec,262,156,5,588.51,2024-11-18,APAC
f678b38e-d9b8-4084-a044-0c7008f833dc,694,495,9,1882.84,2025-03-09,APAC
45b0cb69-8ef9-48c0-959d-f695c59664d3,61,143,4,1047.18,2025-06-29,US
34a36c1c-6ce1-42c2-8bd8-d58739ed5069,586,378,1,24.03,2024-10-27,EU
e5f0cb50-5bf1-4f57-9350-5f67cf8204f2,212,232,4,470.19,2025-01-14,EU
f313374d-af68-4351-bf8f-a912d09b6b88,258,358,7,2442.97,2024-01-05,US
f60a3d70-9c96-477c-b0eb-414feb2940d4,22,143,3,532.52,2024-05-10,EU
8d675683-ed3b-44ba-938a-8a3f59a7b432,814,469,1,9.79,2024-02-05,EU
376e6170-eab2-43b1-b353-aedc3d70fb26,98,12,6,386.03,2024-04-27,EU
99b61499-1acd-48aa-8dca-8f35902068c9,307,122,9,3801.4,2024-09-02,EU
1ef08a74-fe56-47ff-afc1-6d4139c07bd9,566,102,5,1723.54,2024-07-13,APAC
225b9e87-c9fe-4c71-bda4-b1f7da2db60d,93,262,8,2356.13,2024-11-20,US
6404ac6b-21cf-425d-acfa-58a5aa181a87,36,448,9,2768.65,2024-11-09,APAC
76b3d1ea-b357-450f-87ff-f169d9abf4d7,367,260,,465.58,2024-03-09,APAC
03697bb6-b638-4c31-b66e-972545597f4f,810,144,10,4783.12,2024-11-20,EU
aaa21cf0-2a56-46e9-86a8-10fcc1907014,962,471,4,1969.15,2025-03-13,APAC
a46f6709-0ac4-4f77-8438-9649327463a2,905,158,8,2238.33,2025-03-16,US
4f893ea5-a92f-48a3-916d-ab67bbfa536d,978,152,4,857.17,2024-04-01,US
7d1bb17e-6c35-4e58-a249-11bb8bbeee23,722,224,7,1295.77,2024-06-16,US
d804c8b2-d9d5-4a90-922f-69acb0982d61,809,26,,470.31,2025-01-13,US
9c1736a0-acb4-4324-b089-dec995aeeae1,340,342,3,855.56,2025-01-25,APAC
18265985-ebc3-4daf-aeca-764826ac693b,655,189,6,2360.04,2024-10-24,APAC
a6002423-2861-46d2-9ce5-9359efc06bb7,484,119,10,3857.14,2024-11-26,APAC
e9d03ad0-b5b1-4062-8b6d-02aebe834023,959,339,9,3250.73,2025-01-09,US
ca41f0c1-fc2f-41de-9f42-d1123485e7a1,763,386,7,3260.83,2025-03-14,US
4b620a9e-6fd3-4117-a650-b0b204a32adf,587,195,4,846.07,2024-02-19,APAC
5b0fc8b6-8e95-4d6b-964c-3d22ec40f16c,134,32,4,1752.36,2024-08-10,US
5d3c035c-ce67-44fb-8d91-2c6aed9ee595,92,70,2,347.64,2024-11-25,APAC
380a196a-4ab7-41aa-9576-21c05a70f6c7,456,21,2,431.59,2024-11-17,US
e96a639a-7e5e-4d71-8d74-9b6b08e8bea7,171,234,2,97.22,2025-04-15,EU
bfe72c84-be29-478d-b7e1-5e96bd0a5dbe,914,363,7,3051.49,2024-07-17,APAC
308dea78-782f-41f2-9f0d-aa4fe5693f7f,736,184,8,3803.73,2024-02-12,APAC
e49e4479-99ae-43dc-a1cc-a255b26249f8,661,96,9,3152.24,2024-07-30,US
c631fddc-045d-483a-ad5b-c83707c94260,1010,300,10,4106.08,2025-05-28,US
b17637fd-3cd7-4283-8882-b45c7e15f935,52,328,8,1870.69,2024-02-12,EU
d0f0069c-d718-4676-95c7-be912dbe12d3,805,19,5,541.12,2025-03-13,US
8db8793e-c204-41fc-968b-9665810e7b30,174,196,10,2876.9,2024-01-08,US
79cee48c-d8fa-4bbd-9ab8-94de13958656,189,371,9,4473.62,2024-09-10,EU
128073d6-601f-45ed-89e6-8f5318815075,354,306,9,1400.34,2024-04-22,EU
83216885-a12f-493f-bb0c-f211847e4aea,904,40,1,305.88,2024-05-15,APAC
e83c0c23-f834-413d-a520-1532863e9022,523,10,4,1659.74,2024-11-30,APAC
4855727d-2d8f-4d7c-8c72-784ad7202f4d,587,442,7,1887.14,2025-02-03,EU
345bf24b-98f9-4a9e-b940-687e022a365a,643,321,1,274.47,2024-04-06,APAC
c9db1dcf-8085-4477-98f2-15114028a981,82,115,8,2067.31,2025-03-22,APAC
e7510799-0439-45cf-8249-b13efe3b3fb3,307,352,3,751.92,2024-03-08,US
c5cdba8c-de5b-4b6e-a263-cd685a7e97b3,143,121,1,191.78,2025-05-02,EU
7ac9867a-af49-4687-a793-b8e2de122df5,304,264,3,1031.13,2025-01-21,US
52294fa1-a7f8-48b5-84b1-b5b23e7fe805,282,385,4,1699.57,2025-02-26,EU
77501184-198d-4013-8562-dabb31e3ee1b,952,168,5,1176.16,2025-02-18,APAC
b9d01b01-be44-47c7-ab2b-4083eff3bc65,870,169,6,2245.64,2024-07-26,US
19cb40a7-f26e-4ea1-bad4-0da8c1be9ccb,1019,310,4,979.36,2024-03-07,APAC
d40b4afa-3b8b-4de0-877e-ec6d22c1d817,339,204,3,921.75,2024-10-06,APAC
d10f76da-3ed2-4fd5-8207-77eab68ecdfc,308,102,10,3038.12,2024-02-21,EU
7d1221c2-ec98-4a0a-9fde-41b7b1cef810,313,117,7,3434.61,2024-10-14,APAC
d8aee3c4-77b4-4f40-b79a-12f185a454d4,942,113,8,2523.37,2024-12-20,EU
88dfafc6-8d1a-40ae-b2f6-72cbc48d6624,667,83,3,1241.13,2025-05-25,APAC
0d92978c-685b-47e0-a4ee-6aa4f278e550,411,233,5,2284.15,2024-01-02,APAC
482db43d-97e3-4579-addb-647a68849b06,380,114,9,1110.09,2025-03-06,EU
ab6766ec-0a70-4f43-8a3a-cab16cd79a78,969,133,2,737.7,2024-01-16,APAC
f7093dc6-2101-4af1-9556-9589149196a3,888,177,,432.56,2024-07-02,APAC
0788736b-5748-4352-9d7e-596c7ab75012,628,71,9,3869.8,2025-01-31,APAC
f3670d63-7cf4-4189-bd61-dcd11adaea5c,564,166,10,1768.42,2024-09-16,US
3f663a45-1201-414c-aeab-3fe3146f7e3c,577,381,10,3534.63,2025-03-04,US
92cb11f9-60f6-402d-af42-9b8ca6f20e81,78,24,2,690.99,2025-03-28,US
76a9e8e1-f9b3-48dc-8621-73db6b3d361b,306,493,10,4033.76,2024-02-13,APAC
2a3d2ee3-b2b1-4a16-be63-0e2d6bdf3ee9,32,151,1,424.56,2024-12-12,US
f8395d02-4a70-4508-836a-4ff35cedb433,369,8,7,3232.62,2024-07-26,US
6863d4e6-f07e-45bb-9457-c329d4f704b2,415,161,8,1608.65,2025-04-26,APAC
c81c8440-30b0-4479-be51-49ab05945d5a,908,92,9,4497.26,2025-05-22,US
6826cb53-813d-4140-bfe5-acbb20825530,776,335,10,2913.12,2024-11-09,EU
cc064807-70d4-40e4-b2ca-5e25e7cca260,545,413,7,1592.31,2024-12-17,EU
1139e9e6-d231-49a3-93a4-2e2b2526fabf,299,201,4,1497.64,2024-10-02,US
25ee13f5-3aab-419f-b069-ce5fd84d026a,274,161,7,1135.87,2024-02-29,US
a75bb297-3e8a-4342-9ca5-d8b50965e945,820,131,8,439.65,2024-07-24,EU
1c04b82e-f0d5-4406-b4cc-efb25a9f0f9d,334,442,4,1034.18,2025-02-11,EU
1c58628e-2aee-4031-b948-b95d7d88ab20,832,50,7,681.14,2024-07-11,APAC
41816be5-7aed-46b5-9f56-5e77cf54adc2,510,355,10,4499.1,2024-04-13,US
76d97750-f932-45a6-bfb4-6f752e500472,425,252,9,2618.89,2025-01-08,APAC
3dc6f78f-45b5-41db-a5c4-d1ae74477f1c,814,430,10,2786.82,2024-09-11,APAC
eb3c66ce-62b7-4bbb-9122-81de9d86f33a,144,308,2,855.78,2025-01-17,APAC
06b467bc-b67e-4a0a-b026-09e484c6bb80,222,210,4,460.94,2024-08-13,APAC
a6aa84cc-354e-4fa0-be23-94af05ef263c,184,440,1,316.82,2025-02-04,EU
0f99ee5f-15fe-4c44-b738-7f6a1f5415ec,830,376,5,498.71,2025-07-02,APAC
5928bdca-9bf2-4b08-aad2-7ca6d8f50791,804,101,3,746.88,2025-06-04,EU
7152b3e7-bb23-44fa-b3c5-7cf444425d69,847,185,,492.61,2024-03-18,EU
e2460ac3-adbc-4f21-9864-dfbec8866a5e,158,308,6,1023.39,2024-05-08,EU
41b349bc-967d-4546-a752-deaa9fa69207,959,296,5,1528.85,2024-10-11,US
fb327561-4562-4dfe-ab79-6c077879e6e7,512,109,7,2450.18,2025-04-08,APAC
108fb549-cb98-4458-b648-3f6f7b639d55,191,254,6,2345.06,2024-10-17,EU
f26d271f-4b2f-4c5e-a0e5-873d1f75d539,210,48,7,2353.21,2024-04-26,EU
cace5c36-9364-48ae-b3df-1b34c4310124,770,133,2,655.74,2025-01-22,EU
6d26efba-adce-4926-a33e-67da41cfe96a,267,190,4,1567.24,2024-09-22,EU
d538fcf2-a886-4098-bb39-8ebef0176322,457,472,8,2525.02,2024-07-25,US
196353f3-4d5e-4b05-8421-46ff1ca834f7,101,58,6,2614.35,2024-12-30,APAC
3cd7b9bf-83b9-492b-95a0-a8b4dbb62c42,809,310,7,2565.82,2024-09-23,EU
f0a4872c-f62f-483b-87e4-9bd63115ddb3,779,425,5,1722.96,2024-01-06,EU
e734ed6a-a354-475b-bd77-22249e1cc013,185,175,4,1106.77,2024-10-19,US
ea0ce075-43ea-4dd1-b873-a8bd56916ddb,591,217,,418.96,2025-05-21,US
e1f60a53-69de-49c8-ac7e-592fb0aad627,724,124,6,633.83,2025-05-16,APAC
59a63e76-9ea5-4a4a-834b-781100c7eb7f,337,392,10,3461.96,2025-03-12,EU
0e56d840-3977-4e79-b7cc-c69bf6c27ea9,772,438,8,913.09,2024-07-08,US
889c75a5-da80-41aa-9b55-0e9b7d32088a,976,460,1,45.63,2025-04-20,EU
43ec49e7-cd19-462c-b12a-9c40315763a4,865,205,6,159.19,2024-01-23,US
3058af0b-d999-4033-a359-e9b4d5eb9988,880,181,6,1850.61,2025-05-17,EU
56ec30db-5803-41cc-b4bf-49aa7ed4ae32,173,38,8,362.44,2024-08-01,EU
c8c3d3b2-44eb-449c-8f10-e908944ab551,601,348,7,2403.08,2024-02-15,APAC
2bfe4a01-b675-4b28-a324-f7ec434539f2,267,82,5,1004.48,2024-04-24,APAC
8bd8a809-1a49-4e03-ac13-2eed2e96a69d,295,443,1,452.99,2024-11-08,US
63af7d0a-299a-4b47-9d7a-9303ac5f6933,318,435,2,569.11,2024-08-03,APAC
c1b6431f-d385-4c2a-b2ce-bf49a2c313e7,313,413,3,1382.56,2024-08-13,APAC
3c5d998b-39bd-4f90-ad5f-b42c8649fa24,820,122,1,132.24,2025-04-21,EU
ef1365a5-3574-4eb2-be8d-2d9b7f3e0ee5,536,117,,74.19,2024-03-27,US
ddcfcbd6-5647-41f4-ae3a-9e0e9c282483,207,203,6,303.85,2024-10-25,US
6c0f4a97-bbba-4a92-9a8e-44aded6dc8f3,386,483,8,3782.88,2024-04-16,US
2b5c6624-1665-49e6-ab25-2d57746b5b86,890,219,4,266.41,2024-06-19,APAC
b1b21dda-cdbf-4cf1-9aee-90adb0676fc6,371,78,8,2017.26,2024-08-28,EU
7d47fbc8-511e-4e2b-a3ac-5d796d2568c4,430,334,3,1419.57,2024-12-07,EU
5db59c05-722a-4039-865a-0e883816fdac,217,368,4,1196.24,2024-06-05,US
d036cccf-09af-412b-8c39-b944a627abc7,4,111,6,931.55,2024-05-06,APAC
b03bbd58-59ce-4654-a6ba-f71c7896652b,391,265,9,3050.01,2024-08-19,US
fd92c829-c8c4-4573-9d6e-39591b5998bd,368,276,,446.91,2025-02-14,EU
1161e602-8cf0-4faa-b53e-2ba2cb7ce6eb,147,85,5,1393.71,2025-02-17,EU
53673258-0ef6-4373-8d2f-26b3289fadf7,536,311,7,2314.45,2024-08-20,EU
bcb2a838-141c-446d-b17b-412dea1b49f7,28,332,3,1448.55,2024-03-29,US
d931fa7d-05a7-4fd0-b8e2-fbf9dbd6fb12,827,468,1,177.18,2025-04-27,APAC
494f687f-0017-4404-8320-e604456626f3,245,396,9,3789.29,2024-11-06,APAC
0765f3f6-ed06-4c9e-bb3d-746157abf009,449,490,5,1027.96,2024-10-25,APAC
43fcb624-8920-43a8-95ab-d0ef29fc1adb,361,240,8,3498.08,2025-05-29,APAC
9addda66-86fc-42a6-bf1e-ea4c495ae267,218,171,7,3330.7,2024-01-14,EU
a6370a2b-aee2-492b-bc88-8d1d2cca6dcd,583,214,1,197.17,2024-07-02,EU
82208c63-5e88-486f-ac79-691c645ac5fb,404,179,3,1347.33,2024-03-26,US
ade6b216-65e7-4d4d-907c-a9a7f3a3450f,260,373,7,788.21,2024-12-27,EU
5e7a5649-6a56-4c6e-a237-8f26191abe39,38,102,4,563.81,2025-02-28,US
f8dfadb9-5006-4027-8cfa-c23ce2f7dd6e,75,410,4,1593.26,2025-06-07,EU
433c6668-2b5a-43c1-be11-3edadc8f6d38,83,185,7,2552.08,2024-02-25,US
3381afe4-029f-4c0b-a447-d29412d42374,970,281,2,802.09,2024-04-10,APAC
a00796ec-01c5-4727-8a6a-b11f177510fd,84,437,1,409.33,2024-03-04,US
39a5fe76-9255-4ad4-b456-8f68c609dd29,208,285,6,591.47,2024-04-14,APAC
2764e5b0-ec3a-46b0-bccb-ae8d19a95d1a,483,62,3,42.63,2024-03-06,US
3ae5a243-24c7-40ff-a197-e199b159b7ad,279,286,2,763.37,2024-03-05,US
9c1f7b04-0a17-4c63-a7d5-104e90560ca9,964,495,2,361.98,2025-03-06,APAC
f692adb0-4ed0-49e4-b3e4-09925e7a8578,694,476,9,226.6,2024-05-19,US
d29226d1-b0f4-419b-870e-adfa8dcaf546,823,122,6,1243.48,2025-04-10,APAC
0fd3760e-dabe-42e0-9536-534962339062,53,119,8,2262.38,2025-06-26,US
fb5e7f40-1667-4db0-a9af-0fb8587df599,594,339,7,1182.13,2024-07-07,US
4e867992-5de8-44f3-affa-eac3120a530e,837,448,4,808.35,2024-02-04,APAC
9b4477c9-cdf4-4207-8447-1657719cd8fb,309,110,1,223.38,2025-06-15,EU
73c53cd5-63ce-4094-ae1a-1f2b850a8230,693,448,7,2011.55,2024-11-27,EU
aec1dd8c-e209-45f5-947a-5ff7c68a3561,519,247,,386.59,2024-11-15,US
433e5110-030c-4e75-938a-384836dbf3cf,267,194,1,489.08,2024-05-09,EU
3b03a505-21a0-46d0-a3b8-49c04b23547f,773,377,4,1567.05,2025-02-05,EU
189e30e2-b05e-453f-a68c-7a9ff8f90192,578,231,8,1125.25,2025-05-01,US
3a77ed85-8124-4b3f-a368-9d8c428a07d8,833,38,9,2690.55,2024-11-10,US
eb82ea76-15c9-4806-8df5-af71332797d1,20,159,3,539.02,2024-12-01,US
f38c407f-51fd-4f38-82d7-c019e18c5a0e,406,268,3,702.01,2025-04-24,EU
becd810c-435d-49e3-ba7e-8df572400d4e,545,104,3,168.23,2024-04-02,APAC
1900ccb8-df21-41c0-9262-e7a8f3baa9d2,567,45,10,278.34,2024-11-05,APAC
dc9061e5-0aef-4be4-a72b-9d70a6757509,41,94,8,1418.69,2025-05-23,APAC
9c0f8043-f82f-4335-9035-19fca5dbf2f0,813,197,1,466.72,2025-05-10,EU
34aca08e-9939-4fde-889c-7132c0b01f85,3,456,6,1352.31,2024-02-02,APAC
b9ed3b24-3bc5-4e4a-8966-68c95e0c0658,753,485,10,4034.24,2025-05-31,APAC
2ca94f2b-8dc5-4adc-b277-dfc61d9d2fe3,951,296,8,3500.76,2024-12-23,EU
bb9ecaf1-b94d-41d0-a427-3d934cbd147d,629,291,4,1621.99,2024-02-10,US
2e0ccb64-2b5f-414b-b4cb-d04d342aa123,79,23,4,600.6,2024-07-27,EU
a3b947d7-919d-4163-a50c-65e7ef1b4601,442,213,4,1254.34,2024-05-28,EU
189be6d9-3c79-4cee-b5ea-3fd28f486ce2,32,8,6,743.66,2024-06-25,US
2400f57b-47a1-406c-a82f-e69b42bb9fb5,43,199,3,266.46,2025-03-25,EU
0ede48f8-d15c-4da6-b91e-41294bb344e2,301,31,5,952.41,2024-06-23,APAC
c26cdc16-49c1-4aab-912b-5eaf40dfcea6,996,316,8,3289.68,2025-02-08,APAC
54c9df44-ecc4-4b76-b50f-42670f81438f,16,271,10,1516.04,2025-04-29,EU
30e0ece0-14b5-4a08-92c9-9e369209ebee,761,160,9,3377.23,2024-11-20,EU
d0f74487-7b01-4fdf-9e92-1b7351ca1990,754,110,3,1013.28,2024-12-29,APAC
aba6e780-df61-47d6-8e50-32172df11476,617,31,6,552.24,2024-12-15,APAC
7188eb3e-258e-4e0c-be42-459fc980679f,236,22,7,2760.29,2024-03-13,APAC
d91d9f11-8b46-4187-b174-05a053a849df,485,450,10,2981.14,2024-09-01,EU
45090605-6645-4f8a-b6a1-38e7ccf07717,35,155,5,1067.9,2025-04-29,APAC
854c0792-c59b-4c22-8342-a36bcb542019,142,270,4,289.97,2024-05-08,US
8d9fd68a-c65f-4ec8-a33c-9888752f475f,398,209,2,119.77,2025-02-28,APAC
e49ada89-58a7-4b23-b10d-8cc33a36e31a,254,298,2,766.74,2025-05-29,EU
caa9c240-b160-42f2-8b07-9fe499285e4b,247,487,8,1971.33,2024-11-14,EU
64d35fca-1c2d-4421-8406-2a0e4bb11466,546,108,1,447.84,2025-05-05,EU
f26bb48b-46ae-4802-9110-6aa6b9a78492,399,294,2,392.99,2024-05-18,EU
d2494604-d3ee-43c6-b5f2-1a79a36092e2,750,298,,203.91,2024-08-01,EU
122206f9-47dd-46fc-b93c-4962edffe029,550,75,6,2789.37,2025-02-18,EU
5b8e0aed-5673-473b-9f16-c012a973d6a8,221,218,3,299.34,2024-08-09,APAC
fb48852a-89af-4cb9-abe4-55294f57b005,418,461,1,228.97,2024-10-02,EU
86f6e5c3-ec7e-4cba-a7ab-0445b2175cd1,115,96,4,1417.39,2025-04-27,APAC
d878579f-4dad-4bc2-9a73-d81d85d50584,838,304,3,992.26,2024-12-08,EU
3d7a63af-e6ae-4049-a63d-3129d5d717a1,285,28,10,4934.09,2025-05-07,APAC
e906a7b2-afc4-49e7-99f3-b9a0d5906263,225,282,9,4189.6,2024-01-02,APAC
2bc2c8fb-65fb-4de6-a26e-37974415351f,823,15,4,1434.97,2024-03-12,APAC
f05bf4e8-da76-4c28-8403-b30df6e99202,40,330,4,1849.36,2024-12-01,EU
d9620f3b-175d-4f7a-9651-764bfcc39fc1,214,272,7,1999.07,2024-03-30,EU
02b43912-9ff1-48a3-98a8-29871a863fc4,985,474,8,472.92,2024-02-17,APAC
631cefa1-fe98-435a-aebf-0ee70a90ed78,345,473,10,3139.58,2024-10-16,US
1e322a29-7cff-4b5a-ad42-6c8d0b6714a4,561,83,2,276.96,2024-09-24,EU
dd7a8e98-86a4-47d5-ac1d-9bf68233b9e1,279,179,3,732.84,2024-08-01,US
4dfff447-5c1a-4057-bf5d-0b7578f6ffd7,628,403,6,502.08,2024-06-11,EU
ec6a856e-53f1-42c6-b245-19e6dfe50e0b,427,281,10,2084.91,2024-06-19,US
e7808f5b-b69d-4751-bce5-ad046dbc3883,687,333,10,2078.38,2024-05-12,APAC
1816b04e-a27a-43dc-a638-3f33464ba5dd,13,137,10,3143.17,2024-07-17,EU
82e0529c-282d-4645-86d1-40df5665220c,668,442,4,56.27,2024-08-30,EU
e0a9a950-ec0d-46a1-94b1-e373d4ec1f46,65,156,1,389.73,2024-06-25,US
4d37b1fc-941e-44dd-b76d-3f5ce2929fdb,995,368,5,2123.22,2024-12-20,EU
95cb459b-7a81-4cb2-b2fc-2c11afc21a06,29,34,10,3295.32,2024-02-04,APAC
9e4db08c-590b-4550-aa3f-ddb40a42468f,790,449,4,171.13,2024-03-18,US
81a8318d-8db9-4d42-9628-6b04c533497f,891,229,2,425.95,2025-01-06,US
da12c9f5-0316-4b83-afda-4b81f4424e04,756,25,8,1268.19,2024-04-30,APAC
c052d42e-8fb0-41e5-91df-79249c98e841,987,96,3,1106.02,2025-04-21,APAC
e775ef65-29bc-4cc1-bb7d-286d73555784,401,443,6,2583.36,2024-02-03,APAC
ece7b988-e1b7-456e-b23a-007fe6aa3804,541,248,5,2491.91,2025-06-18,APAC
27d1bb35-6841-481b-89a0-9a5aae8320f4,489,180,5,2456.63,2024-03-29,US
de75c92d-4d7a-487d-8a9c-18437a7ae542,250,31,2,517.78,2024-12-22,APAC
c9f7bea1-79af-4d57-86a8-0b76b589d6bc,666,172,2,566.11,2024-04-26,EU
d9ed2a25-7a7c-4bdd-8844-3386bfae8f77,829,471,7,463.01,2024-12-24,US
32ac3586-859b-4e3e-800f-7848bf902e0a,781,115,5,1437.76,2024-01-31,APAC
db5d1eef-7ab9-4e45-827d-81bd993ac526,976,81,1,34.37,2024-02-22,APAC
3e0c2867-c1d8-466d-9cb6-3e5e4119dea2,149,374,10,361.76,2024-09-17,EU
861d2a08-678a-4ee4-a0af-192b952a0303,217,25,6,692.58,2025-05-04,APAC
57b2e8ac-3f68-48b9-8d5c-4de024930862,25,370,9,898.46,2024-06-29,US
9be259d8-1979-4631-b1a3-8506ba56352c,480,468,6,1486.87,2024-12-07,US
8b9db1bf-710c-472a-8334-c27188ae7e2d,608,145,3,784.89,2024-11-27,US
9111433f-bf58-4f75-9186-a7caf8174ced,40,120,7,1883.81,2024-06-03,APAC
a3d08f46-1171-4e5d-acea-c56b6ccdb273,823,203,9,4357.51,2025-04-10,APAC
6d9ef36d-f4a9-4589-bae8-3e1038de6f78,127,53,2,684.26,2024-07-26,EU
fc2ba462-f22b-4070-a7ad-8e163199becf,6,227,1,431.23,2025-06-23,APAC
b62a3234-d41c-45bc-8158-68f2eb5abcbf,359,105,3,441.67,2024-08-01,APAC
e44c2c8d-dd16-4168-adef-5dccc1432f0e,511,83,4,208.11,2025-02-19,APAC
328c2818-89a6-4773-b4c7-518621e950d5,332,477,6,2174.37,2024-04-20,US
0115d4e4-2428-447d-8654-2334e40e872d,171,257,7,755.84,2024-03-29,EU
e5f326bc-80a0-44a7-8620-95668480459e,581,45,6,1334.96,2025-01-11,APAC
ed68609a-c0f3-4c56-9f24-bb4166d9c873,209,2,4,257.88,2025-06-20,US
04afc619-f71e-4da1-9e87-12dafcadae20,965,103,4,1825.95,2024-11-25,EU
1711288f-2306-4902-af25-30c3844dfb9e,461,291,10,4227.56,2025-04-18,US
ec68e670-f188-467e-a3d3-a646d1ecb9b1,431,81,8,2311.16,2024-05-26,APAC
def2da8d-58a1-4532-a1fa-0fb3a567115c,253,443,3,1420.41,2024-02-24,US
f729bc07-fadc-4ca9-bd9b-4c8bd8747dea,244,177,9,3161.16,2025-01-03,US
6dfa91c2-d44a-45e1-b973-acda7e468fb4,925,371,1,214.6,2025-01-23,EU
ba83b889-39b5-4733-98a0-b29628aebd04,806,93,10,4800.73,2024-06-30,EU
8cf76ad9-9bd5-4026-a48a-e60e4049c5e8,302,281,7,70.91,2024-07-16,APAC
04348694-e8c0-43c8-b3ee-6e4cebcc02c6,23,378,10,3087.7,2024-06-01,APAC
0aa88dbd-f171-4a4c-95ba-dcbbb1061ec7,994,136,9,2571.63,2024-02-27,US
c6d428e6-9a21-4b4d-bb99-f3bd6b568524,989,315,10,2974.29,2024-02-20,US
5b7a7076-7427-40d1-8f5f-5569097a9dfb,805,310,6,1927.12,2024-10-14,APAC
25241a10-a9ba-4b65-855f-a364604a04c0,689,26,3,592.09,2024-11-20,APAC
9c6f4cc8-25ae-4745-9bf5-9e5d9c4cca91,731,273,1,100.66,2025-03-28,US
fa656633-c68c-4cd2-99cd-4ebec4578de2,347,262,4,1309.71,2024-09-01,US
40e0c643-7e13-4667-b1f6-02f43702a54d,330,148,5,1655.11,2024-07-23,EU
4137deac-2a10-4d1a-b36d-37f12da40387,902,453,2,30.8,2024-12-13,APAC
74556974-fb76-4154-8dca-97fd6d111f40,32,181,2,882.82,2024-04-24,US
5cfbe81a-6448-4b89-aebb-a88668a180c1,453,370,1,274.82,2024-06-24,US
683fb48a-1a9e-486d-9952-b1fc8de0aca9,54,464,8,1483.88,2024-10-09,US
dde6a254-d93a-464d-a5c9-c9da12a99abc,895,299,9,3479.09,2025-01-19,APAC
1f85ec5a-4b8c-43b0-9c0b-bf730827975c,833,413,2,260.71,2024-08-17,EU
9039534d-a04c-4346-905a-9d1cbfb15760,678,78,1,225.38,2025-07-03,APAC
6566e541-387e-4c18-8b29-b635a489365e,767,164,2,892.64,2024-08-07,EU
04a547aa-ff26-4e8c-896c-22fb9e863d78,103,166,1,491.23,2024-06-23,EU
059bf29e-f531-4112-83a7-2814c703b5a8,760,121,3,1448.03,2025-02-21,US
49a89df6-1cfd-415c-9f5a-0aadf85bca84,74,280,8,3977.81,2024-07-20,US
b641a8f7-bced-421b-a340-21e44fc9ada2,801,454,1,177.44,2024-07-26,EU
f108f52d-c39a-44e1-b7b9-c2b978d10cf3,304,278,6,1565.83,2024-07-28,EU
77ba400c-6c27-4b15-ac34-6cc4ccc9e324,442,449,9,3093.98,2024-03-16,US
384f5d52-3039-483c-aa92-77b1d8b58d69,38,413,10,3856.67,2024-05-19,EU
ffc4e5a4-72f1-4d31-850a-e731a3a42a05,981,382,9,798.22,2024-04-22,APAC
670badbc-b51a-4ba7-8f6b-3235a591cf4b,311,282,7,3229.07,2025-01-14,US
779865be-36dd-44d2-9fd9-0c4debcbd595,497,478,9,245.39,2024-03-18,EU
d1441dc6-2b42-4ab5-9835-e69f24cf3b10,243,279,7,801.55,2024-03-02,EU
bf6833f3-8c91-443e-a6d2-e59855016e6b,380,90,4,583.71,2024-12-30,US
e080f7f1-b9cd-4325-9868-f4215823e163,882,422,2,193.31,2024-11-08,APAC
0ab843c0-4d4e-48cd-aaa2-009fb4bf96bb,648,296,5,2372.18,2025-02-26,US
5f27bf2c-bc36-47aa-b952-29a01dcbe07b,334,343,10,4790.88,2024-04-01,APAC
ae0dc160-b185-4bec-8104-3437cec258f6,226,278,4,387.89,2024-06-09,APAC
18c775a2-3d6c-4aeb-911b-1f83af11c479,309,480,8,1657.68,2024-10-28,US
e0dcc0cd-b1c1-4d6c-ae75-850ec1b47f8d,14,435,7,1881.18,2025-04-26,EU
e34b22df-63a9-434e-a874-7bdaaf3f0052,18,192,9,3576.6,2024-02-23,EU
720ae243-acbd-4d60-8ce5-ff2e1e066c70,936,252,3,947.51,2025-05-28,EU
4a26e73b-c2b0-49a0-9705-d9fc7a0fbf41,959,260,6,2088.57,2025-03-11,US
86cbdf59-a715-42ab-a554-9942aa74c77f,257,9,10,3294.19,2024-10-24,EU
4e7b898c-887d-4335-ad5d-c960ac0e644c,776,138,2,612.14,2024-05-17,EU
520e3087-f6c2-44f2-9116-e8c7ae809c5c,993,197,10,2336.2,2024-12-10,US
a74e5b25-30df-410c-a502-a9646b3f055e,792,241,5,1581.45,2024-12-01,US
797a8f17-a4f6-4da6-8a17-b26f9598485f,890,413,3,28.19,2025-01-27,US
a610aa0a-9e1d-4ae1-bf17-b91abc9ec93b,405,431,10,2436.1,2025-02-09,US
55ff2892-b1ed-4002-96ee-895dc04c9974,185,278,6,2968.2,2024-10-18,EU
c54940a0-2533-4861-a64f-7d79ce1d2c46,547,457,3,426.67,2025-03-17,EU
bdb0b359-fa7e-455d-acbd-23ebb66013e7,259,253,2,164.47,2025-06-17,EU
7a499180-522f-4af7-9cff-3d5d0695b692,594,155,5,1117.2,2024-06-27,EU
bbd039e9-f31c-4653-8b91-f7e0d642856e,568,155,7,2266.38,2025-03-28,EU
26527c14-2ef3-436b-afbe-83a5ba4e00a1,467,117,4,1489.65,2025-04-16,EU
2eb5124a-fab7-448c-929b-9f900a9f272f,521,400,6,1442.49,2024-05-15,APAC
14e8a2d4-d066-417f-84e7-f3e152d9944f,445,424,7,1485.45,2024-12-28,EU
129c6915-9ce2-41f2-ac86-4dc700a539b0,678,400,7,1646.42,2024-04-16,APAC
a8fb1c8f-b56a-400d-b87e-9f9c4202310e,417,289,6,1546.02,2025-01-25,APAC
aa9fc230-3746-4de8-9d6e-a76720a48c57,418,300,8,204.93,2024-03-30,EU
9da296f9-de04-4339-88dc-75ef2baf5607,265,32,6,2748.18,2025-04-22,US
95f9b589-41ca-432d-b18a-ff72ad239c6d,802,235,1,427.74,2024-01-30,EU
1ddfd983-a446-48ed-8081-a45ce782b236,709,441,3,880.09,2024-06-09,APAC
c935ed15-6498-471f-a8c3-511d441f92f1,515,156,4,849.25,2025-01-01,US
39766cd8-f0aa-4628-8531-3d0a1d85f5ce,543,287,7,138.79,2025-02-19,APAC
48aee56e-fd7a-491c-84c5-def8223a4e31,386,44,,242.47,2024-12-24,EU
a95fad9a-0fca-4b9f-bdaa-b4eb1fc5f4dc,143,59,1,173.28,2025-05-10,APAC
27f1f454-d4ae-474d-aff4-adc0d51c13da,675,273,10,4347.91,2024-07-23,US
f5709fb3-bdff-4b2d-9468-f02c5ffe8606,619,489,1,184.32,2024-10-21,EU
4c689b86-8447-43a2-b626-1b8e327a451d,414,487,2,383.1,2024-10-24,EU
efb388c7-d1b1-4e92-bf56-45838f2aba49,611,462,9,556.1,2024-06-18,APAC
c7a1bed4-5c9e-470c-bca9-ec1eadc5706a,488,372,1,275.7,2024-03-24,US
16f17407-28db-452e-8005-579a611107de,47,354,2,696.79,2024-06-25,EU
cf2cbeff-68ab-4954-ae8d-912ff0755bdd,600,281,8,1910.8,2024-10-04,APAC
6c2b0a3a-5636-4ce8-8012-00c7c0765e63,707,198,5,1339.49,2024-01-04,US
1426775c-fbca-43a2-8efb-d7edb6e0a384,509,395,10,4309.22,2024-05-11,US
a49e0b53-6cae-452b-b4f6-d1d6579fa91f,118,392,8,438.43,2025-04-25,US
97e850ea-ff9c-4182-b0d3-b1388a88eeba,769,108,3,1241.79,2024-01-16,EU
1d569cce-6ac0-4fe6-b52e-801070f98211,592,273,1,50.43,2025-06-14,EU
c82c3589-4cd3-4fdb-9859-8db5cae5b1c7,276,160,2,418.39,2024-01-22,EU
d3e1c47c-1bc3-4caa-8c1d-c51c83a6d8e0,942,20,3,1098.35,2024-08-24,US
badd3147-0b53-4145-afa6-44b82ee50626,779,171,,39.34,2025-02-15,EU
8492108b-c339-42e3-b12c-02b2ca58bbb4,490,82,7,729.05,2024-11-05,US
32487277-83fa-40f8-a7ee-384068ee2842,734,340,9,1799.52,2025-06-22,US
ed0acbf4-3838-4eb7-b98f-2371a725f8b3,29,81,1,497.49,2025-04-10,APAC
87b5de65-944d-4372-a05e-f54188dfff3e,890,453,10,1263.75,2024-08-06,EU
b25094f5-01a4-4ad9-a1ac-2877beaa2335,431,110,7,591.59,2024-07-16,US
9c746386-c353-4a85-9771-306cf6ef2cb8,417,250,3,1184.88,2025-04-18,APAC
0b6388c1-1bd7-4bbb-9caa-24f4bc4cc342,439,5,5,1595.62,2024-09-20,APAC
482a6bf0-479a-4ab2-a8f1-da42874f756d,295,396,3,1298.49,2024-12-25,EU
de81eca1-8d23-4dad-ba57-5692eb09c13f,205,86,9,824.12,2024-08-22,US
f8b4a971-e050-45ba-bf7e-46d67819850e,179,200,7,1289.77,2024-06-07,US
df30e5bc-30bd-4334-a354-e5e53203c2ae,66,298,1,159.73,2024-11-09,US
197d1e48-2f77-4874-944e-963c7fd52371,690,453,5,1967.54,2025-03-05,APAC
16351d1a-4342-480d-ad3f-59f6799ccb64,963,79,2,858.41,2024-07-10,EU
f6639866-aead-4699-9f64-f96f6c638625,812,319,4,82.06,2025-06-07,APAC
9a27a6a5-9357-4cf0-a278-d619e7a7d11e,270,70,7,2844.59,2024-03-31,US
1a6d1e2f-6b1b-4a26-8a0a-570721f12349,157,388,4,97.83,2025-05-26,US
78ac6dc6-53e8-4b76-8425-f1470687cd66,461,38,9,3576.02,2024-06-01,APAC
60eeb65a-a1ea-4165-89fb-e5fe58462c65,159,161,1,350.96,2024-01-05,EU
f330f444-262b-4768-bc4e-a81441f421ed,961,426,6,1055.34,2024-03-06,US
a975aedb-a2ab-48b8-9e28-adafc426372f,238,170,4,695.98,2024-09-03,EU
402ee5b0-eae4-4402-9d32-f9ba1eb03dd8,830,188,8,2115.32,2024-09-18,US
af33a029-2740-4ba0-89de-00b7cdcc0d56,300,84,3,669.67,2024-04-14,US
f0affaa8-2945-4c86-8c56-bc0c95509182,810,347,7,3470.92,2024-09-28,EU
9c76a991-c42d-4ab2-9221-317244c8fba3,491,21,,17.28,2025-03-17,EU
3d63f4ef-2548-4b00-a3a7-2faba6a56a28,848,371,8,1687.49,2024-04-10,EU
65ccc10d-7c7b-4ddc-8b28-f1ab0198a61a,576,76,9,1328.39,2025-05-22,US
82e2ddc4-61b9-47c6-9cf5-25c97a13bab3,126,133,9,1623.48,2025-01-29,US
d8d57e9f-ee6f-40ea-8861-7693f6a33810,568,485,7,2082.67,2025-03-31,EU
4728e623-9cfb-4aa2-afba-6d18e2f3a01c,725,286,2,350.92,2024-10-10,APAC
132b18b5-5529-4ce3-89f4-e8253f7d01e0,203,327,1,100.28,2025-03-01,US
8a10b4ea-906a-4f24-a059-837233b2282d,234,7,8,260.47,2024-09-08,EU
b53d29ee-9143-4cc1-a364-eb39ef35d207,746,211,9,2140.19,2025-06-25,APAC
40bf9285-66bf-4ea2-bc88-4059688719a5,819,409,8,1790.15,2024-08-04,APAC
ccb352a8-2c0f-4e56-9ee6-40b637f057ec,290,34,4,248.73,2024-06-23,US
52010ba4-6f75-40dd-bb5c-b3b0838f766a,220,397,,26.99,2024-03-17,EU
56c57dfb-84a1-4fc6-b305-16c0b429a842,854,246,5,212.88,2024-11-17,US
d5fa1b35-d17b-4b4d-aa3a-6a24fef74a01,888,59,1,314.85,2024-07-22,EU
daadf750-ea7d-43f1-a66c-dc1157ffaed0,1000,121,1,244.89,2024-06-02,EU
42133e4f-fd96-4e0d-a043-de60664c042e,921,290,7,1186.55,2024-12-24,EU
bed50d2e-d99d-497c-996f-403349887a21,697,348,9,3725.28,2025-03-27,APAC
3e3433f0-bca4-4204-b629-281c5c42f289,977,230,10,4349.8,2024-12-24,EU
dd219735-3df7-4b1a-8869-63a1b6eb259e,874,65,1,136.37,2024-02-29,US
2e1f0142-e7d3-4c99-857b-78ce9587ddee,966,311,9,800.27,2024-10-26,US
9eb27938-e0d2-40d5-bdc1-f1f846133e7d,741,272,9,852.81,2024-10-06,US
0135d80a-4e1e-498c-bcbd-9090d29125ec,374,46,8,741.36,2024-08-23,APAC
7572f98f-55cf-4027-a1bd-df9d5884fda3,909,467,3,1049.35,2024-11-30,APAC
cdbc77a8-592b-49d0-b046-f49bf8c7f0c9,140,471,7,3209.63,2025-05-10,EU
b10d2f28-71ad-4019-86f0-bb63b83946a5,737,213,10,4777.65,2025-06-20,EU
b5dd9a5e-608f-46be-9cf7-15dc150527ac,182,383,9,2069.57,2024-02-27,EU
13e96f2d-af70-4af4-bcd0-637746ee35f6,531,28,10,361.27,2024-02-05,EU
f81eb34d-11f0-45e3-b1c3-eb652680c902,746,439,,335.15,2024-01-02,EU
e070eb83-35f5-40fb-b535-606a5efe5590,877,407,6,829.84,2025-05-02,EU
501f7fee-2365-4c40-b0b3-5c721267f50e,16,433,6,2223.2,2025-06-09,EU
247127e1-ca62-461d-a920-20be89cdc7d3,721,465,8,2903.2,2024-03-29,EU
bb867a35-f6a2-4a5f-b6cb-01fc791611cc,225,40,6,2225.14,2024-02-05,APAC
527a54ce-62aa-46a7-b7cb-c9cf1751267a,104,89,,154.46,2024-08-17,APAC
886f44c2-f89e-4d0d-bb0f-570f9461e04b,34,9,4,1344.29,2024-12-09,APAC
fc546c8d-a4e6-407a-82fe-e49c7c031da3,670,2,1,437.16,2024-01-14,APAC
c62d93d8-3fe0-420b-bd78-5a4792e2b91f,15,333,10,1453.04,2024-05-16,US
475835db-7a98-4ffb-8de3-6c134c428a32,798,243,5,130.51,2024-06-18,APAC
f224a4f4-e9f0-4183-a82d-b632fbfe5cb2,585,350,8,2919.42,2024-08-16,EU
a91da64d-a9ea-4cb1-9bcc-2deb98a64f8f,803,312,5,2035.06,2024-10-18,EU
671bdfdc-6ce3-455d-bdba-27b649cc53f1,331,123,2,814.8,2024-07-12,APAC
9c116c80-5b45-4939-98cb-2ae5d50bcac4,654,486,6,1958.35,2025-04-29,EU
67581179-aafa-4a5a-8fbc-ca7d35bad99f,926,103,4,256.27,2024-07-31,APAC
225f25a6-b76a-4812-b51c-68fd565012a0,69,306,6,2896.56,2024-04-02,US
9c3258f2-3b7e-4946-a79e-7a9fdc7c315b,275,265,7,946.32,2024-07-07,EU
354fff62-8640-4b76-8f33-be4a59488ed5,186,457,9,2631.25,2024-05-27,APAC
85e30bc7-6264-4274-8e17-69669bb3748f,759,99,7,3310.37,2025-06-29,APAC
70c4ec0e-3ba2-43d6-9612-317d5e17a293,923,460,1,444.78,2024-09-02,APAC
e710e257-072c-4d57-8887-c8e914ece198,776,394,1,40.59,2024-06-08,EU
8571d74f-2230-4d58-aa89-fcac416d775c,240,93,4,102.11,2024-10-05,EU
a1577dda-e7ea-4fa4-98d7-6db92a6bafe4,946,494,10,3565.21,2024-01-24,APAC
46d3a42a-30a9-4f22-94c8-b4b37bc11495,809,49,8,517.93,2025-03-06,EU
e22814ee-74c9-4dae-bd53-cfdc9ddd35ef,365,284,1,250.49,2024-09-18,APAC
86824f9e-556a-4b67-998b-3cead749e6e5,479,120,9,4276.31,2025-06-06,APAC
dc0a2ea7-e8d7-4e01-94ad-307125011079,14,182,5,1531.8,2024-11-04,US
6bb577ab-25b8-4b92-9572-93f8195c1311,160,152,1,39.57,2025-02-21,US
4b3472dd-393c-4f60-9356-ac12c77bf021,319,123,2,285.8,2025-06-14,EU
821dcbae-f4f4-411b-9727-b91bc575c07d,818,359,7,531.53,2025-02-11,US
226fcebc-d76e-47a7-bc4b-8c293b139059,162,64,9,1139.59,2024-03-23,EU
ae5a2134-413d-41da-af30-26aa39b77288,739,122,3,479.43,2024-07-08,APAC
202943ab-bf1b-49d4-b8a5-255e3163799b,637,83,4,566.24,2024-09-20,US
c8a0d165-22bb-43a1-9688-b8c61792c92b,347,6,6,1143.27,2024-09-17,US
59e60215-b19e-4315-9764-002a5df4455d,349,347,5,2398.78,2024-08-24,EU
7d9930ae-2e15-4067-b9a5-d1a9521591af,607,435,1,382.48,2025-04-12,EU
e72d41f6-df5b-48f5-93fd-dc91473c665f,253,243,4,1599.5,2025-01-30,APAC
4658ac7d-9721-4fbd-8fac-267e17299b70,993,331,3,600.33,2025-03-12,EU
2246fd93-f7fa-4bfc-a09e-e4ab488b027c,724,119,1,416.02,2024-11-30,EU
2d386db6-e555-4011-b856-fe59f0e36f31,571,40,7,184.45,2025-05-19,EU
2c91c3fc-1f60-4247-93e1-3c35695a9005,177,93,1,323.37,2024-05-16,US
b3a99fe2-df82-446b-88a6-0101ed0d7294,202,164,4,171.85,2025-03-22,US
8ca70664-1dc6-4a47-955a-ac0ceba62dc4,899,134,5,1791.87,2024-02-05,EU
9166600c-b999-43db-a2dd-4add235fda54,598,453,3,517.38,2024-11-28,APAC
f47917d1-9cf1-43e8-bb93-ce6cb72eb08e,265,463,5,2289.47,2024-10-14,APAC
c8127898-bba8-471a-8788-cea3a52b2d53,751,254,8,3417.53,2024-05-26,APAC
d394e1d6-a765-4bc7-b732-389742fdad20,73,76,5,813.79,2024-07-02,US
a236fa00-b078-49c4-a990-be3078346eb4,661,63,5,810.68,2024-06-29,EU
5ab7bbf1-f05c-4a24-9d14-3de80e7abe79,94,378,7,1502.25,2025-07-01,EU
4e401e64-442b-4294-987a-f8342fbdda57,105,144,1,166.09,2024-01-30,US
7dbd72d9-b167-4f5a-a28b-83ba16b1b554,274,61,6,1403.49,2024-11-18,EU
15426c5d-18c4-4d9b-ac5b-5c589970b7b9,447,388,5,710.04,2024-03-21,APAC
19082d02-994e-43af-bce4-cb1bd7134882,682,289,8,2482.5,2025-04-27,EU
b60c73ed-1fb1-44d7-8cba-847e58cefb49,11,426,5,567.68,2024-06-10,EU
e89951f7-91f7-4162-9410-e02dedfb7782,685,348,6,2735.52,2025-01-11,US
fa5248be-e78b-4a81-9b5c-c6050b89e230,509,79,7,470.86,2025-06-24,US
12076650-4bc1-4ac9-92d5-c12903d7bdbb,488,359,6,2789.54,2025-05-18,US
c71cb0fe-f05e-44ca-bc94-2dae6d6b4b41,99,102,1,146.6,2024-11-06,EU
784e2cf6-e7a2-4f3e-897f-b4483e30d2b4,122,3,7,2758.71,2025-06-05,APAC
6f80c449-3e53-4622-a83e-9b45e91ae637,276,32,8,2037.98,2024-01-09,EU
fdb0bf9d-bc25-46d4-ace6-d0d9766fab32,442,221,1,28.5,2025-01-19,US
ba6205ec-2065-4840-97f1-04561e0b2ccb,1,36,2,902.01,2024-04-16,EU
928716f5-9ef4-4288-8421-fd259e52b0e0,486,226,8,1145.53,2025-02-21,APAC
8dc64a6e-2415-4313-a13c-6cac09078a86,44,496,8,1305.12,2024-10-03,APAC
a1656f93-752e-45b7-8d50-5a6782e3a3c1,169,384,1,5.3,2025-06-10,APAC
5c576c77-3008-46ec-bd17-24dc9942adab,946,475,4,228.39,2025-05-31,EU
cde3adea-abb1-4056-a680-758b6a88b29b,739,203,1,410.85,2024-10-03,US
1d806da9-ffcb-432c-acfa-0f811caec555,402,324,7,1204.68,2024-01-01,APAC
2c098ce8-36f5-46c8-b32c-30e2222ec8f4,31,39,4,1872.74,2024-06-13,APAC
aff41c07-46fd-4bd8-a119-801b3155c96d,544,210,5,2432.13,2025-04-13,APAC
65d355c3-26f3-445a-b018-e065c293e0e1,364,469,7,1587.29,2025-03-12,US
8034837e-a58d-4a38-8847-d826001c7b92,772,153,8,948.25,2024-09-20,APAC
910c3274-6426-4951-8a7f-121009bb951e,469,378,9,4191.12,2024-03-31,APAC
35762d66-bbca-46b4-b647-50fb8ee51b5f,308,60,9,4321.32,2024-01-13,APAC
0c498cf0-d206-42ac-8f17-7edd17cbdaab,496,29,3,226.81,2025-02-04,EU
349ef452-4782-485c-82f1-df69c42083b2,145,302,7,2947.56,2024-10-16,US
05440581-8a92-47a8-8396-cf7d016417c1,855,439,7,2234.2,2024-10-27,US
be267a34-b168-4c0f-a6eb-a93602050165,613,327,9,800.92,2025-03-11,APAC
bd95bb18-cdfc-4f79-bd6e-9178cdf53f4b,128,111,3,236.14,2024-06-03,EU
88a19f9d-39b6-44f8-886f-2a706482c21e,14,76,8,3307.98,2025-04-17,EU
087a09c8-5ff8-41f5-a9fb-b5a43dbcf6b6,601,412,9,2400.2,2024-10-26,EU
0b3b8ca1-1575-4141-b1e1-45954a9678a1,684,139,8,1644.18,2024-10-05,US
43f7eb04-e46e-4503-a0d9-3e9c8ce5af5f,750,76,3,663.29,2024-07-04,APAC
96ed8830-1b6e-4dbb-9df4-22ad3a5e733f,403,374,1,48.33,2025-03-12,EU
141a8adc-1a77-4458-8871-4876266ba1a6,314,44,2,182.32,2024-11-05,US
107a0ce3-2879-43b1-8aed-26e76a2ff66a,345,40,4,847.65,2024-07-20,EU
8611cf65-5d54-4805-8170-4fc963ccd3e1,838,477,7,145.89,2024-08-05,US
e7e2a3f6-3e72-454c-a017-44441aa3e2d2,554,143,4,1383.18,2024-11-24,APAC
c76049c5-6759-41e1-ab87-29c04c0c1607,656,206,1,207.07,2024-05-30,EU
0566f869-a2ae-4ed5-a32c-7beaac64b361,737,243,8,847.34,2025-03-08,US
0b3b45b2-8a2a-4e27-99b8-5ffd911d43dd,743,138,6,1689.0,2025-06-25,US
4b9ab636-1f52-4bd2-8d98-fe3c244753a1,593,313,4,1526.43,2025-04-12,APAC
dde07b80-170f-46b3-a3bf-395c34b448f1,967,249,10,4157.45,2024-07-20,EU
744d998f-0b26-4664-9705-9e3bde879244,703,76,3,1061.02,2025-04-15,US
f61dcf8e-4e82-4d1c-b4ca-b472e3b15d18,880,35,2,38.18,2025-01-15,APAC
ac3e1a0d-4cab-41d4-81aa-e0217f9f5589,366,10,5,181.04,2025-06-27,APAC
2c9f329b-848b-4224-8888-8678c0cd0193,797,489,9,126.19,2025-03-19,EU
be5eb4a1-68aa-4020-9897-27dfc9660b68,365,3,3,1449.0,2025-02-01,EU
90faea8a-df4e-4874-b139-9913a65885fd,482,14,6,2808.91,2024-03-24,APAC
05b2f496-766b-4973-b28b-ffa75e77e77d,287,363,4,231.24,2025-01-19,APAC
0a203618-86dd-4d6e-a801-99a377fd2775,725,127,3,1049.63,2025-04-16,EU
9fffcca5-a421-48bc-ba03-fe919074eed2,289,306,9,2694.22,2025-03-04,EU
894bcd6c-8fc1-4c5c-916f-d80534237eaf,650,401,9,1019.05,2025-03-11,EU
d43be95e-e07b-418e-9deb-49484885be2c,63,256,3,633.54,2024-07-07,APAC
d50a1a10-db51-4e30-be17-f84d6d22a606,945,470,4,946.1,2025-05-17,EU
27ef74ca-9e01-4e4a-932c-fc7d18011811,676,134,6,957.93,2025-02-16,EU
666cc76a-5c46-497b-91aa-afbc950aa9d4,41,302,5,2475.65,2024-04-12,APAC
71564b94-2ca7-4103-a066-25c1ce6af042,574,430,7,765.4,2024-09-03,APAC
981b18b7-9185-40c9-8ba6-0e05f23b775d,822,240,10,1177.43,2024-08-09,APAC
94764906-2d01-4d28-88f8-33b932cb14e8,815,61,8,3461.09,2024-01-06,APAC
86f1d3b5-d71d-42fb-92b3-65bec1da6e04,137,22,5,785.37,2025-03-27,US
dc6039df-6999-45a5-a57c-e7d4d4ca53ef,62,164,2,999.35,2024-07-08,EU
8de59f3b-61b0-4b8a-abdd-e0380d752b9e,421,208,9,3727.1,2024-06-13,US
14de5d86-818c-4086-b7bf-54241d63e663,198,169,9,238.52,2025-04-18,APAC
e5d0f943-29c8-4919-b7ec-8223986e9224,632,110,9,4237.92,2024-08-10,APAC
b72a0592-006a-4efd-9873-82e829c86140,537,269,1,477.51,2024-04-09,APAC
ac41885a-5825-473c-b3be-fd37a4ac98d7,78,266,1,479.63,2024-12-14,EU
1b50528e-f868-485b-a53b-b3a2f99e328b,652,493,10,3346.62,2025-04-19,US
8255645c-7f24-419e-8044-d58da562f0ad,431,112,1,283.06,2024-11-17,US
97b8a692-3508-48ce-9b82-91d41cec9f91,18,449,2,524.27,2024-09-02,EU
46c5622e-3148-49c3-b84e-5c44fc7b272d,946,30,10,753.42,2024-11-16,EU
84448939-de59-4459-8737-0129707725d4,528,25,9,2459.99,2024-06-12,EU
d048e4fd-c246-4997-8ff4-e37327a0c62c,826,16,6,1927.52,2024-07-29,EU
2c0ecaa5-c6f7-402f-b1b0-dfefd0e3da59,605,225,10,2243.95,2025-06-11,APAC
b3e6e17d-d00f-4c76-95ca-fb884527be4a,709,215,3,932.25,2024-07-29,APAC
bed16253-477d-4695-b636-82aa46d073c9,804,28,5,785.62,2024-12-19,APAC
a74dd751-3f10-4bba-81f2-b39f8536278d,60,36,1,51.85,2024-05-21,US
682489e8-0fd2-4aa4-8a8f-4380ab06a419,521,418,4,948.6,2024-02-12,APAC
4da04ef6-b5f4-4b1d-bf3f-01a233c12dac,612,50,4,594.05,2024-01-10,APAC
bab8bc8e-ef9c-488a-b3bb-64db8477e6ef,444,389,10,4736.6,2024-11-05,EU
6d0142ef-bfbb-4a12-8b8c-f3379c5113ee,931,253,9,291.95,2025-06-01,APAC
8b452ec4-3e9c-4182-b4ad-2d0ddbab6b20,376,281,8,1015.38,2024-10-25,EU
2115b1ab-ba62-4728-8229-0530ec1d3389,206,161,2,133.87,2025-06-23,EU
cc837aa3-b127-49ce-8f7d-2894027ed194,401,303,2,793.33,2025-01-05,APAC
79d9adfc-ef9f-4af9-a996-a7dd01f18ffe,609,333,3,1221.29,2024-06-11,US
b4bb5bed-fb19-4eb8-91fe-270cbbabbe45,746,423,8,3288.9,2025-02-24,APAC
4d942d31-d282-413f-b6b1-ccfd3b63ab53,220,466,10,3753.06,2025-06-04,EU
463e44fd-09a2-4146-a2e3-248687e072f4,871,13,1,300.63,2025-01-03,US
617dc8cc-abf6-4cab-bba6-b63de0e60e71,556,75,9,207.41,2024-12-01,EU
d353b3af-ef3f-4d80-a1fa-9e103237bba0,554,209,8,1758.62,2024-06-14,US
79dfe441-5c2a-4bce-9d6e-39821b5d658f,309,216,9,1474.29,2025-03-04,EU
10641c52-a61a-4057-a9c3-ee4a5ea3c914,742,154,8,2900.34,2024-10-26,APAC
a3c005a0-26fc-4e26-9731-7f8598d84425,827,225,6,206.3,2025-01-11,EU
d25a1122-38d6-47d1-97b7-b6ee8fcec0ca,65,307,2,433.5,2024-04-03,APAC
f9e1bb36-edb1-4ad9-876f-1c310c409f60,12,242,2,174.26,2024-02-13,EU
a86d0de2-f5b1-4667-9e82-a8e5508b8816,991,245,5,876.56,2024-10-02,APAC
1c8b2212-a217-4707-8a9d-5e0c375eab5a,722,43,10,4060.69,2024-07-20,US
f6ae5b1c-ffa4-40e6-a733-f3912c8bad53,276,143,10,3223.16,2025-03-09,US
1cb161d6-6a12-4f8c-902d-0558fe6b0889,766,306,7,1456.14,2024-11-01,APAC
23a98e6e-390e-4dd0-901a-32bc462eeaea,956,494,7,1847.93,2024-04-11,EU
e28acc4a-226a-4bb9-b13f-53dff94c4d8d,477,373,9,915.83,2025-02-07,EU
e2e4eec5-d85b-4a91-ba69-9f185dcde601,467,244,6,1670.72,2024-07-13,EU
3e346073-dcb2-41c1-9d2d-ba0aab4ea8a3,110,254,1,294.24,2024-02-24,APAC
2b472496-ddbb-41b2-93ad-634030f3ebbc,14,199,9,2888.59,2024-09-27,EU
6cd05765-582c-42aa-b00c-77d33250dfcc,942,400,7,1756.34,2024-02-14,APAC
1b16309c-15e3-425d-ad85-f1e7d7a10c11,799,398,3,418.02,2024-12-07,US
a10a3524-ad24-4ae8-8801-c31cc3f27105,435,318,10,4832.25,2025-06-24,EU
c4bc2be5-2430-46b5-baff-612b73fb782d,937,495,2,418.79,2025-03-04,APAC
61f3acce-ce7d-4f95-adb9-c1e869c7f558,970,490,2,239.62,2025-03-29,APAC
67077537-6b7e-4b2a-8685-e7c560d081eb,468,375,10,168.18,2025-02-16,APAC
c06615b2-27c9-4189-989c-a2e5e6198871,801,459,8,607.37,2024-01-25,EU
aa5e8790-ce12-4dde-9654-4d1452a2d50f,309,422,1,305.07,2025-06-09,US
c6a37b44-2b6d-413a-9a16-fffa67096aa3,571,218,10,2056.7,2024-09-22,APAC
1a46543d-b27e-4696-b473-888f8828fd4a,153,264,,205.11,2024-06-12,APAC
ae653716-31d9-4574-95ba-7b0212723a53,795,30,2,911.86,2024-04-28,APAC
88adb7d3-2c78-45ca-853f-e7e410d51e6a,133,204,1,43.57,2024-09-02,APAC
09c24301-9b9a-4647-9149-df1d8dca5299,68,370,5,894.92,2025-03-08,EU
4c951905-6d76-4171-9238-2097e7a8858c,6,212,8,1917.71,2025-06-08,APAC
619d3cb5-8f32-4a5a-be04-ae74fe334840,786,182,4,1526.14,2025-04-01,APAC
a7cfbde8-a2ed-4a67-b696-b02f047963c2,38,92,4,343.04,2024-01-26,APAC
4b4aea88-7cba-4533-919c-3cb3e022a823,134,187,6,762.39,2024-11-25,EU
b7546f79-7c5a-40f7-a3f0-7fe3e560f4e0,325,249,3,955.7,2024-05-27,APAC
40ef4123-995b-4d06-9888-54d4eeb244bb,233,441,10,1881.85,2024-07-02,US
5cc705a8-2909-46cb-a754-f2a09880c43a,140,187,6,749.67,2025-05-07,US
fcb1b5db-d65d-44f6-8e40-c750536743b0,892,351,6,823.68,2024-11-17,APAC
f0b32340-0994-4a22-a2e4-24e8e75360cc,84,414,,306.0,2025-03-16,EU
94f9ae18-b02b-4cc6-b64b-2d72eae73f45,16,127,8,1589.6,2024-02-15,US
1ebd050c-3297-44e9-a5f7-dc12e9b74b43,470,72,9,709.98,2024-04-29,US
ccae3739-ede1-46bb-bfdf-0410d69737e6,644,56,10,3255.34,2024-01-21,EU
ab39eb06-8407-4a50-87eb-75a2c25d872a,553,65,10,3358.39,2024-03-15,APAC
ae30f291-548f-44f3-b6d3-72c02b65f00d,977,496,3,1094.08,2025-01-05,US
be218f7e-b8a1-461c-b336-abfff126b452,919,470,9,1613.7,2025-04-03,APAC
3b8a56ab-5d51-4557-8b82-6db3ed636f8d,494,390,6,406.87,2024-01-29,APAC
5d7af81b-4be9-4933-aeb0-f6e37c89d2f4,984,499,8,2684.87,2024-10-29,EU
31cec8ad-cd27-4629-882e-f73c26cfecf3,376,291,10,3028.98,2024-09-09,EU
f79eb97a-ac2e-4791-9713-9c645a2ddab3,785,190,8,3540.63,2024-10-09,APAC
5e9f2bf2-17bb-4f99-a2f0-1acbb0657334,185,329,5,618.49,2024-05-29,US
54cb92b8-b754-4116-9182-ab4029946d54,844,123,2,407.59,2024-07-05,US
f05d6f61-2ecd-4068-851c-8b4eab71b01d,983,300,2,131.56,2025-05-21,APAC
042d575b-7af2-4384-836e-b905e2011a53,655,223,9,3689.07,2024-06-28,APAC
571b168e-1006-48b1-8d67-bd6b25d9cf16,768,334,10,3126.94,2025-01-07,EU
c66f8d8e-caee-4c99-8423-452593e0bc1e,650,87,6,200.63,2025-02-01,US
9f58cb62-6235-435c-af81-8684eaf6c7f5,394,434,8,345.48,2024-05-06,US
ade61a6d-5b12-4b4e-ba72-272d81ac20ad,905,382,8,826.11,2024-09-18,APAC
214813b1-5516-4965-aaa0-da14ba6f9e9b,295,21,2,697.28,2025-04-27,APAC
0b9cf680-d7a1-4a4b-a27d-3c4dc48c474c,733,321,5,2408.23,2025-05-26,US
685c5884-582f-44d8-bc72-dcf3779b4752,24,409,1,96.92,2024-04-07,US
63bce4b8-0ce1-4d46-a99f-fab7d5a9164d,429,345,7,322.62,2024-03-22,EU
aefc4264-a9fb-4828-8c70-2ecab7a9c9a7,532,367,8,2389.86,2025-02-16,APAC
1e444743-9f9a-48f7-814c-70a694af570a,866,325,4,795.9,2025-06-26,APAC
90336770-b036-45ab-8554-36584695b730,410,293,1,166.37,2025-06-01,APAC
edbbd837-c94d-4de9-8a04-fba2b2f1be8e,604,324,4,1578.59,2024-01-21,APAC
158fa22f-669d-4ec1-8160-fb3b9013cd7c,294,125,,239.52,2024-11-08,US
0d176764-a3a3-4d70-822b-37f8bff1a94b,710,235,1,302.82,2024-10-02,APAC
31938ad7-c4d6-48b9-b6e6-0bb48e3ef4c0,279,394,6,1398.39,2024-09-22,US
8129e165-f998-4f4b-a26e-414846e9d877,875,149,8,163.16,2024-10-22,US
eb6dc9f3-99f6-496f-aa29-79da18dfd0aa,823,318,10,2459.3,2024-10-11,EU
9b195ede-8036-4141-816b-b8c90ac1a7dc,584,363,1,188.51,2024-04-09,EU
911d5d6b-62a8-4510-a784-0f1304fea373,240,408,1,362.51,2024-01-22,EU
a5d45321-c429-44e3-944f-ae1f1e36ee7b,780,205,5,2028.71,2024-02-13,US
118fe2c2-ea66-429a-807e-819e533d93ad,1042,31,2,946.25,2024-12-20,US
2482e9f0-715e-464e-830d-de5cf9b4a412,815,396,5,1952.03,2024-02-26,EU
b633895c-9baf-4066-9420-16843e4e30c7,237,459,6,575.51,2024-05-07,APAC
f5a92d4c-9eb3-40a4-bee1-73cbdf8bada4,502,315,8,2615.21,2024-04-24,EU
636dbb68-507e-43c7-ac25-aa04310935fb,221,447,9,202.11,2024-10-06,APAC
1ce4be21-5ec2-4cc0-87ba-4ad5cced6577,989,331,7,654.39,2024-04-06,US
e4fe38ac-b4a0-4abd-9e80-2f6135051e53,176,202,7,149.52,2025-05-13,EU
363efe49-f128-43a7-83af-6fcbd221f00e,817,18,3,216.64,2025-05-07,EU
8cebc71f-55c2-4097-b95f-b99334b69456,420,463,5,568.97,2024-12-19,EU
ef1f27d3-366f-4be2-a24a-2ce66f4234c0,6,15,3,1229.96,2024-03-02,US
dcdff4f0-ce56-446d-a601-991d5e803adb,632,34,6,200.71,2024-04-30,APAC
8c3add52-83d0-4ff0-aab1-49b9b29d2cbb,78,167,3,171.54,2024-05-03,APAC
eae60f10-b84e-49e4-946d-5bfdff74b7b0,292,173,7,3306.19,2025-02-21,EU
ff8765ba-3734-4648-aef3-5cfbc7a441ab,658,233,8,1956.82,2024-07-01,APAC
c7234c7f-54a3-4f06-8729-b3710adfca0a,459,236,2,247.93,2025-07-04,APAC
b85138fe-795d-4c3b-bff5-21c50cc81156,658,34,5,477.4,2024-07-22,APAC
e4525d10-8918-4eba-a332-cc7623637927,204,196,3,548.5,2025-05-01,EU
011032f7-bd6d-4ba9-be02-b3cd77f1a77d,446,432,4,1658.99,2025-02-28,APAC
78380bcf-311d-4ab0-a7f5-da9160fd5b49,609,293,2,644.85,2025-02-05,APAC
b68dd4f4-eac4-40a3-aee5-ec5dbda5e043,974,328,9,3190.24,2024-06-04,US
e85d01a0-0ad4-446f-8fe3-4583328e19d5,884,147,2,908.05,2024-02-29,US
0da1d9f0-035b-4b33-a81b-e01afe7fdbdb,389,200,5,1747.57,2024-07-22,APAC
8ca90475-e0fb-47a9-b0a1-f579108a3150,385,104,2,304.86,2024-11-16,APAC
f46fbcc3-2f53-4c06-bb71-d6e6d96ed07c,72,7,4,1045.63,2025-03-18,EU
ff5f9ab8-ce60-44c4-9f48-d7df92a4590a,973,194,8,3068.27,2024-09-08,US
2decb23c-0c8d-432b-b4ab-6099fff4aaff,265,159,,288.15,2024-08-27,APAC
d97c7940-db38-4a2a-8576-1246db091715,382,117,4,1134.95,2024-08-23,US
504cf12a-e94f-494a-a997-82bdb55054de,70,54,5,1362.89,2024-10-14,EU
c6b7db8c-d9fd-45a7-b32f-f8f0fd14f18b,362,21,7,1588.53,2024-10-24,EU
40680b83-288f-449d-85e3-d5a0122148d4,589,447,5,2207.63,2024-06-07,APAC
259247a9-3f6e-4b69-9899-5ae8049670b7,335,157,7,315.39,2025-01-28,APAC
83e6b885-e837-4038-95ce-5f4fee5743f4,772,465,2,560.07,2025-05-09,APAC
35c5a69c-20bd-4429-a457-a5434e59bbf5,164,59,5,1936.41,2024-04-17,APAC
52c4255c-5783-4a02-815d-8c8f7e5b409e,704,228,10,1653.22,2024-06-11,EU
8888e26d-5018-4f6e-b19d-078d62a2338f,228,354,3,246.07,2024-07-19,US
680f0195-5075-4315-8877-adc5630ba039,215,245,,183.76,2024-02-21,US
51e7298a-b8f8-407f-b84d-a04a1664dd16,905,285,5,650.89,2025-01-26,APAC
dd07ad40-c180-4e76-a202-d4b570646c2f,919,359,5,1758.47,2024-09-06,APAC
32c4e7a3-d646-48b9-ac31-e46b04d75d43,901,184,6,2585.28,2025-03-25,US
9f62fffa-8c0f-48fd-91e3-9aa78fbf1e46,643,8,5,2251.6,2025-01-05,EU
f31eb1fe-c594-4c4d-a193-b81255055bb9,683,137,10,4277.76,2025-06-15,EU
288de972-90df-4438-89eb-d3f9464ac3f8,823,263,1,183.29,2024-06-03,EU
e54657ec-5f3f-4c1e-97b4-ab73883c1926,632,419,9,4400.35,2024-04-14,APAC
76f4acd7-ec01-4bf9-a676-f2ac74ea3a14,398,47,4,1137.42,2024-02-29,EU
9f3c50c9-e572-424e-b258-98246eca12e6,583,160,1,289.01,2025-06-10,EU
a223df75-9dd6-4309-bfa4-06508924eb0e,849,7,3,429.33,2024-06-17,EU
9d8774c0-ee5c-431d-a37e-547063df4872,163,475,6,2347.35,2024-06-14,US
be3e10a2-b6da-4ebe-8cd8-32a4b2c046d6,113,145,10,717.92,2024-09-09,US
4165832b-baaa-478b-9a16-588789d7d97b,185,219,4,427.9,2024-03-15,APAC
4b45ac5e-48f5-46ee-990a-0e93e88920c0,547,389,1,194.31,2024-02-25,US
98e10a67-e4c2-4fa6-b735-80f8bab0b362,780,457,10,3630.79,2025-06-01,US
baf77bd0-7891-4605-babe-83653d80d645,773,284,1,20.69,2024-02-21,US
9178e1e3-a278-4956-8384-6c2342f0ba17,66,158,2,640.79,2024-08-01,EU
920ce841-3ed9-4566-a0b3-ed438730467b,366,16,2,794.91,2025-04-16,US
a285550b-b811-4b14-b9cd-4be6b1b0497c,132,302,1,372.77,2024-04-14,US
efb8720a-1965-4cc0-a503-cba679611fa7,854,273,2,704.97,2025-01-12,US
6ec9963a-8b1d-4ae2-b49f-4ba0f2b991ee,853,80,5,1520.63,2024-08-06,EU
d07093f3-1b1a-4e4f-97cc-d5f0f22ae577,522,176,1,466.64,2025-05-05,US
22f1cf8b-5371-4da9-95b6-d96bfca672cb,107,206,8,3080.35,2024-08-17,EU
04c20dfb-b564-48bd-bd3d-625ff512f469,731,66,7,3236.31,2025-06-18,US
be6c3935-04f4-4027-9869-b79113de29d8,130,401,10,2000.56,2025-06-09,APAC
6c534141-d516-40cb-9ef1-71a186995033,808,127,9,984.28,2024-07-05,APAC
d2c27df9-c858-4273-b2e0-ddb5b1c78411,936,491,9,1539.48,2024-10-29,EU
db2d8824-fee1-42df-924a-8290afcc8bb1,906,306,8,3265.3,2025-04-17,US
f5fd29d6-ade1-4fca-af45-319bf2f52007,374,439,5,1767.8,2025-04-26,US
247b461f-06bb-46ab-842f-a813b37a28cb,480,424,6,1559.92,2024-07-11,APAC
d09603d1-6af6-4343-af28-c9c5cb41c833,9,44,9,3653.53,2024-12-13,APAC
11fbf1db-9019-49f0-9a6c-833eae2de915,10,117,7,349.21,2024-04-22,EU
12d22814-10fd-4a82-b8b2-9862df1d6241,214,62,4,226.58,2024-03-16,EU
ba1efa9b-1543-4da2-ae65-61314a54fb19,550,277,2,814.63,2024-04-29,US
95f3e190-a4f4-4298-baf8-3f83389ebd00,834,196,2,389.08,2024-10-03,APAC
afe47278-1825-489e-b65e-67a936d0950e,399,372,9,2413.95,2024-09-06,US
dfd7407f-5afc-4612-a283-75c812a76ac9,334,423,1,242.35,2024-11-26,APAC
2da0b04c-48fb-44d2-bbe8-5cda94584613,344,195,7,3294.78,2024-01-09,APAC
ed075969-7551-4770-8e6a-1c4b1f9ac9e5,461,42,9,3960.51,2024-02-20,APAC
14b9cd6f-ab47-40a0-b8a3-ba3680fd362d,619,314,4,947.67,2025-04-23,US
3ffda9bb-7510-4513-86e0-36a6ba525a8d,552,212,7,2686.72,2025-01-07,US
3fca6f72-3bca-469c-a9ca-3dc22a073a67,382,432,,148.89,2024-07-28,APAC
e8bac88c-a3f6-470e-87b9-61d61e427ca6,939,165,6,1643.35,2025-04-03,EU
d3bcc095-7fd0-4555-ba06-72901c745cac,352,430,,487.75,2024-11-27,US
41374f25-df96-4a02-801b-1e9470749407,846,469,3,1486.16,2024-07-01,EU
4184d78e-f6d8-48eb-9300-ae1f2091c50b,388,375,10,2185.24,2024-10-19,US
f00bd092-6ed9-4d2a-b24f-7defaadd3bba,218,66,3,381.34,2024-07-04,APAC
c1a5b7af-863a-4cd2-9c30-7c00a5a6db38,16,30,6,2322.34,2024-10-30,APAC
fc9e85e4-3d11-484c-8f7c-23958a34db8f,979,95,8,1945.29,2025-03-06,APAC
78506159-2c6a-480e-bf3c-f48a2093a40b,487,115,8,3462.7,2024-01-31,APAC
bc3f603c-e423-4819-b774-2a894f52b2ca,500,424,10,433.74,2024-03-28,US
8e872e2a-4ddc-42a8-8aad-97ef473144e6,508,225,10,4368.6,2024-10-22,APAC
056e9b5a-1345-46da-8242-f067106e567e,269,403,5,2338.81,2024-02-09,US
13b85f24-7080-44ab-94cf-ab55b0293c2d,463,465,6,1884.48,2024-10-21,US
ae6a5d44-b341-4f69-98e5-d3df95fa1747,65,127,5,740.05,2024-07-13,US
e106a6ac-c94d-4fca-9793-5b6a338da580,356,316,1,320.6,2025-02-28,US
5f086ff8-3257-433f-8076-7ea7eda8252c,21,483,2,681.21,2025-03-10,US
ba8af96c-2f4b-43d3-9e4d-dda8818e0e1c,386,430,10,2901.17,2024-03-01,US
56d10133-3252-4b9d-8b74-98b1ceb22c2b,699,221,8,2757.98,2024-01-23,US
e215dd51-b7ac-4b58-8edd-b64346b48db7,937,484,1,182.59,2024-01-27,APAC
1aa296e8-b8ba-4837-ac7b-ceb3779c7660,601,288,3,569.92,2024-08-16,US
5ab717cd-1741-4561-a7a1-47377e461df3,313,269,4,1610.17,2024-03-08,US
38919d70-fa42-439b-8b96-2ba9cb1d17bb,275,487,2,186.37,2024-08-11,EU
e30ff44f-6f73-4f16-8b6a-fe7aa7f9215a,558,436,6,2087.62,2025-05-21,US
1abcf487-f6b7-4742-94e1-bed77c03e479,76,408,6,1946.04,2024-08-27,APAC
ea23e64f-4758-49d0-ac60-41380e01795d,855,251,10,477.86,2024-07-29,APAC
8f7ae65f-aea2-4578-8e15-9db6543cb25a,691,302,2,23.23,2025-02-05,US
8ec6813e-c081-4021-9ee9-6bf2f631841b,58,98,8,3349.43,2024-08-14,US
cf64df65-26ae-4ac4-951c-dcaf0083db8e,144,464,8,1422.87,2025-02-20,APAC
b577dbc7-2389-487b-9e2c-fb83f4d1f3d9,553,407,3,986.89,2024-07-15,US
a567c755-1827-4476-99a0-6cbd32b0de0b,13,374,2,494.36,2024-07-04,EU
03e0325a-25bd-4932-869d-fc4fa929745b,498,423,2,225.5,2025-03-23,APAC
317b4e85-e39f-4123-a11e-c9882405734b,260,232,7,2800.16,2024-05-08,EU
93917b85-a732-4887-b642-bbba555018cc,50,333,6,152.03,2024-10-16,EU
3284161b-553f-462c-946c-bf4f58489991,690,411,10,493.36,2025-06-29,US
4f0c3c23-c821-4ff4-abf3-f20596f6a172,785,456,7,198.76,2024-05-25,APAC
439148a1-665c-43c1-91df-f5fcbadbc9e1,913,284,1,184.22,2025-02-08,APAC
25f7ef74-51cc-4777-b897-ff8c86f18228,508,340,7,1367.97,2024-04-13,APAC
a5045809-1a67-4c1f-9eba-e7abb99c50a1,132,477,,484.5,2024-01-22,US
c253485a-86a9-4d8f-b242-f28b02cfe361,750,65,8,940.64,2025-05-28,APAC
9006ab21-5b3c-4c58-b9e2-bdb6851d07e2,610,410,5,956.15,2024-05-16,APAC
08ec09bf-21f4-4a75-8e4a-935344f37c1f,156,411,8,3422.55,2025-02-16,EU
b83ab9f2-e135-44be-86d4-0149172f0438,113,236,5,99.72,2024-09-11,US
29200ed5-5517-4953-8e04-6f0431561b13,618,262,2,710.76,2024-01-16,EU
5a094837-c368-4ac2-8c26-210e25a97f83,919,9,1,335.39,2025-04-29,APAC
6e0599ab-1a86-4d9a-8c7e-7aa64db4d06f,636,97,7,1052.22,2025-02-17,US
4a81aff3-acee-41f7-a0b3-b39b3914f9d3,251,444,5,1661.67,2025-05-13,US
ad27931d-6fd5-4d3f-8cbb-f66112e30fa5,574,224,10,3756.76,2024-07-06,EU
953864ee-807d-4e51-8158-4e7a514a8c40,590,12,7,3218.53,2024-07-05,EU
69f7c4df-47b7-4135-87a3-e838b2a24e70,889,141,5,1328.67,2025-05-09,EU
63140aa4-9d94-4aa2-999e-0e569cbe535d,997,223,4,1486.5,2024-07-31,EU
7d9a9196-48e4-4c86-8f3c-99a926aafc9d,123,60,1,44.44,2024-10-30,US
9dc4dc45-f969-4290-87f6-1ae960be2f6f,763,282,9,3705.45,2024-02-20,US
1c41db6d-8504-4dcc-9563-40f1b38ba61a,561,288,6,2478.85,2024-01-16,US
ffafa6cd-29bf-436e-9afa-2d247115169d,806,145,2,751.87,2024-12-05,EU
eb4b6f03-1428-4a4a-9d96-9098b6715917,177,231,4,1469.75,2024-12-01,APAC
caa7726b-e628-4843-811a-44030f2536b8,78,367,1,438.2,2025-03-08,US
8f9f8b74-bdb0-4b06-a41c-7c763702e736,26,50,10,1326.01,2024-02-10,EU
177fac53-caae-4b3d-8d54-7afb54649007,973,458,8,140.58,2024-03-06,US
a905fa7b-0c0d-4c6b-8577-2a78689cefef,260,27,5,1785.17,2025-02-25,EU
120afc45-8f64-418a-89c0-c208ef962a18,921,457,2,247.95,2025-04-03,US
8d80b260-062b-4e28-8e6b-ab5a9c4f0b4e,347,364,8,1892.04,2025-01-01,EU
6e00ca22-eb69-48a4-8b0d-4840bc5bfeaf,857,227,1,89.44,2024-01-17,APAC
22d2c60a-2007-462a-aa15-d1186dc4f784,181,498,1,75.62,2025-04-29,US
21c31bc9-5d75-4405-8a9b-61df0aad5418,559,259,4,115.93,2025-03-15,EU
0f9c37ee-e1f3-4eea-8735-d24a12fdf1af,767,325,4,824.68,2024-04-05,US
7980a955-a804-47ac-9ce2-817dfa55aa6d,871,212,2,97.4,2024-01-02,EU
7a3fea47-ddaa-4e9d-b9d5-3a6ba2284eed,410,27,,27.35,2025-05-13,US
34da50d6-3ab3-4fef-a8b1-7d885b369c4c,662,281,4,860.94,2025-07-02,US
bb4a8823-dcb4-4c05-abc1-a845b328d284,921,164,5,1696.02,2025-05-08,EU
4cee5aed-1faf-4932-b02d-ab91cb8593c7,758,257,4,60.39,2024-08-16,APAC
0bbe3318-52fd-4d7e-b9e2-5e85554d7f34,662,188,2,413.66,2024-07-19,APAC
4e913923-41d7-48b0-9be0-bf4bb7dc9b21,628,48,4,303.56,2024-09-27,EU
8c7a75a3-cfa5-4f1c-9937-3c4eab78171a,424,251,6,850.18,2024-08-06,US
1513a07b-65d2-43d2-bd45-9d3b9649b6bd,663,322,10,1349.21,2025-02-15,US
69050cbb-00a4-44b7-8de9-c8f40b2325d1,545,407,6,1035.66,2024-10-21,US
6893b827-742d-4d31-b1cb-132ed0360ac0,337,347,5,899.0,2025-05-08,EU
0918c1f5-cf9d-4acc-b167-dc29bb9f6d2c,395,439,7,2331.05,2025-04-24,EU
79340867-8495-481e-98c9-070b3da88d73,423,34,6,300.57,2024-03-04,US
8d1ee419-3f14-4423-aeb2-3e350e5ce5c0,626,102,2,807.82,2024-03-05,APAC
2681a087-b70e-48e1-9296-72aa741d5d15,711,370,2,809.9,2024-08-02,EU
1cafd34f-ba79-4828-90d4-b9c32669b6e6,740,372,2,139.29,2024-07-16,APAC
cbeee268-9d7f-4dec-a06d-c2233a09aa7a,575,398,3,239.95,2025-01-10,US
40cf20c5-5eb8-4420-a37d-f8f71ed4e59c,169,500,,48.9,2025-02-06,APAC
e97b5ca0-bde6-4023-a2ca-02c3807f26a0,833,101,4,663.72,2024-03-06,US
be7688ab-2aad-48bf-b701-4d18624ebc9e,463,102,6,2490.03,2024-01-03,EU
cad6f8be-3c94-4fea-bae1-50d526c32d4b,288,273,10,869.41,2024-06-01,APAC
93a07963-db0f-48e9-a040-716aa5e9b715,300,313,6,1362.67,2025-02-15,US
dd9683d2-9963-4c77-8e29-758462e9c508,697,152,9,983.29,2024-08-28,EU
33a4c775-0ef7-46cf-a37b-f3c40cc3d282,39,212,5,757.59,2025-03-23,APAC
95ebceb3-a0a7-4dc3-8988-3a24c98e69e5,475,488,4,734.96,2025-03-04,APAC
819cba90-2fb3-4801-ba17-a551ff574358,24,270,9,3479.74,2025-04-07,US
4bebd4a3-ab3e-42c2-b8ae-8808d9f7e04c,864,85,9,1727.49,2024-12-24,US
c4a98c7d-601a-4049-84d2-144fe8078967,411,241,1,48.62,2025-07-04,EU
4b461134-4581-4751-85d4-89a036269885,378,357,10,163.84,2024-01-13,EU
c3e69605-169d-40d3-bb9b-e95e30c5d002,970,84,6,2484.74,2024-10-27,APAC
db112b34-35e7-43e3-8a42-2abec5a3a97f,794,117,3,309.98,2024-10-14,US
0da634d5-c874-44ee-b5c5-717e9520e1f6,538,33,3,328.82,2024-02-09,EU
8a71e854-14bc-41f1-829e-0d3466d1fce6,393,185,6,1764.98,2024-12-14,EU
3244bc9c-8d55-4773-aaae-e2d67abbcdbd,829,351,10,4164.2,2024-09-26,EU
3ba98845-b446-453b-9e38-57d0786a910f,898,324,4,1287.9,2024-06-28,EU
a41e8bfd-31b6-486d-9a92-441069c9c297,894,70,3,206.45,2025-04-12,US
d8ae15a1-db5b-4220-868d-27d52dc40581,683,404,10,4954.29,2024-05-02,APAC
634e3699-9718-43d2-af27-86f19d5cfa30,622,21,1,365.49,2024-03-18,EU
7ca31f40-09ca-4b58-84c1-3f4c1a2fca48,684,113,2,891.11,2025-05-16,US
d6ce7401-dcc6-47f3-9e2c-32fedc3b4d95,331,255,1,335.8,2024-07-20,APAC
acd8895b-1cd3-4780-aae1-06c63b36e6e1,139,495,3,807.06,2024-01-16,APAC
eef20c92-0cd3-45ba-b642-a3235299bef6,184,129,3,803.82,2025-01-02,EU
7169df39-78a0-46c6-88ea-4dbfa8bcf7f6,689,333,5,700.71,2024-02-12,APAC
273a0555-df54-476a-ba99-2643fa444a36,617,363,7,2780.62,2024-08-24,APAC
40f5e8b3-549b-48ff-8c28-400ed9bca165,588,285,10,3185.34,2024-12-04,APAC
c6f498ed-224c-47d8-9ad5-47072d91b246,175,81,2,864.85,2024-08-22,US
5dd69c75-a7aa-4224-8e4d-adb02226dbec,61,250,10,4055.7,2025-05-28,US
fe3d9fa5-2b37-49ea-9dcb-c91814a46231,344,170,3,226.89,2025-04-30,APAC
d46902ae-9ff4-420a-a203-ffd07a379159,64,91,10,4635.11,2024-03-25,APAC
e7c5ea04-a14c-403d-851b-db78ab1857bf,413,55,7,2938.02,2025-04-14,US
3ca930b0-1639-40eb-a689-d5128f5ea5e4,478,264,3,1484.56,2024-09-04,US
b45a962e-4575-466d-bf4d-02ee456ac7ef,457,26,1,491.75,2024-05-06,US
736391d9-d376-4933-9e90-0917518febd0,310,161,5,1114.13,2024-11-30,EU
dafd735d-9511-4f99-a5dd-b2da93058823,6,471,7,1676.04,2024-05-04,EU
730e2695-ec23-4631-817a-e46a72e5a3bf,277,266,10,903.3,2025-06-01,APAC
e96d4f61-de46-4599-a09e-75a11d73b59a,206,288,2,390.81,2024-08-26,EU
c009634f-3f38-4699-b3d0-61a07249d4e5,572,146,1,7.48,2024-01-28,APAC
fbf987e8-4128-4f23-9bef-415f1eb23a23,604,444,8,399.61,2025-01-13,US
8172ece3-b789-4830-825a-fee437603a11,486,145,10,3116.2,2024-02-04,US
e1682ed3-ac73-4859-a10b-e21469de0d09,217,304,10,2485.02,2024-09-17,US
cbfc9ab3-9712-4f22-866c-849198524a5d,349,258,2,862.95,2025-05-21,US
c39399f4-fdc2-4e56-abdf-8e9f72e37758,546,225,10,3979.55,2024-06-12,APAC
727484e9-e3e7-43c5-bf2f-5383d324c161,717,53,1,351.71,2025-02-04,EU
4076ec49-8852-49b4-9d72-30b2b012391b,676,487,5,1029.77,2024-12-06,EU
6e7be29a-071d-4af7-a6b1-03f32bedf6c2,49,102,10,1275.6,2025-05-13,APAC
a6e0248b-a02e-4c8f-a964-ea03fb1e0edb,75,19,3,144.12,2024-12-09,APAC
fe420ee9-94d5-407e-bdb6-8589e34dd1e6,691,229,8,3077.79,2025-04-13,EU
7674575c-bd7a-42ce-acd5-86e8224b68c4,388,488,5,499.93,2024-02-05,EU
f7a9bb93-7640-4f29-a324-15579a13b0f6,355,25,5,1578.42,2025-03-31,APAC
f6da8278-b81c-486a-b80b-2075b3529aba,243,242,10,2105.24,2025-04-29,EU
99a0a2d1-e38c-42fe-8c73-5ad7497a17ae,727,173,1,456.24,2024-08-26,APAC
d994174e-faa3-40d9-8c7a-8a7879bacf6e,18,278,5,736.23,2024-02-08,APAC
37db8c21-29fe-4e98-8627-2f9b00ac5a74,882,81,7,2182.06,2024-11-02,EU
85420ebf-b1f1-41fc-a078-b30b2fbb7149,606,348,5,1357.15,2025-01-20,APAC
e52cffc6-e135-4038-9f5d-04b0757231f2,743,74,1,421.39,2025-06-20,US
a6250ffc-3250-4a30-af72-b9ace1f1288f,915,57,9,582.69,2025-01-08,US
c0787d92-ee24-43e6-b647-6a613616420d,312,490,4,500.36,2024-05-17,APAC
37893ee6-cef3-4f2a-988e-ce92a2d43f27,473,96,7,112.26,2024-08-10,US
9be27d68-8f1a-44c0-a9f2-8c71b8be7610,131,279,10,4018.0,2024-01-26,EU
9d18f76e-7def-4948-b75f-de2ef8825ac7,845,362,6,924.05,2025-01-26,APAC
8067e124-0d97-43e8-920e-a543f74cf96f,161,119,2,151.57,2025-02-09,EU
92b42d2e-724d-4b2c-b6d6-825fb4686e85,25,147,8,2359.98,2025-06-19,US
19f82197-9acd-474e-b313-0d54dd796fae,677,407,7,1423.06,2024-05-03,EU
ea475a17-183e-4545-b253-a8a6d97b17c1,498,337,6,1377.24,2024-10-01,US
c2e8b1f3-cfd8-401b-b5ef-6dec88524f25,206,147,8,3340.93,2024-01-22,US
187d8e5d-e27b-4340-9b38-c23d9ad86b4f,739,312,9,3857.89,2024-09-02,US
dd1d06d5-d650-4506-8140-d69a71918646,972,129,4,451.79,2025-02-25,APAC
c1d4a126-2d71-404f-89e9-2999d205610e,535,265,1,441.13,2025-04-17,EU
56b9334e-f246-4108-9096-1dca602d5ca3,57,213,7,1124.64,2024-06-14,EU
04930e0d-8252-4eaf-9837-3b6c164fdaf0,303,126,9,73.97,2025-03-27,US
60c6acf4-af7d-43bc-9753-279c98cf4e2e,392,343,6,927.16,2024-11-30,EU
490b8a0b-8ad0-4c8a-92a2-0d4aaa77d27a,182,408,10,2709.09,2024-04-12,APAC
414fd59e-a168-4540-81a8-a313b2d951a9,998,12,3,421.31,2025-03-26,US
67d6a88c-7dc4-47db-aa88-33d0435fb08e,944,60,6,1492.93,2024-10-11,US
4d6da064-c202-4e2a-9ed5-522f49c98667,126,292,9,1097.8,2024-05-24,APAC
713cb385-d607-4f85-bb27-9cfcc2e09498,676,13,8,3417.98,2024-04-27,EU
53918618-7924-4396-9326-5380ac771879,902,332,9,2842.99,2024-11-30,EU
54c882a5-b95f-4fcc-b9c7-36c6dccee2d0,366,38,7,846.9,2024-01-19,US
7b339667-4fdf-4ca8-9ce4-1af56bed8778,751,481,5,240.81,2024-05-03,US
6ba9d44c-b5f8-42c1-bb57-2c76e1b42abc,534,483,1,491.02,2025-06-18,APAC
2b55f43c-425a-4d93-bc45-6cc8fb9b4793,660,299,3,1453.69,2024-02-02,APAC
a1560280-64dc-44d5-9433-bf7ede626eb0,841,92,4,641.92,2024-03-01,EU
00b6d89e-c005-404a-b772-674f70075d21,916,167,6,1764.89,2025-05-18,APAC
7945cab2-3695-4d00-8e5a-fb587f22e5a3,701,284,6,1039.23,2024-11-17,EU
0a379f80-a2f5-4e6e-bdc4-4ace154535e8,894,94,8,1645.51,2024-02-13,APAC
4a243d1f-b339-46f1-ae83-bc7164a8513f,110,134,6,973.13,2025-01-29,EU
5b66c1ec-2013-4b88-acbf-c741bcb69418,770,8,6,2797.77,2024-03-17,APAC
346d68a5-b6dd-4c4d-89ed-d301f2d82578,22,73,4,122.09,2025-02-21,US
130672be-65e0-4134-9194-4281b3900777,982,193,10,1890.55,2025-04-27,APAC
6f3ac1ac-e462-425f-a990-2d85b13e3af4,56,129,10,922.56,2025-04-08,EU
61fd9932-f375-42c7-a9b4-1fd0703605ec,433,376,1,81.66,2024-04-30,EU
d90d5f91-8306-43e2-a997-36947879d80f,174,482,4,1218.28,2024-07-29,EU
fe902262-43a5-4803-9ad6-c0e9b1bf47bf,830,456,9,2387.27,2024-03-04,EU
ef37dbae-31c2-4fcb-a3ea-238ce72918c4,971,186,2,831.72,2024-11-20,APAC
3a88b110-e49a-42d1-9534-502c31ed3bec,618,466,7,1968.78,2025-04-27,EU
ccd7773c-cb72-467b-bec4-17bf5492d7ae,719,36,10,2896.07,2024-07-09,APAC
5afd3d76-f667-411a-89ef-5c3d23dc001d,710,22,7,508.61,2025-03-06,EU
7b948ef1-1c7d-4b2f-a877-5291c45c8718,215,321,10,3367.11,2025-05-18,US
c8810b0b-dd90-4e47-a78f-8fcd1853ae31,815,30,3,364.25,2025-03-25,US
674e6bef-36a2-4fe9-a0d4-dd47a780cf4f,363,408,5,2464.01,2024-08-01,EU
ee8623a6-6c47-4c91-aff4-daaf3fdd535f,719,152,10,4362.92,2025-04-09,EU
f0737cb7-f059-4fe6-9029-4b9669c2f67b,385,38,7,890.91,2024-06-19,EU
dd732013-3462-4dca-a0e5-7b5cbddaafb7,731,272,8,2918.68,2025-02-21,APAC
2a3b9137-43ee-4ed1-911d-a6000e3b4fdf,663,194,8,52.53,2024-08-20,EU
683ad636-e37d-497a-a746-5dd58adc63bf,285,470,3,1144.56,2024-05-07,EU
ace9ed28-a9de-4597-b8c8-c2a64aa4b6d6,777,452,5,405.02,2025-02-23,APAC
a81277a8-4c77-4b0c-8a3d-3734efd3933a,701,385,8,3538.98,2024-05-15,US
85cbba5f-8158-43b2-b4af-8d28084bcf17,772,252,1,29.0,2024-05-08,US
0a8a7711-126d-40ec-987d-c67dd9e41b6e,693,298,1,463.73,2025-06-10,APAC
670bf68a-0581-415d-a6a9-c253a0440851,402,198,4,1295.06,2025-01-19,US
b2eeeac5-414f-4d4c-a745-e56c0ba1c6dc,117,476,,498.02,2024-07-16,APAC
15895d8c-1487-4e9b-851a-94ba7309db88,203,122,3,337.9,2024-06-05,US
09904dad-70ff-4e8c-94ee-a2c47d88a653,546,473,4,1526.08,2024-05-06,US
d797a762-eaf5-45a9-bc28-30d4aee73388,444,233,9,2939.45,2024-09-12,EU
7ba04daf-f508-4072-a6e8-1a06899280ca,29,83,10,239.78,2024-12-08,APAC
fd3871ed-5806-4563-8548-ae1b507b5a16,908,246,2,921.36,2025-06-23,US
e412a22c-80cd-4c9a-841a-fb60956afa6d,794,57,5,1583.57,2025-03-10,US
29ca3e09-5941-4deb-8a08-6d1d764e8a45,365,495,2,730.86,2025-06-20,APAC
a2b25cfa-2108-43c1-99fb-f712066e4360,229,427,10,1791.32,2025-05-09,US
8292a7fd-e324-4cab-bbb0-b27856f8cb16,345,296,5,2008.78,2025-01-23,APAC
e8812a5d-7e9a-4049-8ec3-be2720540a12,938,373,9,1780.66,2025-06-07,US
5281fe87-97ac-4a7d-92be-d3d72c88f8fb,853,92,6,1470.77,2024-02-01,US
6f5c8a5c-bb76-4879-bdaa-eab6d274efaa,133,259,10,3743.42,2025-04-18,APAC
82ed3112-6f72-44e2-b09f-6553d806375c,858,268,8,538.13,2024-07-27,EU
631eb8c0-4509-4f7b-b8d7-427e0e6fff6e,154,52,1,338.4,2025-01-14,APAC
a4abc327-11e1-4919-a123-c06c7d82e855,798,107,9,1544.91,2024-12-28,EU
c29fa583-6172-4e01-bb4d-7a09bd56346d,282,271,7,1879.96,2024-08-21,US
3f68471d-640f-435c-b133-fcf3212df59a,177,235,6,2882.63,2024-12-05,APAC
45c53a7c-da92-4d07-8d5b-d74b140b61e8,579,438,8,3385.85,2024-05-02,US
2df71c9d-92e1-40e6-ba9d-c89b786fc69e,182,167,9,3772.28,2024-08-23,APAC
c8ecd92a-8d7d-4981-ab93-7bbb265f35d8,106,296,3,1264.95,2024-11-17,APAC
5be2e9a0-3a3b-4d46-8524-480764fd56d4,583,162,2,72.08,2024-08-07,APAC
9bbcfa0e-1f83-4a74-a7ed-ef4bb022c029,902,208,10,1078.42,2025-06-29,APAC
b4c8acbd-1330-447c-ae6e-e497cb0db82a,116,491,3,66.39,2025-01-13,EU
4a6fa108-0dcb-43c0-9405-65c3a589d822,494,253,3,173.23,2025-06-20,EU
0dd8e80d-ee24-4257-bb06-890bbf033908,183,39,8,1524.49,2025-06-08,APAC
a6e7fff7-cc4c-45d4-bc14-084ad524c4bf,927,332,5,855.58,2025-01-12,EU
47024513-48d6-4758-8046-5c642554efa3,913,372,5,1271.31,2025-05-01,EU
0767cb5d-22e4-4374-ac0d-89173ad22614,669,343,7,1700.54,2025-05-03,EU
f3fb149c-5714-4651-be1d-eb1eea9d880f,27,325,9,910.2,2024-04-20,US
974a75e6-1fc6-4ba0-902a-39f39bff2214,84,236,1,170.87,2024-03-16,APAC
a181e209-72ae-4f87-8c26-875629b5625e,759,172,2,522.74,2024-08-18,APAC
d0fc28e3-8026-4298-b85f-9dbdca481573,779,56,2,147.35,2025-01-23,US
c90c1f09-bf7e-40fc-bd08-4cbafb0e57c1,532,447,2,851.33,2024-02-12,US
590320d6-f05d-4618-84a7-4329697f17b1,633,93,9,3058.3,2025-02-21,US
f2c177e2-dd05-4baa-92aa-589eb9d28971,748,225,1,278.76,2024-06-14,APAC
c6802e9c-a8a6-449e-834a-992f0c87f23c,124,257,6,2662.03,2025-04-28,APAC
1eedcb69-00d9-43ed-be9f-f21046ad0644,357,263,,389.41,2025-01-17,EU
c52d1645-7f8a-43e2-a556-9eea05dc0fa2,711,3,5,1445.01,2024-12-08,EU
80fed493-62cc-4bbb-8ab3-f08256004541,191,163,5,1036.17,2024-10-07,EU
443d9b74-8fad-45e1-ae2e-1bdc2fbadd9d,505,129,5,2108.66,2025-03-30,US
c110cb97-64d6-4395-9b95-ffe542203da3,500,167,10,401.22,2024-04-21,US
38cd065c-bec9-4192-8451-c58b1dda9cac,648,238,4,328.77,2025-03-18,US
c704c3b1-8d42-4902-acdd-aacf894255b5,225,23,4,198.02,2024-02-28,US
fc944935-8543-487f-8d1c-c72eca4151f0,835,2,10,2247.83,2024-03-18,EU
e432b928-983c-4d2f-8909-2d4ef102d744,111,85,3,1090.69,2024-05-15,EU
9f1e6255-886e-43c4-a1a7-8d2932c0d4fd,248,403,4,165.43,2024-12-21,US
ae27ec9d-9abb-44ee-a82f-6ec9a71f0e1d,482,320,1,257.48,2024-04-27,EU
034815b8-bd6b-4fdc-9a27-942178320c6f,357,171,10,1691.87,2025-01-14,EU
dd3cf4f0-9695-44ff-94b8-3da6801ab97f,825,18,6,1617.53,2024-08-11,APAC
bb22e08d-482d-46b0-a551-c1377aff0be9,974,274,3,134.45,2025-05-23,EU
a1161056-d969-499f-a26c-4368eed8ba2a,545,429,7,3401.99,2025-02-23,US
f87bab9d-6fe6-45a7-942f-d660e3ec806f,101,94,8,3991.37,2024-09-03,APAC
a2be675c-6ec9-488b-a841-3be77385a540,400,484,7,3309.59,2024-10-18,APAC
d3049f08-9b98-40e6-a5c3-5703714f7631,290,392,9,911.64,2025-06-25,EU
e8b1f2bd-f9a0-45e5-8453-08344ec06448,266,64,2,681.51,2025-05-23,APAC
05fbf20f-e7b0-4d63-8403-d3d876a16a67,799,156,9,4274.08,2025-06-21,APAC
527835e0-9105-4391-960a-3aa2dca34807,272,400,4,1345.61,2025-01-29,APAC
4ba3b774-1e9a-46b4-938c-d6945f3be5da,547,286,5,2213.22,2024-03-31,APAC
505acf0d-cf81-4087-be27-b048fcf841a5,505,185,5,1006.14,2024-10-29,US
d2b2830d-4da7-464a-8d43-134a2a3025aa,155,22,8,1556.4,2025-02-22,EU
0efb7b6f-fc3d-4e0b-8e9d-8e183df7a6a3,942,313,10,917.06,2024-01-02,US
bdab1483-bee6-451a-be84-21146c6d831c,263,103,8,1075.01,2024-03-23,APAC
869b19a3-ea6c-46ea-a29a-7d4d567e8ea0,422,17,9,1426.74,2024-08-16,EU
19e81439-cd65-4bd3-a472-1d344b568594,165,221,8,1394.1,2025-04-11,APAC
6bcf974c-4fd1-4e56-8c70-523253d938aa,34,18,5,2468.74,2024-10-03,EU
96223461-c4de-468b-8c3b-29c13cc52b00,880,196,6,118.74,2025-04-26,EU
30517b2c-e55e-4144-a5c9-99bce0b7f962,551,342,3,1310.29,2024-09-30,APAC
565fd788-0e53-4d63-953e-ac10910702a7,928,12,6,1299.94,2024-06-21,EU
4aa55982-266e-4cf9-9f62-c5ac3009e4c1,676,147,5,633.28,2024-08-06,EU
7f505066-2b65-4b17-bebd-6e8fd4e3921b,573,322,8,3245.51,2024-01-12,US
007ac13c-4b2d-4bc2-a916-d96e12af9fd5,178,384,10,3306.74,2025-04-21,APAC
199c18bf-6461-469d-b17d-869234f7ded9,973,360,2,300.68,2024-04-28,US
68f3117b-904e-4405-b417-e3d538c2c9ec,22,319,5,2076.94,2024-10-16,EU
59019e49-2e02-4d17-b480-8015ab6be4e9,922,398,4,263.19,2024-04-23,APAC
429800ea-9749-4fa6-8c3b-af43f230955c,578,413,4,232.78,2024-10-20,US
ea7be76f-8ee3-40b8-9560-6a1c053e238b,611,319,3,1429.5,2024-03-19,EU
ae70e42f-75b7-4bea-8558-c86d1c937206,690,206,3,1442.01,2025-01-24,EU
78d8469b-f6cf-41e7-bfb2-c0539978873e,182,496,3,1496.09,2025-02-28,US
3566f449-2ea7-4e80-89f4-fe096cec192d,307,83,4,793.54,2024-12-29,APAC
4036476c-9a8b-4c01-9ecc-4e8762316333,562,417,6,1029.67,2024-11-01,US
05cc987c-c23a-4eef-913d-0d0cbd00ba11,614,61,8,816.62,2024-06-07,EU
79d157fd-b891-4176-b5dd-2fa39577e4c8,141,436,8,1942.05,2025-03-28,EU
f2f1ccc7-9677-49e3-89c0-f7879287de47,798,411,2,658.67,2025-05-18,APAC
8580f1f1-d8b7-49ea-a18c-d9d900b5f713,942,22,4,254.19,2024-12-27,EU
8c646f08-5b20-4e41-a7d8-bb178caf51db,754,428,3,1065.25,2024-08-12,APAC
8ed8a6cf-66de-47a8-9a52-2274587556e9,369,29,10,2423.64,2024-03-11,EU
471ae4b4-f183-430f-ad4e-45ad5154fc93,586,23,4,1801.77,2024-11-27,APAC
c256b79d-4334-4b0b-84d8-0d1ea0cc0970,81,131,,154.1,2024-12-23,US
13d5d338-3a53-43ed-86c1-9fe31385a0dd,118,282,2,934.74,2024-09-14,EU
d2ce08e6-0b4e-44b1-a91d-43948a2b5b46,730,422,1,442.55,2025-05-11,APAC
ebbcc099-1371-483d-ad6e-9464a43151e2,959,390,5,1011.2,2024-01-06,APAC
7633ce86-4e36-4a68-998b-3f69fed9400e,303,431,2,739.31,2024-12-24,US
714f01f2-5f12-4cc4-bd3c-47f29e1907f3,757,139,4,1009.91,2024-05-16,US
8d9381fe-899a-4f42-bb83-0d6970f0faf9,671,324,3,415.52,2025-01-06,US
f580c137-49a1-4d17-ac04-8b815ca57105,552,328,9,369.56,2024-06-23,EU
ea5e62ad-8624-4142-bb95-58eab1603c20,598,276,4,599.11,2025-01-28,EU
bb9f576b-a3d4-4dce-be5b-f8a2b349d5b8,105,4,5,1198.81,2024-03-02,APAC
736689ef-b243-42b4-9fa4-9c8d45ee259f,135,10,10,1595.95,2025-04-06,US
11e504cc-68c4-4994-89b9-38ca4b29ed44,107,493,10,3149.42,2024-02-05,EU
9112af0c-ae68-48ac-a9df-7de1196a0751,42,480,3,945.07,2025-02-20,US
13c83953-04cc-4ea4-a919-f7f9b5741cf8,740,202,2,473.91,2024-06-22,APAC
d3d3b720-6786-4dc8-826d-24156c5b3561,372,203,7,1165.76,2024-07-03,EU
18aa4e41-396b-49af-af59-24212f635b72,574,259,9,556.51,2024-05-26,EU
3aa71453-aedc-4693-94fe-731995e400c6,549,477,7,2123.99,2025-04-18,APAC
ceb19dcf-7bfc-4c9a-ae08-246b99287b9a,54,371,5,639.88,2024-05-26,US
f6950ec1-2f90-4a73-82b6-94b4dcf1d494,233,7,1,456.48,2025-04-17,APAC
32027247-ed96-4a06-83e9-9e803c8c0be7,419,214,8,1390.21,2025-04-04,US
4be3f22d-1f56-44c9-91b1-98d58c16fd8c,53,457,3,876.09,2024-12-24,EU
c2966f9c-5a7a-44b1-9f9e-5a04b7753f7e,732,2,7,3257.08,2024-10-18,APAC
6e7bc138-6437-4de1-bd72-8e9e969aad71,378,438,2,73.33,2025-03-29,APAC
94271e2a-202d-4f36-a3c7-af51e2ade1d0,257,269,10,1736.39,2024-10-14,EU
cbb94bfd-9985-4205-a3d0-f8851bd57ec9,532,327,5,1998.57,2024-11-13,EU
ac8e7090-563f-408c-a49a-02d037ee2d29,897,146,8,1258.67,2024-01-27,APAC
c8f2562e-b610-4b90-8ffc-299ce775b28b,555,48,9,244.37,2025-01-17,EU
c7fbbafb-c076-47c1-8c44-a7e35997bb44,269,15,1,372.98,2024-12-28,EU
1267e696-d22a-4217-bcdc-75ad6044984d,465,186,8,2132.87,2024-03-30,EU
c897fe0e-2555-4f55-bfa9-cc09f5f1f7b1,888,43,9,175.81,2024-11-14,APAC
bba25309-aedb-4bf5-8f41-a67035d1ead0,355,185,10,1526.98,2024-12-13,APAC
e489cc9a-b3fd-4cee-8fb2-35ee3a7e025a,477,49,2,261.81,2025-04-20,US
8b1a7bda-36ea-4cc7-9a46-bc37ed41722e,261,309,8,2494.61,2024-06-26,EU
2911a59a-2e0f-41bd-9bef-4ebf80e097ea,851,280,7,2170.52,2024-05-31,APAC
3336b6f6-de16-443e-ab14-dcdeab0ae2b3,207,248,4,856.13,2025-01-11,EU
5bb68d27-b971-4774-ba69-b0f1e4c06652,601,50,1,73.24,2024-06-22,EU
1040eb89-8b1f-4c52-9cdb-9ec815f13e2f,67,437,10,4933.3,2025-01-18,EU
48b7b402-ba63-4f32-9cc8-ce954c32f3b3,98,485,2,185.7,2024-11-12,APAC
9e2bbefa-fabb-4911-8a0a-dceac2543a77,387,418,2,159.61,2024-10-05,US
c79998f1-147d-4220-a510-dea169140ca9,861,59,9,2906.37,2024-05-30,US
a47a10a1-7697-4c18-9aba-2e00ac80a816,980,318,3,590.82,2024-09-03,EU
47881839-8c9d-4b88-af17-a00feb5c4922,527,270,10,1424.78,2024-10-22,US
c7fa0dfc-418b-43d8-a43b-73ce102630d4,731,323,7,719.98,2024-11-17,EU
d41b34db-b2f2-432f-9a7a-f77498d1c1ff,912,251,3,918.17,2024-08-16,APAC
e0e6ce58-0075-4cef-9fcd-8ffc2985ac4e,514,333,1,227.14,2024-01-04,EU
56752673-edf1-4d7e-bc19-681bd9c03483,743,211,9,1159.4,2025-01-07,US
2870d598-d921-4787-ac8f-68381433faf2,540,369,10,2792.12,2024-01-13,APAC
192e6013-2770-4bc9-80fd-e896a8dd2040,865,266,5,933.88,2025-01-17,APAC
5a82720f-ca94-41af-8c38-ca5fe7205058,141,401,8,134.63,2025-04-23,US
fea3d3f4-dca1-48de-8b1b-b346a5cbefc1,755,383,1,208.82,2024-03-07,US
e031d089-8c62-49b6-90cc-cd27c7dd2f80,186,209,3,979.37,2024-10-31,US
4a0ba29a-874f-4dff-bf71-63916effa90e,352,310,3,515.37,2025-02-14,US
00bbe6f7-8db3-4817-8ca9-4c2faaf906e1,783,448,6,575.15,2024-01-21,APAC
0cbbddd5-0c79-4659-9b41-eb727fec0809,124,488,5,2326.14,2024-07-27,EU
d2f09038-de6b-49e5-9757-a318fc049a49,481,105,5,603.51,2025-06-14,EU
6d89d728-aa33-41f9-9992-ee686be8b06a,658,54,2,961.98,2024-11-25,US
a45c17bb-f526-403e-8dff-f006178f3486,940,263,9,2706.78,2024-07-23,EU
55f8372f-cf5e-4401-a701-cb0042557344,248,392,3,556.12,2024-03-20,US
6e661d45-cb8e-44e3-941e-e20aee52c1ed,139,108,7,2495.58,2024-05-14,APAC
045e7490-adff-4582-b342-683e37dee2bd,580,130,6,172.09,2024-06-08,EU
18133f33-2724-4f8e-b8e4-bcaf8ffae059,944,208,6,1018.19,2024-07-20,EU
3e226cc9-7c31-4c52-b6fc-45cfa4ca4523,177,212,8,1226.29,2024-08-01,US
4be402c9-e941-4ef9-831e-b433ffeac091,627,450,8,638.75,2024-03-10,EU
976f87b3-e450-43a9-be43-9f2416948a42,270,32,4,1306.55,2025-04-16,EU
d79a85b6-4632-4e2a-beda-6db8bcd36caf,240,155,7,469.32,2024-11-28,APAC
e6af1003-caa7-467c-9e1a-d2d2518d7ec6,98,473,10,2075.35,2024-10-15,US
d1429324-ea01-4236-982c-896e361b1860,141,316,2,399.05,2024-06-18,EU
e1e65392-68f3-4992-8bb7-df01c44d7b1d,211,200,1,201.4,2024-06-29,US
de88449e-e28d-4e1e-8601-27eeb6a550f9,66,131,1,160.72,2025-06-27,US
8abecac6-dbb2-4fb4-b691-5d616b8715f5,79,191,1,118.06,2025-06-07,US
fc060b42-fd62-4aac-83fa-acea15760438,582,43,6,2686.57,2024-03-19,EU
2ae319e3-cda1-434d-a2f4-8a462bb195ec,171,355,9,4213.44,2025-05-09,EU
21049b1e-eb7b-4e4f-8df2-710b82407649,636,109,4,445.72,2025-03-23,APAC
3743ab83-1b03-4cd8-bfce-b07aac29a02e,986,229,7,765.06,2024-12-17,EU
ccad4eb6-6ff9-4194-b933-54cead13b34a,503,103,8,3138.98,2024-02-08,APAC
a5be0135-6ff5-4777-976b-7294a2678f31,307,22,10,1082.85,2024-02-04,EU
7a8d4118-77c8-441c-a298-695202b458ea,715,89,4,1377.34,2025-03-23,EU
5078836a-2941-45e2-8dbe-5d18d293cc48,212,459,5,336.22,2024-02-26,US
cf3a086f-7d12-45f5-9f38-468dcdb24f8a,480,392,8,2312.85,2024-11-29,APAC
211da50b-ccda-4e06-b8de-e67d7b7e533a,165,271,6,1244.45,2024-11-28,APAC
a404fdba-de34-4e69-b9c1-c8e2fa21a960,116,23,3,870.87,2024-02-14,APAC
86f1c515-f8fd-4910-a4e9-74bcb807ff4c,720,435,1,213.47,2024-06-02,US
9cf22922-57a8-4af9-af01-7239c8c08733,838,474,3,353.1,2024-12-15,APAC
013336a7-d742-43d2-9e5b-404d84505706,220,519,9,1558.21,2025-04-21,US
973b044b-de15-4701-84b1-b5e5529fd8a8,436,74,3,1096.14,2025-05-12,APAC
e6ff7e63-27fa-4351-99f0-5e16bf410d3e,656,156,2,37.15,2024-08-08,US
0e34fdde-9a2e-4b7b-ac7c-9ac1c6f38086,701,366,2,707.61,2025-04-18,APAC
35893604-4ce1-4b63-93e3-fcd3deb0e4b6,739,494,5,2057.71,2024-10-24,US
08a63907-f55d-4094-8d92-6ee08304473b,141,188,10,1732.14,2024-02-17,US
c882d5d5-da77-414b-9c4e-1f185ee4361d,448,192,6,1797.35,2024-12-30,APAC
a18a04e0-cb1b-495a-8702-89170804c677,355,3,3,1195.1,2024-08-17,US
7d547f89-1078-47d5-85c7-50ea32162f38,523,250,8,3134.51,2024-06-24,EU
af73faeb-e124-4508-ba58-cdd53ef41b35,73,217,6,2939.92,2024-06-11,APAC
cc46e439-ea3a-4404-b4a2-041f4b4eef71,239,416,2,84.1,2024-05-14,APAC
47b495db-e489-4dbc-97d5-24c2eebb9b9f,292,400,9,148.24,2025-01-18,EU
06bed44a-73b2-43e6-b5d1-3fe730986a45,35,337,6,986.77,2024-09-02,US
c491da1d-de7f-40b6-aca1-7835a5b7895a,234,290,4,320.56,2024-09-14,APAC
827bfa0a-de27-4e48-b782-ced2cf7dd2ff,582,93,6,2132.47,2025-04-25,US
83dbd7ce-0f13-4ae3-92b6-881378e82897,791,280,7,459.43,2025-01-06,APAC
276e8fef-b58e-417e-9843-2981553f6373,621,380,1,253.34,2024-05-03,EU
b6eaacdc-1ec4-43cc-92c1-5684d95b3956,762,281,1,30.77,2025-03-23,EU
8e50cb39-cbc2-4fa4-a07c-c2467acc07b4,140,159,9,4352.31,2025-04-29,EU
d93bd2b9-d172-4103-b660-13b2496026c2,476,15,1,491.27,2024-07-14,US
afff2996-9f3e-494b-a8e7-20eaa93db8e4,808,227,7,1207.26,2025-06-01,APAC
d60b47ff-bbee-460f-ae59-00beb423c607,744,209,2,969.22,2024-11-23,APAC
d20eecf3-2d30-4b1e-be10-f8081b9acf83,943,263,1,255.67,2025-04-10,APAC
ecf6da94-4c94-4863-a735-fb83d8b6845d,957,415,8,3663.14,2024-06-19,US
ebfdad68-231e-4425-9d53-488a67b001d9,498,156,9,2175.56,2024-05-18,APAC
516892ac-0cf6-4bc0-be21-b630c0d7c74c,675,333,4,636.73,2024-05-16,EU
cc26de7d-85dc-43cf-ac62-50c6b8bb590f,734,85,9,2224.83,2024-01-09,EU
3e4ba851-687c-4f0d-bbd0-db8774a15004,81,468,1,7.46,2025-05-09,APAC
f7bfe5fb-50cc-41fe-91e6-ba0f37613fab,806,52,8,161.7,2024-08-15,APAC
0aad0eda-9f21-4f6e-884f-3f127089b8e8,959,481,,388.85,2024-04-14,US
10560d3f-b60c-46e4-b1ae-9de55c239b22,146,188,3,897.0,2024-01-11,APAC
c192c3bc-3f2c-43ab-9d4e-effd2ac4cbf3,6,390,,288.31,2024-02-06,EU
45fc5c64-6091-4285-9852-8d667e25a515,596,398,4,336.32,2025-04-23,US
076257fb-1c45-4a92-9f0b-b2a631cbeffb,406,122,9,4325.61,2025-02-04,APAC
2612786d-0701-478d-9489-d50d118f389f,944,231,2,485.35,2024-06-07,US
dd685e25-2b95-45e2-a508-0402a91ef1e3,190,420,,253.88,2024-08-05,US
0966c827-9676-49c6-9b4c-206a77d62d87,736,51,5,1743.12,2025-03-15,APAC
911ff136-7e2e-4c6f-8d52-7f57075595f6,1,223,1,277.05,2024-09-14,APAC
02a22523-612e-4332-99a3-fc9aa2b9b698,292,185,2,742.7,2025-06-27,EU
ef9ad8ca-0d75-440c-832b-74aa1eaac73a,513,23,8,655.35,2024-07-10,EU
45432a9b-e929-4a1d-ac99-7a10c163e3d1,30,225,5,772.59,2025-05-26,US
f5d8b44a-cf52-45e9-a159-6749adc1718e,30,427,9,1951.5,2024-07-01,APAC
f49936f9-864d-4e58-93cf-67c22c4d917d,922,497,,219.61,2025-06-17,US
17991f8e-beba-4c1b-abda-b1d23b73cab6,488,329,1,438.59,2024-07-30,EU
310035cf-5bd7-40cb-be36-d2911deddcc9,709,234,3,54.6,2024-06-19,US
4c239240-9c40-43ff-b36a-b1b7a4489fe2,758,294,3,465.41,2025-04-18,APAC
bdf7d890-49fd-4bcc-9e05-a8e35c0ed188,299,278,9,2124.16,2025-04-09,US
a0e2b860-f504-470d-8981-8075fa5b403f,631,3,6,417.98,2024-12-25,EU
e86b3029-39eb-488a-b994-ba5db96786b5,778,323,9,2393.31,2025-06-20,US
8ab08ba7-db63-4257-8596-71aa3598b942,362,346,9,4124.35,2024-10-06,US
765e36ee-68d5-4df6-86b1-eb6daa2ec8ef,430,160,,144.23,2025-02-06,APAC
041553ef-11e5-465e-82f7-8e2f9ec57e55,920,257,7,2109.57,2024-10-09,EU
7836de8c-6043-493a-bee5-1b255a619363,450,343,9,3758.26,2024-02-24,US
b5415c66-08e4-4ff6-b4a8-8ec36a51fb74,546,406,9,880.15,2024-11-14,US
f878893f-6ace-44bd-ba1a-28efdfcddebd,912,30,9,4056.22,2025-05-16,APAC
d7e7cbc3-8d68-4fb8-b4c8-56cbafad0af4,23,453,8,1322.19,2024-10-03,EU
3d006b77-266b-4f6b-a914-e0950b9f56b3,676,346,3,1012.04,2024-04-12,US
d5dbd2c0-a626-4657-a505-ecb5b1cafc71,725,240,10,1478.8,2025-01-14,APAC
09d84e18-d1a2-484f-9007-c24cacb29ef7,662,86,3,1419.28,2024-08-03,APAC
065f1e68-70cc-4eca-a796-ad9f215fcc2e,483,374,3,553.93,2025-05-30,US
679db53c-1f46-4203-a7c5-0cf2c9599357,388,236,1,350.28,2025-06-18,US
15726078-e485-436c-aefc-1915cddb05d6,994,125,1,295.68,2025-01-28,APAC
b46c2a17-7eb8-443d-ab2d-7537aca23771,438,216,7,1766.31,2024-02-28,EU
1ed960c2-27f7-495b-8c12-1cadbc0b5dea,494,300,4,889.8,2024-10-22,US
27a9baa5-1e52-4a5c-8547-d2940bc7862d,396,496,9,772.17,2025-01-19,US
feee8001-33fd-486c-af53-97a3a2565ec7,461,414,3,1111.17,2024-07-08,APAC
c662593d-9826-4f87-866e-4e6da4c9f673,516,197,8,139.23,2024-05-20,EU
6e9fc1b7-6d9d-4a02-a11f-169e0b0ecb07,616,115,8,3562.24,2025-03-28,US
08ebd1d4-4466-4a62-9651-0fe23412c368,123,444,3,939.3,2025-06-04,APAC
c793a71b-3d3b-4f0a-8b93-b7b2dc477d76,689,53,6,218.53,2024-07-10,US
515c21d7-04a4-4196-a5dc-da948cfb89c6,874,221,6,2506.18,2025-04-05,US
9fb6614d-07cd-4150-aa57-3be3ea87ae41,426,36,7,3315.72,2025-03-05,APAC
d30619ef-b100-460e-91b8-8aa1d7effc3f,782,434,1,424.26,2025-03-01,APAC
3ad84544-5610-4670-911f-2c4aed9e8dad,199,239,7,3325.35,2025-03-29,US
97bfba58-b787-4922-9a59-9c9aad81564e,615,144,7,1489.02,2024-01-24,US
9658a2b9-f242-4633-a1a9-777229b14b2a,140,303,3,167.61,2024-08-04,EU
f1300f26-fee0-4ecc-9d5c-d9c9dc101793,338,456,9,1316.13,2024-09-18,APAC
0bcf2947-dd33-4482-93f7-464c10783d88,218,35,10,3337.07,2024-03-25,US
26648314-cb51-4322-81a0-ed6608108163,720,480,3,896.14,2025-05-05,EU
356ad1a1-ddf7-47d2-a962-7ea562abcfba,911,135,3,108.25,2024-03-27,US
6e349301-c0bc-49a7-b49c-eab943facce0,399,71,9,1159.79,2024-02-05,EU
88e3d703-9511-43eb-9c55-8814bf7111e3,160,46,7,271.23,2024-08-14,US
52c1ef0f-16c2-4d97-929a-4e24f5a96bc6,982,400,6,2158.53,2024-05-23,APAC
89ca9c90-af6a-4aba-a566-0e27dd2d6319,670,163,3,1039.44,2024-06-15,APAC
f86e4856-cc75-417b-9298-90a50a449039,97,376,3,747.72,2024-09-20,APAC
815cca5e-7f9f-4da1-9f46-53272eabea5f,303,43,9,1826.73,2025-01-17,APAC
7b4c65a8-948a-4e1a-8774-38fe29f1bab3,54,196,7,234.05,2025-05-21,US
40c5c724-a57e-4117-a25e-c652144f7909,926,348,6,2854.23,2025-01-24,US
ef0b87ae-14c9-4c8d-83ea-3b708fe41178,784,203,4,379.68,2024-06-23,EU
e41303d5-741a-47c2-bd3f-d0c8fd25b842,131,428,2,568.09,2024-03-19,US
87ff83eb-1cf3-4925-9e80-e2874ded3d30,594,171,8,487.19,2024-06-10,APAC
c193099e-ef2d-4929-8cbd-657c1bc8ef59,714,141,3,247.54,2024-06-23,US
8bbd637f-db65-4a7e-bea5-17e7896f36dc,811,329,3,1093.15,2024-03-18,EU
893b70e1-1c48-4d9d-8fb9-de92bb175194,682,234,6,1340.38,2024-02-19,APAC
80ab5e97-4a74-4abf-9cc1-8fbb7adeedf1,817,33,9,1936.21,2024-06-05,EU
96476633-ce48-4357-9b7a-513da89e45ec,222,363,5,1719.37,2025-03-27,EU
5737ef0e-419f-4ea1-b386-915b1dfa4297,179,207,8,3454.53,2024-12-14,US
1c9876cb-5efd-494f-9510-b0911e908c85,213,295,7,730.65,2025-05-17,EU
806e972e-5dfe-443c-8ea7-c06ce76af03b,446,158,8,1289.31,2024-03-01,US
46cb89e3-6972-4e89-b9a6-5ae0f9206898,619,147,5,107.65,2025-06-21,EU
94a3715b-5927-47b7-8d26-dd03967ccf29,573,257,8,941.95,2024-11-15,EU
7116b908-9423-4ac2-957b-9647867ba57e,555,440,,109.85,2024-10-29,APAC
6ac4c906-c095-4c24-8214-df502436cbff,686,17,3,862.64,2024-08-17,EU
42f75d34-6ab0-466b-8600-05a723021654,507,95,7,94.13,2025-03-31,EU
d461d11a-45f1-4c18-a26a-f2ff9a27f4b6,290,373,1,329.7,2024-12-03,US
f298156d-4a3f-492a-9f94-fb5128517520,67,94,3,164.02,2024-03-31,APAC
798589af-17cb-4f96-b74f-355575736145,361,290,3,754.33,2024-10-17,EU
94bba83b-5d36-4ed5-b707-25bcbda68366,711,128,8,3399.65,2024-05-03,US
16549e60-4421-4fd7-bf9c-44b826568b65,108,267,3,770.22,2024-06-24,US
55418f3c-44f6-49ea-b8f2-624bfb3ea599,947,439,2,989.74,2025-06-26,EU
acc43d71-ceed-4533-bf2b-1a2d6d7e88ac,261,213,1,292.81,2024-06-18,APAC
d608d3cb-d2b2-49e0-b204-46aba46c413e,321,289,8,2331.69,2025-06-05,US
63609a09-88aa-486d-9809-18980c80f102,16,328,4,1016.19,2024-05-20,APAC
626e3edb-b340-4e1d-97f8-3b9c0d8539b0,121,72,10,4988.95,2024-12-29,US
7a8440f2-a6a9-4b00-82a1-73acbe29084f,123,191,1,486.12,2024-09-02,EU
410b602e-8ccd-42bc-bfaa-3e1da517f0e6,423,435,2,887.39,2025-02-26,APAC
1c046b0c-d6a0-401f-bfbf-dcd8d72730df,379,204,,293.36,2024-01-12,US
aaf6871c-5aa2-4b78-8d6e-67ac5ac9ef02,454,18,1,350.79,2024-12-29,US
9eabe9a7-4c77-4987-9276-0fd6bc5d75d5,998,64,10,1835.16,2024-06-18,EU
233477fc-6ac7-4c36-8e7e-3acbe2a030d0,156,495,8,109.31,2025-02-16,US
6ff46ab0-9c96-49b4-894e-1dc261952301,668,222,8,2325.67,2024-11-10,EU
c47f8394-b2af-4add-b61f-7b6797dfa191,944,427,9,1797.59,2025-03-28,APAC
478ec5d1-2472-4331-a04f-97f9d516bf29,869,323,8,1075.06,2025-05-17,APAC
79d2a710-ec0d-451c-9965-83cf19d1fbc2,756,163,9,4392.04,2024-04-10,EU
64bf267a-8c7c-46d9-899f-a2de46d79435,190,336,5,346.04,2024-12-24,EU
6295208d-13b1-403f-9461-5bf0a75f181d,55,320,5,2419.25,2025-05-12,EU
9c11cb60-d69c-4cee-b7e6-c1a180f8d21f,932,216,3,664.64,2025-03-13,APAC
dca3e770-2fba-43f0-9cd0-ea8d3640df1a,356,373,10,106.74,2024-01-03,APAC
4cb4b2dd-e5e1-4ecb-beea-a94d46e3dffc,258,123,4,368.88,2025-04-23,EU
3a43cb06-a33b-40fc-b98f-01ed24901f10,885,248,8,1491.45,2025-01-10,APAC
662da46f-c620-46bb-8fd2-1b1c7dd2f78e,675,84,9,244.16,2024-09-10,EU
c04a545c-2ac5-4933-99f4-0457265ebc5a,522,259,10,1314.47,2025-06-15,EU
617048c7-7027-4f37-b488-b549fd9b21bf,123,252,3,322.86,2024-03-04,EU
58b72bad-3e2c-4b3d-aafa-3eb3a2c1144a,799,50,3,1237.23,2025-03-31,APAC
0bf255b1-7ee4-433b-8679-e8f6aa0787e4,436,101,5,122.92,2024-09-10,EU
5a81ac3f-f47f-412b-a739-2336a4d12fed,464,172,2,750.42,2024-07-19,US
11616eec-9cf4-4dc2-aea0-f5bd7dd85e4e,273,494,3,1022.59,2024-03-11,APAC
87408c1e-f649-4f5e-b36a-2d8794019a6f,365,291,8,3705.66,2025-01-27,EU
05148a24-d773-4f76-9c69-fcb66493d26b,88,452,,235.67,2024-06-30,US
57db0944-c000-4704-b8ad-5940f657144c,52,156,1,8.68,2025-01-14,APAC
bd5bc3f5-0bef-407a-8126-4940b6460fd3,994,352,8,2657.18,2025-01-20,APAC
68a86404-1645-495b-a842-58b357eccabb,494,3,4,1505.47,2024-05-21,US
a04a8ced-258c-42d1-bf34-6043df6a8693,45,288,10,1786.0,2024-12-22,US
04e486c8-70f7-4619-a67c-4f57f38cda29,876,377,1,313.39,2025-01-24,US
a7b4c08d-8b4d-48e3-90be-8d786c46d747,987,231,1,366.88,2024-03-10,US
54e988d2-f7a0-484f-86a2-9fd2a1808777,102,473,3,1476.97,2024-01-20,APAC
b12c8c5d-2cf5-40f0-b514-2eaada44b89a,232,137,2,895.3,2025-04-19,US
d47f515f-576e-41c2-9de8-3fa642c19e2b,933,203,6,1453.52,2024-10-26,EU
ab1839ed-e636-4598-84da-a73013572621,190,232,7,1116.61,2024-05-18,APAC
5165e8a0-f7ff-47ed-8630-db38f0ffad9b,921,261,1,348.93,2024-10-02,APAC
c046916c-557e-45e6-9830-5205c336a9dd,336,225,8,2238.53,2024-06-09,EU
9c3f42ea-63dd-4849-b350-95ab783db02f,593,389,9,254.88,2024-01-25,APAC
7762083b-82ba-4643-8ddd-65c81c65e580,932,343,3,338.65,2024-01-10,US
829536d4-228c-426e-a921-9ed118665ab7,203,103,8,3109.54,2024-05-19,US
505ee4a2-513b-4240-9d7f-5d7e29d5f96e,734,459,8,2170.88,2024-02-08,US
ea84f189-0a3c-4fe2-8690-1f2580cb0e53,925,397,7,2923.06,2025-06-10,US
9127c8fe-ff1b-49d4-a802-e3bb087ec9e8,627,104,2,923.74,2024-10-25,APAC
b1b2811a-9693-4fcc-b6c9-a4f759e60c91,559,360,9,3536.08,2024-09-26,EU
97ef169d-bdfc-403f-aca3-02eebf52e6aa,723,220,6,1155.94,2024-12-22,APAC
c44bb6ae-1a11-482f-b933-8936b0ffe313,24,361,6,812.28,2025-07-02,US
b3aad826-cfa2-4004-84c0-a0c56762d362,861,2,7,3289.56,2025-01-18,APAC
163df6ee-9b01-4d30-8146-3112c1263e55,454,6,9,1033.31,2024-01-14,US
ff4f9b41-5b02-46ac-96b6-c9f3e96b9a41,644,421,10,1222.89,2024-12-11,US
15afe447-5c22-456b-8b07-0b8bd5f99de8,432,193,5,989.5,2025-05-11,APAC
b23b1dfc-6337-4c26-be02-d5d75553b7c4,208,106,2,772.63,2024-01-03,APAC
fde807cf-8156-4e67-b5f6-e683e78254ed,846,141,1,325.02,2024-12-07,EU
305c8df3-c5db-4605-a1c6-002d20c051f4,147,373,5,1758.31,2024-02-22,APAC
dd66b48d-d226-487a-b1d1-6317d41f742b,672,170,10,2781.14,2024-01-09,EU
e685bba7-7a7b-404f-a5e1-71f14f4fa944,34,227,7,1446.8,2024-12-01,APAC
b6dbc537-092c-40ac-8b57-80516f92fbcd,61,331,8,3030.1,2025-06-13,APAC
3c17f7c6-17f4-4162-ba92-74ca0caf0949,724,24,,42.21,2025-01-10,APAC
16048f63-30fc-4128-a1b7-a088bdbf98a1,226,70,10,1125.11,2025-07-03,APAC
5397f08b-96d2-47f7-bad7-7926be5d7968,560,102,5,1152.18,2025-02-02,EU
ea1dda11-03f0-4f6e-b333-993566c43706,806,5,4,1616.65,2024-08-25,APAC
140d0b78-680e-4f64-8b06-636672818dfe,35,326,4,395.43,2024-11-24,EU
0419d624-a742-4626-ae36-1db68ee8fc88,498,193,4,803.4,2024-01-28,APAC
fc553308-e376-4f66-8c0b-422287d139de,544,10,9,2123.05,2024-11-13,APAC
c2111509-4d91-447b-9d69-0b8f648d2c16,453,97,5,2373.99,2024-01-31,US
3a6a01f0-8fe4-4723-b2ed-262f524a4bbe,794,308,,385.8,2024-05-10,EU
e9422f2e-8255-4c65-8d23-42174de66321,37,338,7,1744.47,2024-05-06,APAC
9f1eab4c-707c-451c-bb68-005502881afb,275,73,2,358.22,2024-02-06,EU
4ea282ea-16c4-4c68-b6ad-c5abb7937b37,287,343,3,233.23,2025-01-20,US
d60fc44c-68fa-40cf-bfd6-95e7f9036562,309,213,7,2481.62,2025-02-14,US
f12fda25-c32c-45bb-afa3-451f33d9614a,128,298,6,566.51,2025-02-06,EU
d8516fe3-1138-49c9-9781-57fbf77fa2eb,643,127,9,4039.45,2024-06-19,EU
02081095-ecda-45b2-9a03-5e6b98af5f68,488,156,6,2020.62,2025-05-23,EU
649923ee-4109-4ff3-8ab8-bc898e7c0c26,946,63,10,4694.71,2025-05-03,APAC
b7576622-bfde-4512-957c-24ccfaf72e82,360,495,1,308.0,2025-04-08,EU
36137ad8-4df8-456f-b07d-c4065162b5c0,522,151,9,1615.19,2024-01-31,APAC
717eb1a7-7291-426d-a4c3-caf7227ad6cc,974,473,2,387.36,2025-05-07,US
7702bb0c-4e3d-40e5-8ad7-c372aeec559d,487,220,5,1738.42,2024-07-01,EU
55b9971c-26ef-4c34-8696-392b3714831c,543,457,10,3907.12,2025-06-07,APAC
74e058e7-084e-4b75-b6be-e06a9426cebc,113,473,10,1586.1,2025-02-15,EU
6b21b6e0-566e-4123-9d92-b28cc50f48c2,167,206,5,2286.11,2025-04-21,EU
19358138-b205-447c-94da-ae71419faf5a,148,299,1,88.48,2024-03-01,EU
3cf74c1b-f55a-41f3-891f-0df9abfb8ac1,516,384,5,2034.05,2024-11-08,US
6b480c8a-e399-43bf-a922-8bd6c05ecdb4,382,71,3,525.94,2024-04-17,EU
92076698-8a86-4f19-942a-b8359328a965,341,266,2,692.93,2024-10-18,APAC
a44693ca-e9ea-45a2-ba84-248572e56cc8,120,224,8,3377.42,2025-04-12,US
0c8b25bd-3a40-47c8-abc6-9982be86f5db,387,116,5,1851.17,2024-10-05,APAC
0e38afd8-e64d-45c8-b412-1d0cc7451e87,792,83,7,2182.94,2024-09-22,US
66500873-3dc2-4486-bf95-ac3874c84408,222,20,2,910.26,2024-06-13,US
350d283c-fd26-421e-bebe-a2636c6179f1,967,80,2,271.77,2024-08-18,APAC
cf8a5473-e694-4a4b-8e7e-eeb669234554,316,316,8,3173.41,2024-01-10,APAC
e444b7ef-5866-4503-a20b-e9c45f6a238c,687,199,7,2319.91,2024-06-22,US
c76ea854-bdd3-49be-bd02-a4c2a3603e06,631,402,5,1014.97,2024-04-25,EU
f5c9e8d9-f042-49b3-a280-17351601ca78,677,474,2,985.88,2025-05-24,APAC
3d863fb9-64a1-421b-8b47-7ee46959ca35,16,50,1,105.74,2024-07-08,APAC
782719bf-0501-4fdb-aae8-4fa22bf67d05,1025,54,3,1378.97,2024-08-11,US
7c7a80d6-3061-44de-a1bc-1dbac474c1ac,731,207,10,385.95,2024-11-28,US
1a50a660-cd43-4a7e-9b49-96bd3ce39daa,264,181,10,1337.78,2025-03-12,APAC
dd4d88f5-1670-4094-ae82-94c3b3ef33b2,4,490,7,420.85,2024-10-08,US
8ea94557-2743-4d24-bf5f-df71499e6477,98,236,5,1086.54,2025-03-22,EU
0440052e-7951-45fa-b69f-d7f60c6faa91,323,296,3,1141.02,2025-02-01,EU
e540c723-e1b0-4319-b5d8-b55e87e95b45,302,196,9,2621.91,2024-02-04,US
8b5ae887-ad38-4dd7-ace3-9fafcaa94c2e,867,6,9,3300.46,2025-02-23,EU
807f047d-54de-428c-b172-f1ac874d5ce4,174,129,2,553.75,2024-09-26,US
8ea55b3e-fd86-49b3-943c-518a44734496,613,16,9,3202.16,2024-10-13,APAC
97d6b67e-46cf-4204-8c33-d9d00805029d,265,346,6,1779.02,2025-02-05,EU
98d6eeb3-f058-4033-8012-01b360f028f8,165,415,6,2906.78,2024-09-13,EU
e22a1d25-2d72-4957-8e92-ffbb662aff97,911,21,2,75.69,2024-05-08,EU
b5cfdbdc-dac9-4b85-89cd-89492d07bdf3,593,97,7,354.82,2024-12-30,EU
676050c4-143a-4942-9bb4-5ad99a2e7ae7,107,161,7,1209.17,2024-12-27,APAC
ae6f0e26-56bb-4893-9696-78c0090d0df3,569,292,6,1590.24,2024-05-07,US
6b0fe268-b191-4fd2-981e-bfb402701963,725,105,5,1398.26,2025-06-10,EU
345fb451-2e76-477a-997f-70f7d9e1d1ad,368,355,3,705.37,2024-09-12,APAC
efaf36e5-d8ed-4971-a5a1-af329ac73f41,515,377,1,302.22,2024-11-13,EU
efe1e16d-aa2a-4e2d-8f54-40832ea7e1cb,529,254,10,2445.56,2025-03-29,APAC
c7011de4-f93d-4cdb-b98e-9e1dd8186c02,582,340,5,806.45,2024-07-30,US
bdafe1ef-e1b4-4a49-b663-cb216975769f,207,384,8,3951.49,2024-07-25,APAC
2782c4e2-cde3-43d8-8e2e-f4eedbdf27ab,584,191,8,2771.52,2024-11-01,EU
0e14e011-b0e3-4ae1-ac88-c9d6ac8b9824,76,339,2,72.24,2024-12-03,APAC
ff032f58-4968-49b1-af74-62310368420d,84,27,1,398.0,2024-10-28,EU
87aad96f-d7b6-4248-a7f7-c16fd915cdf9,95,288,3,223.47,2024-03-25,APAC
5c302b0d-f609-42d0-904f-6cb9e6bfdbc6,420,164,10,526.91,2025-04-28,APAC
cf3121b7-678c-492e-9acc-161284978429,232,141,1,295.83,2024-07-04,US
c664f324-25c2-4d8c-8c56-1cce9bcc0a85,870,112,1,95.1,2025-02-20,US
2c1584c0-84cc-471b-b206-423696aa034a,835,198,3,396.13,2025-05-15,EU
ea711e73-a510-437e-999c-bb4f382c1b0b,656,116,9,2390.31,2024-09-25,EU
7b197655-4654-404f-bac6-c3bbfa978de6,981,39,7,637.8,2025-02-20,EU
28937586-648c-4131-9638-46b712ba063c,543,329,4,1183.29,2024-12-30,EU
87c8377d-d70a-4af8-91f7-9b63eb7df1dd,258,426,2,449.95,2024-04-21,US
fc905165-187e-403b-89d3-87c1b7fd0505,802,304,3,597.93,2025-05-01,EU
3a5c7c73-a2ff-4f03-9160-496b3b803bd4,363,177,1,74.48,2024-08-18,APAC
86bca3f9-3119-4686-8c24-c4ebb0049ffd,379,439,3,498.69,2025-05-12,APAC
753cc599-55ec-42e0-b8c6-43e14538b85e,71,121,6,2605.41,2024-05-07,US
f14cab6d-9e42-4e33-a298-451696aa8bb4,200,36,3,513.54,2025-01-19,EU
9db60e6c-6a4e-439f-9bfa-98f17b4dff9b,455,176,3,437.01,2024-01-27,US
66ebfecd-1260-4166-9a11-347edc739bb8,402,264,4,450.4,2024-02-10,APAC
dbd6522d-c473-49ee-bf7e-d9d03e474416,115,62,2,436.78,2024-04-24,APAC
325a324e-fdf2-4aa3-b9e6-14378fd2d497,775,276,9,3374.25,2024-07-14,US
922b0092-b58f-45f7-87ff-01eb886a828f,249,458,3,380.7,2025-05-17,EU
b964ed83-1d80-4b2d-be92-8f54689d55eb,646,259,7,1788.65,2025-06-06,EU
1c4a6d2c-9b9c-4d72-baa0-04573459fa04,19,430,10,1926.88,2024-04-25,APAC
e9e34360-f06a-4559-a5de-0b46417ae7ee,821,315,6,260.0,2024-11-17,APAC
65708672-36f4-4e31-934f-ed5e44024af9,154,113,9,1455.36,2024-03-25,APAC
d246e3b4-ccc0-4245-8a04-4a8aa682f899,476,38,7,3174.79,2024-02-13,APAC
d14e4f38-b1bb-4345-a653-380cad363465,785,412,6,911.38,2024-07-08,US
871a491c-b12f-401c-9074-8e5251d4f377,606,325,10,919.4,2025-01-21,APAC
6cba28b3-4bd0-4e4e-aae0-1b32113a21b8,899,74,10,1095.75,2024-01-14,APAC
0af34d06-bd49-42cb-b413-1f3bc781fc58,988,307,3,1034.11,2025-02-15,US
91344ad1-1b65-4d82-99a2-22b65b710113,107,420,2,939.24,2024-05-16,US
0fe3ef9b-04c2-401d-b0b0-3cf207e65034,428,342,9,3502.9,2024-08-06,APAC
eae2f7d1-31d3-4d71-b33e-1db17c64628d,87,411,10,1162.5,2024-01-24,APAC
b5d89921-05ca-4902-af9b-69628e7ecbbb,991,12,,60.71,2025-06-24,EU
8deceed5-2b09-4d2b-a93f-5f29c9f7827c,385,257,7,2353.19,2024-03-15,US
67b5a06e-6bac-47ac-8eec-793730c13bad,231,260,1,365.48,2024-08-08,APAC
e1841943-75d9-4e6f-a75c-8408ef41c90a,38,422,7,1539.65,2025-03-12,APAC
e6d4fe92-fae1-4508-8ead-8fab52051bde,753,74,6,678.48,2025-06-16,US
c9465426-ebc8-4c06-a0b2-390be813cf50,25,148,7,1727.1,2024-12-31,EU
27c3af26-c9f0-42da-8d5a-2e2f7ca9217c,989,54,1,317.6,2025-04-04,EU
b0871d39-823a-43d6-b86c-b60fe59343e3,277,451,6,2493.35,2024-01-16,APAC
9d56a05f-b5b2-4d3a-ac2d-1eb10dfb367d,103,140,1,418.58,2025-06-04,US
2ba6ac9e-d53b-4156-bd81-8333ee68f57a,773,343,7,401.71,2024-07-20,US
b1c416cc-9c47-417f-8bb5-cc7bb43de9b1,558,117,6,2969.54,2025-06-22,EU
582810bb-56be-4b4c-a6db-9c4e51991b9d,744,165,1,311.87,2025-02-10,APAC
bc259190-fa03-4680-aff1-ecdcdb1ef45c,520,115,6,825.63,2024-01-24,US
b24960bb-c71c-475e-a2d0-e8267a3e9ab2,927,194,4,1234.53,2024-08-22,APAC
a9614c10-79a4-44a8-bd45-040feff1fe80,989,199,8,1178.1,2024-04-19,EU
77c714f0-a95d-4880-8a72-e8c61dc8fda4,927,364,2,499.89,2024-03-23,EU
6e041ef4-fc7f-44b0-8c1e-36d832de9275,648,65,4,507.05,2024-04-19,US
adc48e99-eb1e-48bb-aa76-e024938239f0,621,365,6,623.93,2025-06-06,EU
27bf6ffe-5ab7-467d-b221-a27ca6f1a733,847,121,10,2407.49,2024-06-14,EU
9d6baf4b-74ce-48bd-9ced-96c71b649545,646,463,5,1920.09,2025-05-03,EU
ad556def-efb1-45e3-b133-12d9f0269adc,364,400,9,394.73,2024-03-25,US
941c754f-fe0a-4b87-8703-cef9000b42d2,239,283,3,1486.8,2024-07-03,US
c6eacc4b-2cd7-4326-aff4-b2b0c12edb1b,924,410,3,594.46,2024-09-13,US
f274ec2c-da88-41c4-870d-b3ddb88523aa,200,108,6,2972.28,2024-12-25,APAC
5307341e-a2fb-4d96-a58a-ab99422439df,317,432,5,2271.67,2024-03-17,US
492f0b6d-0ff5-4dbf-8246-b9c115eb109f,17,475,3,772.5,2025-04-09,EU
4a04580e-d488-4c3e-99e0-984c8c8201fb,332,373,7,429.49,2024-12-31,EU
0ac30d46-ea84-4e53-b797-164e9385c5a1,67,257,6,1873.6,2024-01-06,APAC
76a4be65-3711-403f-a369-7634bface026,597,485,9,3497.15,2024-12-22,APAC
478419b5-a53a-49ac-b9ce-a2b9fd987b4e,912,471,9,1899.35,2024-08-23,EU
80b18805-b83e-458a-b8cf-fe47e76b0dfe,604,43,10,4856.85,2024-01-01,APAC
d079a873-b79e-4abc-83ea-53df57dd9bfe,229,329,9,2018.4,2024-01-24,US
f5a0c826-296c-45a5-8bf2-3b3537ab24f2,790,104,9,3374.5,2024-06-05,APAC
f9e40b97-3bb9-44e9-942a-cfd75a46e41d,963,12,7,2537.71,2024-02-03,APAC
625395db-cc81-4243-844f-6ff4d8eaf7f5,993,54,,291.99,2024-08-12,EU
1919a1a4-df71-4192-b602-712df2a452b4,721,489,9,4125.26,2024-12-26,US
2308888b-bb75-4b2b-9104-aa3ca0c452c7,592,26,6,2210.71,2024-09-20,US
221b9992-47a2-41e5-bba2-1498b6888a79,955,1,5,702.31,2024-07-09,EU
2df5eeb7-38aa-4d13-8579-aca10a23b08a,29,481,1,241.45,2025-04-08,EU
b16c3f94-e90a-4736-afe7-9c07a7dee4b8,671,187,6,670.59,2025-01-24,US
b85e00c0-3f9c-456a-8cec-993ad34815de,601,246,10,2863.26,2025-03-20,APAC
e21789fd-275a-4b02-8832-b72706d37df1,2,271,9,1812.54,2024-04-25,EU
31838b06-a6c4-4e67-a87c-f193a352c079,631,445,7,2245.38,2024-09-19,US
e738cc5a-3970-4107-8a46-7e521f93cddc,873,165,3,458.47,2024-02-13,APAC
7545975e-f986-4921-98bb-a6129fca57ae,767,47,4,87.37,2024-11-18,APAC
aaed36d7-d5eb-4bde-aee6-ddfaf3c605d9,194,390,4,671.04,2025-03-26,EU
d86c2d9c-98b6-4718-aa63-4df284bbe453,39,323,10,1321.96,2024-10-06,US
59d7f4f7-f2f2-47c2-b782-00c3753dc491,859,444,2,403.96,2024-03-03,US
ce7e209f-9f3c-40ce-8e2a-98285ace7dc4,624,353,1,169.58,2024-08-22,APAC
a1db435f-e9fc-4606-99e7-bcbfe367c3b6,4,211,8,3723.25,2025-03-09,US
e3054339-c4bf-49ad-8892-82f30df525fb,397,22,,117.14,2024-06-17,US
053360f0-efe9-471b-be03-d4925ddf70e5,778,456,5,1097.63,2024-06-06,APAC
b96dac6e-2c8d-4800-bb87-0ac85ca9268f,574,54,4,891.26,2025-03-20,EU
e43bd30e-1a91-4b9b-b42a-0a3dac59c80e,71,395,6,726.82,2024-04-27,US
26501ce7-10e4-4ada-bc85-b5bb90b74479,359,170,2,423.3,2024-09-29,APAC
b4aeafa5-d19b-4411-a0e5-e788bb28bbb1,840,194,2,914.18,2024-04-07,US
b6adf704-e192-480e-974b-f0188160814e,317,193,5,1214.38,2024-04-13,APAC
69c68871-0bc9-4f72-a68d-5478673145f0,478,312,9,4353.47,2024-12-01,APAC
d9326ed8-30c4-4663-bfc7-66ba19bdeffe,864,286,7,1614.65,2025-07-02,US
c1e89fbd-7472-41ab-a35d-81aa8a065369,859,354,3,375.95,2024-02-09,APAC
99e59062-8680-4d19-881e-9f5b863bb93c,394,215,5,1725.5,2024-11-28,US
b82af569-7b6f-4da4-82b7-5bb7a6b0f5a1,82,483,8,2125.3,2025-06-29,EU
422fcc8e-fc15-4387-84af-528f9ccdfa69,347,145,1,371.54,2024-02-15,APAC
4f044f0e-57fa-49e6-bbab-5a5e7e950825,871,295,4,588.98,2024-01-06,US
f2b6775a-0ceb-4599-b035-961fe68cda22,194,314,8,2269.32,2024-04-10,APAC
89065776-9c50-4ffc-8b1f-4c0998055559,574,303,3,916.78,2024-11-01,US
b9d3a1cb-c702-4016-a8cb-f8e37f1bafe2,198,184,6,922.13,2024-02-23,US
760194ea-9922-481e-9706-25e2c950853a,750,51,8,84.33,2024-04-30,US
dd28e035-3f80-4a28-9d03-55bbd3fe2b19,368,351,1,226.49,2025-04-27,EU
95834958-0ca0-42ef-a90d-3f3455250c6b,74,243,4,97.42,2024-02-27,EU
bd9dca3b-ed77-42f0-b4cc-a4fc266f940d,98,142,2,242.32,2024-09-30,US
0326b722-70b4-423d-93c8-8e97c7edf6fb,856,365,5,1833.33,2024-02-20,APAC
e6b7a98a-6ad4-41b7-95d7-258e04dcd752,999,70,9,1036.18,2024-06-18,US
9355ef3f-09fb-4e67-8515-91a26f7b19c4,287,172,3,917.74,2024-04-23,EU
9424f95b-4322-445a-bd76-92920f2388bc,983,116,8,3952.21,2024-01-06,EU
a4cb3b5e-182d-4667-851a-a1b158c476bc,585,146,5,791.01,2024-04-25,EU
79f57929-e760-45e8-8f25-6c5a4f839a98,257,76,3,920.94,2024-12-10,EU
bdeb6ac6-8e69-4f00-8fc6-c94be9090925,496,444,3,342.17,2024-09-19,APAC
ea0a7648-4744-48b8-baa7-51a6a427bbe8,835,126,7,145.62,2024-01-23,EU
c35b9a01-cecd-4de9-b8cc-8155e407e83d,555,145,10,4894.73,2024-03-05,APAC
da1b15a3-e89b-46ae-9989-2aee1a6ba18f,177,264,4,1218.68,2024-03-19,EU
6e966f47-7c62-4202-a2e5-aa9af480e568,218,370,3,278.25,2024-04-26,US
63467f51-b098-418e-ab5f-65b8b5634f6e,702,128,10,764.82,2024-06-27,APAC
8d04369b-044c-4650-88c0-d1da4ed2f413,833,74,1,221.62,2024-06-28,EU
24c113db-1f8f-461d-86c2-46552f89ef48,592,358,7,1674.98,2024-09-06,EU
af00b152-01c3-4e60-bbfa-479a7ba23632,350,137,1,257.4,2025-03-15,EU
5b1cd75b-867d-4961-a660-5c8c871dfabe,305,63,5,287.37,2024-06-16,EU
949f7d35-5df2-4ff5-9b63-29a8dd50a287,562,371,4,1343.15,2024-07-13,APAC
be045a18-1e75-4466-8025-1cf70ce9f895,731,232,1,305.88,2024-09-01,APAC
98519c87-a024-4458-9f05-32218f083193,589,430,1,309.47,2025-04-06,APAC
878ea38e-0fad-4858-8def-12765d3d83cc,735,125,3,21.6,2024-09-18,APAC
acd5da64-8c71-4556-b63e-a93200aa19d5,507,116,9,2253.25,2024-11-30,EU
f3b8bf01-1c87-48bb-9313-c185a4d3528b,660,55,4,571.77,2024-06-05,US
a2b0693d-bcbd-4956-ba71-cebad1e17da1,549,65,7,2338.95,2024-09-08,EU
2a5111e2-3bc2-47b6-9fbc-f9d5f8fbb55f,291,382,2,310.86,2025-05-24,EU
95b172c6-2660-41dd-aa67-7097f8f2f255,387,84,8,636.6,2024-09-29,EU
e8a12a2b-d2c7-41b1-b0d2-d8c257eeb76d,841,270,2,696.9,2025-05-17,APAC
d42e0444-fd90-4f79-ba1c-2a858680ef01,39,181,2,244.67,2025-02-06,APAC
329399ce-e634-42b1-ad2a-34b15de10255,157,390,3,998.25,2025-03-03,EU
930321cb-7880-4041-a67b-38148b56a534,631,50,1,5.15,2025-01-19,US
09943f1f-0011-4965-8bbb-e02ff47bbe5e,518,364,8,2447.75,2024-12-13,APAC
e0c2c59e-e5e2-4424-8424-098d1457a0f5,718,228,,341.11,2024-04-13,EU
296a71c6-fa84-4e93-9931-5d8c8d77f543,283,76,5,1228.91,2024-03-18,EU
a4363fd7-37ef-4073-8172-907279f34b98,169,412,9,1118.35,2024-01-11,APAC
49a55053-a0cb-4a49-b085-c717c04ae1a4,683,155,2,720.08,2024-06-13,APAC
c6cbb60d-4a06-4c6b-9c4a-5d5bbe736061,276,423,7,1019.41,2024-12-17,US
3878e225-d5ec-45a6-82cc-3fca7643d9fc,36,190,10,2346.04,2024-10-14,EU
e68dcd50-593a-4301-afee-3cf3cb85f9b6,943,109,6,75.6,2025-04-09,EU
2942aca3-d287-427d-9674-3520314bf6e6,686,210,1,479.33,2024-09-18,EU
c343160b-b83e-4a75-ac13-939d13775309,550,329,9,2066.89,2024-08-30,EU
1b63ad17-d095-4a12-b918-6f8940871d32,57,342,10,1814.99,2024-10-14,APAC
0f1ca478-f4ac-4e12-8be6-9d3e619a678c,905,67,4,1301.5,2024-06-17,APAC
74477aec-2dde-47f8-bc32-74435ec1acd7,437,180,5,1919.88,2025-06-27,APAC
6e9233b4-cf72-49e8-bfd5-2c56e19bcbfd,661,240,8,3665.05,2025-04-10,US
49e1adde-69c5-470c-a929-f131c8f88a38,140,61,2,614.74,2025-05-15,EU
e2e9d911-7d75-4c4e-a74c-840dfabd1e70,445,213,3,138.08,2025-06-04,EU
5ba81af9-b3de-44c4-935b-7f1ad66b8c69,401,174,5,269.69,2024-06-25,EU
f0e6773a-55ec-46a3-b7df-600eae06c626,211,318,3,943.11,2024-11-28,US
ecdbd331-f56a-4b61-baef-8bc8e993f53d,340,58,,132.94,2024-05-04,US
bcae9fe4-2347-4098-9c7c-ddad9eaf7440,320,49,5,346.08,2025-05-02,APAC
4b639176-1a7f-4c6f-af4e-0f5fb12c5b3f,649,188,4,31.47,2024-07-16,APAC
4ec90842-a08d-4e1f-8dd8-95bc537bc195,278,98,2,85.99,2025-02-19,APAC
da600325-9b00-429e-88ed-100c61741bd9,736,274,3,1045.76,2024-12-23,EU
aae65693-988a-4b27-98b2-1797445ae83e,39,307,3,1072.9,2024-12-03,EU
d68e27c5-c562-478c-9959-50b04c33ac78,720,404,10,3090.9,2025-04-08,APAC
1da1644f-961d-4649-a491-8dca2b163eb2,684,471,9,2018.5,2024-08-22,US
78f14a47-e65e-4709-a847-43ce4a2235f0,239,265,5,1900.65,2024-06-24,US
e8a13696-e29d-4b39-9248-e981e0cbe674,182,59,1,277.23,2025-01-14,US
993df7ed-c400-4d69-87a7-87e3196d12fa,737,162,8,1231.54,2025-02-14,EU
09bea1ba-aa6e-452a-8543-e2dadabd5d38,46,295,4,1826.63,2024-10-29,US
2c495307-b490-4f92-86dd-ebef01b0d8d8,383,351,10,3443.03,2024-07-04,APAC
0ae03be1-0d01-49ed-b072-874932cdce33,134,418,4,1356.87,2024-05-28,US
535d2e2f-1ad9-4b69-af50-c0fef5ee97c5,917,282,9,2207.66,2024-02-18,APAC
90608150-34d0-4570-befc-b10a9cf1968d,205,486,9,1998.38,2025-05-16,APAC
88f86e3a-b862-4e45-9f68-549ed972b970,307,397,6,795.64,2025-05-30,EU
2e92aca9-6ee4-4e02-9aa1-a7331a77ea10,92,82,9,2922.22,2024-02-04,EU
c5e7cac6-3075-4b83-9594-5e2f2c5717c7,357,256,5,240.58,2024-09-06,EU
0ab78325-83ed-481b-878e-9f5034054291,220,487,1,156.91,2025-02-05,US
5baf3c78-2db8-467f-9a75-3bc5a523b5d1,648,199,,399.73,2024-06-30,US
2c567dd5-056e-4fbb-9157-d93bad213d45,82,134,2,359.22,2025-05-04,US
5d19bbda-eb9c-4f49-abe6-352d7ece17a5,722,288,7,598.19,2024-09-20,EU
4c4a3fcd-b344-40b1-b789-836e936c0c0a,937,127,7,1223.37,2024-08-17,APAC
91c06d32-aff9-493a-89a6-a310c835a67b,30,400,5,409.24,2025-03-04,EU
611a8a37-5ee4-479a-b3a2-0a3e4298ff53,778,121,9,4041.5,2025-06-10,APAC
b4cd64bc-ec96-42b8-9a4f-0ac1a048bb73,331,170,7,99.85,2025-04-23,US
db563dd7-6a86-46ab-a266-87823478d346,355,333,9,2319.61,2024-09-02,US
bce612fd-c5e1-49ad-b182-752a464b725e,986,172,6,992.03,2024-11-20,APAC
89a6ff72-c12c-4207-b02a-4139a1ffa831,42,248,5,1474.86,2024-04-20,APAC
28dbd988-09c5-4280-899c-3b60214f74e7,255,180,8,1305.46,2024-03-16,US
157eebe3-3c0c-44e4-a3b2-627ea1977790,287,257,8,1887.64,2025-02-03,APAC
d13c6760-053f-48d2-a024-901f3d33dda5,721,136,9,2488.18,2024-11-28,EU
e8517b73-f5aa-4689-8e9f-e3097d7a18d0,54,336,5,874.95,2024-10-26,EU
95dfbcf4-e3a2-4dc6-91e8-ebbf88717e53,306,317,2,556.68,2025-05-07,EU
2fd8f890-0695-45d0-bf08-be531b739eff,475,399,8,2235.77,2024-11-11,US
cd727dd3-3a12-4fd6-857b-d2e9e92af9a8,73,1,9,4452.32,2025-06-10,APAC
51c91fa0-5530-43c5-bd0e-035a47ad1423,375,432,8,2558.46,2025-06-10,EU
1535a5a6-9289-499c-bd9c-7b91a1d601c1,178,281,5,1002.74,2025-02-28,APAC
067867d2-eb29-4294-ba22-d441bed0a27b,203,70,4,191.69,2024-07-11,US
9f8d1c22-2bf2-4995-9c42-8304383ede11,749,428,2,396.52,2024-05-12,EU
00cbcab1-b6e9-4413-9e0e-8cb1563a2429,968,142,3,970.6,2025-07-03,APAC
8f3df417-7915-4311-b94d-128597fd4f19,98,131,3,1461.63,2025-05-23,EU
05381f3e-2698-4760-bfcb-0b9b291c7976,976,476,2,850.01,2024-12-08,EU
5ebcbcc9-5fee-49b0-9c05-248cf47c79a8,936,311,1,226.54,2024-08-29,US
506b36f3-0762-4b3b-aef3-d273d23dcfd4,470,290,3,1040.61,2024-05-29,EU
93f0cc2d-40fe-42c4-bf02-f93c176a7a17,933,148,1,209.31,2024-10-02,APAC
f847b424-e4b1-49fd-827b-c20b2556971f,945,358,2,950.49,2025-02-01,EU
1fb27830-b266-4340-95a6-6e9d590c7add,429,253,5,489.51,2025-04-02,EU
588cbf16-1564-4d54-9d81-de80f63d0139,494,215,3,286.62,2025-02-14,US
4247f76f-1c4a-45ab-9bf9-8ed09198e7f1,829,2,4,317.17,2025-04-09,US
3d2f5f9c-a9b0-482a-a4cc-7e17157291e5,958,239,3,1109.92,2024-02-16,EU
32e97662-eb77-4f42-b92a-480281b7d21c,539,128,2,76.2,2024-04-11,US
67fa88b5-6ae3-4bc8-b25a-43651beac6aa,33,474,10,116.4,2025-03-17,APAC
e753e476-e216-4d18-8c9b-92dd8a0fa0bf,943,374,8,2012.79,2024-12-01,APAC
bb7de3c8-aead-4861-982a-f6b60836c41d,746,354,4,1654.1,2024-04-11,US
217da188-ba25-41b5-a915-ac0099dcda08,578,44,8,2338.64,2024-12-20,APAC
4b80f326-fb9e-48dd-af4a-3cbb59cef5bd,268,385,1,329.69,2024-01-31,APAC
6def5f60-056c-475e-84f8-1911dc10148d,421,18,7,1126.66,2024-09-22,US
3efb4dd9-8569-4533-a7ad-c7dfd6f8ec7f,36,260,2,117.14,2024-06-04,APAC
374ea8c9-2978-450c-8237-4ba1a8ddaeb4,369,13,1,96.89,2024-05-12,US
103e7f0a-826c-4a3f-96dc-b32369cef5bb,115,165,8,3293.37,2024-12-26,US
70820ef8-524b-4c9b-a4f6-e42fc3581da2,76,361,10,759.86,2025-02-21,EU
4d60c28f-568a-42ec-b729-6ecd7b63310b,996,409,6,261.72,2025-05-31,US
2ea84392-508f-49c3-b07b-70be200c8822,411,249,6,1201.93,2024-09-11,US
3498b366-0db1-43a2-957b-a604f888ed8f,934,345,5,556.34,2024-08-10,US
b176f9a1-e2ed-449a-9eaf-905ce44f766f,624,319,1,390.88,2024-07-25,US
fe55b81f-da1d-433a-accb-54694c63674f,887,189,6,200.02,2024-06-27,US
a82f1342-4761-4597-8441-b41c816ad86f,263,309,1,127.26,2024-09-21,APAC
8fe7833a-03c4-457f-a685-e998a03ba6d4,105,236,9,1389.82,2024-07-02,APAC
42a7286a-e3ee-4549-a304-654277b2714b,587,319,9,4080.93,2025-06-06,EU
d64fcb88-1b3b-4c34-ad34-385400d4955f,902,275,2,945.06,2025-05-21,EU
59e47c5a-5db8-4b1a-a5a9-daa7afa6d818,335,317,10,1336.84,2025-05-11,EU
8e55692e-1eab-4aba-8a82-b01735a3467b,327,134,2,274.39,2024-09-23,APAC
b09a9e0b-d267-47c1-9e32-44e2f47be03d,238,392,10,2814.95,2024-03-20,US
7d9370db-f8e1-44b7-9db3-14277b334f8c,198,352,9,104.44,2024-05-21,EU
a7ebbbe9-6b91-4d5b-ba75-93447f4613c4,286,198,9,3536.22,2024-03-06,APAC
8608c826-45d5-4afc-a9d9-1dcf302fdf75,29,233,3,1162.03,2024-02-22,EU
4d6d1508-7b86-4aa5-9193-2a6ef5d25cbf,118,102,8,911.39,2024-04-08,APAC
bdb43885-e5b6-4134-80c2-6fc970d9196b,477,124,8,840.5,2024-02-21,APAC
937ddcd0-f3eb-4f74-8cb1-ac914bf1e1b8,215,303,9,2450.16,2025-01-16,EU
281c8454-8600-47db-85ac-a71646238adc,644,372,5,2122.29,2024-07-25,EU
244c840c-7a01-4f1e-8399-7cc58deb9076,525,153,4,1450.85,2024-06-13,APAC
bcbc592a-baa5-4597-8a73-ae754722b868,747,346,2,398.41,2025-06-27,EU
9dffecfd-1c93-4ffb-976b-273c91b28f2d,846,300,2,237.47,2025-03-19,EU
c12a2ee8-5813-4036-a36b-58ca3eb94568,443,170,9,4154.69,2024-02-14,APAC
8c63ce9c-acee-475a-ad8a-a7b7da6ddabb,169,128,8,1424.24,2025-02-07,EU
d4e0bc26-c082-435a-ad77-e2a6b6ac1eaa,68,309,3,1174.79,2024-07-30,APAC
11dde959-666b-4884-a673-28ccf254483f,635,396,,325.67,2024-03-04,EU
f5a9c099-062a-41dc-944a-f2ccaae51655,713,411,8,3016.26,2025-06-02,EU
6c7821e5-4508-48d5-b212-416bd23eb097,222,348,3,76.76,2024-12-07,APAC
16d0fadb-054d-4742-85f8-b2c201c38396,164,228,5,1343.69,2024-05-17,APAC
16c4d00f-bd67-4330-8737-96dbfda7c50d,194,435,8,797.85,2025-03-30,APAC
61fff71f-a38b-4b5c-93a3-23ac82f4d323,254,305,3,733.05,2024-09-22,APAC
92dcd324-98d3-4f63-a2b6-a5ddb0cb187d,679,444,8,267.81,2024-09-02,APAC
0c7693af-6ec0-454d-8604-c4a3eaff9745,549,249,10,1940.46,2025-01-23,APAC
e5eb8017-7551-480a-9efb-9ce000a66625,439,46,5,2121.79,2024-12-16,APAC
d4dc5bbd-d06a-4587-94db-b93e0c8049dd,672,96,8,742.47,2024-01-20,US
92d83b3c-70d3-4a68-88d5-597b5bce7dc5,278,126,2,134.82,2024-05-12,APAC
840db43c-6e65-4a84-b9e5-150511e396db,734,478,,168.61,2024-06-21,APAC
0ee819ea-c6fd-4030-8e51-8b039d04fb3c,931,26,10,4332.37,2025-02-11,EU
0d13ae99-0f9a-4a3a-932a-7a459f7257dc,85,130,4,1123.37,2025-05-23,EU
4b344dab-c193-4673-bfc8-35664ba05e64,775,18,4,710.22,2024-01-02,US
e1e004af-07ab-4a67-b443-05992da5c4d5,551,379,6,1223.22,2025-04-30,EU
c4765633-52fa-476b-96bc-3438ea077ad2,547,82,3,664.18,2025-01-16,EU
907a9600-a4f5-4043-8c33-4ef8ef268faf,890,397,1,159.16,2024-04-15,US
0e9f539e-b529-42f8-b594-0e7e078058f0,796,309,7,956.71,2024-06-27,EU
2ed6cca2-b761-4637-b991-ff070e443b13,117,499,3,1006.94,2024-09-28,APAC
07ec6c0f-299f-4745-9a0a-a5a3da8e72ef,619,359,8,1310.79,2024-11-07,EU
93751787-6360-480f-ab8e-b1be8151a710,227,349,10,2759.02,2025-01-18,APAC
6375eb02-b210-446c-be44-4d46c32f331a,97,398,5,592.46,2024-06-03,US
0ffc7ecd-d272-4035-8316-bac5571f31d6,586,428,6,1388.05,2024-03-10,US
d7e39c53-d88d-4085-bfe1-52ba437eaab7,998,123,6,544.8,2024-05-13,US
e2633819-cc8e-4cc8-82c8-efc0da2c94bd,882,440,10,104.3,2025-01-05,US
ba8bb42c-eea4-4c3e-b4c4-694b58d6be02,250,402,8,2547.51,2024-08-10,US
ad137999-cf71-44ff-969f-9b1490090ce5,323,257,1,216.06,2024-11-30,US
bb8a9fcc-1311-45f8-8fe9-942a07c18c9e,869,124,8,1670.6,2025-03-09,APAC
fcd59c93-1842-4243-a132-caf2eeb2fc9f,206,1,5,560.18,2024-09-06,US
efa5a443-5ffd-4046-b515-b7da0c3eea2f,796,384,7,3098.78,2025-02-25,APAC
501725fd-c1d1-4aef-a9ae-a28fc8eaf1cf,473,203,9,786.17,2024-07-26,US
5869d168-ba9e-443b-9d3a-a4c78551af38,173,470,5,564.03,2024-01-10,US
3af447c1-ddca-48a8-8c42-320b67928501,28,236,10,1155.91,2024-10-18,EU
5f8958e4-6798-4403-a845-f6e7dc7d11a0,736,147,10,586.28,2024-12-18,EU
7bda80d9-bf6e-4789-b7f0-9e0e35982b4d,711,135,8,3648.96,2024-03-30,US
8f69647b-130b-4652-b56e-9bccfe86b91f,105,402,8,301.96,2024-02-19,US
54e4c5bb-b0a5-4324-9e93-e7a71d9ed3f9,4,169,2,848.82,2025-05-23,US
805d25f5-2804-406e-9ad0-56a1144880aa,491,378,7,3242.16,2024-08-18,APAC
83439436-16d8-4dce-8a15-b9f30391749a,629,246,9,3052.78,2025-01-26,APAC
b579fc51-0d52-43e2-87e2-5e0988919d25,553,94,4,1645.53,2024-01-25,APAC
0ea24a16-6e43-4449-9379-34cd245a2a5d,990,270,10,3335.23,2025-05-15,US
b9573a76-370a-402f-a967-8ec22c1dff5b,995,397,10,754.75,2025-06-27,US
ea3dda3e-77e5-4e91-a155-0ccf8638ae94,44,154,7,2420.17,2024-05-26,US
1d7412d5-a13d-4c96-b136-950fd28d09ee,614,474,4,436.96,2025-07-03,APAC
fcdfd115-6514-4569-b42a-c814e87fbd3e,335,223,8,3135.03,2024-11-07,APAC
bf0f5129-ef2e-4651-ae57-981aa5cd625d,314,201,3,1046.76,2024-11-25,US
b0735c7a-6b5b-45e4-bc51-b6988bd8c4e4,803,488,10,353.74,2024-07-28,US
b774abce-c2b8-493e-877a-de6cc5cbb55a,418,249,9,4187.03,2024-06-29,APAC
365e7d9c-d44a-4f1e-a153-7ba4b7715510,524,160,8,938.26,2024-08-18,EU
c463048e-7c4c-41a9-9573-94a5d4a80dce,122,236,10,161.61,2024-05-28,EU
c8e613dc-ff8d-4772-bd50-a5063fffe364,749,415,6,1185.96,2025-05-20,EU
519d08ed-516c-4f36-be15-afe3dfa53165,50,196,5,2154.71,2024-07-16,EU
ef2b6b4f-a2c7-4456-8fd2-0c92d3db6b77,629,196,3,957.99,2025-02-19,US
6cfc5406-f597-4c2f-97f9-466289ccb9da,154,273,2,145.67,2025-05-05,APAC
f58189ec-b8a5-4803-8c3a-6c33b0579b71,690,303,6,1036.94,2025-01-18,US
362e28be-80b5-4d0b-b796-d610f8b1b571,752,123,10,2219.32,2024-12-31,US
35cd3137-192c-41d4-a4e3-2c9880e49604,862,36,2,313.25,2025-04-18,US
8f4c1ada-086b-4047-aa2b-def476748930,569,18,9,1645.94,2024-06-19,US
b8b98e94-dcd8-4f39-952d-14d0d89af98c,694,157,3,1397.58,2025-05-03,APAC
aeff55d8-4053-46d1-9535-143233d1c43f,505,135,7,2699.86,2025-01-24,US
510367e7-53b1-467c-aed3-08b197bba8d7,134,103,10,2804.11,2024-12-10,US
44bd81bd-ebe4-4f16-a40c-66620758476d,213,412,10,3131.62,2025-06-13,APAC
a934d531-75e1-451b-8384-6405fa44e9e9,988,166,3,634.13,2024-12-22,APAC
5be78ea5-66aa-48ef-82b4-7180aa3bcc91,780,442,,51.96,2025-05-20,US
a0c84a67-156f-401c-8371-d0897f264ede,587,385,3,70.59,2025-01-03,APAC
891964ea-ea35-492c-9b45-3e589892288f,839,320,3,455.27,2024-11-20,EU
7205d699-73a9-48ad-8af9-630243e8e2b0,547,292,6,2257.02,2025-04-26,EU
e282b0a1-100b-4f75-a528-925dc4cca34a,856,277,5,602.31,2025-05-14,EU
33c1e090-6f7b-47be-af3c-42e709e4dd88,321,313,5,1856.51,2024-11-03,EU
25685bd2-e9d0-4769-a0f2-0312312542a3,157,379,2,814.94,2025-06-25,APAC
5831bfd5-246d-4921-9afe-1e36565e00d8,922,178,8,1138.05,2024-10-18,EU
3a813c80-30fc-4130-b0aa-b38bad5b2312,490,258,7,928.91,2025-06-29,APAC
a065e2e5-cdea-4073-b2cc-f979951d0fdc,470,309,2,837.58,2025-02-08,EU
e48d28c3-b1e2-47ca-8057-0b325a1e6d1c,883,49,3,1364.89,2025-02-07,EU
4ea3c126-51c0-4cdd-8df0-99a2842546f5,479,486,8,2846.9,2025-03-04,EU
fc0df8ad-5332-4cec-a7b3-e5258d1e8339,677,426,5,813.91,2024-09-02,APAC
f2470f99-354b-4bce-8317-31fe8164ea7a,90,327,4,1798.63,2024-11-29,EU
497f8538-a7a9-48ce-b8ad-07e7abf7b624,206,214,4,505.97,2025-05-16,APAC
b3abff13-c09d-4851-9c95-0a322a1a7a73,359,213,8,1689.96,2024-10-09,EU
93932243-c835-431f-b486-8606014b5845,364,494,8,2873.7,2024-02-07,EU
443500cf-240f-4c5a-bb04-89545aa30c60,271,445,1,170.04,2025-01-13,US
e6eaee3d-c0a4-45b9-ae46-6bc0b4f434f6,177,77,10,3561.82,2024-05-22,APAC
9f1e09a5-dd1f-4da2-80f8-bffdcdc657cf,833,277,9,3327.18,2024-07-19,US
8cf42011-6857-4990-b0c8-609289610a4e,883,352,3,861.89,2025-06-26,APAC
9337a223-0629-41b3-9567-b2d18a606ef8,656,437,5,2134.63,2024-07-04,APAC
8ad0dbd1-7caa-4179-afc4-dc0dc8ee12c1,334,332,5,1620.46,2024-08-31,EU
f7246ba2-a36e-4735-ad11-7803a2d9659f,987,194,3,911.63,2024-02-06,EU
8a503a30-a3d4-48a6-bb72-2d9e185695ba,572,105,4,1092.09,2024-01-25,EU
6e5a37da-5f22-441e-8a61-0c8164464f30,40,257,3,1169.44,2024-01-13,US
0cb22688-c5cb-4679-9654-f15978a0a5a6,659,87,5,1137.96,2025-06-11,APAC
fa1485fe-358c-4f5e-8420-410d87831ff9,591,173,5,1363.07,2025-03-16,APAC
d041a58c-b811-4dc1-b72d-41397a295f36,743,303,7,2522.54,2025-06-22,APAC
a38c6091-f16c-4220-8d7b-a45976502349,393,234,3,1360.75,2025-02-13,EU
8254cd60-f017-4d1c-a17b-cbc894fe68a2,27,420,2,878.73,2025-05-14,APAC
ca6e5326-0011-4df8-83a6-f66336181539,522,213,1,52.43,2024-11-07,APAC
f537d1ed-baac-405a-9abc-1d790ee14058,720,4,1,68.17,2025-03-02,APAC
05f64ca7-92d9-44ea-9f2e-5c80ab897d84,814,65,9,4038.06,2024-09-13,APAC
9ce1cf3c-a02d-4d16-8f79-d6ddc7f77f53,544,34,8,686.43,2024-11-15,EU
617ad4af-3926-4b00-8af3-f8b3e63956ec,88,234,6,1908.67,2025-07-01,EU
d467f189-78b1-4fbc-b3bf-fa1e598649a7,562,437,1,175.86,2024-02-05,EU
06a9b1aa-3bd7-4415-a303-6796549f4af2,310,258,10,3612.22,2024-09-25,EU
c3c8ff2d-6142-4c72-a866-36252b097e49,284,183,1,366.2,2024-06-15,EU
cf5156eb-c101-4587-869e-abe8146b55ee,915,325,3,1007.97,2024-12-09,EU
390d9ed7-23fc-43df-bc13-47b7d2c607cb,991,393,3,1246.77,2024-10-22,APAC
dc609215-b560-4a4d-a029-dfe6fa9f8824,687,179,9,1315.4,2025-03-20,US
f1e5d076-7373-4194-8acf-924bd94d94b0,718,150,7,2145.83,2024-12-03,US
949a7d90-d453-4dc1-a6e4-6a72e3c96589,97,477,10,2577.46,2024-09-12,US
18912c8b-7972-4f25-bc5a-23d0c52f6669,282,263,7,1544.65,2025-06-07,EU
393bc8c9-6ce0-429d-b6a0-744a9f276986,46,374,1,496.95,2024-02-19,APAC
c0f6b564-e948-4180-a3de-44a477c93cf4,915,388,5,201.0,2025-03-21,US
89d3d94c-9124-470a-8bb5-84752786f1c5,532,173,3,496.79,2025-05-15,APAC
34d03932-f7ac-468c-87b0-c20fcbc1dc4a,883,239,4,1407.7,2024-11-03,US
7c50a74d-349f-421d-932f-331109463bf1,253,472,3,1144.57,2024-11-17,APAC
6634292c-d415-4874-8486-8c8f353629ad,832,492,3,1286.83,2024-09-17,EU
1a2a3e5d-d17b-445c-b8b9-8cee0b43ceeb,115,384,10,3140.44,2024-01-14,EU
c559a628-66de-415e-a1e0-a68a4c0ac362,57,474,9,1085.33,2024-07-31,APAC
2cb7d0b9-2d79-42ef-8563-c999705d2ea2,449,277,6,2202.9,2024-07-23,EU
5c621bfb-a023-4a3b-a9d3-bbc2662089d5,385,371,3,604.35,2024-10-10,US
f0932767-0de1-4a1b-8d50-ca601eb4e514,668,466,2,710.88,2025-05-07,APAC
69368ed5-f8b8-4ad4-98b4-ed878fe01f0e,360,425,1,466.62,2024-11-06,APAC
46fe8303-95a2-4b92-b000-9fd01595f592,849,493,8,1001.01,2024-08-23,US
25cbf71f-c87f-41cf-90c7-aa1792b13b6e,83,350,4,1612.35,2024-11-30,US
818e8291-1039-4e0f-abe4-747f2b31a577,565,500,9,534.27,2025-02-09,APAC
a196ea03-2cf9-4083-969e-40efcc80dbce,264,351,6,2352.24,2024-02-03,APAC
ec8df347-606d-4799-b89a-01922680ed86,397,276,3,1235.52,2024-01-24,EU
25630fa4-4665-490c-9cff-20997005657f,766,409,1,13.41,2024-01-25,US
9bc4454d-0d01-4c4b-96cc-6ad5aa74312f,332,333,2,862.68,2024-11-12,EU
f0030e53-c22c-4235-a4e4-3ee7f25b7633,950,442,1,486.81,2024-07-08,EU
0cb90671-6571-435f-95f3-95fc9edfdeda,526,200,5,1133.1,2024-01-13,EU
3a2b4d3b-8140-4570-8845-034dfea40b6d,236,177,10,3451.77,2024-12-26,US
92842e13-818e-4478-af11-b736092885c4,164,251,9,1255.05,2024-08-14,APAC
33cdb770-38ba-4880-9aa2-35ae66410721,552,419,5,2098.54,2024-07-16,APAC
f5f9e593-8a32-44d1-a235-ea057fc980ea,664,28,9,1791.59,2024-03-31,EU
861cf03c-862e-4e80-8655-b43ba838af75,277,461,4,1511.75,2025-02-26,US
86005e26-4d80-46bd-8c1a-965fb25b031e,648,126,10,2102.5,2025-03-12,EU
f7042a13-d5c2-4d5d-a65b-faadc459755d,145,353,3,839.09,2024-08-08,EU
2a16acda-2e8f-48c8-a6e7-32a8867f225b,184,234,3,1243.46,2024-10-27,US
a3f7c9f0-dba6-4510-9c14-8fbd0711337e,236,382,4,892.98,2024-09-10,US
ca435318-3a81-4da1-9b1b-8bac915a4839,44,254,5,1024.02,2024-07-22,APAC
1e3339c6-42b6-4243-94c3-05a3a2f9f096,384,278,,199.05,2025-02-15,APAC
996f4b70-1b03-45cb-9ae7-1950ef9cfe59,241,56,5,766.0,2024-04-02,US
2c0e2d6d-b974-4ad9-95bb-8740e5d46a6e,977,222,8,2906.98,2025-01-25,US
dff0ba08-9e2c-4515-9095-e2b0beb8a653,975,200,7,252.72,2025-03-05,US
c65603af-c79e-44a7-937b-46be5775a5c1,909,135,2,40.71,2024-03-05,APAC
7c2821a6-ece2-420b-91d0-c33fff36f274,589,255,1,389.18,2024-06-14,EU
fedc97f6-453f-46ee-b59e-fbdef9b103b1,987,457,8,1008.45,2024-12-05,APAC
8d922576-25d0-4858-bc07-7aa4819eb556,370,15,7,1822.81,2024-07-28,APAC
5ca80c9a-5620-4e0d-9dbd-2fdf21c30284,537,21,8,2241.79,2025-04-12,US
4eb9ea12-e28b-4437-81d9-ac1c01ed3ecf,288,436,1,348.88,2024-02-19,APAC
96395aec-5572-45d4-ae8c-15ee9b9405fb,532,277,7,3424.14,2025-05-06,APAC
73d4ad66-1fb6-462c-a020-8e40d6bb167c,310,257,,14.46,2024-05-21,US
e7170c62-c99c-431d-83c4-0af9c33a4286,729,387,4,308.63,2025-03-17,APAC
05b31508-b004-47d8-a9f6-be36ae94fa8e,601,382,6,1862.59,2024-11-23,EU
968881f8-4ce1-421b-bd49-6a33d557eb6e,818,71,8,3364.44,2024-10-04,EU
3445e3b9-ec9d-43b8-9d12-422406ac500c,612,409,8,3729.17,2025-01-07,APAC
641820b1-3840-4a88-93d9-50f6d644cf2b,13,23,1,222.25,2024-04-22,US
f34e4a78-9538-4878-9714-c82cadbde8f4,373,383,8,2911.28,2024-01-04,US
44c2f73a-6e43-483e-b639-d74c08e621f3,35,75,7,2873.51,2024-10-31,APAC
9b84aa64-4cad-4db5-afc4-c4786ba781a6,831,221,1,223.57,2025-06-08,US
8d7e361d-b6a9-458c-91d9-77d5ef575393,900,430,8,960.42,2024-06-05,US
abaf49ae-9291-4db5-88da-087869d7edca,971,58,2,86.85,2024-05-03,US
85bb5d78-4fb7-48a7-9736-c9839b3ae4fe,611,265,7,234.2,2024-07-04,US
a26802e9-cfe0-4bc7-bcd8-1efa6d13d779,479,396,6,665.32,2024-12-11,EU
aeff4cd9-e003-4485-b4c4-c756167fa4f6,872,134,4,900.26,2024-11-21,US
f1a6b871-c2d4-4ccb-a469-a8f0eecb9dc3,725,257,,315.29,2024-06-16,APAC
9c29061c-4c6c-4f36-8c8b-fa5674650a6b,736,117,3,80.02,2025-01-23,EU
ce886534-3a0c-4800-99bf-64cd1a2e5b22,798,5,8,3018.14,2024-05-30,US
792f0fd7-3091-471b-9915-1ce9a5266952,264,317,9,968.3,2024-03-28,APAC
831b96aa-bd90-4d10-aaa5-d23fa277cc9c,546,168,2,373.4,2025-02-11,EU
c93efd6a-6ca9-4639-a6a2-43c4e79c3686,610,171,5,1547.84,2024-01-13,US
573bbbfb-9175-4048-ad47-fa85a10eb843,894,374,1,407.55,2024-10-09,US
6cf33198-1124-405d-b1a4-f518ca70e3a1,966,8,3,1366.76,2024-08-20,APAC
d65a49ae-a0e8-4575-b355-73b4c7b1cfe0,774,34,8,3096.82,2024-04-18,US
42ed23bb-8014-4a9d-85a8-d502539a4b2d,684,233,5,1886.89,2025-06-26,APAC
afa4ea1a-7af7-46ca-8163-f0b4c185da16,369,351,4,859.31,2024-03-01,APAC
3de97f7b-790e-43ee-a3c9-179565cf2bf6,111,406,6,1654.15,2024-03-12,EU
9686df15-afa9-432e-bdfb-5d197685c707,786,50,9,567.56,2024-11-21,US
63e5c98b-a822-4d21-92ca-88d4ae36931f,516,475,5,1187.86,2024-07-09,US
191ed5c3-7d4d-4426-95d2-3fed364c91f8,510,288,1,104.63,2024-05-30,US
eb72b0e2-406c-44ac-9258-5c3f1737fe0b,137,54,2,849.06,2024-06-16,US
37081fac-7e98-43cf-b650-90cb476a7358,975,145,2,991.06,2025-01-11,EU
ba13e247-e3ec-4b38-a4c5-c2dcc058ed8e,144,19,10,3835.26,2025-01-28,US
0f015444-59b0-48d7-a5a3-4282fc05d740,39,198,1,492.21,2025-04-01,APAC
382c9a4a-eb29-4f63-a953-d0b40aef6c49,348,210,3,149.58,2025-02-25,US
29adc7c0-b083-45f3-abbe-e19aa473a1c1,912,433,9,2133.07,2025-01-19,APAC
f04d4d0c-82af-42d5-83c4-cb9e026a4788,930,313,10,2070.81,2024-02-15,US
92abf175-97d1-412a-a583-a8e03b55d45a,702,299,7,727.33,2024-09-26,US
9e0f9a39-dc0d-4dc1-8411-9376a1babf0e,106,125,9,2091.71,2024-02-18,US
6c779b39-77df-49c5-afd1-1c46d8bf1e9e,648,361,10,426.91,2024-04-19,APAC
641c66ba-7c61-4a09-8569-6a2275753f19,870,67,9,2560.02,2024-09-12,US
30ebcdf7-a76e-44e9-ac8b-cf6d778d7c7f,712,174,5,1981.56,2024-01-26,EU
08f3f124-1ecd-4bd7-b1fa-c8817803512f,635,358,5,250.36,2024-02-10,EU
69aab81e-35fa-4543-94f2-200a581efa44,514,97,4,20.33,2024-11-28,APAC
f1a452fc-2bff-486b-905d-138d82ab2767,138,460,7,2401.54,2024-08-29,EU
a660618f-a156-4dbb-9e38-2249524d7041,691,187,7,1334.63,2024-02-02,APAC
ccee6912-7816-4144-bc09-3e6fef0b66ce,20,313,3,846.07,2024-07-24,EU
b591bf7c-7be6-471f-84c3-18a5c28c4476,929,199,3,47.64,2024-04-05,EU
44d53d20-236d-4b97-8da7-b3611be249ef,846,354,8,3810.0,2024-08-07,APAC
1157f702-e79c-4818-be3c-2d913f198aec,581,374,10,2693.5,2024-07-19,EU
cd6ca574-cd15-4011-a9ea-aa7e4e070f8b,370,179,10,1655.96,2024-06-07,US
64963eaa-4d12-46a0-bc26-3307cb911fa7,99,224,4,1829.59,2024-02-05,US
b394b709-a074-4de7-928e-ecaf65b38215,646,232,1,244.89,2024-10-23,US
e1c217e9-5212-4321-ab32-56f7c7aa5449,701,8,2,804.66,2024-04-09,US
4b9cedba-8518-48f7-b013-117c69d7e419,534,379,6,526.31,2025-05-22,US
a161927d-09c7-4eb0-8b45-ae6513e864be,560,409,2,908.34,2024-04-25,US
74e5fcdc-bf87-433b-8b49-f89721ce7b24,921,298,10,4137.67,2025-01-31,EU
98912331-7cb2-4646-bad5-acb78d28e1f0,987,222,6,2370.19,2024-06-22,EU
5373ca34-3b04-4657-9245-2eed4d309fbe,613,447,3,1345.65,2024-05-05,EU
06edf389-ae9a-4162-bd53-50c3289afcd3,687,20,5,933.84,2024-09-06,APAC
8fb02736-8a2d-4b80-86e2-8e6106a27321,333,121,5,307.25,2024-06-19,EU
51bc945b-5155-46b7-a3eb-01ebbabcec5c,677,461,6,1532.22,2024-09-26,US
cd34c3e6-d0f2-4aa3-8d94-c9bc0c9b943c,575,90,,84.46,2025-07-02,APAC
1656f181-0d24-4276-9dbb-4c76aeab747b,402,420,9,2237.46,2024-03-30,US
83e4aa17-dbba-4f11-8879-5ab002cb556a,82,199,7,124.63,2024-09-11,APAC
746c7b56-265f-4ab5-919e-a85c59ecfddf,500,453,9,571.8,2024-09-19,US
70a4fbc4-6929-4e93-9d9e-6439b9fcfeed,94,99,8,422.75,2025-02-04,APAC
382164f8-ae27-41aa-afae-4cefd349dfe4,877,161,10,3993.88,2024-07-18,US
a044c737-7909-4b45-8b66-51257d3c4c41,961,311,8,2274.75,2024-12-28,EU
3e38725a-cf0c-4115-97fe-8582ff9d6636,71,365,6,2752.1,2024-04-11,EU
edae95cf-c4ee-45ea-b285-7a13ead9c5da,118,92,6,52.7,2024-05-18,EU
e9f8d8a9-9824-4fd9-8c1b-2a0f3d094722,917,5,10,2791.26,2024-04-10,EU
5740b500-b568-4937-9c94-bcc9f1a862ea,665,164,6,2743.88,2024-05-06,US
b4f05687-5353-4bee-8685-cecc8127fe4a,269,150,6,53.21,2024-07-20,US
827a73b7-f267-424b-a56b-e9c9b36be758,544,399,9,828.68,2024-11-04,EU
5ca1e9ba-c53a-4338-af5c-4c93fac40be7,591,431,3,63.03,2024-03-19,EU
2ba81479-fb4d-4ade-8f87-99b101d15456,328,448,10,4571.07,2024-08-09,US
a23a1164-c3a4-4002-bd39-f7167cf1dc33,711,29,10,2272.69,2025-04-01,APAC
9d9d0ef5-4c26-4d37-9a5c-08d2e716ce48,431,144,5,1179.25,2024-02-27,US
83e281c4-353c-4402-b18b-7c4f63a038f0,274,443,6,1935.05,2024-06-12,US
67f04868-9131-4257-8431-2f96ecc9ef9c,460,122,10,2605.05,2024-01-08,US
7af1db6d-a6e3-449c-876a-37636f068ba8,523,349,8,786.52,2024-07-25,US
5c009ee1-fb02-4e84-93cd-91d434847464,822,109,7,3082.01,2024-12-27,EU
edfd18f9-6be0-47e0-8a86-e8f493e65a79,176,180,10,2256.08,2024-12-01,EU
d3feb241-1104-4be9-a4c0-333e712bafdc,133,43,4,1638.1,2024-12-21,APAC
ff4f9dd9-efc5-478e-bca4-1953cdd65616,600,220,10,1954.35,2025-04-07,APAC
54e4894e-98e8-473c-8f34-96baa8a656c5,66,82,1,310.32,2025-03-08,APAC
96ddda18-fe74-4e26-afbb-522fde8b442e,612,141,7,2098.04,2024-08-05,APAC
c36d0b9e-615f-4f95-a32e-c2cebbca06bb,819,252,4,219.4,2024-01-14,EU
42052acb-0a83-4c99-97d9-a32f02e6236a,94,272,6,1910.28,2024-03-24,EU
749351d1-2301-4a53-9dfc-9313b4e1ead5,538,275,3,736.55,2024-06-22,APAC
0ab12454-17ea-4be0-bfa6-dcba83d7852b,832,327,2,775.4,2024-01-26,US
d14564af-9bb1-405e-b558-c59831c3c7d7,837,292,8,3517.59,2024-11-10,APAC
d4b1e6c3-2cce-46d4-9293-00817133e767,513,404,2,344.0,2024-07-15,EU
95be2c6d-7a37-455e-9ef8-6c9cd7e929de,190,341,8,1344.25,2024-06-12,US
a6fe57a1-e88d-4c85-a2c6-b7ca1258bcce,800,329,10,2914.36,2024-02-28,US
7ef8a0b9-942f-42d2-925f-905fee29d3a1,30,43,2,307.87,2024-08-05,APAC
8c96c95c-7d10-4c19-b67b-82b1942efb7d,1026,460,,319.98,2024-07-05,EU
d3f0cd8c-6e97-44bb-9709-17f7f0746b1d,255,365,6,2878.99,2024-07-09,US
893a5646-9567-4e66-ba7e-c4d2c87bc1c9,452,436,6,2490.85,2024-06-27,APAC
b6590abb-347f-40e2-89b7-3df30152edcd,645,471,1,100.15,2025-03-09,US
220d1dde-b063-4077-a454-278300d6f0b6,904,343,1,333.86,2024-01-08,US
5133fb86-a4c8-4e5c-a32e-4d6069fbb039,792,122,1,95.11,2024-08-26,EU
67d8f9c6-f3c3-4496-b1ec-75aa39092e7e,473,73,1,317.48,2024-08-05,EU
1b674518-177b-49ba-aae1-24becb6ab2ef,788,165,7,658.31,2025-07-02,EU
081ec61b-1421-4e40-8063-75fa717dcd05,352,20,9,2195.51,2025-02-14,US
23695f2d-008c-44da-84d7-4a90ab1955b2,977,124,5,2234.39,2025-01-03,EU
0b17dfc4-50b8-49c2-9edd-c71e8192943e,758,19,5,165.51,2024-11-04,US
e8ed70c3-6e45-4b3a-8a02-5a2fea3f1b76,30,151,8,3860.37,2024-08-19,APAC
63c2444f-3636-45a6-a70f-4d3f12727a17,620,41,5,994.33,2024-07-18,APAC
99360af2-24ca-4bd0-a728-5334b4022e5a,653,339,5,2339.49,2025-06-19,EU
1e8a0792-aef3-43a5-b974-006807885efb,82,122,3,318.59,2024-08-28,EU
a9355794-8856-44a5-ae0d-8e532160db03,737,172,3,345.87,2024-08-22,US
44d8724f-0448-4bfc-bc2c-4de15c995679,842,260,3,532.74,2024-04-09,US
891567b7-e71c-425d-9d4e-43d7d2da029c,762,370,9,2059.39,2024-09-08,APAC
7139701c-0b1e-49d5-8274-33b7c9024124,858,211,10,3410.72,2024-03-04,APAC
8666ce71-a86a-4cce-b343-830125ae5fe1,477,277,6,293.01,2025-01-31,EU
0d60636c-1d96-4120-bf4d-fff19b550098,262,361,3,209.9,2024-05-16,APAC
296e8089-9a1c-41da-b861-c3e8ac791164,840,144,10,1218.01,2024-03-01,EU
da3a56b9-b06f-4174-b6a0-2e938a537c97,928,208,10,159.4,2024-01-08,US
adf77ead-2a38-4c3b-b69b-ef5c670bc43f,549,402,1,57.98,2024-09-20,EU
bb145f28-c947-4076-ab9b-a3546e4d5c4e,910,324,1,126.42,2024-05-09,US
d679a96a-dbea-4817-81d2-16b1806bcc03,704,255,7,3445.72,2024-02-22,US
f319f44d-a353-4de6-85f1-1ea862ac6c17,90,357,6,2932.06,2024-06-09,EU
775f5eb7-2b3e-4fbe-a892-bb26fe2dc526,882,135,9,1667.8,2024-04-24,EU
53d6d658-e6b8-4fb7-beb8-c422f2aa5ef5,784,473,5,353.41,2025-02-17,APAC
c966461c-cf9f-432e-bb14-1669c37e8f49,772,308,2,542.75,2024-02-13,EU
4918643e-6a32-44ad-ac5f-3e56c269f9f3,355,290,3,526.11,2024-10-12,US
2cdc712f-d6d2-42ac-ae5c-cc1f5aacf604,226,107,1,55.57,2024-01-15,APAC
9946d043-fc83-439c-9fae-c930291d4436,994,321,8,1093.95,2025-04-05,APAC
7eddf0ed-f769-43f4-9ea0-63c2f7f4d85d,90,327,9,2082.61,2024-12-22,US
839f4255-abdd-4c16-9b1f-667b5cd745c9,350,132,3,323.78,2024-05-12,EU
ccf6faf5-1aca-43b8-9382-0c89b106be96,817,213,6,1934.69,2024-02-03,APAC
f005336b-1dba-4357-83a5-24a8a90b3024,705,287,10,2872.38,2024-04-22,EU
a9259f2d-4618-49fe-8a38-77148df32c7d,111,412,10,2426.47,2024-09-30,APAC
ca121b57-ae7a-4fc4-ae59-5125d6c718b9,985,130,6,2012.12,2025-04-25,APAC
2de4f79a-8b16-4c07-b436-efb42ca5fa6e,696,404,1,179.45,2024-07-17,US
65b12204-1945-47cf-9e5b-69770d4868c4,766,68,9,4171.2,2024-02-24,APAC
19cc5711-c0b4-4ea1-aa87-78709583d961,353,287,6,2561.48,2024-10-02,APAC
85505357-8cef-4e41-aade-8e2c73c6088c,672,184,3,399.37,2025-02-16,EU
9460174e-a2d0-4fba-aa87-355246e6c853,531,104,1,108.97,2024-02-18,APAC
5b92ee8e-9e12-4400-b20a-d41ae9ce492d,960,284,2,972.55,2024-01-05,EU
06b1ba71-69fd-426b-9de3-456920d3ccca,738,462,9,729.46,2025-02-21,US
5ab982e0-720a-48fb-ae78-9c2877245ef1,580,446,1,358.43,2024-10-27,EU
3da84daa-42a5-46c3-8231-0fa8a75754fe,881,257,6,620.72,2024-05-13,EU
f5bbd3d8-b5da-48be-8d3f-b18d8a1083a4,878,184,1,432.88,2024-01-26,US
dfd1df74-5656-44d5-beac-11044a220fb9,656,205,2,723.09,2024-03-13,US
26bc88d8-bc99-42db-86e0-c01cd1bbca38,909,221,1,11.0,2025-01-11,US
f5d062f1-7229-4d15-b6e4-e04928a9c7c2,835,488,,305.76,2024-10-19,APAC
54c02ac5-29dd-4fe4-b3ce-de3a601e57c5,598,351,1,189.13,2025-01-01,EU
2921b16f-bd46-4c26-b484-6eeb17a3cb1c,74,174,1,114.09,2024-01-28,APAC
242fd077-6c8f-4509-8219-30313fc93ded,112,125,1,284.86,2024-07-06,US
42706a48-e608-469f-a55c-4ad97d075771,648,174,3,181.69,2025-03-27,EU
d7c10851-8307-4a6d-87fc-ab83fc9b4c9d,716,64,6,2262.9,2024-09-24,APAC
1ee9e047-b1b7-4743-a7e8-f67e0f4e4436,712,321,7,1735.55,2024-12-28,US
658c3904-b8da-4b89-b92e-40c44affa661,184,255,5,1778.33,2025-05-26,APAC
0386d127-9a8c-44f5-9ef7-b9a4f5c6fd87,51,364,5,1579.87,2025-06-06,US
ec8468f0-8d21-4e18-8973-8b44fa8c0134,583,18,1,5.22,2024-04-17,APAC
d821a171-0bff-45e0-8107-8c1ebe8a5e11,451,226,8,1745.45,2024-06-19,EU
386f6423-9964-482b-ab47-4c3188eb1caa,487,386,5,332.5,2024-02-13,EU
9a807358-e654-4c12-9cb0-f6d4e7e59e82,874,386,8,2491.49,2024-05-06,US
c3a0115c-ead6-4e73-aa2b-95186ea5ad05,777,281,2,97.64,2024-03-12,US
ff776bcd-13d4-451b-9c23-6c4867111112,636,364,1,104.72,2024-05-16,EU
fe76a3e3-49ed-4d2d-951d-64e2dbadccc6,995,471,7,2361.27,2024-04-11,US
f43ecee0-e609-4e1b-b7c0-88a0ab5b73fc,275,330,6,2630.21,2024-07-16,EU
d622f56d-9588-499e-a7e7-ae3d589a5d10,913,130,1,292.76,2025-01-19,US
e466f35d-5fa6-4f3d-a2da-93a043a1b176,763,378,6,1323.5,2024-07-11,APAC
4aedb531-e4ec-4b7d-9b41-689d447da454,367,87,2,421.31,2025-05-29,US
8d2f2666-97ac-4572-9442-1b26a05739a5,949,279,4,1034.53,2024-07-28,US
126837f7-a58e-45ed-a639-be2b21214303,367,311,7,604.09,2024-10-14,US
43bf3679-910f-4221-a6ae-155594387ca4,877,54,8,3087.92,2024-04-03,APAC
c9ecadc0-0226-421f-89fc-703e65151a00,610,297,6,1648.61,2025-01-16,APAC
0d4930e7-0d78-42df-9da7-fad87a5314f5,875,472,6,52.93,2025-01-25,US
d4edfdff-7209-4c84-be29-36bfe5465ee0,776,449,2,325.21,2024-02-29,EU
36ae8d7e-1f65-4b3d-9214-591008537e29,92,385,6,2517.85,2025-06-02,US
fbd9297f-9338-470d-9185-2ae86b3102c0,828,143,10,619.43,2024-11-16,EU
88f1060c-5c58-49d6-bfd3-50b4f3aba9b0,455,137,10,1026.86,2025-04-24,EU
5b5916b3-6df3-4d40-8349-c06541856c8a,350,482,8,3371.07,2024-09-17,EU
d08ae2f5-49ef-41b1-8b27-21c02ace2748,356,195,2,908.6,2024-08-31,APAC
fe0140c9-a8b4-43e4-bfa8-5dd3d98834fa,495,464,4,1682.16,2025-04-12,EU
39a3948e-82c6-41b4-84f9-d8fece445f4c,387,258,2,34.58,2024-04-15,APAC
bdbdf2e9-1dd0-4643-91c3-fde208aa2280,781,70,4,128.95,2025-06-28,APAC
6318853a-bc89-4752-8818-f5010e6b5ff2,94,70,3,877.41,2024-06-01,US
358277f9-16bd-4de4-98cc-3feebfc97bbc,18,100,7,331.54,2024-06-25,EU
5bddbf7d-2f0d-4164-a458-3b06233319a1,13,433,9,3648.25,2024-03-09,US
910d2896-3679-45e9-a1ae-7a4a8412dfc4,567,361,3,660.55,2024-06-18,APAC
0f2f4f8d-d500-40db-beb4-b9ac90694c24,251,403,7,1688.07,2024-07-25,APAC
ac26a254-b785-45f6-8513-6e730b29aa39,357,91,,277.91,2024-02-15,EU
4bde48d6-8f44-4be0-a303-2fad582b537d,85,389,3,716.29,2024-08-20,US
7695d240-7d98-471f-9dfc-6a84d8727b6e,405,304,3,441.61,2024-12-05,US
62849771-8c3a-488a-b73f-fd6dd2994bee,39,429,7,3493.95,2025-01-16,EU
ce57530a-d388-4c2a-adfc-6e2fcbc2b305,150,174,9,184.64,2024-10-26,APAC
ae38c0c7-c6da-4266-a1cd-6610daf8add0,859,235,4,521.54,2024-06-12,US
5eaf92aa-d767-45bd-a731-2414e44b1157,692,489,9,2492.24,2025-01-04,EU
c2888e4f-1481-4e74-8b72-53ae49a67957,28,280,3,745.22,2024-12-17,APAC
bdc799cf-b709-4958-9d57-66e0d55b4bfc,561,292,6,2214.49,2024-11-10,US
584ab3e8-acee-45be-b308-b539c69c0a68,139,193,6,2713.98,2024-05-06,US
2e377e0f-2a4f-4574-991b-9e8799384a3a,146,255,8,426.23,2024-10-01,EU
19a6aded-7bf4-4373-83de-b2a7cbd7257e,661,146,1,292.98,2025-02-26,APAC
f4d16b0f-2720-4e78-a696-14a6ec4f5e20,590,387,,209.63,2025-06-26,APAC
225aafba-ec3e-4fb3-b294-a37b7830331d,715,422,3,680.03,2025-02-06,US
04756217-975f-4712-8885-d6d5d5c5e17f,198,437,7,45.02,2024-03-11,APAC
4e7ce9be-ef8d-42a0-80dd-bc15a0f27218,217,221,7,717.63,2024-03-24,US
db4a2450-17d2-4a0c-a050-12035f4bccfa,84,495,8,2038.81,2024-10-17,APAC
8aedb2a2-77ea-498e-b5c3-5fc43f5ba9ef,766,336,6,1393.65,2025-03-20,US
6c7d2e5a-1077-40e8-975c-e69852e42586,661,98,2,496.57,2025-06-16,APAC
06fba1f6-8a5d-49cc-b6ef-df7a4014343a,402,170,3,452.53,2024-09-01,APAC
fc394ffd-ff66-4317-8ac3-eba59bb9ea0c,51,449,1,442.49,2024-11-23,US
b6cc2ab6-69eb-4177-b5b8-c699681bf7a4,912,323,4,601.1,2024-09-15,US
c9f9eaa8-0aa2-4a36-9b51-566b012fdcb6,327,354,8,1425.23,2025-01-02,US
7e11d76c-3788-4d0d-bed1-c766cff48cce,392,140,1,22.65,2024-08-26,EU
3f79547a-0b5e-4718-9b13-3bfd35842205,20,175,3,1225.7,2025-05-21,EU
62bbed2b-34bb-4d4b-b162-c5061685d665,394,202,5,1981.08,2025-01-02,US
66752397-907e-44f9-958e-f1246b75535d,693,333,10,3875.42,2024-02-25,EU
479a63d8-49d4-4e1b-a98d-9952928660d8,328,404,1,238.76,2024-11-01,US
88b2076a-db2a-43b0-ba28-1fafbb0f34e3,591,108,1,291.6,2024-02-04,US
a333d196-dee3-4526-8d87-e093cfe52b02,454,5,9,2550.21,2025-01-17,APAC
82570975-7e92-4994-a3bc-4028020905b4,550,114,9,1753.12,2024-08-04,EU
709f1da5-4433-4231-97a5-9f5ae66d56e9,631,421,5,778.3,2025-01-24,APAC
f42ec5ae-6292-45e5-8942-2facc5a8d2b8,631,177,1,154.52,2025-01-28,US
5b48d0b0-7a5c-4b45-aca2-769be0b6d3cf,784,2,6,1051.87,2025-03-17,US
6f8f1b1e-5898-45f6-a401-f3d274b4e3d2,420,136,6,1166.32,2024-11-29,US
648e2471-43d5-4abb-a106-56140cf4b545,380,132,8,2675.63,2025-02-18,EU
67a65ebf-0f81-40a3-bb9a-20a77ea70499,365,234,6,2479.54,2025-06-07,US
a32a38a5-7820-46a9-8656-d144b0f8f05b,634,319,1,6.46,2024-08-21,US
35d8f111-e9c1-4641-8ee6-88d43259f987,21,57,2,291.12,2025-05-01,APAC
2e035ae3-f302-45a3-8b67-91c028f54fb3,438,383,5,1105.68,2025-02-23,US
e54c6686-02b1-428b-a5b6-707d9c3c785c,91,221,9,3804.26,2024-11-20,APAC
eaf2ff8c-d22f-4d3b-ab3b-fc1af1556421,294,171,5,2161.57,2024-11-27,APAC
fe402b4e-5439-452b-9782-09cdd4d317b2,626,303,10,2802.22,2025-03-06,US
4b4ebf8e-aa81-48ee-b4bd-cddd47b7ec6d,414,126,2,127.34,2024-01-18,US
ed40c5a3-7113-410f-bc71-6385ec7fe610,646,287,4,359.15,2024-10-09,EU
b9f66ec6-ff64-40ae-9bd2-e7c3b27eb000,536,295,8,3577.9,2024-06-16,EU
3b5424f8-5807-4b15-9a58-d92a527c5fba,649,119,3,48.33,2024-09-22,EU
e1eee8c3-6c43-4d42-bcdd-b625e125f6db,886,374,7,2813.43,2025-06-16,APAC
ba41d196-2f03-4dfd-8b03-868c6f88383a,974,499,3,225.43,2024-07-19,EU
8e8d37e0-6101-4172-a786-6cb9b2820ecf,253,145,10,4866.32,2025-01-17,EU
02aa3410-8563-42f5-8e05-8615d5ea9a58,884,358,7,1255.58,2025-04-07,US
bf65a560-2892-464a-8c27-dc868d6976df,845,89,6,2545.34,2024-06-27,EU
cd2c8514-0a5a-4627-98c7-89b01fe60863,24,259,5,944.25,2024-01-04,US
e023b19e-60ef-43e2-b870-f011517354df,500,356,4,1264.3,2025-04-10,EU
6b6d2f45-a706-4f10-a3bc-14b056a0ce99,583,135,5,1695.42,2025-01-29,APAC
0947e7d6-8721-4cad-a8f1-e395c0cbbfde,298,386,6,1090.42,2024-03-01,EU
9efa85da-8aa9-486d-9642-7af2fa319c59,83,111,6,1662.5,2024-05-11,US
c57b683c-3c52-4af7-81e4-391254e4714f,769,95,2,973.11,2024-12-22,EU
65ef4e46-c5f5-40c2-bad6-dc8ecf3714a2,171,497,2,525.17,2025-01-04,EU
db20feba-554e-435b-80bd-85962e839341,813,96,8,642.64,2024-12-09,APAC
9401a3ad-11a5-48f0-96b4-6aee0e9fd696,58,176,6,228.07,2024-04-21,US
746db673-34be-46bb-bb8a-ceed70826a2c,664,487,7,1739.77,2024-12-20,EU
a3c32beb-8de9-4476-a616-55ad9b344e57,979,463,3,161.24,2024-12-18,APAC
30bd7fb9-ab29-41e3-807b-c70d78eb7317,898,325,2,318.33,2024-08-31,APAC
3e4d4bd0-fca6-4cbf-8360-4b91ec8ce3fb,792,174,2,211.08,2024-05-08,APAC
033fd12b-e643-4bb0-9f6e-50fc067b8fc9,824,184,4,644.89,2024-03-08,US
bf72591d-08d2-4d25-83dc-ae33a7cffeb3,97,158,6,1855.5,2024-06-09,US
34b1e5a1-1538-4f1b-b842-10193a1acfb6,199,273,5,2359.35,2024-03-07,APAC
39d403be-5306-4f67-9fc4-0abf1b74f639,625,282,5,2036.13,2024-06-04,EU
370f82e9-eafa-4e28-8d7c-69297c54bafd,797,7,8,1743.44,2024-01-26,APAC
00cd8fda-9585-4683-a0e1-82c365aeb396,700,435,5,741.5,2024-09-17,APAC
ac37fb8f-c639-41eb-a0a2-8fcd2e95821a,626,99,1,365.31,2024-06-28,APAC
7b92b10a-3928-4425-931d-32b04aab83f9,969,10,8,3877.43,2025-04-07,US
03118658-1b27-4b81-9181-3091dc224033,744,1,6,1606.99,2024-01-24,EU
c26cf2f1-ca14-4eae-af9e-47dcd09bde44,816,43,1,481.4,2024-01-30,EU
f3f26730-967a-46ee-b083-942020b31296,622,27,10,3349.83,2024-08-11,EU
c4f405fb-6bd0-4f88-894e-80acbd0d0347,792,443,8,1383.6,2024-10-04,US
90aa0f74-1250-4b16-a95f-a533e614ffdc,635,437,5,938.01,2024-09-26,US
7d01fa65-201a-4e67-b9ab-b4a336724235,134,193,2,991.74,2025-05-24,US
8f31df20-f04a-48e0-875f-d78f604ac52b,770,187,9,710.38,2024-09-12,US
7aa5d0c7-d44e-45ca-99a2-cf63b834f921,825,38,5,1066.47,2024-11-10,US
4f822a98-6424-4984-afe4-12edd5195996,756,4,,24.34,2025-04-03,US
9e47b6af-e36a-4c4e-94e4-7d58fcb8e939,975,266,8,1403.88,2024-03-21,US
c50e5864-b489-41e0-bf14-a1a892724f18,920,38,4,211.44,2025-06-14,APAC
083acf75-eac2-4867-8211-c243727706d5,280,457,8,453.36,2025-04-21,APAC
f4cbeac6-d582-41ae-b6cc-6f4262e83528,342,361,7,2717.28,2024-07-02,EU
a0525014-c4e6-4794-aacb-0f904e28dccb,16,321,2,549.45,2024-03-01,EU
76b4a71c-2ea6-40a8-8d99-3f658fec6cb7,467,127,6,1719.51,2024-12-10,US
f7da0c93-3374-491b-89a7-9e91e629239f,174,63,6,2581.84,2024-07-06,APAC
db5f4e78-e367-4e32-929e-a01c41c2f024,795,467,7,3196.65,2024-09-03,APAC
9fa3d850-ec64-4322-9fd7-9fe1e1fdc0b4,200,82,2,886.74,2024-10-14,APAC
b119b7fd-113a-435c-b217-8a640bd4b5cc,571,296,6,2175.37,2024-01-21,US
5c35eed9-9532-4c7b-9068-541b204254da,980,425,2,354.28,2025-04-30,EU
179bee46-c158-4941-8d8c-1fc7279d6c65,115,94,5,1156.43,2025-07-03,APAC
749fee66-985d-487a-ae70-3d999d093961,611,31,2,367.49,2024-11-18,US
cb0abda8-62fc-4862-b708-ad394726990e,551,37,6,2571.36,2024-05-06,APAC
9811b042-fc49-4a1d-9b7d-50be4ee363e2,506,202,10,4267.37,2024-02-26,EU
af21eb9d-429a-4149-ad3b-cb832789f973,915,87,9,3158.89,2024-08-23,APAC
cc212fac-f0b7-4731-b5ca-92b72b841bad,241,91,7,593.12,2024-07-27,EU
8b3010c1-192e-49aa-9e78-6ca32b4d94ca,981,385,10,765.65,2024-02-01,US
a1ce5692-9995-485d-848c-a752e1e9d6ab,226,494,8,224.08,2024-04-23,APAC
87dae893-8789-41cc-8f53-335824b59e7d,30,97,5,2441.11,2025-05-27,US
7381314b-e68b-4c2f-a971-ac0b1c98e41e,664,52,4,906.9,2024-07-09,APAC
314a1c94-43ab-4e66-a363-ddce6143e190,835,334,7,107.02,2024-09-23,US
06f1d9b1-d1d0-4c60-b9b8-1474fd8f653f,211,66,,494.45,2024-05-05,EU
37a723b7-8c88-4dcf-b14f-b2dbbaaaf54b,384,85,10,4896.33,2024-12-27,EU
13bd875a-b7af-450d-a135-39d58d90d468,364,362,5,1208.73,2024-09-10,EU
c7b2b244-3cde-45a0-afbe-bd3d52b9a3a9,495,322,7,1949.38,2024-01-02,EU
70f401ff-8189-47f2-907b-20fbdc6477b9,277,243,4,464.16,2025-04-11,US
14ef1e6d-8c8a-4882-adcc-5522ef427145,171,227,1,19.3,2025-01-31,US
402b5900-767f-4284-b504-abd1aed3f30c,593,347,8,2264.37,2024-05-01,APAC
e1eb30e4-17ea-41a9-9d48-f3f467455388,275,64,2,393.48,2024-10-10,APAC
d3f6e412-60f2-4436-9517-1efb82ef6a82,977,404,10,4615.79,2024-09-02,APAC
8057bc0f-f3e1-4465-85f8-ea5d290034f1,565,253,9,2270.02,2024-09-10,US
7d47e1ed-655a-41ce-973a-608fef9a3c72,412,49,1,118.72,2024-07-09,US
6bb9ecb6-292c-4991-9160-5f860bf24503,890,268,6,312.58,2024-04-14,EU
6a3720f6-0ba5-4d7c-9666-842642466c81,168,406,5,455.88,2024-08-23,US
dab1cc23-add9-4e22-baf7-256ae2532a42,58,358,6,2382.47,2024-10-19,EU
49921978-8b71-4bc3-851d-e661293d7ca9,628,427,3,1481.59,2025-02-21,EU
ec3dfb95-b69e-4bf7-9cb7-316216e31a23,853,29,3,604.22,2025-04-11,US
bf7e2f9b-04cb-4a8d-9f12-1e681ab1d7b9,137,305,1,177.28,2025-01-15,US
a5c78dca-1450-44e8-99d6-52641b46b2f2,934,417,1,476.07,2024-03-19,EU
da826a0e-298b-4fbf-9296-664faf571abe,421,293,1,370.15,2024-07-18,US
5d1ecc8c-d204-4935-adf9-dfeb49cbfb99,172,300,6,2357.23,2024-02-08,APAC
9bd75f62-8ba3-44ad-b155-8132082513f0,455,64,7,2330.03,2025-05-16,APAC
3f2309d1-de6a-41d9-b2e6-d4bbbe70ee36,637,199,10,636.74,2024-08-19,US
02820160-9a9c-437e-9d17-094ec668729e,100,124,4,1058.44,2025-06-14,APAC
11c4d666-ef01-43ec-816f-345ede957e98,855,72,4,723.24,2024-09-24,EU
ba68ac91-2bf9-4bda-8775-a0a6be24f468,239,186,3,572.29,2025-02-12,EU
1d7c0493-79e6-46b5-bca2-ab7884920828,992,391,9,2002.49,2024-08-05,US
bf732e95-ec55-4a05-9d62-28485f28da9a,95,216,4,768.22,2024-10-07,EU
237562e9-2cc2-49ca-8b3d-4a7171427636,260,466,6,174.47,2024-04-14,APAC
a49106a7-5f29-4fa5-9fef-059d99075a94,371,426,6,35.86,2024-11-11,EU
019635fc-bf58-495d-a0f7-a358fe933134,117,398,8,3223.56,2024-10-01,US
aa2dca05-03f4-411e-8915-0bf9ca80cc59,729,330,7,411.33,2025-03-10,US
5ebb2270-9390-4e6a-9f7f-c18ca07a8e7e,852,430,4,76.52,2024-05-06,US
edfdce51-7b0b-4db4-9174-580e71fca075,577,486,7,3276.97,2024-10-07,EU
b661f74d-70aa-4f2d-864d-6cc75dcae71b,371,393,4,976.04,2024-09-21,US
733d670f-e2ab-4c94-aa5e-39a9274ec759,882,189,1,364.63,2024-01-12,APAC
98f6d21c-5c82-426f-8320-b4a4ff6325d2,924,382,10,2139.39,2024-12-04,US
51893abe-03f0-457b-8917-76aba0a4207c,230,90,8,3772.01,2024-11-16,APAC
091b8790-99ae-4ef7-9bdc-03ac765bd8ad,521,225,7,2373.07,2025-01-24,EU
c4b1f62a-a015-4046-8cf7-267360aa451f,296,476,7,1862.02,2024-09-23,APAC
c8c00534-0938-4394-a88b-7a4c8440e0e5,246,374,1,354.54,2025-03-06,US
5236ed9a-2fc5-4ebf-ab48-f133f7b1ede5,243,189,3,824.51,2025-03-08,EU
419ac23e-9e73-479e-b8fd-fd51fc86ea48,403,251,3,638.63,2024-10-13,APAC
77129310-2ffd-4170-960d-7eefe6ffed02,646,98,6,101.52,2025-01-03,EU
a2f96d7b-420c-403e-aae2-391b78f61fe2,353,90,1,153.53,2024-08-30,EU
7859ca50-bca6-4d1d-b3c1-21b2963d7629,204,275,8,2202.95,2024-04-04,EU
1b27135c-863a-483e-b201-6c8e5330059e,300,208,10,2831.05,2024-07-15,US
7f270c00-b067-4bdb-9362-37ca0477a155,869,321,5,855.6,2024-04-14,US
fd13fd8f-3ea6-42c5-928c-073da6657714,976,127,8,3164.65,2025-02-27,APAC
12a094b5-d98d-4927-853d-72f8807fc241,723,477,5,731.56,2025-03-29,US
52d63bac-20aa-4a1e-a4d0-0086744eb342,140,231,2,456.75,2025-02-16,APAC
2899d60e-c66e-45aa-90f6-7c5ac18201c3,277,356,2,308.35,2024-04-29,APAC
b1a27c9b-fff5-467b-82ca-4d6721d0177d,1,261,10,1379.16,2025-06-12,APAC
170f6a72-a8ab-47c5-81e5-3d8ca945e521,414,457,4,1068.86,2024-02-18,EU
b4270e07-6ff2-4eb0-b438-caf4515ec1c3,476,255,4,1985.85,2025-02-22,US
820a2fee-231f-4f60-b358-7f328a28d95e,712,236,2,607.27,2024-06-12,US
09357056-386a-4db3-8208-a6d4f1470f7a,565,496,7,2037.4,2024-09-05,US
99254605-54ff-4178-9ccb-2307c06108a8,740,289,10,1564.07,2024-07-11,APAC
cd193ef8-7fb0-4a87-bcbf-9823cbdec599,931,63,4,816.8,2025-06-10,US
c63aa95a-837a-4232-9b53-3eb076106ed9,836,29,1,107.49,2024-02-08,US
fe773062-2d7f-470b-9b2c-ecae8d559eb3,973,122,8,1886.75,2025-04-08,EU
661d829c-b105-411e-906d-f876ef77b2f0,264,199,9,4446.32,2025-01-31,EU
215befd8-f45b-471a-aefc-bbd0666f3740,954,87,9,3993.0,2024-07-23,US
cae8fcfb-6f28-4437-8a37-3305eda44e3a,528,27,2,294.46,2025-02-08,US
1fc619e6-4019-4a2e-9b46-aaae3c90bc79,377,244,4,352.77,2025-02-22,EU
e766a39d-13a1-42c8-a2c3-fd65de1a3adc,803,59,3,493.1,2024-06-25,US
ec8add84-7636-4d89-a9b6-2ab38c11999d,819,382,7,3318.39,2024-07-14,US
30eb9c9a-60ed-42df-bb5e-d0d66965aec1,770,94,8,2940.41,2024-12-15,APAC
2fede203-fea8-47a0-8b64-a7aec5d517d8,725,171,4,1790.78,2025-05-01,US
57738297-f69e-40bf-8c28-aa86e2cbe95b,553,200,3,1105.91,2024-07-30,APAC
7c0c831c-79ee-4beb-bd6a-0fe166761e82,930,34,10,1917.93,2025-04-27,APAC
731be8b7-769b-4a11-b3c7-92ce2e9e4749,490,16,5,676.97,2024-02-27,APAC
c2bc53e8-078a-4837-b55c-b4fccc69264b,633,378,7,1550.16,2025-06-21,APAC
05a9b4c0-ea2f-4092-8bcc-7585620318ca,289,286,7,531.3,2024-11-25,US
e4ea732e-1b55-4163-a58c-7faa7a364889,955,148,1,373.56,2024-10-08,US
c74e9fea-18ca-4d23-96ba-bf80bb5d0479,471,386,5,1571.08,2025-05-02,APAC
63a35fda-45bb-497e-887c-b20282a82aec,265,209,6,866.15,2024-09-18,US
edf211eb-34f2-49e4-bb43-c8ff5ceb592c,363,127,5,1544.13,2025-02-24,EU
79b2e236-876d-4420-b0de-1e71ca159487,534,472,2,203.94,2024-10-30,US
ec9dc11d-0448-4ea9-bb61-c7ace2629f89,902,407,4,1668.85,2024-04-28,US
658e1693-4ce4-4bda-8597-1015f8a22fad,597,361,9,976.81,2024-03-01,EU
b7808b19-cbfc-4f11-9e30-297da5cd5a9e,430,389,6,114.53,2024-08-25,EU
86f1808e-7b6d-4393-b86c-8034d0d575eb,46,212,7,49.41,2024-07-23,EU
e9a961b9-40c6-4043-879f-2f78f2bae40d,739,477,4,1079.03,2024-07-10,APAC
c1b5748f-a014-43bf-9e31-a7c175678494,341,426,7,3215.63,2024-04-08,US
6ca09d88-b2bf-41d1-8e7f-f8edd95a1070,594,470,4,972.86,2024-06-25,US
8bb2461f-76ec-4213-aadd-14effd4844d9,934,498,8,459.97,2024-01-18,EU
c07a9c0d-33f5-4884-8bc4-1433665d068f,468,42,8,2940.05,2025-04-11,EU
09d165bc-7ae2-4b18-9203-901b7376918d,521,302,9,2189.31,2024-07-21,APAC
8e150e90-bb0a-488e-a281-55f60d4bf166,240,239,4,1342.54,2025-03-03,EU
0f3f1f3d-c23c-4b8f-b593-7b1342e96977,12,89,8,714.92,2024-03-28,EU
6c23174e-a8f3-4134-8b0e-38199ed40494,15,443,10,2217.74,2024-11-30,APAC
7cb711a5-6819-4de2-be2f-710f277aa4f6,682,374,4,846.49,2024-01-13,US
e38a6f9c-4b96-486f-a717-a415db8941cb,804,485,2,654.56,2024-02-20,US
a5e12d55-23d6-404c-b522-4c3988b4b968,314,95,10,1431.21,2025-06-09,APAC
2031e9b6-c7b8-4b3e-9904-a8393d0d0ef9,982,220,2,86.7,2025-06-05,EU
a0884894-08eb-4ce1-a8cf-6b9eb642d993,936,222,5,1915.1,2024-07-15,US
a88fdbd8-443c-49a1-a86b-ceb918f3b288,343,142,5,2239.02,2024-06-27,EU
839166ae-011e-4183-bfb0-d95b502ee1a2,252,352,10,3116.95,2024-01-02,US
58a93cd9-2b8d-4df5-b32b-f5572fbf0f77,325,367,1,453.97,2024-11-11,APAC
fb67b422-5c65-44b2-a5a2-b9ab294fed74,616,475,1,297.62,2024-03-30,EU
4ee94d41-9ad0-47f3-9089-3b702b30b92f,128,397,6,1169.03,2024-11-23,US
bfd73fda-b0bf-44ea-94bd-c9992f724917,906,279,1,381.56,2025-04-19,US
ffc13be3-1d4a-422b-ac6d-eef23b9d5ba6,652,492,10,426.2,2025-01-12,APAC
0cc0096c-7730-404b-b27e-5524c6415c0d,625,451,6,2932.78,2024-02-06,EU
7fa058b7-35a2-4b18-b412-81bfc9926e9d,534,196,9,4414.15,2025-04-28,APAC
7a2ee6aa-6f9e-4ba0-91b1-705637422465,430,315,4,1418.93,2024-03-05,EU
60853220-5f16-4222-aa0a-f87b29b83b25,163,388,10,2215.63,2025-05-22,EU
0efabd54-b9d2-4fb9-a94f-66fb709c2547,10,167,3,172.94,2025-04-04,EU
e0723e9d-31a3-4885-964a-717b5d10449a,934,433,6,295.53,2024-02-04,APAC
4b273ecf-03a1-4269-865d-63f77afe389a,384,274,4,280.39,2024-01-29,APAC
08ce348d-0c35-47f7-bfea-5ac9e15fe109,185,75,6,2970.87,2024-04-17,US
e6563968-f3c8-4a55-a6c6-d88a41323a2e,963,160,1,181.88,2025-02-07,APAC
6d9f71d5-4830-4410-8258-b3fd3d1545f6,988,422,10,1518.64,2024-09-27,APAC
56f38c46-aa31-4087-8796-01eaf6d81312,751,31,8,712.17,2024-04-24,US
87caee1b-82f0-4862-95e5-3b3fa32b9fc6,587,490,6,2041.01,2025-01-10,US
c202bda3-5314-43ac-b3c0-3dcf9dacdd14,893,181,9,3395.6,2025-06-18,APAC
2840a794-f05a-4b87-ba87-46cb68400f8c,434,111,4,883.44,2024-08-03,APAC
9d626d6e-16f2-40f8-8f1c-0df2284d2cec,130,10,2,931.71,2024-07-13,APAC
41e6c26f-9217-40ef-850b-85422c933fc7,777,495,10,662.68,2024-01-05,US
3b2f7616-79fd-4883-b22d-d77da1f5c2c3,251,40,2,772.46,2024-10-04,APAC
91ee357c-5a3a-4c8f-a934-ca469182cca7,775,158,9,257.8,2024-08-26,US
077e4023-a403-41b1-9b35-833e95a1c237,688,309,2,974.52,2024-05-13,APAC
9a2cc10e-a3f7-454a-a20e-22a05a2e4295,774,323,4,809.66,2024-12-25,US
fd753d03-d103-4600-b83c-9226c1fd633f,328,59,4,226.59,2024-01-06,APAC
f722978a-e3f0-43e6-a19f-665eca8fdc4a,992,89,,347.68,2025-04-18,APAC
62a17654-250d-4bcd-922e-745eddf47318,834,85,3,865.05,2024-10-12,EU
69143a73-b6ca-4868-a38b-609a2149474a,893,50,1,207.04,2025-07-03,APAC
68896635-059e-426f-ab4d-0a3afe1b7c39,7,182,9,3707.2,2025-06-16,US
2ebf8ee6-968a-4528-93e9-f70f86d664cd,20,492,8,3022.25,2024-01-02,US
a7f0a815-c5cc-4bbf-948c-0b02fe057a51,712,158,9,2113.33,2024-10-26,EU
2a4268e8-2be6-47e0-9b82-c698fdb2a55b,497,380,8,444.9,2024-10-23,APAC
1de35480-3822-420f-9b93-f1a952fe193d,968,15,5,1026.06,2025-04-27,US
f2d8130c-2071-44c6-95dd-55d4bd52f0ae,502,447,9,2780.09,2024-02-28,US
153cf1d9-681a-4658-b8c9-7d4280031e90,768,207,9,3395.08,2024-05-24,APAC
4d6dc922-f149-4881-bd91-d68bc4630d45,584,177,5,1908.97,2024-04-22,US
355d72e0-779e-4637-9d17-08e07b58656b,769,476,,26.97,2024-05-27,APAC
7674d1f2-4183-4d1f-bb89-6aa3fa9a31ee,57,173,10,3860.45,2025-04-09,APAC
683b6ef5-748c-40cd-b7e8-cb3223a8a01e,173,112,1,470.45,2024-12-02,APAC
993b617e-9bc5-457f-b89e-e2ccd4b5cc50,947,240,3,278.91,2024-06-13,US
cae8a187-5e5b-41bd-bccc-bd914452b203,289,317,3,830.01,2025-01-23,US
5b59547f-2f63-4f29-b885-0d88cb86697c,98,422,8,1803.96,2024-04-07,US
f67e7cf6-b660-4faf-a61d-81cc77a80622,710,154,9,363.23,2024-02-02,EU
df920217-0769-44d4-983c-c04fb5d12d44,255,277,1,204.75,2025-01-14,EU
29118ed5-27f2-40e6-af79-54f128bb584b,85,342,1,184.34,2024-09-26,EU
2f182ae1-444e-4adf-80cd-d3551372ebea,705,68,3,1193.71,2024-11-21,US
7c9f1de9-c2a4-41a5-9c64-02b023758c4e,617,343,10,706.22,2024-11-20,US
f29cd2b1-6c5b-4a7b-b03b-5342e5e9023f,204,300,8,748.85,2024-06-15,EU
be75b72c-0b8c-4eec-b4f7-06a58e04ba02,275,303,4,948.44,2024-10-18,US
b839713d-001a-4724-bcb4-80e9f3b7bb6e,483,43,8,2104.8,2024-12-29,EU
5641c664-a740-4037-b359-29db592fac0e,708,301,,186.33,2024-12-30,US
957dcf1f-fb54-4db8-b473-129423ea2bc3,766,468,1,278.11,2025-06-25,US
3ed3b68c-5e43-41f2-ade6-64a97d7de203,218,461,3,645.02,2024-02-26,EU
fd7e6d88-b437-4f9e-9123-268f55cc2304,985,178,8,853.54,2024-07-06,APAC
82848575-7a43-4b59-8d83-f609eba1e12b,595,390,3,516.24,2025-04-26,EU
310d19cd-bf29-45b3-b0bf-ce244a906527,940,492,8,3997.64,2024-07-03,APAC
86b1306f-d898-4e29-931f-cf57eed4d7fd,1000,166,3,188.3,2025-03-21,APAC
20b68a0d-baca-4535-b2c1-7164c8984388,218,278,1,20.67,2025-06-25,APAC
5d91c509-e135-4ab6-a77f-275dc708889f,208,241,2,760.08,2025-06-29,APAC
4b6173ea-51a9-4494-8717-737dbc058994,21,246,10,2717.82,2025-04-20,EU
aa14ec09-e18d-46e7-9da4-90fe0ea6ea16,980,137,2,188.92,2025-01-04,US
3edb75f1-f1ba-4fa3-931d-c96a668161d2,102,73,8,848.33,2024-11-03,US
e8f2c154-f952-4200-abf2-2a4a2952563e,323,186,5,667.68,2025-05-03,EU
acc19d49-dac8-477f-8d1a-87b0372659a9,944,402,6,102.15,2024-05-14,US
ff2400d7-8ec7-4703-a2a0-98456dcca38e,314,113,3,1201.75,2024-12-24,EU
f1e266e4-7cc4-45a0-88d7-fd3c1d8654e2,787,60,7,2222.73,2025-06-08,APAC
09cb5a9b-69fb-4de7-9c24-71392f0b82a9,196,28,9,712.59,2024-11-30,APAC
d2db0d32-4568-4863-aa78-da33a4280e46,935,488,1,348.11,2024-02-13,US
f6b7ca94-f199-45db-a7bd-dfcdc8127cc9,670,313,5,1794.92,2025-02-01,EU
be75a0cf-3922-4135-900d-424fef61ed96,226,198,5,1522.99,2024-04-21,US
5dda220e-a90c-4970-9d8e-a7d20d60b9c1,364,498,1,226.89,2024-07-19,US
117cb5d4-c4c2-4272-9271-cb2121bddfab,846,374,10,2090.3,2025-02-27,APAC
4b144ca8-778f-4dd3-b15f-474a8bc6e42b,253,46,,56.75,2024-07-18,US
edbeab9c-c319-4362-bde1-d1e352dd411d,118,100,2,332.09,2024-08-31,EU
7cfb15ad-dff6-4133-b4db-fb7e1236b90c,955,147,2,551.64,2024-05-11,EU
37e21af1-0a06-4379-a284-d6f0d64305c1,224,179,8,3842.92,2024-02-13,APAC
81084ed1-c94f-45d1-984f-e2f46b326d4d,343,203,4,1912.76,2024-12-28,APAC
faa40b09-cb1c-4fe5-a45f-8665a9050818,35,53,4,1514.92,2024-09-16,EU
58f415f1-3560-4088-9229-f2c32e1802c3,391,227,9,3986.39,2024-07-01,US
32da6e47-efbe-4db1-98c6-b2c6a1d32e9e,430,302,5,1725.95,2025-05-03,EU
196d6cdc-f58a-429c-96c1-032cb31d1c80,603,386,4,899.25,2024-01-10,US
8f484a94-51de-4f5d-a51b-c5dc046d81b0,904,279,10,4525.47,2024-10-23,APAC
7c385b3d-276c-4a79-a411-84fe0dca28f8,504,400,4,1730.93,2024-03-29,APAC
b03de4b8-67cc-4b53-a791-c2d753503646,252,459,3,79.92,2024-11-30,US
36e36530-a12c-465c-974e-1cb01cccab17,928,497,8,47.51,2024-10-04,APAC
04935e8b-c5e9-4b32-993f-d66a31aa46aa,989,310,3,1251.3,2025-04-26,US
236ff01d-78b9-40b8-b7f1-775587da2bae,17,367,1,259.74,2024-01-28,APAC
f9e336f4-df54-41dc-8b6c-7adbe211d505,5,452,9,3740.97,2025-01-01,US
5aec18f1-2336-438c-a0fa-ce7b8e35aa11,192,420,2,972.04,2025-03-14,US
17c77905-8d7c-4e55-9c4d-a45f6001a9dd,189,73,4,277.61,2024-03-13,EU
3f15d87e-8427-4702-8381-f0a0ac6adc0c,708,360,1,260.8,2024-11-14,APAC
77e2ba49-b279-4e02-8ed6-a16ffb3f79f4,456,234,5,2214.35,2024-12-20,US
6ac7563a-4ee4-4880-bcd9-5c00bc154696,319,449,6,2251.29,2024-08-05,APAC
f9ba3a00-58b4-4b38-bdfa-b77612d598de,470,477,4,1905.58,2024-11-15,APAC
8fb010f3-2007-43fb-ae64-59c25946ae2d,99,250,6,709.24,2024-01-04,US
3a520937-6676-47fb-8621-5d8d237cd95a,5,456,3,1492.93,2024-10-12,US
cb8ee7d0-7998-46c1-9422-0d98492c445c,578,126,8,3603.27,2024-09-10,APAC
73b900ac-28fd-4159-91c7-c71e3be1ccc3,502,46,9,447.2,2024-04-19,APAC
3b9d930f-2477-4a4b-88de-a2b3cddc0668,861,371,4,863.86,2024-04-02,APAC
6b4254d7-1630-411b-80d5-b00c2d26e8cf,712,232,3,28.64,2024-04-27,US
216aa8de-1d19-45af-9762-d9257667220e,832,372,2,721.43,2024-03-08,EU
cb73561d-95b2-4754-b2d1-b93a2c751761,6,400,10,3028.71,2024-01-27,EU
eb950889-b752-4a8d-a1de-8aa244fdeea7,580,261,8,3342.8,2025-02-20,APAC
c7afd432-7676-4279-8d08-f522a95549a8,966,249,2,685.75,2024-11-06,US
90c33249-1fae-4e5d-997c-4aaa60b49b60,390,221,5,520.74,2024-01-08,APAC
7ad27f1b-399c-4972-a1ee-803527fbeb77,591,203,9,2411.61,2025-01-13,US
0dc02f40-d1af-474a-b1a6-5718b84184fe,663,413,,154.19,2024-06-26,APAC
3c083039-d586-476e-831b-84b9fefd6456,297,106,7,1498.86,2025-04-01,APAC
5414b35f-8453-4a7b-8fa6-8cef2dcdb214,836,295,2,977.55,2024-12-08,EU
3a57c5bd-59f3-469a-8b9f-7f2d9a75eaef,55,496,5,1100.91,2025-05-26,EU
c1dfedbc-94b5-4584-b355-55f15d49c5cc,540,433,10,1593.17,2024-08-24,EU
e33b8c1a-587d-4dcd-8dcd-a3ab2933bf0c,49,189,9,2187.47,2024-01-08,US
35769099-7db4-429b-96ae-9166c07a51a5,945,126,10,4650.22,2025-07-03,APAC
d024be0b-906f-44b6-a252-32f2bc016669,169,162,2,484.66,2024-09-03,APAC
441ce03d-57c3-4ca7-861d-8f0cca3cee57,834,214,9,4377.91,2024-07-14,US
7101566f-32ba-4f6a-b579-55a93cbe058e,548,128,5,48.46,2025-06-20,US
7bf9c497-2e5c-4a08-9f59-4ccae8d287bb,992,426,6,408.66,2024-02-15,EU
ac184e09-2360-4141-add8-47d7f63a3326,177,171,9,3134.37,2024-01-04,EU
fc676918-7779-4815-90cd-69faea246a60,722,13,1,78.4,2024-08-20,US
6984f1b1-375f-4967-a401-8eef81a72d23,286,415,3,770.94,2025-04-09,EU
0542a09b-81bd-4506-880b-55502a0667aa,189,209,8,3265.8,2025-02-01,US
28b234f8-5c1a-4c51-a1e0-8742cc31a8e9,983,386,1,322.81,2024-12-04,APAC
ea438c97-630e-44e3-8f8a-8740162a8ce5,72,297,5,2326.75,2024-12-30,US
142ce9ef-2c11-4330-8ec9-19cc4e47145e,172,460,6,1558.11,2024-12-24,US
c1c13b93-2e3a-4d8a-b58d-2ed79d654c71,455,348,2,145.03,2025-06-04,APAC
6834efd2-58c0-4e4d-aa80-1226f8b10fce,628,20,9,539.95,2024-02-23,EU
c25f5365-e63d-431a-bc5b-aee2ed7b5860,357,201,6,1634.07,2024-07-03,US
c17c3638-01bb-4801-bddb-fd6cb8cb2fac,337,71,2,346.17,2024-12-26,US
495bea51-e2d1-41cc-a30a-085096087c29,233,91,1,122.46,2024-02-03,US
2b9d3598-e528-4114-89c7-19f8d2b334dc,961,58,8,2208.29,2024-08-07,EU
77b8fccc-8f4a-4788-8177-9000d0e4fddc,940,373,2,170.15,2024-06-30,US
6d900184-6cef-4244-b005-dd1c6196903f,660,209,5,1342.29,2024-03-17,US
787f9669-1a33-476a-b77b-6ea8e01aa6c4,156,215,6,1900.33,2025-03-26,US
38304841-b11a-47a5-a899-7d1baae2416b,442,421,5,76.28,2024-11-09,EU
0cf74222-4d35-43f3-9e6c-57c5286f6e5e,708,57,2,894.4,2024-02-19,EU
b779b4e9-3335-4b9a-9cd6-2d014d61a683,549,203,10,3866.89,2024-12-30,US
fe9db3bf-0a7b-4e19-b2d9-56d211e8da61,328,458,8,2958.17,2024-02-11,APAC
d835f033-ff1f-48b7-91f0-7267e52bcd49,585,107,8,757.83,2024-07-13,EU
595285ce-4935-413a-b3f3-2ebc2884439b,639,149,5,1236.68,2024-11-02,US
2d7e6ade-0906-42e2-a14e-0a7531a36ebb,824,248,8,840.37,2024-02-10,US
6f227b71-5bb4-4bf8-b13f-4300220d0ed9,434,118,9,1341.67,2024-12-23,APAC
07e62d21-c280-4dfc-80d2-d6bf3c76fdc4,19,324,7,1252.3,2024-06-30,EU
ef493c65-f511-4c2d-8f2b-8a0d0d49d07f,553,122,,360.02,2024-03-18,APAC
673427b4-0de5-4fc9-bcd6-c2f55496b982,953,19,6,261.96,2024-04-20,US
a6f2e78d-6c83-4a4e-9f9d-d542f9f46a27,252,492,4,961.9,2024-03-21,EU
42648a55-7e8c-4cdb-af46-6ca4c1ae88ce,641,206,3,227.37,2025-01-22,APAC
90815d2f-e123-48e6-8d4a-d2ae6b021105,342,185,1,340.99,2024-03-12,US
9201ac9d-68fb-45a9-9ffa-d455c37727a7,44,152,4,812.61,2024-07-30,EU
fc0bbc8b-445b-4869-a024-d28cf9564525,933,216,3,1008.09,2025-02-21,EU
b8e15af8-35bc-4a73-9197-fba1ee413f69,50,46,9,1845.98,2024-08-21,US
37627f56-241b-41d9-a5ef-dcff92ff42af,346,482,10,57.13,2024-11-22,EU
e8d475f4-c4e5-4872-86d0-be36f59f3109,122,473,1,184.89,2024-03-09,US
d850484c-f5de-4ab1-8452-a5e3ae3f2dc8,520,286,,158.54,2024-10-04,APAC
6838cf37-66c2-4041-9ffd-7d77c5ce9c92,817,1,1,83.41,2024-06-28,EU
c0539c59-29ea-4755-920a-45a9b4c6fadd,221,3,4,1728.1,2024-04-07,US
2138ad7a-d9b1-4905-b17d-4c5e933ce22d,598,391,2,260.15,2025-04-05,APAC
f31a1b42-44d4-4c8d-b00b-84afbf3a7d59,919,436,1,387.56,2025-03-05,EU
70e5a605-175a-402f-b469-b567aaea5c11,253,332,6,439.15,2024-01-30,APAC
db5773f6-781b-45da-bdfa-2a4c3d1a8d6e,488,436,8,2067.75,2024-12-07,EU
ca45c80c-0317-4ee7-82fe-9fe20f1189df,95,282,5,336.22,2025-04-07,US
cf74967c-4b24-40a6-abb8-0d52eebe8670,530,489,1,353.85,2025-01-23,US
439f172d-67d9-4a24-883a-36a912089481,348,419,1,273.96,2025-04-03,APAC
a2c135fd-18eb-404a-954e-1f25db81684b,111,244,5,1458.18,2025-05-26,EU
47f3617f-f1e1-4faa-9828-715b9014412c,706,223,1,114.9,2024-10-26,US
102b8e38-de84-494f-81c0-f3488d541c4b,851,15,6,1301.22,2025-04-29,EU
7ddf2e5e-8c81-4762-91f6-1fbe40b8c0a6,517,166,2,522.78,2024-06-22,APAC
f689b920-e307-415c-901f-949e08d276e1,138,89,5,968.38,2024-05-23,APAC
da600b20-a4de-4184-9460-1d89c6184510,536,500,6,1652.25,2024-04-15,APAC
62141252-aa57-4e5f-852b-557a903eaf85,2,285,2,700.68,2025-05-04,APAC
bf152f02-11d8-4ab4-af04-fe0b1ab5ca78,967,125,5,1549.79,2024-10-13,EU
ce3ba61c-aaad-4731-af14-f32cf710fda6,740,132,10,4482.57,2024-08-26,EU
bfa23a62-20dc-4006-9c24-89521e81a9ef,828,406,2,832.88,2024-09-30,APAC
79fc7d5e-6083-4435-8f4e-0a07b4863520,110,37,9,3357.68,2024-06-11,APAC
186b4375-b85e-4212-a4cd-13f9806ac5d2,599,42,2,996.42,2024-09-30,APAC
24d9ff3c-7ccc-4396-8ab6-ab8fea877831,135,286,5,1905.72,2024-03-26,APAC
0f610842-5e13-492e-ab68-bc7a4afee170,892,360,5,430.41,2024-05-19,EU
cddd81a8-27cb-422d-84da-42d47f596926,214,17,5,1847.18,2024-06-04,US
a882571a-7a15-4d1c-a642-c67420d67c58,556,386,7,3247.6,2024-03-25,US
bb061bbe-4963-4093-b0a2-51078ca70bd1,218,446,,195.29,2025-06-23,APAC
32aace55-4bfe-47b8-b1a3-fc9ee70ab367,90,495,5,2122.2,2024-10-19,US
8bf1d13d-287b-4001-9ed3-08c6474ba7b1,155,312,6,641.18,2024-06-17,US
7ceecf61-a121-4b2f-a0cb-4a41330c2c49,797,191,7,2351.14,2025-06-11,US
81e1f352-2218-4be3-9695-8ae5aba499ea,772,323,1,203.08,2024-10-23,US
43b2bf80-49c0-4549-9258-f85f0bfcc94c,880,147,4,282.76,2024-05-17,US
3c70e3b1-973a-4509-876b-de9376f3c79e,816,442,4,973.57,2025-02-13,US
e55b3fab-b284-4559-ab38-d5a700a3ee0b,432,292,9,403.22,2024-06-27,US
3a95b8e3-04f8-4f65-8b2f-3dd0ab361824,647,396,6,2331.79,2024-04-26,US
d1546b00-fc2a-45ca-a20d-e5cf2298eb0c,936,253,8,3453.35,2024-11-18,EU
020bffc0-e196-41cd-90fd-688196e42eb1,990,69,8,2708.19,2024-04-09,EU
1c766af0-499b-4353-9e60-f4086110d677,588,418,4,1611.32,2024-08-16,US
e0e5c1d9-8992-4cea-9dff-62246a8021b1,610,359,6,2314.95,2024-07-03,EU
91736e5f-7117-4093-9a3f-a87c5d7b3260,391,62,1,83.35,2025-04-02,APAC
06053c89-6788-4bce-82aa-bbcea0d2305e,493,147,8,1403.59,2024-07-10,EU
92f6623b-bf6e-4a7b-843d-b208bb1a2b5b,873,52,8,2396.46,2024-12-10,EU
245e1c04-c95b-419b-be01-c9f7e5b5a6a3,105,129,3,796.23,2024-01-30,US
9def2eef-93d9-4fa1-a03f-74f3fdc4d6a6,895,280,1,388.29,2025-04-29,APAC
5e275e1c-a574-4100-a22f-cf75d63f705d,334,88,2,592.57,2025-03-17,APAC
c53eccd2-5674-48bc-8d66-418fe73e446e,21,410,2,102.79,2025-02-26,EU
33cfbae3-f720-4c8d-aa4a-e917bd10fa57,717,40,5,493.3,2024-05-02,APAC
db6f085b-4304-4a71-a864-e8fc6f3da1c2,555,88,,105.29,2024-01-03,US
5e23d84e-3c3d-43d5-9507-9364ec7bf933,614,201,2,860.84,2025-04-29,US
822f7cb0-a638-4bac-8870-131f1f64870d,17,425,,46.0,2025-04-28,EU
40fbdbad-1cb3-4edd-a5a3-478b0a860c63,409,86,2,641.95,2025-06-16,APAC
afa4d3d9-ba47-416f-9e84-1d339fbd6d99,684,282,1,95.71,2024-03-24,APAC
444c99a9-84d0-4fa6-b7c7-b88f976c7e06,462,371,3,1306.77,2024-08-25,APAC
5f67e1ad-63e5-4aa6-b6cd-1c0dd41eb80c,474,245,9,1192.35,2025-05-16,US
4a1e18ca-d060-46ca-b940-9e942c38eded,890,189,5,2476.28,2024-08-13,EU
a1008837-191c-4923-9076-85b5a3b1e041,814,39,8,2068.69,2024-04-12,EU
038f730e-6f20-4e2e-85db-f2f83b9dc2fc,29,81,4,719.28,2024-09-30,APAC
97d2fa45-de38-4fe5-9e82-a78110a26483,413,235,1,113.7,2024-12-12,EU
7e56a4c7-de6f-45cb-bf42-70a7f635621b,306,526,5,771.29,2025-04-26,EU
80311ddc-6248-413f-b2bc-f0aad51cb906,526,384,3,1003.49,2025-02-11,US
9fca17ab-dbfd-4fba-bfcc-4388738f7dc3,678,124,3,701.1,2024-12-19,EU
b4429032-1048-45ca-b40b-24c373626cf8,15,422,4,1019.28,2024-06-29,EU
ddf9b066-7c07-4a39-9ced-32f8ee07a394,439,331,4,830.76,2024-02-11,US
5bcac48b-9493-4c24-958b-9c6c3a2f2341,995,450,,179.43,2025-04-10,EU
114e8663-085a-485f-91a3-54e2a4ede750,357,372,,201.86,2024-10-05,US
a849034c-bf3d-430f-a679-272270cb6bf3,402,356,4,1130.58,2024-09-29,APAC
8c18e4df-f8ff-440d-b471-7f9238641299,814,258,9,2298.56,2024-07-28,EU
3a079fbb-ff94-4923-994f-a41931af2a39,589,27,1,210.12,2024-05-17,US
d5f1d6e4-62eb-47b0-9624-788428161d0b,947,246,2,720.91,2024-08-20,US
205057c6-a9de-4c7d-b7ca-8080d87649ac,249,483,5,2308.9,2025-06-28,EU
4240c4d5-5316-4734-9858-122ad5e29664,115,255,6,988.94,2025-03-12,APAC
f6d42c69-6da9-4037-9ca0-1d332a503d9a,488,437,2,259.73,2025-05-21,APAC
fafb56c6-c16e-4a97-a51e-d75445b45d0e,489,394,8,828.7,2024-12-23,APAC
fd7464f8-3e45-4ca7-9252-a9ed0f4c5136,306,106,9,4089.2,2024-07-26,EU
16f742c6-71b1-4973-a3c3-3f4ce2297999,346,207,1,200.8,2024-12-06,EU
67763b55-6a87-4366-b862-a9b460c4f64b,121,110,7,3267.05,2024-06-19,EU
1490ebb1-73e8-4266-b49d-1098bc902e31,984,500,10,4276.76,2025-02-15,US
64139f96-d2ae-4cb4-a030-6efa6ca638dd,429,455,7,2905.13,2024-10-18,US
6211c900-ee73-43c2-8e7d-d26d017626ee,637,470,10,4509.32,2024-11-28,EU
e4b7679a-f3be-43b1-b4b3-00faac160352,314,3,8,758.96,2024-07-02,APAC
7ddf221a-9bac-4202-9881-c1161d4ba4b5,109,201,10,136.01,2025-02-19,EU
773b688e-4c12-4d63-be99-4b0ab4b08855,231,453,7,3040.49,2024-06-11,US
8bb38cf5-29a5-4405-92cd-db0de870300f,144,106,4,1509.14,2024-04-21,APAC
2045e47b-1c4b-4756-abcb-82a01ed70dd7,906,489,10,3657.37,2024-04-26,US
34966a38-2e8e-4481-901e-2f96f120b558,890,411,3,1082.79,2024-05-12,EU
2f7aecb4-fa6b-4697-86ed-07f1d995e4fb,841,296,7,3376.11,2025-05-13,APAC
f10a5953-d76b-4c26-b834-20ab8e865b53,665,31,8,863.5,2024-10-04,US
0bf6bf83-88ad-4bf2-a049-f16aa2465dff,756,388,4,465.38,2025-04-25,US
2b27ce9e-11a0-464f-a8d1-e810c7298f04,939,225,1,199.09,2024-04-13,APAC
c5d5642f-27b9-4d06-8320-2cf1e3a3a0a2,238,263,1,354.41,2024-03-12,US
300d5ccb-2c80-404b-98c1-c20061328f25,57,319,9,421.8,2025-03-29,APAC
c0b2bacb-a587-4027-91aa-5df004eeb217,595,84,6,2029.68,2024-09-04,US
df7457d1-f60e-4309-bb7c-dcff5573c7f6,406,209,9,3754.3,2024-10-13,APAC
fabc1234-83bf-42be-b218-20dd15a53231,932,82,5,511.93,2025-05-28,APAC
ff62246a-3388-4f70-b200-6aa73cdcf365,661,375,9,800.8,2025-04-26,APAC
3e971d03-892c-4d2f-ab9e-0e83fd24cd44,780,302,2,279.9,2025-01-23,US
91313c4e-4acd-4023-97f6-0b8fe031d3f6,278,280,10,1686.97,2024-03-24,EU
b370ac09-1f06-4681-99b5-5eda309878d9,567,253,7,937.0,2024-11-08,APAC
bc2845ad-24f1-469d-8ef4-9be82510a267,29,359,6,2391.1,2024-08-06,APAC
1342b130-9a13-44f5-985f-9de8b9aea619,804,440,6,1622.23,2024-02-04,APAC
2d274a01-4f10-40da-bb0f-020fc1b90140,350,379,6,2497.79,2024-08-06,US
289f98d5-00f0-4657-a02d-e66f1bce8c83,406,50,7,2015.9,2024-08-17,APAC
1c05e746-00f6-4eab-adc7-ee5dba194a04,586,263,8,1087.67,2025-05-27,EU
89812ffa-90ac-4a7e-ae97-1664a3cca131,340,71,5,2366.69,2024-07-03,EU
5938820c-930c-4d0d-aa8c-8ddc143ef1a3,312,335,5,1082.69,2024-09-19,EU
e6d1152a-4692-4257-9279-e4c1ee72e13f,483,351,6,2256.61,2024-04-09,US
45352c00-be25-414b-92e5-4ecbba9e689b,258,181,7,812.32,2025-06-22,US
8912ff45-3416-46b4-9824-35e59d1b65f3,142,468,7,2456.33,2025-01-03,EU
6c2c558b-0d1c-4788-ad53-016b88d40225,150,53,6,1484.77,2024-02-29,APAC
2cea0f49-c5c3-4da0-8b86-5cf12a29600c,738,457,8,648.05,2025-03-18,US
fd266395-b853-45e7-9627-499e0da6ccba,437,471,6,2508.89,2024-09-19,US
eb10c6ab-3bd8-441b-89b0-6c65203f023c,740,220,7,2711.47,2025-01-14,EU
92ff6cc0-3018-425e-8ac7-061a1f1ca62b,543,356,4,1389.3,2024-05-09,EU
18f80719-7058-4d14-b89a-6cdd307278e2,999,343,9,615.74,2024-04-26,APAC
6a81d2e0-06af-46f7-b66d-b0329c64fedb,14,98,3,24.23,2024-04-18,APAC
da6deaed-06ce-4e43-8c46-389a55ef629f,170,311,9,873.49,2025-02-11,APAC
1d8c8128-b3b5-4aa6-9b23-ef02ffe334bd,609,123,3,1282.75,2024-12-21,US
980b42b6-107d-4a55-bcdf-bc558055fc90,7,460,4,1177.51,2024-05-17,EU
1860a3c7-9f98-4b90-bbec-ec8cf3f54c77,474,414,5,392.9,2025-01-11,US
2025a83e-8889-43d9-b71b-d9c671b9aa37,330,118,9,533.18,2024-10-18,APAC
1419604a-3a91-4be0-a0b2-57114254b7fc,535,375,4,1296.15,2025-04-18,APAC
d535e538-473d-458c-8940-812d1ad14373,603,236,7,1013.31,2025-04-20,US
9c931a9b-0f2d-41e8-8120-ed65eaed951d,630,106,1,119.63,2025-06-03,EU
b6c3e2b8-72b2-457b-b170-fd568a5ddf09,156,215,4,514.62,2024-09-19,US
a3d74c50-33cc-47fa-adfd-632cc4ed5b79,758,334,3,1282.75,2024-10-23,APAC
127749e6-9b0f-4d3f-bbed-10e4285899a0,9,147,9,1737.04,2025-01-27,US
35d8269d-1aaa-479e-82ee-ad236c8977fe,633,498,2,170.87,2024-06-11,EU
ed5789b0-6c15-419e-abdd-79bd7c64aeba,62,179,8,2092.74,2025-03-08,US
6a77fe54-5b2c-4407-86b9-44a758904bad,157,249,4,1732.87,2025-04-24,APAC
ef4bfb44-337d-4fa2-8451-2b0e94c952c0,744,348,7,1622.95,2024-01-10,EU
8075d5c8-d90a-42b8-8007-d04280e18966,893,417,10,4125.73,2024-12-13,EU
0e77d5f6-94e9-436f-8a85-f13d3f66e217,787,15,2,478.13,2024-06-02,US
d656018b-e3e4-414a-ade7-3f125fea3bed,828,359,8,3768.5,2024-01-04,APAC
4a9b9861-c548-41b8-88ff-c51ae68a3ef3,35,482,5,1028.25,2024-11-29,EU
0931384d-9785-4ecb-abc6-ecabfa15a41e,324,387,6,663.64,2024-03-12,US
6e7d14a0-f057-429a-8663-0cfe44d777e5,215,55,3,659.03,2024-01-01,EU
0d20f672-84e0-4805-b890-5d00a75ee64e,48,255,9,4148.54,2025-03-18,APAC
cb0d170a-e36d-4865-b8eb-b8e71114deea,637,213,7,1301.55,2024-02-26,APAC
96eff594-d543-415b-871a-8f25527fd31a,681,186,9,1137.06,2025-02-01,EU
9d214b55-64cd-4a3b-80c7-8f94691eefeb,380,206,5,986.66,2024-06-15,APAC
11ceff42-0870-4ee8-8ac4-1dce55918c9c,883,21,1,88.23,2025-05-18,EU
7841a229-7e0e-4cd0-a217-ff89c06e0283,518,361,3,1009.01,2024-09-28,US
a1fef29c-5bc7-4eb9-a41f-b1da75e20874,80,38,10,2486.04,2024-11-14,APAC
1230e584-66b4-4852-a963-16fc4f4861d4,64,133,3,16.91,2025-03-23,US
5cd4b209-4430-46e6-9043-1a3d2eae29a0,317,46,7,1494.02,2024-02-28,US
3c568024-8be7-4848-85a2-678d29c47b5c,721,208,3,975.45,2024-08-22,EU
75198a13-34db-421a-a830-0d0764944f82,515,340,5,2032.8,2024-04-07,APAC
e9e6fd10-fc16-491c-8aee-0551d528fbcf,773,74,9,3707.76,2024-03-29,EU
5783305d-c2a2-4716-8515-130778c1b68d,18,139,7,1298.9,2024-01-24,US
78184594-bbe9-4389-886f-7089a805ce8f,570,350,5,137.75,2025-04-24,EU
f83bff79-2143-44a0-b895-976e1b578144,592,389,7,2442.28,2024-05-15,US
d8effeee-2fed-48bd-bb6f-adfbfc47c5b8,195,487,6,1972.62,2025-05-13,EU
e3284478-ebf0-45b6-9756-37c121d5b63f,388,246,8,3020.74,2024-01-12,APAC
117f44a0-743a-4992-9a47-f6af1013f766,178,266,3,198.96,2024-09-16,EU
073e199f-3836-4320-97de-6d6e29c0d22a,144,259,6,1180.65,2025-02-07,US
25367069-e1c2-4247-b883-f93e3166f9db,919,71,9,2325.41,2024-07-06,APAC
3d2defc4-f090-4227-9753-44e4514a15ef,724,457,6,2377.17,2024-10-26,US
c02d848f-ab25-45c7-b3f1-dc1ac7f54231,20,452,4,623.52,2024-04-12,APAC
a0e7990c-516b-49ac-8921-e44164b8979e,197,488,8,1981.17,2024-12-05,APAC
a65ccfb3-66fb-4bbd-a2ad-5b136fe87c3f,187,313,7,1032.03,2025-05-30,US
ba1319a1-db0a-4ea1-8b34-a3901b9b8165,965,363,4,828.06,2024-07-08,EU
7f23bfe9-7b15-44af-a244-0efe6775aacb,720,419,5,1826.35,2024-09-13,US
71b61ed0-3ac2-4336-bbe3-87393b01c39a,348,172,7,3381.41,2024-01-04,APAC
0e6150b1-2e8d-407d-a884-e731637745ce,52,255,4,479.12,2024-03-11,EU
64ae8d8b-21e3-4e37-bcd1-76ecf703a714,431,205,3,18.5,2025-06-04,EU
c15f4467-a42d-4428-84e7-78b39dc1471c,558,49,10,52.08,2024-04-04,EU
f431eb75-6e7a-499e-862e-a09a6462bd9a,999,332,5,944.48,2024-07-24,APAC
e72a2eaa-2930-4dfb-b43d-45f7bca90435,548,171,2,879.4,2024-04-30,EU
86b77e30-3d76-4148-8aa4-65d1a6640f80,316,152,4,789.22,2024-04-01,APAC
2c05b9ae-11fd-4ced-8e7b-e3faee49e1a6,993,14,1,323.85,2024-11-14,EU
433c839e-97ba-4b88-94df-e10b0b09ced3,594,125,10,2558.58,2024-05-19,US
7d37eedd-e4ac-4734-9b87-38a3c76a8290,802,290,8,2558.52,2024-09-23,EU
5973b26a-6505-4a96-b6cb-6c475cc005d0,528,425,7,78.95,2025-05-18,US
203ae31f-28e3-43bd-b532-eeca07a180f2,392,242,4,1238.37,2025-06-28,APAC
f0e58005-125a-4f1d-a2c2-9c38e3b5c13d,775,188,2,451.51,2024-08-28,EU
fb4f9c70-a013-415b-a634-7425ac0846bb,191,74,8,1839.71,2025-03-22,EU
4dae6d42-a32e-48e2-b73d-5d50f9b91988,589,294,3,750.01,2024-04-14,EU
5293a6c4-10b3-4a70-aaf5-73b9e0cb78a1,297,406,3,1075.32,2025-01-07,APAC
0fe4780f-e3e1-4f3d-bd2d-0f6f0eb94963,426,487,7,967.38,2024-01-24,APAC
eec16fd5-b3b8-4ba5-b55d-fe797070826b,77,279,6,1823.86,2024-08-20,US
6c679c7e-68e7-4e1b-a104-aea7d5746992,157,436,2,451.61,2024-11-06,APAC
75807eff-7670-4ecb-a401-4038b0d784a9,868,193,9,3520.33,2024-11-24,US
aa4b4a24-5e6c-4e63-8e7c-6c92f7b04ce5,332,58,2,190.39,2025-03-14,US
dc6fa641-47f8-4685-91d8-d533de04eb62,47,107,7,192.87,2025-07-01,EU
53bd3773-ce80-4f45-a425-86f66d0a3c88,198,363,4,1917.44,2024-05-01,EU
9ab1257b-f180-4752-a421-94bd043a1b64,381,478,10,4288.69,2024-04-25,EU
f77654c3-af0e-42c2-9b7c-41c4b0239d74,218,302,4,42.65,2024-06-19,APAC
a753ef65-2f89-4d3f-9429-65cfe74b64a7,291,406,3,637.64,2024-10-23,US
329cbdd8-8bd1-40b1-b5e7-70ae050082c3,544,198,4,1102.63,2024-04-13,US
78f0b634-33f4-4599-8716-3c2cd5ff6a0f,276,311,4,740.7,2025-03-30,US
5614b46a-9719-42f8-b62d-6651d9843db9,787,164,8,285.4,2024-10-13,APAC
6b81a578-ada8-4231-97b6-e65ddc3a769f,300,380,3,1281.31,2025-06-03,US
14bef5f6-864e-4312-bb57-56a79d90f8d2,395,76,7,2570.39,2024-12-23,APAC
c14afb80-4ad0-41e8-a9b9-6c10db49b929,333,473,1,154.1,2024-12-24,APAC
0fdc53fb-7a7e-434d-9f7a-b142ca694e07,219,284,9,755.89,2024-11-26,US
82ef3cee-e6fc-4e19-aeb3-67e30b3b629a,539,310,8,3215.17,2025-05-02,APAC
edac2e93-4e9c-4991-8bc2-78e9c9d44dd3,213,295,10,1192.03,2025-02-19,EU
4ceff3a8-6698-4a6a-8613-c73b8cce850b,67,372,5,1385.13,2024-06-07,APAC
e47cf736-e2be-4932-8ea3-ac401fe1e2db,699,308,3,217.07,2024-03-24,APAC
e4d0376b-6b63-41e2-bf2c-9d9b14898432,103,449,8,948.33,2025-05-17,US
2ba8f172-8fab-49b8-b7ab-6c78ec514af2,796,193,7,471.63,2024-08-25,APAC
0e9d6cac-38ea-4044-8563-c7fa5b1ea45c,652,212,7,1921.21,2024-10-15,US
65f93208-97ff-4d07-83f7-843479c12fa0,888,325,8,2227.86,2025-04-04,EU
545429f1-2b3f-4283-9fe4-d7f78ffb73a3,903,342,1,384.84,2024-11-07,APAC
c03bd730-8d9b-4cdf-bec0-10e239d05ad6,819,300,9,124.72,2024-03-20,EU
121281aa-d50a-442f-82a6-c1ca72860100,585,155,2,44.53,2024-05-30,EU
897ce7fb-2a09-4756-af7d-4d69a55214b9,683,395,10,3454.01,2024-12-24,EU
5f3b385b-27fa-482d-bf52-0ba785a9f3b6,619,255,10,2926.78,2025-05-13,APAC
1618ead7-65c8-4220-970d-191bae547878,944,476,7,1947.17,2024-06-25,US
326f1c97-f171-4641-b211-91831ada7799,289,216,2,789.73,2024-09-24,APAC
ce3990aa-674a-4e1e-a579-751b48e307ae,524,394,9,494.26,2025-03-28,US
7a7e1df8-3520-4b37-a2a0-fa4a41e4c78b,689,397,4,742.83,2025-06-24,APAC
d7e58593-fbc0-4c58-990b-8a2c98dae5d3,720,124,7,2986.58,2024-09-12,APAC
6bb9d86f-f5d0-4a22-ba4d-d03d34f4b28a,223,421,3,483.46,2024-01-28,APAC
27054680-ba7c-4451-8d7d-45859b1fe87b,341,91,8,1792.9,2024-01-07,US
6ca3b0c1-f4ba-45be-bf15-b5f8bb8ee2de,350,120,7,1935.32,2024-02-17,EU
d12a71f7-f674-4d7b-86d8-cc7d59b43522,474,12,9,4372.43,2024-10-13,EU
659325c3-5e61-41d9-a646-d5eae49bf453,843,434,1,378.84,2025-02-13,APAC
d60603a8-aa3f-4cfc-a8b9-74360e84e8c0,558,77,6,1584.49,2025-06-29,US
f81a17fa-2a2c-4521-8f33-dd860b4a351b,233,478,7,2470.94,2024-06-01,EU
3638d241-90a6-4d22-8ce2-f2e82a200353,872,77,1,490.77,2025-04-08,APAC
08d948a4-e46e-444b-83b0-25680e547ae0,773,297,5,2237.52,2024-11-20,US
0374cad0-e148-47c4-af0c-57c887a2c6cd,354,104,10,327.39,2024-01-28,APAC
b6b666aa-f0a7-4ba8-99a0-bf8121eb84c4,909,174,6,886.46,2024-11-23,US
8a427d74-e5e3-4d83-98d5-eac322d69b88,838,47,6,2607.98,2024-05-22,US
12769f22-00d0-4139-9870-346b35e365fd,902,25,7,2201.62,2025-01-02,EU
adc179a9-ad7d-49c1-94d1-293c5de50e0b,852,194,10,1363.45,2025-05-14,EU
540fcf96-32dc-4a14-adf4-c4898b09f30e,349,59,,43.2,2024-09-28,US
6b033fc5-9939-4456-9a86-c1b26c2bb185,186,319,6,2400.42,2024-05-23,EU
e5635d7e-2cf2-4156-9b6a-e70673db770a,148,231,1,264.9,2024-12-26,APAC
7c4d17f9-9c6d-42d9-848f-972d4540cb7b,574,14,4,1907.85,2025-02-09,EU
0467735a-828c-444d-83e7-96b7d0f96ee4,340,117,5,528.05,2024-12-21,EU
4f103205-9a27-4810-b1ae-909a4b918dbe,431,320,,124.33,2025-04-13,US
9bda66de-93d9-415a-aaba-c13c64899f4e,998,464,5,271.53,2024-05-04,EU
d4f02b91-d41a-4fb7-8019-f41de6095384,602,222,2,25.21,2024-06-08,US
b1cddeaf-a0ed-46bb-a8bb-7e696f054088,296,210,8,3061.08,2025-01-20,APAC
02b94145-cbe9-4f56-8c72-72189344978b,356,260,3,549.81,2024-11-02,EU
411e7d68-193d-46cb-8832-d17c86ac8707,411,241,10,2849.99,2024-01-26,EU
37c6186a-de58-4cc2-ab02-13f3e7d39571,578,87,3,990.0,2024-10-09,US
cbec8930-e1f5-4446-b0bd-bc2ce7d17286,406,402,4,222.92,2024-02-19,EU
2fb41a40-ebf1-4bf7-af15-09c36092e8fd,418,85,10,4572.6,2024-04-21,US
37d7a80b-1cf8-4322-8f2f-28a9b72959b5,563,262,6,239.11,2024-07-24,US
5d6f091a-b9ef-42aa-b7a4-3665826902d2,566,169,7,783.27,2024-06-01,US
8bf61789-044e-41f5-80a4-4cff75e8b0fa,288,426,8,2773.8,2024-09-12,APAC
9de50d78-7585-4c01-a144-66e8e26c59d2,730,400,10,3999.07,2024-08-21,APAC
243d8baf-3af6-4bcb-8cd2-735b8abbf2e5,373,436,5,2299.18,2024-11-21,US
48bd4ac3-9190-4489-b388-bf77d2d818c5,540,320,9,2698.92,2025-04-28,APAC
a9d91145-643e-4cbf-8216-08ae42a9c206,635,442,7,989.93,2024-12-13,US
1c507c38-83d6-4b25-ab25-f869d89b4e44,274,434,10,483.18,2025-02-27,EU
3faf16c3-4932-45ba-98a8-5b97a3ed719d,577,109,7,3095.79,2024-02-25,US
6ae53dd6-02b0-4750-b627-aaaaf157f5cc,762,274,5,2414.39,2024-11-03,APAC
095782fd-2b59-4e43-a66b-fee76ac9a226,791,272,6,2646.41,2024-07-10,EU
d30020e4-31e3-4c78-8c9b-ef03c20b8d89,551,419,2,393.13,2024-05-21,EU
cc0987e8-6d49-47c1-902c-300ca0ef756c,151,472,5,1058.54,2024-03-06,APAC
820dc019-be35-407e-b6fc-8d1fd9062c6d,186,250,2,937.26,2025-06-24,APAC
17ca9f40-d38c-41ff-ab2f-0f110a99df55,265,496,1,351.86,2024-08-24,US
a7a0ee53-775c-4700-a50e-15be38863eae,790,292,8,1954.59,2024-04-14,EU
ae9a2fbd-0c19-41fa-84d5-7d84aa67ce89,203,116,6,936.29,2024-03-17,APAC
0e07d724-865b-4179-bac3-6cf6ab6806a7,811,301,3,656.32,2024-06-27,US
5fdb5f8c-1632-4d49-95c4-c520cf9cde27,537,272,7,2949.87,2024-05-25,EU
248484f8-f80d-4184-8d15-2767751a5e44,619,50,3,371.31,2024-02-21,US
d287f25f-20cb-4607-84cd-44d193f16278,508,271,1,416.63,2024-04-25,EU
e68db6c8-a34d-423c-9a7b-b31cfafda422,728,457,7,372.54,2024-04-14,US
819fb2e7-4923-4ce4-b861-a2f4a29af0a5,872,112,7,2109.05,2024-06-11,US
66d4dd9a-883c-4b67-87a0-02fcf9e3c8be,430,299,2,222.88,2024-09-16,US
a9703d70-6bcc-4638-960b-1eb325f1262e,15,398,8,989.05,2024-01-03,US
f080a2ef-bf3d-40b2-95a8-081ff64448e9,804,191,7,1501.33,2024-06-30,APAC
431b6936-778b-4fae-b86a-06cde6d1eb8b,988,472,3,138.03,2024-06-14,APAC
6caa5066-fccc-47b9-857c-602a33c910e9,685,428,3,995.32,2024-09-16,EU
831a88eb-0d8b-4525-8ea8-c13278260fa7,398,58,6,1727.14,2024-05-01,APAC
91e5a09a-32d5-4551-b004-635bbbb37de6,664,230,1,378.6,2025-02-06,APAC
0d6438ef-f607-4d5d-b202-0bff133a7ae6,219,58,5,1969.72,2024-01-12,US
65df9a07-4b19-40df-a4dc-e507383c6a8c,576,261,7,1916.6,2025-06-22,APAC
e021dd7c-1cd5-42a5-89a6-cb807f65f81f,935,259,5,726.6,2024-06-20,APAC
7612f849-0114-43b2-b0f2-88620e2ed175,542,77,6,246.34,2025-02-09,EU
9ad318c5-c0ee-4d8a-b6eb-137ccc925f2b,262,361,6,950.0,2024-11-06,US
eccf8d56-eaa3-4ebc-8b4d-e67517ce1dde,520,110,5,977.74,2024-07-16,APAC
fe0e1574-f16d-42a5-a158-75333a4bef15,118,81,7,1460.66,2024-05-16,US
cd5be7db-23c4-4c75-a7b5-f5205be5fd2e,923,178,9,1602.11,2025-05-30,APAC
b9adbdcc-b30a-4d87-91cb-f79b18e6b061,371,159,4,1429.98,2024-03-31,APAC
b724507a-be8d-4a5d-a322-d10438f72e63,845,376,1,150.07,2024-04-27,EU
593664df-6c04-4f24-a7e5-59ee34b183b3,351,196,8,2000.19,2024-07-21,EU
17f8bdbf-52d6-422c-8b5a-fe4b3c7780b2,769,233,4,1609.27,2024-08-01,EU
6a232058-2f39-4db0-afdc-7b0bb1ef0891,153,359,2,962.99,2024-07-03,US
f609bcc3-b4bb-4a99-83ef-8ee4889f510a,842,165,,86.67,2025-02-09,APAC
22e28c43-5d96-451f-8b5b-3c7449a85430,172,6,3,341.12,2025-03-26,EU
d99b0518-2302-4b4c-9d2d-36c3cbe6b109,285,201,5,566.65,2024-03-18,APAC
027f9f21-a654-46a2-8790-aa98dc480743,912,407,3,219.21,2025-02-04,EU
a9414f04-2ebc-47a8-9499-85c9f821afb1,44,69,4,684.15,2024-06-03,APAC
fac1fd4e-304c-4997-9cb6-f6ee2c0558a8,944,212,7,106.15,2024-06-19,APAC
b3ae879e-6226-48af-a371-0addb5cbfed4,29,138,1,235.62,2025-02-06,APAC
92092ac8-1094-4c20-96ff-7dd1d3ab2781,662,9,6,655.06,2024-07-08,US
3e3148f1-6b6a-4c78-ba37-47faaf491195,998,168,9,1780.08,2024-07-09,US
936311b0-03b3-44d9-821c-7fb7644bd895,519,350,1,476.73,2024-11-19,APAC
84f93d4f-1b16-4d9a-bc53-eeda6f1d4db4,333,290,5,1308.62,2024-11-29,EU
233b03f6-e82d-4079-b025-76615fe7c710,52,6,5,270.6,2024-05-26,APAC
60c3bdd6-aa5e-479b-b8c0-8f96f512b7e7,633,193,10,614.84,2024-03-16,APAC
fae4149f-2792-41ae-875b-9cf0ef70f2bf,405,45,5,2139.61,2024-09-28,EU
cc4c29b4-2d7a-44d4-987d-c8a6efd7d6eb,409,204,7,3046.77,2024-05-19,EU
d964c2e5-aa26-43b2-97a2-dd00e47ad9d4,223,37,5,1486.77,2024-09-16,APAC
9172df24-4f69-4b0a-8460-69c51d9fda56,467,98,8,3915.91,2024-06-12,EU
e47a70d6-1434-473f-928c-ca027c0a5d3e,801,332,1,430.15,2025-01-16,US
c75acb86-6ef1-4a12-8de2-bf12f08e8b88,50,366,7,144.01,2025-02-06,EU
037f49db-cfce-492d-b738-d48bde477f21,824,287,8,1645.7,2024-12-24,APAC
2658fbd4-f409-4cfe-ae71-6a502d5dacd2,964,260,9,1161.91,2025-01-10,APAC
890e00cf-738a-403b-9aca-41887ff05c91,805,360,5,1767.93,2024-02-04,EU
af115690-f7e2-4981-b6bc-84c37f3cd195,365,409,7,2496.55,2025-03-11,US
47e5e5b5-8da4-43c1-b192-98645eba0259,121,440,1,456.31,2024-11-16,EU
a7d8f84e-39f9-4955-b28e-41fdabf00996,934,170,1,438.76,2024-11-15,EU
18229e23-9d59-4ead-affc-1ea67a83dfb5,914,181,5,1921.21,2024-06-07,US
f0ad6093-c00b-49bc-98f1-8f46e440a51c,148,70,6,65.31,2024-02-03,US
9bc288a3-633e-43b2-9e8e-8c8ac47a80cb,72,102,4,1366.6,2024-07-09,EU
4ec7384c-4ae2-482b-b98c-ea9d5d264a91,579,371,3,566.23,2024-01-20,APAC
dc77a072-5606-483d-9a0b-827a66b9b1b2,865,149,3,934.12,2024-08-29,EU
f8b59a9c-6b5f-4d89-b029-23ece2d9f97b,357,134,3,107.02,2024-11-19,APAC
70513131-1daa-4eb5-9164-c1b315da27b1,57,27,8,621.79,2024-08-02,US
edc7ab3e-6775-4687-a099-3f0c7781bf05,455,330,6,2674.31,2024-09-19,APAC
9346155c-6e8d-4b7c-be66-c4e445c91a96,986,409,2,600.82,2024-11-30,EU
ba970f55-8913-4ef3-9a29-a31a7075da9c,533,454,1,167.63,2024-07-17,APAC
86773d3b-b394-4821-905a-b3975d470431,655,487,3,329.25,2025-03-07,US
f28cd3b1-6f04-4072-9dee-94c37ffa3885,377,295,10,190.0,2025-06-09,APAC
3a631257-f20f-46c2-9c29-df122602c4ed,189,418,10,4920.15,2025-02-10,EU
83210a68-232c-47b1-827a-d7ddcc6239c0,392,112,5,871.29,2024-06-23,APAC
24e9cae3-369e-429c-b7dc-a47f39cfe0ca,433,173,6,2568.99,2025-06-13,EU
35f59adc-558b-4b10-bf99-590a4d016c18,958,239,5,994.82,2025-05-14,US
083fb448-3c16-4a0d-9b3a-a20fddd6024e,452,295,8,3777.63,2025-02-01,US
f38b6c55-9c68-44a0-a07c-e006d7b55485,529,134,1,75.81,2025-01-13,US
10577a0f-e799-4e09-b83f-ac34340da045,256,126,2,737.46,2024-05-21,EU
1145e1e8-f9fb-42e1-aa2a-ce7da3051d0e,781,12,9,2736.96,2024-09-19,US
f5ca6d10-3f75-416c-8111-9a7c373c718a,835,481,10,2723.13,2024-08-31,US
535123af-a361-4502-b94c-d8cb8d9bd6f6,377,165,4,1011.78,2024-12-06,APAC
b472f4c2-9ab8-4be7-a0f8-a57402e178ed,248,225,8,416.21,2024-04-09,APAC
293c30bd-c72f-4ec6-8df8-aec00751e690,913,83,1,55.1,2025-02-23,EU
df3a6184-e36a-404a-892a-0656319e4d33,532,246,2,432.05,2024-08-19,EU
68a0c918-c4cc-40d2-aab6-c1173089e526,615,235,5,2048.5,2024-11-18,US
b5c87555-ec66-41d2-a98f-b9fb04f50371,76,174,6,1120.93,2024-11-13,EU
53d64e4c-5a1c-4e80-a817-5b933836a394,173,307,4,952.55,2024-12-17,US
4f7ee5f4-da5b-4154-90c1-9d7a6be07d05,648,362,1,210.3,2025-04-09,APAC
9075117a-1bea-4070-817a-f4e33ebce240,633,222,4,1999.92,2024-02-22,US
9dee995e-1378-4566-9978-925850e3c9d0,766,145,2,298.31,2025-05-22,EU
8fee43f6-34eb-4c17-ae7e-bbd63c4ef3b8,373,401,9,786.46,2024-02-03,EU
e175f29d-0427-4b37-95a7-d4f74e9d01e1,260,138,,496.98,2024-12-06,EU
d6283ea8-d044-4c22-98e7-9e0e94fde383,526,312,1,469.82,2025-06-22,APAC
5d195fbb-208d-407d-b4a5-ab7c3f2ae2a1,475,499,5,1521.26,2025-01-13,APAC
5b16a963-c01f-4414-bacf-3b663240fb43,103,63,5,2126.62,2025-02-08,EU
61e457d0-d07c-4b61-91c7-0d9be5ed9a37,223,83,9,1719.36,2024-11-29,APAC
b9b33f8b-0613-47d2-8f6f-1d01e05176b7,552,154,6,2230.32,2024-02-26,APAC
2cca09ed-309a-47c1-933c-aca1f1075b2c,821,44,8,169.38,2024-11-16,APAC
8bb8cac6-4031-4ecb-baa4-19c6d1bb6b44,598,128,9,4445.08,2024-08-01,EU
d84ccd9f-45f7-4993-a735-eecf20863957,547,319,3,1241.92,2024-08-12,US
86b8764a-c9e2-4653-b7da-0b466889e8b5,860,281,9,969.45,2025-01-04,US
49ec0aa5-b068-4b8b-83d7-b9011649da1a,485,307,4,304.26,2025-02-28,US
12f4cb7c-0430-4cee-b7c7-6d47dfa276ee,448,214,6,1159.34,2025-05-16,US
9ccd894b-8cd0-4422-9c3d-e8ffca62edfd,2,479,8,1389.34,2024-12-16,EU
a09a39d1-c13e-4159-b498-5630669e83da,57,36,2,500.24,2024-08-23,US
e8f85a88-b196-4454-aca9-220ddfe2cebf,824,81,4,1010.64,2024-02-28,EU
02016821-7a01-4632-a1b7-b4a8c75106c2,243,333,8,2092.21,2024-04-29,EU
b360de1a-0848-45fe-92fe-78a4cd9844f6,382,326,5,299.95,2024-07-15,US
e5e92695-c0ed-4fbe-89bd-71c81cdf7b2c,753,382,10,1620.52,2024-03-26,US
0abdccea-1fbe-47c8-a6ba-5e76b7d77082,853,62,7,990.61,2024-11-24,EU
f243b998-2d5d-4a5a-acf8-2b97cce52054,195,107,6,1620.11,2024-07-04,APAC
ff2ef678-62d5-4ea3-af38-343f8dd8d987,801,29,6,204.21,2024-11-06,APAC
72389a64-3ce9-467b-909b-f0eee92f6a24,990,173,4,980.73,2024-04-10,APAC
b8410335-343c-4ef4-b468-e83cb6a3d73d,225,368,7,775.21,2024-06-15,APAC
3be1eb1f-9c14-44cb-8cfe-b4b0ffc76b57,507,388,8,1391.28,2024-07-28,EU
a5856f40-5dd5-4034-9e13-6f24cbb4ffcb,442,359,4,1184.34,2025-01-25,APAC
87378005-e523-47e2-9e81-6670f4ba55a6,564,94,7,2581.7,2024-08-04,APAC
96d9149d-767c-4876-8dde-32b011ab6e6b,996,25,8,2563.49,2024-04-06,EU
63b0828a-1a5e-481b-b8fd-ea5a54b57829,773,1,3,421.58,2024-01-20,EU
a2a5a259-0214-44e7-b4ce-5bd0784b84b7,662,385,1,245.69,2025-01-07,EU
d32be283-39d0-40ed-a76d-9d4e812c5897,959,258,4,1483.02,2024-07-23,US
5b565cdd-15b2-46ec-a74d-80334d023e40,128,273,9,162.5,2025-04-28,APAC
26e96491-f080-4fce-9418-1315aaaec3ef,116,164,4,448.05,2025-05-07,US
5874e975-188c-4c83-8487-5f3526f1aaba,837,327,7,1790.25,2024-10-15,EU
cb6bbab1-aba8-42ab-bf97-729917b01d11,517,448,1,132.38,2024-07-06,APAC
b2f32af4-0a07-461f-b945-a50927eb580e,460,41,10,3427.2,2025-03-24,US
41f0018f-86a4-40a1-bb4e-82897db1f03a,455,308,4,1154.25,2024-02-23,EU
31416b3d-1bb9-42d1-ab27-09c3b62a5f57,110,103,2,999.16,2025-03-30,APAC
9619d644-1753-4cfd-85ac-1147d64c8e4b,288,86,1,59.73,2024-02-21,EU
b0ccc44d-215c-4cae-862c-1c2696883bd2,623,465,7,244.79,2024-12-26,APAC
4aca8d34-c3c7-47ec-af1a-92be544597a7,174,38,2,501.73,2025-01-01,EU
4abd78c7-2423-4254-9c46-e4ca821a54be,765,157,7,889.37,2024-01-11,EU
2eca6ab3-9faf-42f7-9b72-60157214451f,192,415,1,154.39,2024-11-12,EU
0e985331-d953-4966-a267-5ceb35b944cf,990,483,4,872.85,2024-03-12,US
10563f0f-e148-40b2-b9b8-0e7261057ae6,364,21,3,1252.76,2024-07-02,APAC
9db5acf2-756f-42e6-905b-32aecfeac669,57,213,6,1275.77,2024-10-04,APAC
40054f14-380b-4053-87d7-1d5f4ac856b7,971,57,2,649.43,2025-02-27,APAC
630d6065-4642-41be-8d4e-d95ed631fb39,727,148,5,1565.98,2024-12-13,EU
50e26db4-6fa5-4318-90b3-484612f10574,369,375,8,1108.49,2024-11-13,APAC
dc98be04-3f6b-4237-9238-63e077d660ce,614,273,10,2537.11,2025-06-10,EU
9f061cf9-7699-4fb9-bd17-cb2891ed64b0,731,412,5,848.06,2024-07-09,APAC
5341d62f-1405-4454-9b9d-ef3847cf61ff,633,130,10,1778.46,2024-07-12,EU
17b58c26-d4c8-4289-ab78-0618638593a3,711,444,9,2737.01,2024-02-21,APAC
d258b6b7-8196-4ab4-86ba-e2b4172c801e,103,184,4,1143.14,2025-05-31,APAC
9ddf0c5f-1bc6-4236-bc3d-7732becf1165,658,279,9,3183.75,2024-10-13,EU
b75d6244-b5c5-4b04-91a9-a8e21d421fe9,442,417,5,2287.06,2025-01-07,EU
11dd20df-72c1-4551-b10b-ebcb3b5ed468,699,192,2,88.98,2024-08-08,APAC
c5a1ce06-0096-4f02-9f5a-9d9180e7a198,962,440,5,1548.69,2024-01-21,US
0b998839-fb4a-4360-af75-3e2dcdfdc8d0,402,88,9,527.21,2024-11-13,APAC
e5c77e13-d8c9-4b4b-b544-5a51ad70a002,90,56,7,2290.64,2024-05-12,EU
9c7c0f20-9b57-43c9-bc3d-7a0dc36900be,375,333,4,1084.37,2024-06-22,APAC
feecc2fb-02ee-4056-bd25-eb51d0ca3377,717,373,9,3523.74,2024-05-30,US
201fd8e6-5efb-49b3-a4c3-9b2178d97864,834,202,6,264.45,2024-03-12,US
216b9b85-ca0f-492b-8db5-7dc64c09ed8c,215,268,5,1908.19,2024-08-05,US
09c1b2d4-9ed1-4576-9cff-c849525d29ec,572,44,8,2484.9,2025-04-10,US
d1aaa381-2f8f-4e23-96ff-99cf52b0d877,548,97,7,2977.41,2024-10-13,APAC
114978be-d95a-4e6d-b7b7-0fbccdf49b12,212,126,7,1501.25,2025-01-22,APAC
4e91972f-f9a5-4c71-b0b0-b3bd972d37c6,417,143,2,51.3,2024-02-22,US
1d815355-176f-4745-854c-9a2a9467c6fb,855,211,8,590.19,2024-09-09,US
38e618ec-9c68-4d92-ad66-bbd3e44db926,643,221,3,589.98,2024-03-01,APAC
f4a3429b-6b86-4115-9a81-7e966427c431,917,334,9,1901.25,2024-01-03,EU
c00ab7f9-f430-4549-baf8-ab55bbde711e,113,123,9,3001.09,2024-12-07,US
e7b4dbd4-cfc5-4fa0-a0f9-2e17a087fc72,249,278,5,325.4,2025-01-27,EU
5b05d453-51c4-493c-9259-bf84572ee92c,905,238,8,3705.16,2024-12-25,APAC
278e4a3a-69d1-405e-a494-38ede2abf8d7,959,242,10,3818.35,2024-07-05,EU
50b0c7c1-24bf-4374-9b6a-4d74eac7a0e5,1,434,,245.8,2024-04-29,US
e1c7a8a5-61b6-401b-a39e-5570a284d7e1,329,464,10,3185.62,2024-04-26,EU
ac915621-0cdd-46af-a9f4-cc7c7b90ea86,710,35,8,3965.68,2025-04-27,EU
563b6bf5-7549-4a37-bc8c-4741942ac562,739,125,2,824.29,2024-08-16,APAC
b1508855-0c2d-47c5-8850-28a9d05a56d6,680,19,8,964.48,2024-08-27,EU
c6caa0b7-7860-47e0-848b-f9c8dac5513c,870,422,8,216.91,2024-11-22,APAC
24fcbf16-1c1c-4c0c-83da-cd47051034af,788,490,4,775.84,2025-02-20,US
eb9c42f5-2592-42bf-a2d9-084a4a8ca815,744,263,8,1217.74,2024-08-23,US
a04500d3-5263-4564-8dc5-891934a3a346,771,202,4,1698.88,2024-08-28,EU
2a0fa69f-2088-4afa-bde9-b9bda15370da,939,66,1,342.8,2025-06-26,US
5603f850-fba0-40bf-8cdc-2497e75c5410,531,83,4,852.58,2025-06-17,US
acbd4469-6a07-4e9f-8338-3e26ce81aef9,928,67,7,3318.5,2024-07-28,EU
a8c7c3c9-ea58-40bf-a74f-94c1fde8ca66,7,200,6,1664.16,2024-08-16,US
69cfcbe1-b6b3-49a6-a757-dd780e6c4234,118,475,10,4766.93,2024-03-04,EU
dbe0f8fd-053d-43b1-8526-be66388bd7af,199,387,1,125.34,2025-05-08,EU
83211700-801b-4b82-8be8-5b9105760d31,32,90,2,877.36,2025-05-27,EU
c17f3b0f-f08f-4cfb-b6f2-486971c6c997,185,382,5,1708.72,2025-02-05,APAC
4a87a41a-5441-49f2-9f17-b1ee4fd03c37,562,281,7,1594.83,2025-05-09,APAC
2edf2f9c-ece0-43d3-b375-fa4619fffe60,370,372,6,66.86,2025-05-12,APAC
e8c26290-8139-411d-a0e2-279521c8a8d7,509,372,1,9.61,2024-09-17,US
2ccc2ebd-961c-4afb-aa41-69758e648777,844,141,6,2779.22,2024-02-07,APAC
10237527-eadc-44f6-a3ac-260f8d14fc10,843,341,8,2233.39,2025-04-12,EU
36187a64-5296-4780-9e85-fb1746fcef2e,595,392,1,32.53,2024-10-21,US
061b1620-479f-417b-ba2d-5eec4491f589,982,387,4,1530.77,2024-05-07,APAC
d0261467-8900-4bcb-a21b-631ba7aea4cf,191,450,2,746.8,2024-07-21,US
4111b34d-3e4c-458a-840b-42b30a6a1cfa,184,28,8,2305.22,2024-07-03,APAC
60e880e1-4035-497a-9c27-747bc542de73,194,37,3,1158.69,2025-05-04,US
df81af39-c717-4faf-89c3-6ed644b82d93,962,145,6,1002.82,2024-06-25,EU
66edf6bf-4337-40f9-8e4d-f100d5fdb0d5,581,453,4,1522.59,2025-01-01,US
370ae8bb-2147-4549-843d-4289691dd450,537,49,9,4136.48,2024-09-30,EU
52592bae-fff3-4489-a1b1-2755849573c9,665,168,7,539.41,2024-06-12,APAC
b05ca972-22fe-4f21-8869-2e355f42dbee,220,135,7,2041.7,2024-07-10,EU
8236e1df-2017-4430-8d8c-41a60d2ea060,285,121,7,2998.81,2024-03-04,APAC
e0507af2-73ee-4382-b633-5d00b531cdec,368,386,6,2091.68,2024-09-23,APAC
b8712b27-1e62-4a78-8bb7-8bf8519e4d0a,192,242,8,2183.77,2024-09-22,US
4c3b3711-5b5d-4673-95de-d7b96d7f5c23,280,299,2,359.82,2025-05-05,APAC
2b2c5219-0b72-46b8-ab01-d6645803aafd,718,434,6,2986.1,2025-04-15,APAC
2ad2190e-0166-4772-8a7d-0471b4fdd425,453,147,7,2909.52,2024-05-31,US
64ca8ffe-b407-4b22-9563-730a24bf5a3c,236,25,8,813.26,2025-02-24,US
49daaf9f-595f-4543-bed0-e18828c12b3f,396,71,10,259.84,2025-04-08,APAC
1e34ad1c-72ce-473a-8be5-107d6d6eac00,452,204,10,3540.04,2025-03-22,APAC
d3995c31-1d7b-4d0a-9c60-20ea55d60057,754,146,3,537.83,2025-05-11,EU
d3c589c7-1abb-49bf-9431-8343498461d4,774,291,5,1834.14,2024-04-12,US
8ccb03a0-0c10-4eb5-8db1-b2b2a4f50370,86,25,3,608.48,2024-06-07,EU
5b29733c-b4e3-4377-a8fe-576a2793adfe,83,447,5,54.13,2024-05-06,US
e0c91359-91c9-4689-845b-78336ccc3cc6,5,244,8,2995.54,2024-02-04,EU
16d7fae1-7cfc-4b70-91ce-d963cc7474f5,262,397,1,310.41,2025-02-08,APAC
fde87f47-df17-40ce-8cdd-a89db52880e0,773,40,6,2025.44,2024-06-18,APAC
5870e580-6e88-4be3-aaa4-6ca44a48dcbe,973,175,5,2009.94,2024-07-20,EU
28dec3be-4e56-411b-87de-9ca864414527,414,321,10,4701.32,2024-08-27,US
998d5246-d8c1-4b2f-9cfe-2560d0e7e52f,587,470,2,625.67,2024-01-01,US
2f80c796-d7f1-42a4-b1b5-fa73e12adb95,738,49,2,607.69,2024-06-11,EU
897536ec-a64c-4871-ae9f-a0c2246eb63d,513,125,8,3514.38,2025-05-12,US
1b656cad-12ef-49b6-9841-f08615fedb52,203,263,10,1067.19,2024-02-12,EU
a3aa75e7-4d38-4b9d-affa-08157df41bd4,142,55,8,1398.4,2024-11-08,APAC
8c5be114-32a8-4530-945c-0a43cc308dd1,86,193,3,533.62,2024-08-17,APAC
6cd4ce20-661d-4e29-b5bf-46a49127df4a,536,413,9,1994.72,2025-01-28,APAC
c2497883-a3c9-4dc8-8d8a-8b6e649fdb84,825,171,1,318.76,2024-10-14,EU
c461186e-c227-44e9-947c-5d18993a899a,862,425,5,192.7,2025-05-10,US
0d7a30ea-6a08-4893-bce4-4350d460e929,84,135,5,1682.99,2024-08-03,APAC
f3ddfdcf-3b49-4b56-85b4-9b0ab9e671fd,812,430,8,3528.04,2024-06-04,APAC
59c84b05-95ab-417f-ad2b-f5abb65fd09d,839,117,5,2433.21,2024-08-14,EU
d3f658ea-79d0-469a-a1ed-5be147289aea,871,102,1,400.24,2024-10-28,APAC
cf660c78-e199-423a-b606-62c8f6ef04b6,58,336,9,4205.24,2024-04-05,US
76212bcd-5c7c-4f99-bfc4-5e149187be31,68,476,3,363.06,2024-08-29,US
296a3ecd-1f04-429d-a2db-d29a50973165,164,323,7,341.36,2025-05-02,EU
a2bd5ff1-0fff-4291-9631-1da7f9d543cb,935,299,5,551.63,2025-03-12,US
606db664-0d1b-42bb-af63-f2bc15c12045,410,301,2,784.17,2024-01-04,US
6d077d7c-5c5d-47ef-8230-ddcb55e63cca,568,89,9,3080.24,2025-02-01,EU
93fe2e30-6cea-419e-9503-3040ec0e7ce1,117,199,1,287.68,2024-01-29,APAC
24ef8f74-f421-4a36-a408-4538ebac634c,473,43,5,2451.3,2024-02-14,US
2c634b3f-e3de-4220-aa61-ae584a7e8a70,871,398,6,1100.42,2024-06-05,EU
1ee402de-5846-4856-bc48-58f160559f86,256,419,8,3706.39,2025-02-17,EU
cb1c1c1f-1e52-42ac-92b6-69c44176e7e4,689,60,4,574.58,2024-03-27,EU
026157fa-9877-452b-b628-ef9cb90c8d2a,839,273,3,1053.09,2025-02-27,US
f1bf3e0a-b78d-4dcc-8b2b-d43bd6c8f586,699,81,2,378.18,2025-05-10,EU
9ba0a49c-af15-47f7-a486-1216f2ca770d,227,186,1,265.05,2024-08-05,APAC
1d1243cd-44a8-428a-b771-babae841c2d4,529,105,1,312.59,2025-04-01,EU
8a062891-525a-428f-b0f5-556efd247218,308,499,5,2236.06,2024-03-10,EU
a4700166-135c-457a-807b-c9d2d9d9fd58,126,464,2,600.74,2024-08-13,US
794a50af-4cbb-4942-aff3-9f704838e8de,504,229,3,942.98,2025-04-19,US
2869ff44-f8ff-46eb-8584-3cc3c0fd936b,166,227,5,1266.95,2024-05-23,APAC
ff8b9eda-93ca-4af8-8a8a-12b1fc0aecef,859,205,10,1118.15,2025-02-12,EU
dc48fa50-956e-4885-bc98-ac3dd78dd45e,491,397,4,265.76,2025-01-09,EU
61d9b36a-3d5b-4da3-a871-02c27d7e2c5e,968,191,9,81.61,2025-04-20,EU
387486ef-8072-4881-848b-633c68ba22e9,905,159,2,619.41,2024-03-22,APAC
52af8cf3-4537-44c1-90e1-4853a0c83534,246,322,3,1078.12,2025-07-04,EU
a95e7a33-35cc-48c4-a349-90a3fca8c460,470,242,8,491.57,2025-02-08,EU
4540969a-a935-4475-8731-34e612cd322b,352,466,2,967.78,2025-01-19,US
f34036ca-0ed3-4497-a756-56ded4312f63,598,260,6,1785.02,2024-06-18,EU
7082456d-6bad-476f-bcdb-9ab1ecfb7a53,239,276,6,1630.65,2024-01-05,APAC
9653ed7f-eaff-4097-a41f-0c9a145868a2,567,240,10,4352.9,2024-07-28,EU
32392e5a-244b-46bc-b31f-fd82d6b8ce4b,725,422,1,387.7,2024-05-02,US
a072aeef-ac80-4684-89ef-fb57d84b1a26,849,305,5,183.13,2024-04-03,EU
9a7222ad-6b17-406c-81ef-4e5000974ebc,976,308,2,132.66,2025-06-16,EU
51e90c54-bc07-4a39-a656-2dbc39a2147c,197,41,7,2071.84,2024-05-01,APAC
7bc30b39-8e8d-4adf-8304-cc345991bc6b,920,136,7,2548.87,2024-10-30,EU
9b7eceba-fdaf-460b-8a43-f4f8cac1e170,47,344,2,119.7,2024-06-24,EU
729789ed-0a63-4ec4-b001-e70bebd170ed,588,236,9,4096.4,2024-11-20,EU
4914157e-3e99-416b-8243-8c007ca665bf,877,228,3,1286.17,2025-01-10,EU
7c83d148-0bfd-4371-bb66-1e4b6116abe6,888,463,7,2109.44,2024-07-27,US
66c28ad6-f420-48f7-9fb3-ce9fe7dd5927,986,67,2,182.71,2025-06-03,EU
ecbff195-8fb2-48d3-805f-df97a12a0a14,629,344,9,54.67,2024-02-23,APAC
7c8d5a2b-c705-4870-8bb2-a032d19f1ec4,859,81,3,971.27,2024-12-05,EU
b3e8e91b-e8ae-4295-9b44-ddf70fe5c9d0,469,286,9,4420.97,2024-04-27,APAC
92ba2e99-4608-4aa0-8629-3e66fbd05313,670,471,10,2771.21,2025-05-06,APAC
2bd6c758-cff5-4cad-bf24-8e895db0f1dd,924,315,10,4933.75,2024-01-08,US
2805aa2c-5e9a-401c-82ee-6080749b797f,543,252,9,1322.55,2024-11-18,EU
45de1bdf-c661-4374-8e15-74ffa56d949c,637,429,7,1051.42,2024-03-18,US
470c48a0-343e-4bc3-82af-e7048d98e1fc,633,323,4,1060.23,2024-01-23,EU
b043853b-bae3-43cf-9cca-0ee429112756,153,212,10,994.93,2024-04-17,EU
f9eef46b-4481-438a-b224-af91379d8c77,24,25,1,158.93,2024-05-31,US
90da7f67-52da-46cf-b329-43b59d6d85d6,493,192,5,2443.01,2024-11-09,APAC
88f0722d-119a-449c-8ccf-d9e4424b5d87,320,54,7,483.99,2025-05-03,US
79dc4c80-423b-4ea4-ae9f-b05b4f9c2de2,776,263,8,678.67,2024-02-04,EU
9bc940bd-44d5-4d88-96e6-31c2667c70df,662,249,,378.1,2024-05-27,EU
61b88b6c-de29-483d-b2cc-a6237fbc497e,325,64,3,1338.79,2024-06-26,EU
44004a9c-c700-4869-8aeb-928cd729f50e,266,305,1,294.41,2025-01-26,APAC
8bf36db5-6a8b-4301-b886-697f1c2cbd8c,7,241,3,382.48,2024-03-15,APAC
e86a12d7-7fc3-4a97-913a-297e901bd0d5,985,106,4,1802.45,2024-04-22,EU
d2f63ea9-c9e2-458a-a30f-40acb33cbc03,41,405,3,1061.42,2025-05-28,US
45dc5eff-e48b-404a-b2d7-05c394d29160,639,16,8,954.66,2024-07-22,EU
4e6144b3-f38d-463d-a639-262ef29ecdcc,484,46,2,144.71,2024-02-17,EU
c5903c50-1013-4182-8718-39cb3c8bb5fe,922,381,10,2722.39,2024-06-09,EU
612312d1-608c-4429-8c66-05112a6c57b4,69,66,5,2251.88,2024-04-09,EU
99cebf9c-8e4d-4f2c-8843-524ea89f5539,53,435,10,4798.61,2025-01-24,APAC
e54b21c7-a3c1-40d4-b152-28ed5805badf,611,400,4,396.97,2024-11-27,US
af815e6a-fa7b-4e76-9dea-f358d3571446,160,205,7,2756.83,2025-01-06,APAC
19185b68-fe39-4838-9b90-dcbd2824b9df,696,192,6,949.57,2024-04-10,APAC
36038946-39ec-45a6-b7fb-10438685174a,810,115,6,760.91,2024-01-24,APAC
6f25923a-80cb-4e6c-95ef-6f857facbad6,568,77,7,1434.61,2024-01-06,EU
b7133928-72f7-48cf-aa8d-0598e546de80,970,61,3,1035.06,2024-07-29,US
7fbe86b1-1475-44f4-872b-fa18743c6177,284,441,6,2923.09,2024-05-06,APAC
49cd3eaf-f700-4c77-8668-3b530bec2f9e,416,263,3,990.48,2025-02-01,EU
db3b358e-6461-4fb4-8a7e-0af120380485,714,66,1,184.71,2024-02-27,EU
07572466-a20f-4469-ab85-a89878405463,302,348,8,3753.14,2024-12-30,EU
c40bda6f-00bd-4d82-8e4b-53a8e1410784,866,98,8,579.46,2025-05-10,US
409bb6ba-f818-487e-901c-1f8e4acd36df,506,427,6,1591.98,2025-02-14,US
0b1fb7a2-0e89-452a-9512-b0a5e337c75d,42,371,10,483.16,2024-05-01,US
91fde3e6-1bc4-4aa5-899c-ca318b0ed714,344,423,2,358.89,2025-03-10,APAC
1935acb3-215c-487e-bcb5-5348c2ab3c8d,944,253,10,457.36,2025-04-30,US
00035868-f2f7-47f9-9a32-57ce605bf3ec,114,312,9,2397.52,2024-07-25,APAC
229fb10e-2f03-4de2-bcaa-9418c4c3bfeb,773,372,4,467.46,2024-12-18,APAC
f08458bd-1a28-45f9-8d68-a79ebd8cfd12,827,97,5,1341.7,2024-10-09,APAC
8ace195e-2525-4e5b-b954-6bf4274c3193,930,262,4,1832.95,2024-06-04,EU
9e089b76-916d-46ac-a529-a03d3851ef16,224,165,1,244.14,2024-01-29,EU
6198525e-ee79-4372-adcf-2b5ee1f6646e,34,135,,145.72,2025-03-30,APAC
a4472fd9-19a4-4cd3-b62e-0defc0d6bedd,931,319,10,2005.51,2025-02-09,APAC
0fc616f7-78b7-4490-87b3-f2a23cca51b5,179,106,1,346.42,2025-05-17,US
50ffb63c-22ad-433a-99ab-bbfdf7bf305d,360,187,3,1070.2,2024-01-24,APAC
7cca0d0c-533c-4cc1-a7a9-2e1af1b90f13,411,289,1,232.01,2024-11-27,APAC
150eed86-9a0c-4edd-a672-d5ecf4410e82,753,450,3,891.4,2024-03-26,US
eca18062-e29f-40a8-9c77-045fa9cadc26,507,391,4,424.72,2024-02-18,EU
4b15dbb8-eca6-464e-99e4-6a51868e88b5,592,299,7,3109.1,2025-06-13,APAC
c0243ffb-5d43-4f26-93aa-7329262cd3fa,839,297,3,344.64,2024-01-16,US
7dcbcea9-9845-49d9-b486-f894c34a6737,805,101,2,982.26,2025-06-02,US
02f699b9-ea0d-4b47-b8b1-3d5a83e43988,960,357,2,375.37,2025-02-03,US
c02a6c2b-127a-4edc-a09a-9f186eaaedb1,643,157,8,2640.19,2024-01-26,US
ddbbe78f-1cd3-4413-bc39-8198da2baa6c,458,85,4,1004.54,2024-01-14,US
46f1e233-2b51-4393-9a1e-5f689a9c20d4,748,469,9,2789.74,2024-12-31,US
cc3805cb-04f0-4217-9c30-b0963015bb7a,884,150,4,799.67,2024-03-03,US
6f3f39c4-9cac-41d3-8c45-12706c8b6bda,776,223,9,1698.05,2024-10-14,US
3c83c782-3956-4fed-8983-ea21a3e52a17,73,452,4,323.81,2024-09-06,EU
f8475a1e-0e41-46e8-a7d6-bb49fe390209,64,482,3,33.35,2025-03-29,EU
740edd81-63c1-44f5-9467-ff9ceaf13d60,473,111,10,4876.72,2024-08-03,EU
b20b684c-5613-4e0c-8bae-38e35fb0decd,521,106,10,545.74,2024-11-07,APAC
77b297f2-4b78-45ac-850b-b231fcc226ea,543,64,10,3048.87,2025-03-31,EU
1e174b7e-ce0a-4a72-8aa2-d8d59538905d,30,226,8,1122.89,2024-04-16,US
31f11516-f061-426e-825d-cec3ad043bd3,43,448,6,1618.27,2024-09-07,APAC
e5e311a9-6c80-48a5-b6f0-769f59700539,646,27,3,803.84,2025-04-28,APAC
2896aa6c-f81d-4438-b71c-d87986cecfa0,764,86,2,973.37,2024-08-21,EU
7b5b3d79-4bd0-48f0-a636-857876eea617,520,275,4,1622.23,2024-01-17,APAC
b6cbc991-462b-4ba1-9cf0-840e3e55d52a,950,370,10,1050.35,2024-08-08,US
d70c182e-3537-4ae9-bcd3-978487c9c484,939,124,1,64.18,2025-04-02,APAC
1a77a1ca-6a81-48d7-82ef-7a80a4eff308,449,69,4,261.69,2024-04-06,APAC
20902bcf-38c5-40d4-8051-20b80204cec9,253,290,1,227.7,2024-06-02,APAC
93457eed-9a57-45fd-a4b6-8f5833103219,651,174,5,813.43,2025-06-03,EU
c2c3b976-f57e-4430-8071-70c853841924,637,397,6,398.09,2024-11-08,EU
db71ca15-571c-4359-bf42-35a95d9319c5,189,476,5,1521.22,2024-02-22,EU
2eafc648-abfb-4bdc-a6b3-2a08f6301c8f,671,173,1,235.0,2024-10-14,APAC
46064fc8-a38b-49ad-a6b0-c95525fff96b,852,201,3,864.25,2025-03-30,US
f67f45f9-2d0b-4ec3-aeda-ecdb956feee5,775,65,3,768.4,2024-11-10,US
0c64cb0e-fa5d-4ebb-8b75-a9fb5435f207,89,172,4,424.55,2024-07-13,US
af1e3062-2e58-4e39-a18d-953316dacc9f,945,225,6,1833.4,2024-06-07,US
1603c2e1-c8f2-4569-a2d2-95fb01fa44fa,709,330,8,3801.62,2024-04-23,EU
a9972e0e-e4ed-4da7-b069-8f6f77a0db6f,771,239,2,180.77,2025-06-27,US
dc7f4e18-a8ea-4218-b63d-673d6fe976cf,766,322,6,2014.61,2025-04-20,EU
bce637c0-b805-4a1f-956e-1738eb7613dd,842,101,5,2405.65,2024-08-30,APAC
2478dea9-921b-4113-8627-34db6c93eaba,907,280,2,319.54,2025-06-05,EU
6747bd93-2881-4c79-bd3c-3431afd67518,492,91,9,767.74,2025-03-16,EU
0b531416-1e6e-40bf-a853-0b50205485b5,598,486,2,372.53,2025-04-12,APAC
8910f114-2245-4ab0-90f1-01c3fd33551a,267,460,2,968.37,2024-03-15,EU
68fac757-6f14-4d80-94d7-5697f477eb65,954,12,6,2199.59,2024-06-13,US
66baea5d-d446-469d-9fa0-07574ee67249,876,449,9,1531.01,2024-05-25,APAC
05e926d4-3859-4828-9b1b-648232ba812b,410,449,2,882.06,2025-05-21,EU
887ce4ae-e7a2-4582-9a95-9d802a897e14,848,165,2,924.51,2024-11-28,US
b219d823-2336-48c4-9475-00415385d9fd,68,6,1,7.29,2025-03-22,APAC
17cc1c3a-aad2-480e-a8ec-21d4d5bfa009,712,253,4,1028.76,2025-06-10,EU
a8c282eb-15b2-47ee-ae83-82603132a726,310,162,10,4966.71,2024-04-10,APAC
5206cb04-184b-457b-bfa1-5a4735ff34a8,124,56,9,1184.95,2025-04-29,APAC
a7d23c2d-9cad-4b15-839e-61feadc1fa39,924,161,2,597.65,2024-08-07,APAC
2642518e-de1b-43ce-87a4-25a8a758b020,335,67,9,1619.43,2025-06-28,US
de33e5b9-744a-46d1-9402-56445cf2d094,409,434,9,1007.77,2025-03-13,EU
1fb8f9f9-e617-4c79-8569-edaafa3538f5,9,135,8,2717.17,2024-03-15,APAC
13209ffa-0ecf-46b5-adfe-118fdda560c6,166,371,9,2961.38,2025-03-27,APAC
19d8fc36-ec22-4250-b5c6-9152452b9d6f,691,163,10,2838.71,2025-01-01,EU
32ba9ac1-de1f-4e9c-999c-c9c43cbd1be5,486,59,9,2387.35,2024-06-30,US
c6953e51-ed24-4bc5-9415-5a215e77c80b,443,376,10,1471.22,2024-05-01,US
91d205b8-cb43-4738-b1c2-c6a9ab3ee516,109,414,1,198.78,2025-04-21,APAC
f852ab45-9777-45b1-8134-86b8101fc8a6,388,271,10,4844.61,2024-05-08,EU
2840b93c-5c6f-44c2-89d7-5cec091a1b03,16,441,1,96.91,2025-05-20,APAC
0e2fc14c-8cc4-448a-bb78-d1d63edd7f50,455,155,,219.97,2025-01-05,APAC
5d1480da-c038-40e2-b9f6-26acd97e35dd,666,293,10,2440.44,2024-08-08,EU
7697fdd9-dc15-4f99-908d-adebef4a1370,37,96,8,3635.21,2025-06-18,US
d7d126f7-cde5-4a55-b8e0-9371d8b438e1,26,201,4,651.18,2024-11-07,US
99fa78cb-1e9f-4185-9842-23d49c633775,440,162,10,587.17,2025-02-12,EU
57377e9e-8628-4fb1-bbcf-3599b672206b,120,44,7,2668.42,2024-08-16,APAC
bbc157e2-7633-4b38-b075-bc1dab4aa172,281,122,9,2655.05,2024-11-27,EU
21205316-0306-4184-87f5-f2a781f2cf67,106,471,3,551.46,2024-07-30,EU
03b26e3e-8b9d-4004-9188-0a648f386205,522,416,2,245.51,2024-06-29,APAC
3b90a7a4-74e5-4d27-ac4e-ac102c696a8d,205,295,4,715.3,2025-04-30,APAC
f9c448fe-34b9-4678-87ea-1dde608e02c4,295,170,10,2593.68,2025-06-07,US
b02ed95d-8834-427d-b50a-e4bbbad83559,935,329,8,2382.77,2024-03-07,US
31c1a8fa-2e92-4a4d-9f78-6ada7fafc3ff,55,75,5,325.21,2024-07-05,US
325f1e75-3ea0-441e-81c7-6da4dee4594c,757,483,4,1187.59,2024-07-07,US
54a0812e-d115-4c8b-93d4-81c190748ab4,511,56,2,560.03,2025-05-01,US
18d5c686-b4a3-460c-9716-e9accd6e80e0,525,21,8,1001.03,2024-12-21,EU
5082c507-fc9c-40b5-8405-3662e7fc5ccc,558,270,10,2185.47,2024-12-05,US
c32d8105-3b5b-47ac-9563-e22912ae94f5,387,84,1,460.22,2025-03-19,US
4b7ccca0-a0c9-49ba-ba95-931ae838b250,842,313,3,212.92,2024-10-24,US
e5abc3a2-31ca-415a-a8c7-8bf7f6bb3fd8,270,39,1,265.13,2024-10-25,APAC
d342f915-a56b-4dea-96af-2e4c1b3413bd,441,117,3,334.64,2024-10-11,EU
1d6ff864-a8e6-4fdf-9f70-b8875a4bf1d5,924,255,5,269.48,2024-05-06,EU
e333ea1e-d13f-4e1d-88d9-db6921103b4f,391,261,7,2003.93,2025-01-01,EU
af013ddb-0fcb-4c06-9cdf-c2045d78ba26,212,248,3,160.77,2025-05-02,APAC
bc713eeb-c7bb-44f8-a14f-3202568443ff,855,145,7,2029.52,2024-04-08,APAC
6303d926-d59a-4638-a605-2746b699ed5e,125,65,6,566.67,2025-03-05,APAC
d61cde83-f09a-4e11-a800-5e475b8d3f01,645,137,8,2560.9,2025-04-12,APAC
12a19ba4-655f-4f70-bd6c-759185b909f2,1,144,1,294.25,2024-07-22,EU
3c53c7a9-9beb-4b5d-9d6c-6a4570b7c8f4,907,156,5,1123.25,2025-04-15,US
8eaae4c6-1717-4382-b818-f77366b74d3d,771,189,8,3466.95,2024-11-10,APAC
4375f2c3-2912-47a2-9e38-f0c91d29474f,157,15,7,365.74,2024-09-18,APAC
8dd9e037-6be6-4bb1-9ea9-170fdaea734f,865,319,5,1592.67,2024-06-04,APAC
897812a2-e44e-4c1f-bdfc-c8e1a1f69ba5,669,302,1,140.97,2024-01-05,EU
5036b5ee-3739-4d34-9642-3ca262a91071,473,222,1,84.31,2024-05-20,EU
d31bf67b-895a-4847-8d06-79f132f53a41,539,310,7,2373.3,2024-09-16,EU
a3cd5237-5b4b-45f2-8d7e-142893f2cb56,371,335,,192.94,2025-02-13,US
2baff950-3e17-4d6f-9941-91434216fb0f,390,402,6,696.43,2024-07-26,EU
a1ab66f5-5ab3-43e9-939d-81279847713e,582,309,8,2963.63,2025-03-18,EU
fb831a1f-569b-473f-bef6-7917dac63ff4,522,43,3,531.76,2024-09-01,APAC
00e35067-e96a-4829-a13a-b9759f5505ea,833,337,2,867.36,2024-12-13,EU
f58ec7d6-41ee-4157-9ff3-edd7452436c8,164,67,4,1083.47,2024-02-24,US
0efdd385-77b5-4e3a-a6e3-b640f3852bc0,577,429,3,1427.91,2025-05-20,US
19d63740-4ad7-4040-938f-abe08216b2b6,735,134,1,94.63,2024-09-25,EU
bae66bdb-0fb0-41b8-abe0-ffaf25cb941d,486,84,5,1496.33,2024-01-30,APAC
73a452e3-1763-4541-a8f5-3c5c31320c51,683,193,7,2587.37,2025-01-24,APAC
6f4d7eae-5c7f-4686-8533-2188bf1a5c92,339,239,9,3935.16,2024-05-24,US
20e02f71-4ecf-401d-8101-f86025625e3f,945,105,1,468.2,2025-04-18,US
de060277-8fc2-45f1-b8f8-31fe7988d2e8,818,475,5,837.77,2024-03-15,APAC
2c4133fd-4dbf-444a-ab88-62096654407d,436,11,7,1954.64,2025-05-03,EU
12329f60-54d5-45bb-b70e-1a09d4bf5b38,57,228,5,356.48,2024-01-18,EU
1cac5402-9ecd-40b3-b43f-2166350639d1,863,43,3,824.78,2025-01-30,EU
155a5599-36ba-4b06-b700-4b1605c1123c,993,137,9,1739.16,2025-05-12,EU
0b0f3068-8fef-420c-aaa4-75da8bf6fe38,944,139,5,1057.54,2024-01-10,US
0856bec5-c757-4f83-b233-37a50cabc7f7,250,18,5,2000.62,2024-12-23,EU
5e35d501-c073-4276-9076-b58b882f8401,243,131,8,1423.76,2024-04-26,EU
ee411012-5c5e-48f4-8190-72be9e77d74b,25,330,4,1387.31,2025-06-07,APAC
cff37d1e-9b24-4a1b-b17c-747fd7c033ed,284,370,6,1491.71,2025-01-06,APAC
9edb4303-87cf-4345-8a61-172389785ef2,868,269,8,2788.35,2025-02-13,APAC
b69d778b-f616-4cc5-8662-28576f13d9b9,373,330,5,1070.38,2024-03-06,US
55eefb59-e958-4205-b12f-86d185eafe5f,443,476,9,596.28,2024-08-04,US
9b3c243f-58e8-4a94-a480-61233a67344a,295,469,6,1509.21,2024-07-27,APAC
dc699dc9-a2da-4e57-8ecb-1799e5b4c37e,207,92,1,369.4,2024-08-19,APAC
ab69224d-ad48-4b8f-820a-868acc535ae9,423,332,9,1496.78,2024-08-20,US
a11bd2a7-14c9-4558-bd73-0199b869ed9c,955,473,8,1034.57,2024-11-29,US
38f776b8-2dac-4a56-aee9-5bde4119b5d5,197,72,1,395.28,2024-07-28,US
d04cc58c-96a2-4dae-8270-b2ec29a37ed0,553,163,6,2663.19,2024-07-30,US
cd44bac0-bbf6-4e90-ba84-f0dd2fbe1c28,41,111,4,445.45,2025-01-24,EU
d36a7639-096e-4760-b061-689e413d592f,602,207,5,326.09,2024-03-25,EU
390f2294-528a-4469-a99a-717b16370aa8,843,369,10,196.63,2024-10-14,US
46a6e642-3516-4758-b7dc-e6fd2f7f8a2a,666,428,3,934.82,2024-12-18,US
ad7fff2a-7e33-4455-98c3-e6bc2f56dc04,935,244,4,355.74,2024-12-15,US
e8526b6f-a507-4b88-9547-4c939ae1167e,993,254,7,1201.4,2025-01-02,EU
4cab9284-62c3-466a-8f4f-2df5a6fde8bc,140,288,3,902.42,2025-03-24,APAC
295997ed-47b7-41a1-8611-6636da1d315a,956,408,8,2794.52,2024-12-31,EU
f618a882-47ca-4954-8d43-fa5fa31f2016,565,121,7,1259.55,2024-06-10,APAC
71e8a6cb-9a67-4984-b61c-91b509d4f59e,28,125,1,297.0,2025-07-02,US
a6b61585-2179-4c6c-a16f-19dd0071c7b4,964,123,8,2844.9,2025-06-21,APAC
87ed8574-bef5-4ae1-bb7e-2e06245c8acb,6,317,5,1551.93,2025-03-05,US
780b05b4-2706-461f-813a-9d861b1e5832,263,342,9,121.17,2024-02-05,US
b0b1947c-2804-4dbf-912f-1eb931007ae4,532,401,4,1935.51,2025-02-04,APAC
f6e6220c-4561-47e0-98ef-ea571247ba98,169,50,9,3573.96,2025-07-04,US
e733bd50-927e-46e1-9f90-5c9fd7c3a391,428,145,5,858.93,2025-03-08,US
d0d2ee19-cf8d-4ff8-846b-dfa523eab473,57,134,4,1437.75,2024-09-15,EU
c0fe497a-a02f-4c4f-b470-b471f66a6ff6,223,319,3,808.96,2024-03-06,EU
d77f2728-c520-483e-a7cc-79a965bb4bce,294,5,9,2686.82,2025-03-13,US
3a13626a-e024-46b2-8301-5e53667e8df8,179,53,8,1334.27,2024-08-24,US
f8e8993c-b75d-46aa-b60e-6d6589814be5,45,8,3,1268.52,2024-11-11,APAC
b89fde57-c7ce-4e9f-bf59-87be6873c0f6,224,11,3,1317.63,2025-03-02,APAC
61f0d125-9daa-4b5e-8e75-1aea4cfad942,38,383,8,2793.12,2025-05-14,EU
bdaf33fa-8fbb-4de1-ac23-bfcb0ef81eb9,985,125,1,386.08,2024-07-28,APAC
0a748950-63b1-4329-bc7e-9147a0c2be41,567,348,3,205.52,2024-02-08,US
e835d733-e8ae-4529-96c5-39ced2dddde2,187,497,3,675.12,2024-10-16,US
9052f3fb-4125-4709-b8e0-892f1e04752f,143,199,1,306.77,2024-10-08,EU
9379695f-a6ca-4359-9d61-4c963d672e71,340,133,1,413.43,2024-02-29,APAC
e693626a-ecac-40f2-9503-0849315f7464,713,116,2,883.81,2024-02-28,APAC
9fa4009a-11aa-462a-b2a5-aac49a6ae56a,756,221,1,19.08,2024-09-17,US
fb54286f-9670-4cc3-ad96-aef66db125b0,825,109,3,1077.44,2024-06-10,APAC
1e4728b3-7132-4303-adab-f771496aefe4,892,345,3,324.98,2025-02-23,EU
933e2f1c-83f9-463c-b395-99d25ec9f445,335,259,9,722.09,2024-03-05,EU
aca98602-b599-45b5-add3-19a458a948a5,88,495,6,1332.47,2024-01-03,US
e40255e5-6e31-4a93-b072-c7cb0264d673,919,492,8,2436.56,2024-09-23,EU
ae416d34-0898-4a6c-ba73-9c22eabadee0,645,438,2,936.73,2025-06-12,EU
e80a27d4-1ba5-41dd-8677-8e466340cd27,307,97,5,1636.44,2025-01-03,APAC
fdca52a8-7ffa-4241-be32-7dbcd658df20,683,249,5,628.19,2024-06-21,APAC
79a2bfe8-3cf2-484e-9daa-feb5654bb011,485,428,5,1367.41,2025-04-23,US
9bcdbcc0-5895-4b02-953b-13d928104911,603,102,2,104.23,2024-05-29,APAC
74ce190f-fa47-42df-972e-1313a640d010,739,335,3,1150.61,2025-06-26,US
51777bd0-a03b-47c6-9557-d08ef0f3cd9b,180,320,9,914.97,2024-04-19,APAC
97017a40-464a-43f8-9261-999e7f666093,304,220,7,2559.28,2024-07-04,US
71d3294f-f572-4e75-8998-549ab2298d2c,587,67,7,459.97,2025-01-11,US
7b6fb235-9392-4e86-9c50-26e3d7c959a7,446,50,8,3142.72,2025-07-04,APAC
16f0cf46-6d07-41d6-9756-8ea40c4ef716,804,203,,24.44,2024-05-08,US
590be82c-62b5-4bd3-a7cb-03cc7250160e,357,304,2,67.62,2025-06-18,US
39457f5b-449c-49ec-804a-a7c6f2e6b482,500,141,9,2185.3,2024-04-09,EU
307c3eb6-51bc-404e-a50b-27f018879a7b,108,42,3,428.75,2025-06-29,APAC
eca48fcd-138b-4ec7-897f-2af05d1c9640,876,500,2,931.86,2024-10-31,US
dbb369b0-1a19-4cba-b8fb-4043c1da8199,975,317,6,2871.78,2024-05-26,APAC
60123113-9642-465c-86bd-27a18201dcda,342,399,9,453.36,2024-09-07,EU
6266ba16-41d2-475f-a919-39801132fd91,286,270,4,1760.34,2024-01-30,EU
8af661a0-667f-48a3-b4f2-ab48fc5baa19,52,449,2,511.53,2024-12-14,EU
b37a2805-5864-4102-b30a-9089576467ff,976,363,2,228.06,2024-08-15,EU
b8a12a42-92d1-4472-aa70-7770aa4c1c42,2,93,6,2967.99,2024-01-27,US
bf91ae98-a1da-4a8b-854b-e8a7e5cb24a0,427,312,2,336.3,2024-02-09,US
bce066c2-67aa-45d3-b734-31bb0f728bd5,273,49,6,1882.75,2024-07-31,EU
54ae0357-d76a-4b44-ab51-c11d445bbb78,1000,102,5,2039.45,2024-04-25,US
da671df7-c11f-4827-87fe-ed9cd0e96b07,126,470,10,2445.54,2024-07-28,US
dfda40fc-f6a0-4a01-b520-40d5855b74c9,615,10,1,364.22,2024-03-13,EU
3eb32c84-0522-4728-96f9-f01d832f77a1,131,177,7,2268.41,2025-04-25,US
a53d0844-dacd-4d2f-804c-7980aaab246b,287,463,,39.61,2024-05-14,US
5e809900-9592-4bb6-93be-553fb4635a57,998,463,1,270.39,2024-04-12,US
ef4a3664-b4c7-4a66-b85b-60389e429588,421,296,3,1115.21,2024-01-09,EU
a49fe6b9-5bd1-4737-95c6-0b39f7498204,618,186,9,2307.97,2024-12-26,EU
1009ddb5-c7f6-4e1c-8490-1f769139e7f2,972,372,7,2727.9,2024-04-04,APAC
59a9caec-08d9-4c80-9b7d-614f5bc2a58d,549,400,5,369.3,2024-01-08,US
ea8d80e9-38ed-465e-8418-42888a8da941,576,442,2,35.81,2025-01-21,US
9846cb21-72c0-4cc5-98b8-37c50555e63e,294,31,5,2075.85,2025-03-17,US
da8e1513-1fc4-4846-8d6e-671a234d6c59,417,309,5,539.75,2025-03-18,EU
a29cc8b5-6ec9-4deb-b785-599716dc6b12,614,147,9,1339.51,2024-03-10,APAC
93c2d388-61fc-489a-b4e8-9f5496f03592,265,412,2,175.79,2024-03-23,APAC
9f3db640-f7c1-4c67-aed9-4ddcc6795866,888,277,8,3068.73,2024-01-31,EU
d465f630-0377-4392-a3e9-cd7aa3876279,843,206,3,16.57,2025-03-09,APAC
deef1f8d-6987-4271-8f1e-b8b715acec0c,181,390,2,23.69,2025-03-14,APAC
ea66793d-e0b5-44fd-87a6-38337da28ea7,277,19,,223.01,2024-06-12,EU
19b5b827-bd4f-4461-8d86-aa14b13a1830,881,346,8,2415.24,2024-05-10,US
f033651a-1f43-4ec8-828d-93dd50038a17,104,160,4,1775.6,2024-06-21,US
c098b560-6ed4-4707-92e3-8a0a6b22925b,343,256,3,1055.47,2024-05-06,US
f9f262b8-e821-469e-937a-398786c5bb38,344,323,5,767.07,2025-06-25,EU
0fe71744-e78b-49ff-ae4f-e7c344d7abf0,889,346,1,409.87,2024-08-20,APAC
e37a89d2-26ae-49b6-8f7d-242d37fe3572,811,211,5,1650.98,2024-10-15,APAC
05b4351f-8cb2-4e85-ad68-061818426163,769,68,2,411.21,2024-04-22,US
07d15537-34c0-40e0-97fe-3f09d8ac5e17,286,3,,273.71,2024-11-04,US
f5a7f746-4e9b-4236-aef7-351692d3ec04,28,243,6,479.48,2025-02-16,EU
145ab63b-18c2-44c3-b801-84e6acd27f1e,896,250,4,409.46,2024-05-06,US
9dbcb311-1487-4631-9f30-db8e5db30d66,773,10,3,388.22,2024-01-11,APAC
073307e0-39da-47f6-9e84-e315fe01afac,499,22,10,675.94,2024-02-17,US
b4eb4619-f5e5-42c4-b9dd-8b0b6d8b024f,527,138,10,2858.34,2024-11-07,APAC
b51142a1-6539-4f20-a047-e05e99a57922,539,437,2,974.48,2024-01-26,US
e5c122a4-d786-4db3-87f0-f01a5ff795c0,570,11,3,584.22,2024-09-01,US
41fd80d8-0fdd-4c62-ae5d-7b6373b542c2,678,93,10,1252.29,2025-01-08,EU
490d2980-f5e3-45cb-8743-0e7a39d42a99,296,356,4,1327.38,2025-01-02,EU
e4fd6eb9-2a25-40a2-9b33-6d4feee7f69d,597,115,10,435.71,2024-05-20,EU
ba3b6c97-c846-4269-aaea-3a133775a8e3,820,93,6,2283.15,2024-11-04,EU
4dc3d1ca-1e8d-4eed-a8b1-a4c1f671b24b,159,211,4,54.66,2025-06-11,APAC
ffa8d586-6fb8-4d80-b59a-158dc31a00d6,451,110,1,493.92,2025-05-17,APAC
d34a1859-d091-4e15-b6e2-e20546faff96,287,337,6,2193.34,2024-03-07,US
d5812a52-c56a-45d3-b666-8a0667a25bfa,354,292,2,370.22,2024-01-04,EU
8f3e68bf-b7e8-4259-b17d-0b5b3d00c508,319,151,3,985.38,2024-12-20,APAC
2e9a930b-0fe7-4899-92cf-796b7b61dc57,887,183,6,2407.66,2024-12-12,US
3e7a12fc-336f-4ada-a56e-468d4be1775a,509,109,6,1343.19,2025-06-28,US
145c8ca3-0c08-48aa-80af-d57878737f0a,804,235,4,170.4,2024-02-03,US
56399247-a66f-468c-9a20-b0f6b8b5564e,14,107,3,1009.27,2025-06-07,APAC
158034d4-8e19-44c0-aea6-5f03abd58c5a,398,165,9,1242.45,2024-07-21,APAC
23c1be60-744e-4a49-a435-d83986fff27a,970,150,4,221.6,2024-01-02,EU
9b82e034-b848-4a12-9fa2-16bf572ee79e,760,213,9,3254.61,2024-11-20,US
35c54421-eb29-400a-a943-debd9ca82e99,883,499,9,3024.41,2024-12-06,APAC
392bd9e5-510d-47a1-ad6e-57966388f09f,874,129,9,1963.58,2025-02-23,EU
fa2714e5-67a3-4933-850d-db79631a693b,428,426,6,904.14,2025-01-07,APAC
2bd2cb07-d0f0-445c-bc57-4c0c24588f98,296,221,7,1796.56,2025-01-18,APAC
ced251b6-901a-4359-8092-8337892144c3,224,480,5,247.43,2024-02-22,APAC
3b1fc1b3-ea00-4a63-bbea-e4d4e94ae79a,379,227,4,1539.09,2025-04-12,US
61dd04ea-6506-4ccb-a9ed-0355c7c2ea80,346,334,9,3387.34,2024-01-12,APAC
7376b81f-ce0e-4642-bb60-df38889b6aa2,206,57,2,933.59,2025-02-02,US
d22623a4-3133-43c3-b4f3-6041dc776545,936,233,7,3237.41,2025-03-07,US
f88fd479-9028-4422-bdae-ec19cf4caa26,548,496,8,1291.53,2025-05-05,US
c8b49790-4066-4386-a812-70c9f2bc4573,118,479,9,3473.45,2025-01-09,APAC
3ebd0b48-ff5b-45ed-812f-ff83bee72c56,473,231,7,2624.37,2024-04-18,US
6fa9c6e1-d5eb-4427-a439-e136b1710045,523,57,3,478.13,2025-06-16,US
4730d69d-c229-4f76-9cb1-85d7fea965c0,715,452,1,455.11,2024-08-07,EU
147a6edb-2542-45a8-977d-3480f70f0863,498,130,2,282.42,2025-06-15,US
dbc2c57b-43d9-49da-9923-727a2bedeb76,837,14,9,2531.12,2024-08-16,APAC
9cc22b3a-d49d-42a9-be32-e620aa0e3fab,207,65,3,404.4,2024-06-02,APAC
37de97d1-e5d8-49db-9e26-5ff23df4bfb6,11,251,10,4477.39,2024-05-30,EU
ec4d6417-e44c-4c67-9077-c19c9b4d058e,126,397,9,4339.0,2024-09-16,US
7113b087-fa11-41cd-9373-e22c88f64e20,354,340,10,207.71,2024-01-21,EU
954738c6-9a56-4928-9834-3c0785b65017,239,261,2,659.73,2024-05-09,EU
859d8030-bd74-4909-9588-7fd69854b5dc,765,313,10,3123.04,2025-03-05,US
8c88b0b2-7364-4339-8a93-6332ec0f110f,792,489,6,961.76,2024-04-01,US
76465047-656f-4936-8322-cd949f052d99,592,225,4,780.96,2024-10-02,EU
37491321-18c8-418f-835d-a2b026a2ed00,503,274,3,1080.74,2025-03-19,EU
21495bc0-0c82-4106-981f-b5087e06512a,853,299,4,1749.81,2024-05-25,APAC
1ff2a8b9-5311-4c6a-8e49-5b6034097495,731,478,10,2058.59,2024-05-11,APAC
b7fc26f0-1433-43eb-a60d-ab4b5398223d,123,453,7,2328.7,2024-01-07,US
6209b3af-33b0-464d-a77e-a222ce878dcb,258,354,4,1445.56,2024-06-23,APAC
b5c7fed0-9bfc-4112-ab85-0fa153e9a96b,201,55,8,1572.78,2025-01-31,US
5f35bb0d-e7c8-41f5-b910-b525a2868998,419,354,1,271.57,2024-10-23,EU
2e41c4d4-1e0b-495c-8c39-68a344b4d159,170,264,6,206.71,2025-05-12,US
14c7f6aa-cc02-4911-86cd-98213d53bfe1,120,215,5,1989.21,2024-03-13,US
c7e30198-c583-49d5-93e7-7463fa40114b,303,383,10,4123.45,2024-04-15,US
70d326be-7e6b-4916-b11e-5b6295cf1ad5,147,151,4,1899.52,2024-05-30,US
fabaac2c-132d-4504-8113-7e509f4e2a76,499,108,5,1891.65,2025-06-06,APAC
7835b320-2fc4-4a9b-b619-a9de32ca1820,721,374,10,4542.94,2025-01-19,APAC
3f4e7a07-73cc-43e9-b158-d77f9040062c,39,127,7,725.63,2024-07-19,EU
8aad6d4a-2db7-4f70-a013-bd0b2e6f3d9e,179,314,3,673.95,2025-04-12,APAC
6b323ac8-13e0-4315-926f-fc3336097bc1,22,198,6,1122.37,2024-07-17,EU
1d58e980-baca-4cba-8bf3-402913e4baeb,466,305,7,2508.85,2024-11-02,EU
89ec22d8-7862-4a90-af49-2b9240af8a9d,977,441,7,50.82,2024-06-23,APAC
a69599e6-cd89-4b4f-9aa0-6948ed003001,926,104,3,1333.6,2024-01-19,EU
aa0b279c-63a5-4de2-85a4-277fa9c62561,986,291,10,3777.08,2024-10-02,EU
835e386a-f318-48c8-b1e2-348c5d7b503e,537,482,10,2389.83,2025-04-19,EU
88c7fa59-2743-4dbd-a25d-30a703877ccf,119,132,2,262.19,2025-06-27,EU
dacec994-94e9-4a34-9f08-93abb4913547,700,378,4,1873.66,2025-01-01,APAC
678d643b-d774-4d38-bd18-d57a87eb7717,226,84,3,719.43,2025-06-06,US
bcd27cea-0111-4367-be26-b27fa32023cf,81,464,1,497.81,2024-02-07,APAC
e0cb458b-1811-466f-9a97-7c81378f3c50,90,369,4,1273.72,2024-10-30,EU
889e1025-0d12-486b-88ec-975bae982802,90,423,8,3738.34,2025-07-03,US
6c2f12fd-05e0-46a6-bf7f-292af2d5a0ea,779,151,7,3032.18,2025-04-28,EU
3d69c012-5f85-409e-8672-e51e7c8e3f47,696,364,1,439.6,2024-09-14,US
822bc745-7007-4ab3-8422-67c3703e27ad,772,110,9,1610.23,2025-01-10,APAC
6aecac0a-c217-4f5a-b9b4-ee69858c1a49,367,71,1,262.51,2024-11-23,EU
1d8c3a3d-8817-4f59-b0b5-50ced4f34663,100,99,6,632.83,2024-05-23,US
32982a77-397e-4029-9d58-c911a90e9994,846,417,1,422.58,2024-10-21,US
828fca49-b92f-4889-9090-024ffafad5b3,427,364,3,794.01,2024-03-03,EU
44a6ac56-7718-4790-96f4-c71409bcd519,430,3,5,136.9,2024-11-06,US
af305002-1fae-424c-9a7a-52471d36c729,917,377,2,279.88,2024-02-11,APAC
d8add751-7ce7-4c92-bcb6-ac808dce222c,942,41,4,1362.3,2024-05-26,APAC
a693e793-ed38-4c75-bc85-de99ef593fbd,956,165,7,1563.73,2024-03-21,APAC
09e6ec51-c24b-4d01-ad5d-4888a4ebf614,104,109,3,1319.14,2024-12-19,US
95258eb5-7acc-4765-b0af-c54be8702c61,553,268,4,206.61,2024-09-04,US
bf6f0a9a-f688-4e95-a664-3274a1753e63,175,331,5,625.76,2024-06-07,US
612cff7a-25f3-426b-b1f4-d52e1ec53405,665,249,3,373.66,2024-10-21,APAC
0579c828-20a6-4c4c-a449-10404e0bd891,918,446,1,325.9,2024-07-10,EU
9c56d551-30cd-41f9-bc1f-76dc5b25e428,518,487,9,1072.65,2024-09-18,APAC
8c22266d-a31b-4b59-a139-fe95357dde96,416,448,5,1749.76,2024-05-30,US
9af97f9c-d8f9-4e05-8605-1442c9572a26,965,32,1,314.45,2024-12-24,EU
cd90df09-fa81-417e-894d-b560f1d6945e,210,161,6,2536.89,2024-09-05,APAC
37e84d59-7a17-4d56-ab0e-c1b8c9867a88,814,10,10,1507.81,2024-09-16,EU
250aa525-5d9d-47a7-8e2e-b40a98e3192a,176,210,7,1828.1,2025-03-01,US
78e0f089-8cd7-4436-8809-0426e4a4b3af,848,328,3,512.59,2025-04-07,APAC
07c626e1-343b-43bf-9a2d-5687eb327e3e,324,31,7,2508.34,2024-01-17,APAC
2ce22b11-1e24-41ce-bb59-fb4e627d5861,264,196,1,73.31,2024-06-14,EU
53d9d594-704d-4ce6-9cfe-c7549eddcb30,396,483,4,1405.72,2024-04-20,EU
5af7ab27-f962-4285-9360-2f22da6d03f0,521,21,6,54.69,2025-02-26,APAC
f936671f-2504-4596-8167-00260251637f,398,61,5,61.08,2024-11-12,EU
e9c5542e-8e76-4b19-8958-2421cdc9377e,619,350,10,729.35,2025-07-01,EU
55ab2177-2aea-4e44-8c35-9987e5e17aef,329,200,9,2258.24,2024-11-14,US
a768f92f-bc5f-457e-accc-d4ff4940516d,823,182,3,1494.99,2025-03-26,APAC
5f1a6552-a26a-430e-bf33-9249b9e753fb,24,326,8,1973.59,2024-06-01,APAC
bff231ad-267b-445e-99ae-10d6375e11d8,915,301,10,3175.16,2024-09-20,EU
ea93e840-32ba-4278-a1d7-f1258d990a78,366,87,5,1857.59,2025-02-13,US
0b8bba2f-86c8-4061-bcb7-2fd2ade777c7,135,427,6,917.47,2024-04-05,EU
9347a7f8-8a17-4322-9503-71138a96452d,324,482,7,789.09,2024-10-15,US
d653b694-0cb2-44eb-a7d4-5225f1613369,487,245,8,3862.63,2024-03-26,EU
3a3bf4a2-9495-473f-bbc9-b10de66681ee,694,97,5,502.63,2024-03-09,US
79146a28-f275-4179-9f20-650dc5ad9c6f,639,46,8,1528.28,2024-10-28,EU
67e4c060-3f30-4716-9a43-7b5edbd699b9,845,101,10,4036.14,2024-12-18,US
1d9b5898-54e9-4dec-84e9-de4cc7382eae,982,295,10,1810.11,2024-12-16,US
caeb29c3-b918-4ab0-aea9-d7e5daee570b,745,297,6,1848.58,2024-02-25,US
805d3abc-2e5f-4565-9e5f-c24b21d93f41,923,328,4,925.22,2024-01-07,US
c7d9e595-341f-452a-8d57-8444c8b24f13,504,445,2,272.76,2024-02-08,US
90818393-cf45-4fd5-96a7-7861a6e912ef,697,493,10,4230.64,2025-01-12,US
96dbcb19-30c1-4d18-b379-b0815e1b8448,957,42,3,414.44,2024-10-16,EU
8cb48e2e-92be-4003-9ce3-197a606bf7b9,437,134,,301.19,2024-05-30,EU
69f9ff97-21a8-46fd-aff0-687136830f20,899,16,10,3936.52,2025-03-25,APAC
6a4eea99-7890-4f2e-bfdc-eba9ba5fb2e3,647,477,4,1605.07,2024-10-17,US
83bcf44c-ef51-47a2-9286-a375e83a34d1,936,122,5,752.33,2024-05-03,US
aaae6342-5459-431b-9b6c-b63da1bca5d2,189,352,,149.41,2024-01-25,EU
a0bb02b0-5b3a-4e40-85cb-38bbdad37535,87,325,3,25.76,2024-02-06,APAC
bbf16ede-4a5a-4604-9e97-d3b450db4fc8,867,143,1,221.65,2024-10-18,EU
24d56e3a-174c-4c88-98b3-7a2e95da549d,501,18,4,1319.53,2024-10-10,US
966ed386-c51b-4b95-9721-6217a3cd2ba5,150,281,10,2146.13,2025-01-20,APAC
891f4d93-cb03-4f02-b1fd-39feaa3d370f,458,363,7,1066.55,2024-03-23,EU
f215dfb4-6538-4bc0-9e6d-91595113756e,806,410,4,1135.14,2024-09-24,US
42291a8c-5196-4bfe-b2a8-069906085d03,820,468,8,3073.51,2024-02-21,US
f11770e6-e232-4e51-8c08-ffe510a0d606,777,474,,105.69,2024-05-29,US
6311b7f3-d3fc-44da-8066-ece19d8042d1,859,204,9,1901.16,2024-08-01,APAC
6a9ac540-b8f1-4b3e-af95-9808a41ad355,290,12,6,869.23,2024-01-29,US
b4774f06-1adc-48d6-a405-ddb21faab638,82,323,5,318.78,2024-05-25,US
31f3fb0f-73cb-47d3-94fc-4f32a55e6c0c,564,324,5,201.96,2025-05-25,APAC
4069a131-b746-4671-973d-1d4d64a038f3,438,304,3,101.22,2024-03-24,APAC
5f7c4921-df8f-4752-abd2-b4860eef1579,532,354,5,412.29,2025-04-20,EU
a1a038a2-f698-45bd-9f07-ee26bff44212,585,124,9,896.14,2025-04-02,US
84dd74a0-d27e-4b2a-b5b0-60be0d1df863,635,186,5,1803.54,2024-07-14,EU
e438ccac-4af6-4883-aea0-ee59c885f694,768,384,1,162.45,2024-01-08,EU
cdc71c1f-4e2a-42d1-a58e-32c56ba52bfc,146,427,8,2651.52,2025-01-03,US
87b164f1-5c97-4e88-864f-96505cb302bb,964,28,,495.71,2025-03-16,EU
b9978a40-2051-4080-aa22-1e75e4ba8cbc,423,32,8,3839.49,2025-04-28,EU
30ab2adf-63ed-43a3-bee2-d24d2d4a914c,732,220,6,935.1,2024-02-03,APAC
b5cacdda-4e97-4e15-9d46-e4f43c888caf,242,219,9,2257.61,2025-05-22,EU
0620c2c4-6162-4dde-a277-5b106408e7f0,942,159,9,1074.64,2024-05-09,EU
d7aff1e7-d4cb-4438-8c8d-ef3b218d9284,669,247,9,3975.77,2024-04-12,APAC
8347dff5-f5be-4747-8251-ef2b3b98eaea,151,235,8,496.56,2024-04-29,EU
06b555a6-ca67-4119-bd5d-cb8cf217276e,383,458,5,546.8,2025-01-24,APAC
06812d89-10fa-42e5-b046-15776c7f228c,999,121,,149.94,2024-05-23,EU
290400c8-4970-4d0e-8c97-d83f53682142,355,157,10,1967.2,2025-03-09,EU
f5f48e30-8518-4a37-ae53-d06fe237d1e5,883,288,8,3345.79,2024-05-16,EU
23c1041f-4ba3-43cb-99bb-0fc06b1c5c9f,232,486,1,375.84,2025-06-12,EU
5622db5a-9063-4fcf-a2d9-76ba473e5d2f,962,26,4,1755.8,2024-10-26,APAC
81e13498-d7f3-49e1-8243-2fd71a5b3c12,439,72,2,961.06,2025-04-18,EU
ff4e5d51-ff2e-4eaf-9146-9ae5877ac75c,21,276,5,576.88,2025-04-27,EU
19332e90-b72d-4f6d-8ea3-f79ae26ede52,995,150,5,705.8,2024-11-30,EU
8503a325-6ee6-4a14-8b8f-03203ed528de,783,49,1,157.7,2025-05-03,EU
cc7b27e6-fd87-47fa-af26-46f0ebaa3e0f,545,304,4,1009.25,2025-03-19,EU
851c13fc-4e84-479a-a622-25ccb15301b8,412,246,9,3989.68,2024-07-21,EU
930abdad-3225-44d3-8ec0-09ff955f7e0f,648,123,3,375.85,2024-11-17,US
7d1d5dbd-6d73-4a54-992c-de954d7d5275,187,306,8,1357.24,2024-05-03,US
d0c123bb-d354-437b-8fc0-0b1862520a1b,126,480,9,1232.02,2024-03-13,EU
bc46c9f6-d465-4292-8d73-ad95044a3da3,743,22,1,135.91,2024-08-01,APAC
b147c9f7-97a6-4f9a-8ad8-f95e49887d85,703,252,3,1301.23,2025-07-04,US
05d8190c-f6c5-477a-89a7-3d979daaf2cc,25,525,,254.27,2025-01-09,EU
58195e1b-96ad-4f4e-9782-80a909b0006d,695,25,2,185.53,2024-05-30,US
9fa61da8-e129-4810-b606-122c01cb2af7,100,6,9,2643.81,2025-03-31,APAC
885d410d-8e33-4379-8098-000dd8204852,969,70,2,600.74,2025-03-20,EU
412a4d62-a3fd-444e-813f-af3db760837b,58,239,7,194.27,2024-08-23,US
992056ca-2e52-4d29-98c1-3588605f8dcf,684,349,9,3222.03,2024-03-18,EU
a07bdd0b-d824-4983-8c37-fc16c739062d,988,127,,358.07,2025-03-21,US
aa3bdf7a-2f2f-42c3-ae31-ac0bc0327d7b,288,429,8,2998.97,2024-09-23,US
e2f93a2a-2756-4edd-a47f-73c09078e6d8,671,257,8,2978.64,2025-01-25,US
2fc310e9-8f3c-47a5-8ddf-48029093f50f,623,327,4,616.46,2024-02-20,EU
755e0e6c-9d2f-4c5f-bda2-d01f62dc09ca,311,91,9,3189.91,2024-04-08,US
3dc1d9eb-4f2e-43fc-8f09-5a0862d12d78,473,286,4,427.8,2025-06-29,EU
d53f6e76-8e7a-442d-9412-15b30a31cad4,638,447,9,2310.18,2024-09-14,EU
ea030cd2-cc24-4532-ba49-8f3456518ac0,465,400,5,175.81,2025-03-09,US
c5d1adf2-dabd-4e51-9966-3ffe01dc616b,238,120,3,614.62,2024-07-18,EU
7257f4cf-1f54-44a6-ad8d-1b50ead4a67b,316,363,2,65.02,2025-01-20,US
de2ef5fc-d816-4cb4-bd41-43d9b5c09a24,33,51,6,1970.26,2024-07-07,US
72aa3c19-d296-4c2b-89d4-69dd1305fef9,894,294,8,573.59,2025-06-03,EU
fb25959b-7aeb-437a-910a-48e09a762bef,385,390,3,1378.56,2024-01-14,APAC
66114eee-f092-4a67-aee4-4da22bacb8c2,514,427,4,1809.6,2024-10-08,US
04e0bba1-6b93-4940-ad96-377e44f51590,829,206,10,912.01,2024-01-13,APAC
2b1e78ea-2968-4428-ba1f-65d21ac1aea5,144,6,3,1024.65,2024-05-27,US
0dca6a09-7438-4a64-9071-3a4b006441a3,154,350,4,393.45,2025-01-07,EU
2e1c9796-ba63-4672-854f-43de7f106eec,762,52,5,2032.24,2024-09-10,US
5928f08e-d7f1-41dd-9a90-17b6e8baffc8,892,107,9,799.43,2025-05-20,US
d72f9411-c323-4d95-944f-1198d558bf9a,449,35,3,492.22,2024-03-17,EU
b00898a8-1de6-4310-9a44-d52cec7c1348,408,396,7,2727.78,2024-02-26,APAC
90af94f7-7c74-47a0-be8a-bf184a60054d,745,252,7,2481.56,2024-11-09,US
6d977bd7-f327-4b9b-87bc-1f19d272da46,794,283,3,576.32,2024-08-26,EU
978d2c49-3b72-4001-96bd-61917ae0dac2,141,126,7,2189.75,2024-11-04,US
1dfe157c-2369-4950-8457-918dae670daf,220,397,10,2928.1,2024-01-07,APAC
ac50bdcd-55f0-4a16-9a83-5ddbf14eb3ff,487,131,1,76.43,2024-04-03,US
da903031-8afe-4e56-a0f3-2f37ddefdb89,893,94,8,3378.58,2024-12-17,US
8d66d604-825b-49c1-96d3-fa9397328593,196,69,8,3435.08,2024-08-05,US
3a8f21ff-adbd-451a-a004-5a613f5572df,247,227,7,894.32,2024-07-02,EU
f4894809-d802-4063-8f6b-938c4f0f1842,957,444,6,1635.86,2025-06-06,EU
a5d7da72-9b01-4285-8e10-b81be61ac818,204,260,,69.38,2025-03-30,EU
73a5bee6-c9a3-46f7-b935-98346d28a71e,84,317,4,88.93,2024-02-19,EU
10baba99-a2f1-4c4b-b909-35799d549ad6,531,373,4,503.99,2025-04-27,APAC
c5588a7d-dd91-4e50-b3a8-7caca3376a2a,154,247,6,1080.92,2025-05-21,EU
0509c88f-2b40-4731-a401-893b9c2d3931,202,131,6,2589.04,2024-04-21,APAC
98c6b5ba-c528-4946-8fc2-378fe3d1818d,770,260,7,2170.07,2024-10-08,US
b7dbdc96-63cd-4118-a71e-d5fec16d189d,525,319,5,1755.58,2025-02-26,APAC
5b3fb9ac-cb64-48e3-8316-d51f1c7615d1,67,133,3,569.9,2024-09-26,APAC
5a9c3a35-4563-41f8-946b-d6f477410667,21,375,9,344.21,2025-04-03,APAC
9e2c193e-c512-422d-a5db-7eb592b50f43,621,488,9,2964.19,2024-10-03,US
ed23f01b-f906-479f-bdb8-9ae11b21825f,909,369,4,1773.68,2024-08-25,US
8443b15c-232c-4f53-97b7-ab3ccc0567cf,212,17,5,79.66,2024-03-31,APAC
0a53ce11-9061-4b52-ad2b-7af456fbd976,744,195,8,2741.55,2024-07-31,EU
d259ab51-6703-470a-9bcd-9c9a3eed25c0,959,191,2,246.9,2024-03-25,US
f2792242-f5f1-49ed-9dfd-12b66b815dd4,25,430,5,1224.93,2024-12-20,EU
4d802106-8efd-4d41-8e2b-eb867476377a,552,113,3,1245.74,2024-03-08,US
d27fba18-8827-4515-aafb-955c46b70d84,404,474,7,2854.34,2025-04-03,EU
e9dd0b3c-2993-4154-8283-7cf75e4bdeeb,11,69,1,164.42,2025-07-02,US
35c9a5b9-9578-46bf-86b9-a65dc6c2e9fb,198,150,4,503.41,2025-05-17,EU
f3a1f8ef-8afd-402f-af56-c8d97170b555,272,93,9,866.9,2024-08-14,EU
a81231fa-9b35-4a3f-b130-2aba0c56bc92,763,7,8,2665.06,2024-09-11,APAC
70ed64c3-0e4b-48f5-b4eb-be6fd11a646e,787,336,10,3842.64,2024-10-23,US
a0d480b0-5c9b-4b23-ac4f-d75f7cf07c70,769,174,8,589.32,2024-01-07,US
39f58807-e1e7-4302-ae3b-b9ee715feb8e,71,469,5,1719.95,2025-05-03,EU
cdf3a223-07a7-4205-8ae9-f81efc6f99ab,685,428,1,317.66,2024-12-04,US
b48b539e-eb3e-403d-a193-f3fe8e97e0dc,101,409,7,2731.18,2024-05-05,APAC
be266ec9-5636-4a1b-970d-8229cb7f7774,635,147,1,254.15,2024-01-29,EU
243fe1ed-2af4-4a0a-ab35-488b2872e501,641,411,2,192.73,2024-11-29,APAC
abbd49bf-1c5d-46a3-8811-6359750482bd,291,255,3,924.96,2024-06-01,EU
1c5e07b9-62a7-4853-b716-c5ba63aa4124,192,409,9,3030.96,2024-11-30,EU
2ec4b69e-7a68-49ab-a8e1-0d8cf63e2107,613,278,1,365.77,2025-04-24,EU
f0e83cad-1281-4e7d-b89b-002b25576d90,727,458,6,834.72,2024-10-11,EU
2ac44a54-4a4f-4910-a3d3-ad3b75b8cb0b,846,392,9,2225.99,2024-11-20,APAC
63281bda-e39b-4c58-b0f6-0bc307628790,10,230,8,3432.68,2024-06-08,APAC
988f5c66-19a4-42e8-b657-40b0b81a03b7,211,153,9,101.01,2024-08-17,US
c1537c67-39b3-49ed-a2af-3151354426fc,62,62,9,1889.84,2024-07-14,EU
f08f7f72-69d7-4dd4-8289-9c52ea2d2ff4,517,48,7,2250.1,2025-03-23,APAC
9eb80cbb-02dc-4a92-b0a6-3b98a2810e9f,598,404,1,56.19,2024-06-20,EU
e80ec014-9c85-4650-91fc-1baf1e0c1ff6,70,165,5,1920.1,2025-04-21,US
5c0b963b-345f-4fbe-b2f7-a3a42eaad8da,507,185,7,1570.36,2024-10-13,APAC
d979c495-2bb8-4bf9-8ccb-2fd94192d348,584,402,9,4394.11,2024-11-11,US
e0d04682-94c0-4eaf-aa00-53cd281034b6,65,19,9,496.05,2024-01-07,US
2c6ec750-82c2-4dfe-8871-a63b8506257c,560,300,6,770.51,2024-06-21,APAC
7ae3051b-f642-4333-a326-e58608daca90,307,252,9,3279.5,2025-05-26,EU
1877b58e-a76e-4f4f-8807-06ce2efda3a4,24,268,2,236.37,2024-08-21,APAC
2c8228a1-85e2-4076-b5ad-daa5ad62117c,956,122,8,235.34,2024-01-22,EU
e25e02b6-2a6b-4c80-a1ed-818837d7000e,995,413,9,4316.5,2024-01-08,EU
8d21e886-268f-4efa-b92b-d4dd36220857,356,222,7,1250.16,2025-04-05,APAC
1a3a0589-a10d-4139-b137-98d8101fced7,894,264,10,2199.48,2025-01-21,APAC
65aa495b-3f6d-4e2a-a375-ba7bf79dba3c,290,394,7,1053.95,2024-06-13,US
e735ef7c-8818-4370-ba58-94554a031862,979,33,,44.32,2024-02-16,APAC
9d56d5fd-8ad9-406e-a4a0-0c6a24d5518f,706,243,10,3603.29,2024-10-19,EU
7266c427-d15e-4345-86fb-0f6f10728be8,786,474,2,712.59,2025-03-25,US
a1ca4f8d-54ac-4f55-bcb3-d30a1298ce35,84,52,5,841.0,2024-10-06,US
feb5af28-9a24-43a9-a64d-982e28144f52,845,351,3,268.16,2024-03-01,US
b743fb1e-51ba-41e0-bb39-f76cfa86fc8b,224,275,1,343.45,2024-11-14,APAC
6453edaf-dd70-464e-a463-c6d15d544991,298,508,8,2689.13,2024-06-25,APAC
6b6dc8ba-2c77-4be0-a6ca-842dd8328588,284,148,8,693.74,2025-06-03,EU
9831b3d9-3dd4-41b8-88c0-a0e6fb93952e,4,495,9,3714.25,2024-10-29,EU
84cb78ec-c004-4c9b-9403-785741e51498,90,280,8,1115.9,2025-03-07,US
9346247f-bb83-459b-ab05-9ca1b208f649,593,270,2,387.72,2025-06-09,APAC
6604d1e9-613c-4236-b5c6-c26645a8c5a3,70,299,1,254.85,2024-08-08,APAC
5ab18785-d87b-4415-965b-ff495e355c0c,309,439,3,967.14,2025-06-18,APAC
92879fc6-69b3-4693-bc80-bdd623cb0f07,105,488,6,907.2,2024-05-20,US
a1c17e4b-ecc9-44df-9572-133ea81080ff,524,284,8,2608.85,2024-01-06,US
d14413d1-c38e-487d-ad54-66b963624738,694,401,7,1984.21,2024-08-07,APAC
f710115b-cf18-495f-9763-96bbe74d33ae,191,134,9,4402.47,2024-02-05,EU
17f52f58-b8bb-459f-b346-7250a9216393,980,452,1,256.07,2024-07-14,APAC
c03a454d-a256-43bd-ae02-3817dd875c61,792,131,2,759.95,2024-01-02,EU
87d2db4d-d966-4e1c-a1c7-208792930db0,191,180,2,437.73,2024-06-08,US
f1f3607b-bba0-45ef-b393-c707d2565041,794,17,2,232.95,2025-02-01,EU
7b225e5e-0044-4f07-90b3-35d5d81dc6de,366,355,7,1712.48,2024-10-16,EU
6d425c3a-46a1-4454-8168-43460f73f3f5,506,140,10,3326.58,2024-08-13,US
60978f4e-b9b2-4f8b-ae5e-99ef1810131c,155,274,3,1224.12,2025-04-14,APAC
3f897777-4905-437f-90c4-a211085c0dde,309,256,4,1363.67,2024-05-17,EU
674e7f30-ef10-47da-b02a-575eb565e760,663,39,10,2282.65,2025-03-16,EU
9a35cfa7-11d9-4fb3-a5b8-02207f6ff834,622,247,7,1213.29,2024-07-29,APAC
3736af1a-59dd-485e-b9f9-1e12a73f6ce8,506,184,9,4319.47,2024-10-05,EU
6dd0cb12-dd3d-46c5-b6d8-5ed13cc78389,468,87,10,4163.26,2025-02-27,EU
171c2316-3415-47ea-8bce-6caa05be2009,62,109,7,2547.32,2024-09-26,US
c9aae606-7a34-453f-bc0a-7760839f6ce4,763,37,5,295.45,2024-02-06,APAC
aa76bb1d-62a0-42a7-a80d-b7a14231ffff,896,418,7,3254.45,2024-06-28,EU
873d2a1a-72c5-42a8-9dda-91d8005e4bde,619,58,2,611.55,2024-07-21,US
fb2c0a8b-e39d-4b09-b09e-a14538dbc0e7,401,37,2,758.38,2024-01-12,US
0aa6515b-0348-4c03-9df6-8ba8c1a12ae7,204,18,,207.15,2024-03-08,APAC
637428ea-7a11-4724-a721-d66dd7376657,684,116,2,938.34,2025-01-26,US
d0cc8884-636c-4ea1-b6e7-32fe6b404622,390,62,8,3124.16,2024-10-11,US
8310fb75-0f42-4c65-bfcc-d56b125f7d5d,401,493,7,2829.75,2024-12-09,APAC
97ccb396-8885-4c70-a829-fadf3da22fa0,788,200,10,2393.95,2024-02-05,APAC
c0e6377a-3d10-41cc-b6f3-c5b1270896b0,832,432,7,1981.33,2025-03-29,EU
62770ca1-20fd-479d-b1b8-d363905600ea,421,15,10,3542.89,2025-03-10,EU
c66853dd-b13a-4b82-a895-850be972fcb4,497,438,9,875.75,2024-09-19,US
c868032d-cb03-4a61-8d8c-88a504daadf6,827,109,7,610.84,2025-01-27,EU
3b078440-e721-4b0c-b7dd-f9a3c7508f80,178,116,3,1321.17,2024-07-21,US
68b1a6cc-a7ac-4ab2-81db-fc48561abf2a,541,430,5,1298.13,2024-05-02,APAC
2a86b2c0-afe7-47ab-8a26-519687c6645e,675,139,9,4350.03,2025-01-10,EU
a876c6a6-df3c-44c9-87d4-da225ba55883,968,316,10,3374.48,2024-03-18,EU
5a51a50c-2418-4730-996f-d5b880e10f42,763,255,6,2090.95,2024-02-17,EU
805ac3bb-591b-4b11-8c80-4e73660f58a3,92,287,4,625.22,2024-09-08,US
527d99db-6c57-4f10-b273-b95916f9c744,901,439,8,1807.53,2024-12-29,US
284463d9-942b-4018-bbee-dacaae602be3,624,230,1,270.69,2025-05-17,US
3db4abd8-0443-4695-b19d-c5fa1cbd4c3e,809,268,1,31.81,2024-05-17,US
32eba479-942b-4b4a-b5ee-eed0f68e4f05,680,391,8,3320.5,2024-12-28,APAC
80d65cba-586f-48fb-bd4c-5eb35d5b283c,904,99,9,1761.61,2024-09-24,EU
99f18dc9-89c6-4396-ae56-e2b7d988cb04,829,447,9,2860.25,2025-05-18,EU
e56b7464-8cb7-448a-b36e-a151836b5580,432,199,8,856.39,2025-01-30,EU
44aa0d33-7e37-4bce-a6d6-e8e15482d772,206,255,1,413.16,2024-12-19,APAC
d86ebd60-04cf-464b-81b0-69682e93aeca,664,251,7,808.17,2024-05-13,US
4e16790b-c223-4bd2-8838-18842693175b,731,59,8,397.15,2024-01-19,EU
20a0ee3e-ec05-46ba-aa83-1de5e5451bef,448,474,4,724.85,2024-03-26,APAC
edf4875e-a023-4f7d-84fa-2332b016eed7,451,385,6,2929.19,2025-02-27,US
3ba4d732-8d98-45d3-8e39-451bbb423b7d,602,17,2,468.52,2024-05-12,US
8bf8b28f-d933-4f45-a197-6bd64725e0ba,823,67,4,1549.0,2025-03-18,APAC
6ebee084-97c5-44c0-b331-9cd1b35db101,228,319,7,424.96,2024-06-17,US
9c6997ad-b76e-44e0-9daf-62b0dcc3d60f,664,258,8,1186.3,2025-02-01,APAC
5ab4634f-4f8d-4f1c-b159-054ca6556554,415,295,4,379.47,2025-05-02,US
375378e4-f5c7-400e-ae8b-6cf9ba17e18c,190,162,8,417.53,2024-01-18,APAC
5a03e389-77f0-4393-9867-26965b90e00f,167,45,6,1169.94,2025-05-17,US
3aa73669-45bc-4d64-a64c-4191974e18a8,92,463,8,1848.72,2025-02-12,APAC
f316fc94-b954-410e-b56b-adf0071ed10d,768,210,6,2902.14,2024-12-22,APAC
38f77c18-f531-4a66-9447-64bd49864c0b,434,385,10,2923.93,2024-09-18,US
98637913-e8cf-466a-8001-9861c6fa87a8,764,364,9,1788.15,2025-05-24,APAC
1fbb9398-7727-4225-ba3a-bc3690e3f5e3,926,75,6,2312.42,2024-05-09,US
d955894f-3d3c-454c-907f-98b4fdb339d9,496,74,10,517.07,2025-04-07,EU
4d727320-b172-4fca-8104-380a4f2e97fb,940,141,,341.33,2024-08-12,EU
388b9814-580b-41f8-88f1-ed72c306399c,224,154,4,1874.52,2024-01-06,EU
3d924fd0-2c19-4976-9417-2dd2a233e0ff,588,387,4,1500.64,2024-03-26,US
060fdce2-4659-4e87-a814-a09fb6880f02,181,475,8,908.95,2024-11-26,EU
738109f4-a2d3-4102-bed1-2bb1c1be818b,816,411,10,158.65,2024-05-23,US
e7159ed1-50db-444c-a205-6ba91c3e3b28,744,69,2,651.23,2024-04-29,US
7d645601-e54c-4be4-9ec1-26d2e1021c45,298,310,6,2140.61,2024-05-22,EU
c60f8f5b-af40-4929-8156-8b2185512d70,964,27,7,1976.55,2024-08-29,APAC
5bbd04d9-c81f-4d9b-8402-9ec3a9b1f56f,977,358,4,1930.33,2024-06-10,US
71c386e1-e8a0-45b7-8283-926571e65de1,863,176,4,908.0,2024-10-20,APAC
5a638eca-3c06-452c-9584-c8770abda2ef,703,320,5,1008.65,2024-07-26,US
72d640d1-8134-4c36-995e-2ce9432bbb6e,638,205,10,2209.2,2025-03-08,EU
8de0884b-6a85-4e12-ac89-e90cb7503276,730,245,3,1072.41,2024-07-27,EU
00f0fbea-3485-4943-842f-163613d5e4b2,326,71,8,2971.38,2024-09-07,APAC
3faf7b9e-04bc-42d0-b69d-02094b42c327,859,371,6,263.5,2024-08-09,EU
a472fdb8-d3b4-4dcd-a625-4caef351336e,325,50,10,2660.06,2024-02-08,EU
1bf8af7c-c83c-47aa-8625-87f3cbca13e8,286,251,4,1614.29,2024-06-11,EU
37126c98-01ce-41aa-955e-78ed803af674,933,327,2,750.96,2024-08-25,US
234949b1-e1c2-423c-b2af-a76f201dfff1,469,392,4,287.9,2024-09-11,EU
4440e85a-f43c-497a-8943-ee07d5fd3e00,813,118,9,4330.59,2025-03-13,US
a9482fd1-383c-434b-98e6-c436d2528f50,695,277,5,178.96,2025-06-11,EU
7f75a717-553c-43bb-9df3-83b94e4dab21,143,137,9,2080.12,2024-12-27,US
e5fc1e44-a8c6-49d8-88cf-83f474a0c413,479,26,10,719.38,2024-07-27,US
44607b39-15c8-462d-bdc1-85a3b7f50888,270,494,10,3734.93,2025-06-24,APAC
59176959-5213-4b6d-8d41-6c680abce1ea,626,403,2,551.18,2024-05-29,EU
e666a183-73c0-4cad-bc14-f34e46248d74,676,344,2,615.03,2025-05-17,US
aeda4f4a-4c7e-4fae-b8e8-c187d2138d4b,110,388,10,1050.68,2024-07-20,US
dea641e4-96a9-47b0-a39d-aa055bf1a80f,84,421,4,1690.78,2024-01-27,EU
eecb3cd9-d70a-4500-adad-3b1edbcca95e,984,304,1,239.7,2025-06-09,EU
9e96d550-841d-4ad6-b4e1-8e49be0079e7,633,88,8,1808.66,2024-07-28,APAC
ecc2fe2a-6b03-4baa-9261-95af912ed3ac,805,103,9,79.67,2025-02-15,US
eb9750c1-7803-4079-9c0f-79fef5240c6e,229,178,7,2523.91,2024-10-31,EU
d467fa2a-f76d-487a-9bf2-c81c4396d464,809,70,3,1042.97,2024-12-01,US
65b73eec-bb63-4fc7-8184-39f21bcc1803,634,373,7,2446.7,2025-01-03,APAC
c526df1a-9201-4f29-9fad-dc062d8d8a1a,447,82,1,296.66,2025-05-20,APAC
3b3bbbe0-8eac-4850-ae12-32e54bac1690,632,133,6,2519.01,2024-02-28,APAC
b9a89542-0444-4c7c-905f-093eece7ac56,252,55,2,941.19,2024-04-04,APAC
7421b69f-a9c5-482c-a40c-613435f8b8db,60,116,1,102.01,2024-07-23,US
d851c932-8005-4583-a1b3-eefc9a7c026f,492,453,2,58.15,2025-01-19,EU
301ca36b-0941-4c8a-a42e-873e0537a450,434,154,6,2260.85,2024-06-02,US
ff564397-d757-4d63-95bc-55a09d76bff6,35,498,9,1680.56,2024-07-21,APAC
887e8de6-adeb-4eb9-bb4d-e373399c583e,964,118,10,75.71,2024-11-26,EU
e560e430-4152-4fd9-8900-5085b933488a,870,489,1,208.86,2024-03-10,EU
230b8470-68b4-4a18-8716-76134082be6c,108,49,4,1846.53,2024-10-20,EU
f34aafdb-26de-4478-907d-b7961ff682e1,160,280,5,1625.47,2025-05-27,EU
a2f40bbe-1e53-4a00-a759-e213111ab8f6,250,452,7,3182.82,2025-03-27,EU
0fb1350d-b71b-41e5-b5cb-15f769cc1a86,227,180,7,2642.9,2024-10-04,EU
d2af8d4e-87e6-4fcf-9e2d-acdc1d436251,564,26,6,1279.56,2024-07-08,EU
cdd60c8a-6d3b-4008-89de-44bbb2113890,268,374,2,459.25,2024-11-21,APAC
a2d61549-dd9e-4db6-aee1-b800076bf719,922,56,6,1287.7,2024-07-07,EU
d65b3c57-241e-463e-8b6c-9b0fe06d4b0c,872,119,3,317.7,2025-04-19,APAC
8438e675-f191-41e5-8396-02400b86eb40,764,474,6,2439.51,2024-07-19,US
2d2746da-cc94-483d-a2e1-b26a75074fd7,280,72,10,958.86,2025-01-11,EU
a86374db-ee80-42df-9923-cc32a12fbf6d,341,174,2,343.42,2024-03-25,EU
41627ea1-889a-4958-b1ac-e8d9e71b9b3b,123,161,,74.27,2024-02-02,EU
97b9b699-3f19-4d75-9cfc-0e86615ffe8e,806,391,6,49.68,2025-03-03,EU
84cdb588-26bd-4e5c-bee6-e3cd465d22b3,57,488,1,317.49,2024-11-05,APAC
714969a3-8bcb-49d4-b7ff-2a6a57cde36b,51,334,8,3840.84,2024-01-02,APAC
5c63b375-2524-4145-8f73-7fbf0e5c9bad,529,490,6,1165.03,2024-01-25,APAC
97a5ea45-d7b3-46ff-945f-0b683b3c602d,215,19,6,1690.68,2024-05-27,US
31eac3ac-ed0d-4fd7-ba6d-4a537c9d6b5b,631,332,4,1160.09,2025-06-07,US
b9f5c15b-ad12-4c7a-9fcb-e585558f4c91,987,451,3,1445.92,2025-04-13,APAC
8fed2486-a3ca-4a43-bb2e-f40f9cf25050,809,493,2,491.39,2024-03-22,EU
8364a4c2-f7f9-4113-9755-69d771cfe03a,581,344,4,539.53,2024-11-24,APAC
f67311ac-fa8f-450e-a12a-0cdb2d47b8b8,330,225,10,3573.4,2025-06-16,US
30b7628e-60cc-4d79-b1fe-277798bf05a4,387,301,10,2027.17,2024-02-29,US
377a4cc3-a8cd-4395-93f4-7ac05e460d69,316,64,4,1537.61,2024-02-03,EU
bb1653bc-dc99-4f8e-ad4b-f96d79627142,475,148,6,1604.37,2024-05-30,EU
9b8f4f89-4bc5-45f4-b06e-374d4e07c666,191,344,3,740.55,2024-06-19,APAC
3e2a9319-68fb-42cb-ac58-6ca3bd84dfad,548,179,6,2041.64,2024-08-01,EU
05374a3a-6f07-4616-a86e-c19c732ac193,832,259,10,4520.19,2025-05-22,US
5a533214-9fda-4c29-8775-597f5163bc7e,718,34,9,1502.37,2025-05-27,EU
30cb251b-d555-4178-afc7-41dc4e0ad2ee,115,328,8,3390.17,2024-06-15,APAC
fd59198d-d1f9-4c1c-ad7d-7c64dd909624,995,404,,463.91,2024-05-07,APAC
7676fd1c-8e4c-4110-81a0-904afc19b36f,21,379,1,136.18,2025-02-26,EU
6062b0ae-177c-4345-a95c-f298b947afea,340,85,2,809.3,2024-02-12,US
81ff8787-e77b-437c-b5a0-7dbeecab4be1,197,91,2,102.38,2024-02-24,APAC
aae56898-bac1-490e-a1af-b00c62162ec4,853,386,3,1026.9,2025-04-04,US
1f887bd8-b2ea-41de-b561-d224e69190cc,886,412,9,269.25,2024-02-22,US
3550d246-599a-4263-bb1a-1c18dbda95fd,6,342,8,2921.4,2024-12-23,EU
dec8cb85-f554-4ec1-a717-f389c67b2857,910,232,10,3952.83,2024-05-12,US
6ed0398c-3c48-4ef2-9fe7-67d26e908b1f,816,370,5,282.99,2024-03-12,US
87612843-6c61-420d-afd2-3c233e696db1,115,280,4,1864.97,2024-09-09,US
3f53d2e7-6e7a-4fd1-9635-cc5b7939af77,242,70,3,169.83,2024-11-20,APAC
ed86b682-9073-4407-8415-f8a3e2392a56,179,426,8,398.24,2025-02-18,EU
b66896e0-4676-46ac-b849-36e75f778312,262,160,8,3733.7,2024-03-07,US
e6c1632f-48bb-4796-8d47-da523ccdbcb5,555,355,10,3223.53,2025-05-13,US
549d7643-86d4-4731-8001-fa99b8eb5f60,614,193,8,3324.98,2025-06-08,EU
9747c51c-ef4e-4ca7-96db-511d6b7329af,715,494,8,1278.69,2024-03-12,US
62d5b22a-9271-498b-b8ca-c71fa2735bbe,681,47,,123.56,2025-05-26,EU
55e1684b-d34a-4868-afef-736b4f709887,614,224,9,392.78,2025-04-08,EU
5e38e65f-f287-42df-98ef-98a039612fa0,454,291,2,437.31,2025-03-19,US
9356d7fd-aab0-43bd-b653-205b375dba1a,680,94,2,606.33,2024-05-23,EU
eba369e6-8586-435c-87e5-249f3fb82d0d,275,266,7,125.06,2025-04-17,APAC
2c40b56d-ba3c-42f3-9b7e-aa9a3c993e33,454,165,2,493.8,2024-10-15,EU
56ba0bdb-3c6b-4d96-a378-1fef376578e5,481,339,6,2106.4,2025-05-19,APAC
d685a905-d436-4054-8492-6b2c16994864,239,86,10,2900.7,2024-10-07,APAC
688c95b3-2091-4c50-8c17-1d30d294bd2c,624,422,4,409.24,2024-09-18,APAC
488eb70d-3dcf-4977-a3c9-2ea84082ab3d,351,432,7,917.74,2024-03-29,EU
284c292c-968e-476f-89d8-266ed9ac1848,559,379,4,138.55,2025-02-17,APAC
5257ab41-5cbd-4e50-9b63-04761c4ff83d,675,307,9,1361.47,2024-08-25,EU
dd0c822e-e341-4136-adc2-8137039cb1e9,67,239,6,367.37,2025-03-11,US
9777a41b-37b3-4838-ba31-73ece6d0da0d,693,415,9,234.1,2024-05-27,EU
9c138b75-8127-4ed6-a248-6318cda7a411,297,424,8,1087.03,2024-07-18,APAC
8962faa9-0724-45fb-97f0-f3ea51568de4,238,243,4,1061.7,2024-07-15,US
8cff1840-77ad-4de3-8629-06f7bb722ab5,233,446,1,315.24,2024-09-02,US
f8e5fee7-7d23-48b8-8d63-8fe61f083a1b,470,217,1,80.37,2024-06-15,US
0eb4005e-eb0a-4701-8baf-2af14b2970a0,300,386,7,2896.99,2024-12-30,EU
81344552-2888-4dc4-a7f5-ce58de67dd07,120,296,5,1529.15,2024-04-08,US
facf2c0d-ca04-41fe-a083-59208a609277,915,141,8,127.39,2024-06-23,EU
77b4cd27-45a1-4439-9574-e2061a34a015,823,78,6,2969.1,2024-06-03,US
988d480d-6fae-4407-afc8-d3f603ed28a8,60,142,10,3259.01,2024-07-24,EU
c1d345fc-6eaf-476d-9031-7b1330e7b785,779,436,6,2830.17,2024-05-06,EU
310abbfa-ff66-422b-97cf-fe812d4e8cb1,342,408,10,4535.9,2024-03-06,EU
e7917990-7eb5-4988-9d6c-24d0f8c2067d,541,354,3,1024.9,2024-10-14,EU
4db40698-58eb-4703-8b57-e39cb27085fe,364,222,9,439.28,2025-02-12,EU
444b982f-6d4c-4d24-a884-3d246995f2f5,79,158,10,4893.14,2024-11-10,APAC
486ffaff-0ad3-42c2-9542-69e673267e4a,180,329,3,1122.1,2024-05-02,APAC
8350b3b3-2798-42d7-ad1e-edbb86c5e92f,94,351,6,100.9,2025-04-18,US
04442191-65d6-404e-a392-904f1498d2a1,965,362,1,25.94,2025-02-20,US
d4f30f09-3e76-4b5e-8272-a5f5b7829b15,341,383,1,450.88,2025-03-18,EU
c19e0511-4d8a-4c47-b356-0a84e46e1c16,637,193,9,1287.74,2025-06-26,APAC
c371e068-5d93-4ce9-83c4-1910d4406afe,175,516,4,1703.6,2024-05-05,APAC
b508d700-f0db-47f1-a5ad-7f1b788bbbfb,768,393,,461.46,2024-07-21,EU
2f397eea-3212-434e-9ff6-d72c12a384a9,416,365,2,475.79,2024-08-05,US
b0017258-8cd6-41f3-a585-c9f33a4cdc5d,450,381,7,531.87,2024-09-19,APAC
b07862e6-6c14-4c09-a948-18be68600feb,804,300,6,1969.25,2024-12-09,US
1650714a-55b2-43a8-b920-158831d55162,69,55,4,1434.41,2024-10-26,US
11f4629f-4e0b-4b3b-ae38-cf2620421a74,93,28,2,757.01,2024-12-05,US
6c9c8148-ffc0-463b-9b07-fb870cc5c19a,887,378,8,3493.75,2025-02-01,APAC
4ce06b87-a43b-431d-94d7-7435a8449fc4,706,229,1,233.18,2024-10-02,US
41c95e52-72d3-4fe1-840d-f3eb41c6fa55,908,401,9,1565.86,2024-07-08,EU
8a2857d7-2ef9-4625-a8f9-557ff48b7d56,706,127,3,742.76,2025-05-07,APAC
9a63318b-4df0-4b83-b5ba-b4104a2df86d,631,446,7,586.45,2024-03-12,EU
2e491c17-e755-4f68-bf7f-5712dcc8e7a1,508,63,5,156.48,2025-05-17,US
a6233a33-6cb9-4260-b24b-ba324303b741,334,244,3,1119.27,2025-06-18,APAC
3efb97e3-b55f-4d37-a5b5-c44d9528a843,151,462,10,170.32,2024-08-21,US
6ea334c9-ee1c-4843-94cd-182e965424b2,786,389,10,2106.02,2025-06-30,US
d4d2a6bd-49bf-468d-95ab-bbc582110c18,289,64,10,1749.72,2024-09-05,US
dcfd7d3e-0520-4188-8752-cd2ed42ebdae,401,40,10,2330.54,2024-05-20,EU
2d0eba3d-e59f-4fd1-affa-8a93d47ca75c,14,164,2,613.58,2024-10-04,US
15bc3267-1f97-4dfa-8923-3f47152013d8,639,27,4,1393.85,2024-06-17,US
706aab92-bd35-4447-9200-883312686ee5,671,128,6,1884.95,2024-04-29,US
8daddc2d-ec5d-49f1-9693-53566c4b0bc7,357,46,2,762.83,2025-02-02,EU
70b41431-03c6-4d10-93f0-1a02d03f35db,274,8,4,1357.42,2025-02-19,EU
72229fb3-7711-4341-87cd-673a45d19743,772,319,8,2231.34,2024-07-31,APAC
c2f5f531-0802-474e-98e3-a61eb41db8bc,794,296,1,229.91,2025-05-06,US
a1e67dc2-c646-4187-bbbf-8c939e52cadc,661,103,5,681.62,2024-11-19,US
720d201e-d0b9-4d56-84d4-d93ef7511292,73,292,5,912.0,2024-05-31,APAC
74be6486-626b-42f2-a869-751891200889,289,178,6,2797.94,2024-12-15,US
e74defbf-a6a1-4d79-87e7-f63896db2403,637,290,1,247.78,2024-06-25,APAC
3412b1aa-d041-4724-8493-cf74b8b419a3,568,413,6,1933.99,2024-03-16,US
170205ed-5813-4802-86a8-bd32953389c1,760,285,10,2644.27,2024-06-18,US
e082e508-1260-486b-88a8-11c5a580afaa,963,308,3,1204.77,2024-07-06,EU
68168fce-b6a2-47e7-9d46-4290c0990bd8,474,252,3,894.99,2024-06-28,EU
c9545d2c-107d-47c2-b7b3-b2fc97343016,979,118,2,821.77,2024-04-06,APAC
7f5554ff-9f23-4d98-b01a-2feec9c0e21f,64,238,5,1319.11,2025-02-15,US
c4a3d4bb-e7c8-450e-9841-a2007e31f424,616,37,5,1772.78,2025-05-09,US
6834bc35-746c-4fcb-920a-abaf61f35961,726,193,5,812.49,2024-12-16,APAC
d995f526-963d-47d7-a7b4-ac378eed4d67,154,437,1,109.99,2024-08-09,EU
152da182-8f79-4575-b00e-c21b9b2b6243,282,118,7,2311.86,2025-02-24,APAC
a750dae6-1957-4948-8630-d5f9eb08f3d6,558,31,7,3195.11,2024-02-29,APAC
0989741a-12b6-4d75-a50f-2c4136174bbe,386,328,3,392.25,2024-10-08,EU
5e1dd077-4dd0-4e76-8e37-93a09e935ec2,402,241,2,667.23,2024-10-12,US
7031d18d-6c16-4aa6-9229-0401728cd608,16,167,6,2772.6,2024-05-02,EU
52b59043-e8fd-4372-a72d-eed6de06a9de,776,278,2,314.98,2024-01-31,APAC
904f0e35-5fab-4b93-9303-f688a4d634bc,993,43,7,1415.57,2025-02-05,EU
81c96090-3b64-465a-8e61-28004815c028,69,474,6,715.96,2024-12-06,APAC
663f3633-fe6d-404b-b40d-4d19f796fa86,349,493,6,944.39,2024-12-22,APAC
8626e38e-5e66-43cc-8e9f-00510123e1c3,372,80,2,210.88,2025-04-10,APAC
08125666-b5de-4407-a166-68c32639b822,159,217,6,2825.68,2025-04-05,EU
91a0025d-31ab-471e-9496-4ba9b2c78514,108,25,6,764.49,2025-01-05,US
1a779948-83e8-49c4-81c9-9bbdd2da6957,602,99,2,45.67,2024-04-09,EU
cd2d6996-4634-48dc-b363-4a6713043181,640,483,1,490.6,2024-12-31,EU
806f73c1-b577-4296-8224-3b4d93e67014,674,151,9,1145.65,2024-07-10,EU
955ebc7e-8304-4a48-9209-111a636e59af,371,52,4,608.62,2025-06-13,APAC
c11e0d1e-b4e7-4776-811b-bd1e678df0d6,277,186,3,54.3,2024-01-15,APAC
01a477c9-13a4-4e61-a8aa-5497b4c1a957,470,172,9,248.01,2025-04-26,APAC
d56b0354-4bf1-46d9-96fe-5d917fe41b2a,816,483,5,1400.6,2025-03-03,EU
b8f83473-db92-4fea-aad2-873a49c9c11a,155,312,6,1415.76,2025-06-13,APAC
a7c73e44-67a2-4fcc-9a7e-e455022eaf91,642,413,7,2483.27,2024-12-15,EU
f4213c2e-aeab-4aab-966b-259a9fafadaf,559,272,4,1996.31,2024-12-09,US
db9ec5e0-941d-4795-8109-776bafdc20bc,827,122,5,908.73,2024-04-06,US
1870f013-ad47-4a64-acd4-e30cec143eee,87,135,10,3386.89,2024-11-16,EU
3042b3fe-218a-47bb-a305-fc682bfb6926,624,492,8,2565.1,2024-10-30,EU
bdac34d1-61f7-40da-af4e-8615d6e29c31,338,409,1,343.04,2024-10-31,US
730ebfdd-d480-4b62-9c5e-882daba24220,748,281,7,1347.2,2025-03-24,APAC
26170bb1-0372-41d7-b20d-c8011538c8bc,367,483,1,302.63,2025-01-02,US
c26095bd-ec60-422f-8f3e-c1d394705571,975,270,3,1469.1,2024-10-04,US
59be6c9d-bea0-45c8-a762-af673c6912ea,182,454,8,1343.68,2024-12-05,EU
3b0dc75f-86db-4c88-b667-5bf023d89b78,795,173,10,4809.23,2025-04-29,EU
8ab7910e-b8bf-4f1b-aa05-cd97c8f7b6ec,684,409,4,1483.63,2024-09-27,US
c0bc9709-73f4-4fbf-a903-97f90da278e1,30,425,8,2444.15,2024-02-11,EU
da09530d-848e-4ee4-b4cc-870e8f5d2630,787,280,8,3481.74,2025-01-05,APAC
8b0f997b-bb66-4a01-b777-e45f64f320a6,31,390,3,1419.8,2024-11-29,EU
19c5dbad-68b2-4c44-8c41-b030f98b8954,350,115,6,301.14,2024-11-21,APAC
ddd6ced8-7c28-4286-b6a9-281903906ca0,92,122,5,1365.34,2024-02-25,APAC
9aee0d78-7e2f-43e0-99ec-7e2c3d0fda9e,492,143,7,3127.85,2025-06-23,EU
40942fcf-0231-4bc4-9527-03f218025be0,234,48,3,201.65,2025-04-21,US
9594fcf7-5243-4ef8-856f-78dc51122b44,309,277,2,534.85,2024-07-18,EU
94aa1055-bcf5-4a01-89a2-6a13d80a9171,201,497,,338.28,2025-03-05,APAC
09cf9a91-6a19-4340-9561-ff528a0664c6,656,232,8,1794.0,2024-04-17,EU
8b915ca6-7a7a-47cf-b447-fe1913336cb7,579,212,2,711.99,2024-01-06,US
c4e5054e-a19a-4798-978f-e04b31a9f86a,15,382,9,4475.08,2024-02-22,APAC
33e8d1fd-0251-4e93-a574-770f1025d390,502,64,,266.17,2024-02-14,APAC
07fb7a3e-c686-4047-a398-bb4d1b129d09,543,298,7,485.53,2024-02-13,EU
53aa06ca-59e6-48dc-b5b7-3a90e5482a75,761,374,7,1029.26,2025-05-16,APAC
57610b6b-3c00-45bf-b7c6-5f44b60e6244,1001,367,1,453.87,2024-02-15,APAC
23ea9ade-61ba-4a90-85d7-eaf6d212f09d,606,106,5,854.39,2024-09-12,US
9ff7168c-745d-42ad-b782-f8e78265c094,215,452,7,1956.96,2024-12-12,APAC
e8cf9e13-4979-4904-a5e1-a071e43e356a,494,132,5,1530.39,2025-04-15,EU
1ad5b282-08a8-4b4b-b61e-9fa75df5f07c,678,267,1,420.01,2024-05-10,EU
63da7bd9-6a22-49a2-89ec-d25a252673d7,975,444,7,2785.52,2024-06-07,EU
b032c5e3-3084-4ab4-b7e4-5cee59d0f22f,825,35,7,113.54,2024-05-20,US
40db752a-99e2-44d4-9bdb-1132aa69cab8,946,400,4,1323.86,2025-06-27,US
19bb249c-9a75-4f02-be60-dbec36151fee,691,342,4,1180.77,2024-09-18,EU
78ce89fc-76bc-4226-99b1-1f3aef23458c,527,312,3,17.77,2025-04-09,US
24edb79b-84ff-438f-8584-dced13791c07,237,49,8,2789.76,2025-05-15,US
7bcdc6de-01a7-40d2-9a91-391b5241cb25,128,353,7,2869.46,2024-12-20,US
4b99af3a-16fc-474f-9d1b-b564089c3355,588,230,1,183.46,2024-08-10,APAC
2981b048-7877-4fa8-90fa-423737401db4,695,310,5,1753.32,2025-01-13,APAC
855f03e7-cd2b-4e1d-99c6-c2a45032da33,854,443,6,2579.32,2024-10-13,US
5adf8064-e91b-471e-b6c6-b216b81a3c37,661,97,2,249.85,2024-02-04,APAC
6342f699-908b-4e92-9682-e1b198b83cc9,788,343,10,3409.58,2025-01-29,US
e4d6fb12-5e81-4843-9a93-55eee33bffae,246,215,6,1608.39,2025-03-23,US
f846fe8d-f5dd-4352-80c1-df95431a8e9c,904,345,8,3672.93,2024-11-21,US
a91da2c3-b158-4136-be4f-08306cc435e6,772,122,9,621.2,2025-03-08,APAC
22bddaaf-1425-4809-9c41-6306490375cb,571,130,8,2887.63,2024-06-08,EU
48d3cc3f-96a6-470a-90db-951ada859566,295,270,9,1843.39,2024-12-14,US
96232830-0272-4740-bdde-ecbf38fd8951,458,293,8,328.87,2024-06-21,US
29800558-d3ce-4b7c-8ba5-e81593997b06,324,259,7,1803.69,2025-06-26,APAC
6bf361cf-7ff8-4a57-9d5d-016ab5e603b3,24,4,1,405.37,2024-11-22,US
5b879c0c-9692-4fb2-b2ec-5777c24e0ab5,127,40,10,2593.53,2024-03-27,EU
50ab3628-ad32-43da-a4ce-bd93730290fd,362,272,2,584.76,2024-04-30,US
aeb92826-ceee-459a-8077-04391316c0d2,497,199,2,820.45,2024-08-17,APAC
3ee44a5b-e0d3-4ffd-a52f-8da6e90f52b9,808,198,3,1178.91,2024-10-02,US
ba9d6654-1a0f-40f3-9a5e-43002e5e94da,625,153,6,534.36,2024-12-23,US
ba7fe7c3-8c7d-44f0-a912-1a5bb4838ff0,237,50,2,83.18,2024-05-27,APAC
6753fa53-868f-498a-bb3e-ac27921e8dae,678,61,5,2391.62,2024-10-29,EU
1be680ef-8917-458f-bfe1-281b8850bbea,961,435,10,647.03,2024-10-18,APAC
eb61c8a5-c420-4c6e-ab58-7b3e0bf07a74,649,156,4,1687.69,2024-12-11,US
924f424f-5ae0-43e3-b54b-9b49414fb229,257,448,2,79.51,2025-06-05,US
7a2e137f-8dd2-4378-989b-1d52ef3ca37c,973,371,3,242.77,2024-06-24,EU
dc299549-987f-42b1-ba65-6e54604c5841,406,313,4,981.29,2024-11-16,US
7c67ceb5-9b3e-45ce-a921-e76f419170f7,131,496,6,738.04,2024-04-02,US
151fb5b0-3961-4f73-96b7-92452a716171,169,224,7,762.17,2024-09-09,US
adfdcb0f-1541-43ba-8c70-6d1d05e6a4cc,550,79,6,2745.69,2024-10-10,EU
cd566b47-4276-4e77-bafd-e73112a561f4,315,218,6,2763.39,2024-06-26,US
b37a1acf-e6f1-4ab7-ae24-522bcbeb0bb6,483,270,10,99.99,2024-10-03,EU
dfee9135-06ab-4b1d-841c-97e5459ca07f,288,317,4,1748.24,2024-05-04,US
8bb48812-3704-42e7-b2e9-0aad252fddab,524,469,8,3191.15,2024-11-26,APAC
cdf5a91c-35e8-4824-bb8f-b94092edc651,314,141,6,571.74,2024-09-26,APAC
b2495481-260b-4077-aba1-947a7ba44ec3,979,371,6,350.6,2024-11-30,APAC
2d906cfa-262b-437a-a3ec-878919408297,377,446,5,1289.18,2024-08-18,US
18d7b02e-b6b1-4a37-abe9-7e3112764ea8,178,368,8,868.65,2024-06-27,US
291397c8-93ad-4c84-92c6-eccedee3c4ec,133,109,3,1128.89,2024-07-25,APAC
9073db2c-c3d9-4a92-ad05-96554e9e3139,600,102,10,1250.75,2024-01-25,APAC
a95abe01-3c5f-4043-8eda-d32f704d0a90,453,445,2,387.48,2025-02-09,APAC
6708defb-c75d-449c-a1b0-a273a4d50aa2,437,195,6,713.03,2024-06-13,APAC
5b1da8be-14d5-4118-8bfe-289541f00227,883,166,5,502.34,2025-06-24,EU
1f95c720-515c-4c7d-94e2-69faa562c013,549,160,,239.79,2024-05-06,US
1c3b10d0-2949-463f-a497-4a15ab3e649a,923,15,2,964.27,2025-03-29,EU
bb81ef85-e0b4-4593-abf7-93f092630c97,696,42,9,923.07,2024-01-22,US
74008421-5aa1-430c-b059-d4d523771e98,558,156,2,83.27,2024-04-18,US
ad5840e6-7314-44ec-baea-8c6c23f93f39,174,294,3,1235.63,2024-07-27,EU
56a535fd-d674-4134-9479-f0328e32340d,932,448,10,1038.04,2024-07-13,US
8d42e46c-0aa6-4be8-8748-f0de960af8b9,786,298,7,1392.32,2024-06-28,APAC
3fe6c1bd-b559-4dd3-8dcc-113a22723678,966,170,6,590.09,2024-07-15,EU
97ea04eb-e6bc-410b-915c-32f1c4697a43,532,272,3,903.03,2024-10-16,EU
9fbefa80-9d7a-4346-879a-83d8fe7eca23,534,341,3,850.73,2024-02-14,APAC
123096a9-3bee-4420-ab45-2626afbfc877,828,129,3,1183.0,2025-02-24,EU
509ce90d-61c9-4999-a6a7-95913da64ce4,217,384,7,1377.61,2025-01-23,EU
c4cd5cb6-3828-40ad-88fd-bf37318776f9,287,251,3,616.8,2025-05-28,US
36067dbd-68a2-458f-b638-d31fb72f604d,467,113,6,1448.3,2024-09-19,APAC
9c64b386-a421-4b39-a9ee-04e3acb3840c,499,209,9,3223.04,2024-04-22,US
50b129e1-ce33-4db6-819a-5c3767d20002,5,470,8,2122.6,2024-09-08,US
34808150-6861-4f0c-9998-288fcb21adec,656,412,9,1536.37,2024-12-12,EU
f7ecd0dd-7784-4cdc-9027-d7b6c687597b,627,127,4,367.75,2024-03-30,US
16a037c4-951a-4011-bd32-214b989bcca2,392,478,10,2539.83,2024-12-02,APAC
841efcb9-525d-4400-9be0-539c755226fb,403,479,1,141.9,2024-09-05,US
ca64fd0e-6bdd-4d0e-a14f-f1218671ebe5,708,494,5,2487.24,2024-02-27,US
b28a181b-dced-453f-a267-0babe92db2c8,640,78,,365.77,2024-03-12,APAC
cbc61760-c57a-4832-a7e2-49051d7c462d,815,23,7,175.7,2025-05-19,EU
cc6b323c-ff70-4c0f-be28-9b7aeb0ba06f,71,290,9,4270.71,2025-07-04,EU
c1e3b73f-4715-4787-b024-bcfc0baf3b0d,289,22,5,2333.46,2024-10-22,US
57501012-a0e0-4412-b30d-2d7ef602bfbc,161,465,8,2768.23,2025-07-02,US
b2e151ab-8b31-410e-be8d-81800a9b27e9,422,391,2,650.57,2024-01-08,APAC
860a0764-5d97-45f7-b178-cc946619f0a7,205,309,2,463.81,2024-05-03,APAC
72673b5e-c53a-4170-be1c-ca4ae9e63972,976,340,8,111.6,2024-11-04,APAC
3e810560-2e9f-4bfb-a6b6-bac48391fff5,163,425,4,1884.95,2025-03-22,US
78adcc0b-8a2d-4f32-9c61-1680aee05c87,820,468,8,2067.99,2025-04-21,US
8d22192d-8794-421b-920f-754880496331,122,464,2,870.58,2025-03-14,EU
1e570b5a-ce11-48c5-b307-086ca3ce214d,947,226,2,642.73,2025-04-24,EU
e39bc483-7219-4188-ad7c-ec1203586356,180,196,5,1061.42,2024-06-23,EU
12ccca0e-1d0a-4507-8091-7bed9e935cc3,598,128,10,2391.22,2025-01-21,US
16b30384-6b0d-47f4-b398-7b9097c1a7bf,22,53,7,1384.39,2024-11-24,APAC
005261ff-d13c-436b-bf80-89008cc88aa1,423,405,8,1765.42,2025-04-12,EU
4a85cb5c-f6e5-4859-b558-3eb340a86553,797,118,7,2658.31,2024-12-20,APAC
1383d219-8cc4-4163-a5e6-a381587685f0,656,262,10,2273.95,2024-03-29,APAC
372b6c41-f3bc-4c66-9992-abd4951c134f,743,179,5,2164.96,2024-09-10,US
1839b102-f666-4244-be82-9c6ab17c837e,427,256,6,193.65,2024-02-05,APAC
17a8899b-86bb-476d-a251-261b2690a894,812,417,,245.76,2024-06-23,APAC
db26f50e-86eb-4e6e-8a15-1e7d6b838ec5,763,184,6,725.91,2024-02-25,US
14ea2683-06c1-4037-92c0-bc8580ba3176,864,122,9,3418.06,2025-03-15,US
6a2058a3-7e79-438a-b6b2-a377119ac6cd,422,314,2,371.8,2024-03-11,APAC
538e95b9-8979-47ea-8b83-b4116d4a9725,55,420,3,1461.02,2025-05-19,EU
606b6102-50f0-4949-8ec8-5b2a020e3f81,397,279,8,323.47,2024-03-02,US
ae48a3e0-1c37-4982-8753-627fae0546b1,679,94,8,348.96,2025-01-30,EU
b4ba70c3-2a2c-4738-9832-201abca5259f,622,15,1,222.2,2024-12-21,EU
b3a83ef7-2ea1-46cc-898b-cd0a6ef21533,665,405,5,1082.46,2024-05-22,US
f27ea40c-6082-4ddb-8798-32770cf4a299,135,457,10,4915.65,2024-11-28,APAC
21941c35-8924-481b-bd0b-2fdd3f5d9767,293,241,10,4957.53,2024-01-30,EU
ad2e63d2-e285-4af1-b048-abd197764d31,301,22,7,2726.9,2024-02-05,EU
044a0d97-34fb-4645-acac-0ee6c7961b71,451,201,8,2912.35,2024-06-14,APAC
88e38e15-d810-4038-8e21-692f372ab9c7,357,44,1,436.14,2024-12-22,US
85cd0c51-6222-43a0-9b16-6b4cf21ef653,516,437,6,112.44,2025-04-22,APAC
97d74f76-070e-40c4-a265-5a95cd1a931e,676,421,9,3627.02,2024-10-31,US
9e29a9fb-f32f-4fd9-89ec-24ab50953a1d,705,293,7,1709.89,2025-04-07,EU
62a641f0-87bf-4a67-83f3-21c77879d5ba,102,138,10,2803.27,2024-07-19,EU
125f38eb-3fab-4790-9958-bb67d5a7d4f5,467,487,1,245.73,2024-07-16,APAC
65e3a72b-3fa7-48ce-af10-e6618c45940c,64,491,6,1338.0,2024-02-07,US
5b72ed5e-cbd4-41c7-8bb1-eec8aa81c7d0,950,59,6,410.75,2024-02-19,APAC
8a8f2f6a-2f86-48d1-a893-a28733eba94b,940,163,10,2241.22,2025-03-31,APAC
e95ec520-7cfc-412a-b7cf-ab4703c83f92,649,250,1,471.01,2024-06-22,EU
cc03d958-4160-4d1e-8574-211a47356014,159,472,1,315.06,2025-03-25,US
3a842329-644d-4d73-8142-4fba8c20862a,225,383,8,3758.33,2024-06-15,EU
a706cc46-a215-4412-af5e-c0fc7c6abcfa,414,35,10,2005.32,2024-02-15,APAC
a8c95457-8cbb-4428-ae3d-1caa1cd1a803,545,13,7,709.42,2024-07-25,APAC
df64f113-2371-4594-abd8-4905aa6663c9,532,64,5,1877.13,2024-07-26,US
07cbc6cf-27f4-4e41-846e-ec10a31bcc4f,710,13,5,1724.71,2024-01-05,APAC
4129794e-2955-40a8-9ab3-ccdf540d8aed,652,214,6,63.19,2025-04-25,EU
9640c33a-9f0a-4eed-a61c-3013397e87d7,954,394,3,527.4,2025-01-29,US
2a0081f7-abea-4581-9380-ba1e8a8f5be4,479,459,8,3704.29,2024-05-31,APAC
1f3c2705-dbd2-40ba-b780-4f6e3e367553,737,348,6,2592.85,2024-04-28,US
6ab7c867-a612-423c-98f1-a7a846ebef07,963,160,5,1464.05,2024-05-26,APAC
603c3eec-308b-4a0a-93ef-82390d0135e2,100,48,,114.07,2024-01-03,US
33c136ae-aa81-4917-a747-50f7e4a93afe,640,173,8,1693.99,2024-06-18,US
d44dfbfa-90e8-4eb5-ad16-5354edc53ff3,539,318,6,90.69,2024-08-18,US
db00699d-7e3d-434d-a054-3c30987f74bd,101,185,7,2103.37,2024-01-12,APAC
0cc8b83b-fb73-46fe-bc6e-f029aa65f635,329,112,10,1826.01,2024-08-29,US
d42c10f4-2430-4954-96a5-1a39f7e7f445,447,244,4,753.51,2024-12-07,EU
a33a6290-7881-475f-b58c-bca71edd4dbf,363,113,6,1318.93,2024-02-14,EU
bd0f239d-ad8c-417f-ac01-593a74b35bbf,239,3,5,1567.79,2024-09-22,US
06010fc1-930d-4113-ace0-a34072810120,255,482,4,1618.95,2024-04-21,APAC
c29e8b16-6be4-4d50-b5ed-93695e56edb1,957,314,1,486.2,2024-02-15,APAC
a631e4a8-25d5-4292-8d3f-00ceb794ae98,911,171,6,1627.95,2024-11-25,EU
dedea916-1c44-4495-be7a-fc234abc732c,83,18,2,853.34,2024-01-03,APAC
2cd167f0-6173-4b0e-94c7-fcce5f50ecfa,486,242,7,2500.15,2025-02-02,US
bbab831d-7efc-475c-9bb3-f12e7219d1f6,225,349,7,236.16,2024-11-03,EU
bc4dc0af-b82c-43aa-a42b-2820237904e4,151,315,7,1047.32,2025-06-28,APAC
ca702a0f-0b46-44b3-beb5-ee9e66655a15,112,397,1,144.62,2025-06-19,US
a45b1b7c-ff97-4816-a954-5c26cd37f20b,764,374,10,3294.03,2024-08-08,APAC
2b6b0514-e535-476e-993e-8aa5481f61fb,691,387,5,2278.55,2025-04-24,APAC
1537d259-4875-4f31-9e8c-2702785c5efe,587,485,2,514.05,2024-06-22,US
e46303ca-3328-4622-a5f2-5db45719039b,723,338,9,1592.71,2024-10-25,EU
ed0a9188-6e37-4c50-b575-183c5d8fe81d,426,376,7,160.69,2025-02-06,APAC
a93ebe0e-c2cc-41ee-95c8-995e3d5cca6b,946,181,4,362.48,2024-12-29,EU
749063b3-cb20-42b8-bf5d-7a1af4fea9c3,642,59,4,857.19,2024-06-23,APAC
762dab6d-88a1-47be-a65e-c1a907c52539,281,488,2,507.38,2024-02-23,APAC
6d33cff9-9cb1-47b1-a0df-bd36c6b4253b,331,474,1,396.74,2024-10-22,EU
56a2e6e9-bf37-42b8-9328-f66d1d2e5ea6,446,113,,196.44,2024-07-02,EU
3060451e-d6d3-4ce7-b380-f5a45ab2a404,492,412,3,243.37,2024-12-02,APAC
8af90794-d623-4988-86a8-5175721e5f7f,19,46,2,787.85,2024-03-07,APAC
8d23373d-1153-45a2-86ab-8bbc0cf095ba,742,299,9,2532.65,2024-09-15,APAC
7a4f629b-a6c9-40fc-ab76-6e2053ce2388,128,99,9,4112.87,2025-06-26,US
76511b55-12a9-4d48-8433-d1456405522f,331,241,4,86.03,2025-02-05,EU
97dc21b4-b8fb-4541-8137-25fe5c96c17a,585,492,9,2246.07,2024-11-07,US
f6230a7b-fe1a-42cd-a0d8-efac0e5a2316,86,41,2,495.24,2024-11-15,EU
661eb717-5b26-437f-a256-e0e0c1fb08e2,257,171,9,3697.59,2025-01-02,APAC
a7c0e3c8-a882-43fe-ba59-6341f3b385f1,704,125,8,1569.96,2024-09-25,US
47364d74-8f08-48b6-91f4-cea9e64180fc,538,13,4,803.71,2024-04-30,US
b7f5b6a7-7112-4d39-9b1f-1802ae19d349,985,450,3,1473.49,2024-11-21,APAC
21e1038c-48b4-4108-8080-4c106b364d8f,208,300,3,1260.05,2024-11-07,US
a91501f3-45a2-44a8-841f-faeb0ddde671,506,54,5,2000.07,2024-04-30,APAC
13a14419-13c7-40a6-8b52-09a4133e04c0,562,348,7,275.46,2024-09-02,EU
e4e95394-b847-479e-ae6a-7af79061e4a4,701,186,3,999.91,2025-06-30,US
41c49523-db0c-4a2a-8792-f5839d011540,107,400,7,2224.0,2025-06-10,US
21e2aff1-7d5f-476f-9a00-67acde471ad1,579,467,5,506.22,2024-04-16,EU
9681f7f9-482c-45e5-af78-f02a9057202f,297,215,5,2008.89,2024-05-07,US
788b6bec-8f90-404a-b1bd-5e431165bbe8,732,181,3,1465.87,2024-03-05,EU
20bd484b-7fb1-4a20-8cb8-3955b1060a73,656,207,5,1915.28,2024-06-12,APAC
c45d62f9-137c-4db0-9794-6136ec537b7c,229,313,4,1250.81,2024-09-18,US
8789259a-fb03-46fe-a0bd-026023d2551e,409,106,3,568.56,2024-03-25,US
29954694-18f5-4f8b-ac9b-ba5aab02e7f8,931,108,1,399.09,2024-11-21,EU
0a91fe53-375b-4e6e-b879-6b7972dcf132,278,396,10,3288.58,2024-11-20,US
d60ae8fe-641d-4312-8cc4-334e1cb85c15,90,476,10,1874.94,2024-12-18,US
6aa7f99e-a2b8-4a5f-a930-bdb170d6e8ef,229,342,8,219.54,2024-03-17,EU
1b9878fb-1ccc-4511-8677-f15391b061de,27,498,4,1368.52,2025-04-05,EU
0eb88cb8-d285-4c13-b2a8-36724d699bed,750,170,5,209.78,2025-03-25,US
10c4f51a-ddb3-4593-97a0-51b2bdb5e1b8,828,195,9,3371.0,2024-11-14,APAC
86c087d7-fd9c-4039-98d7-209e0bac65a5,587,261,7,1202.93,2025-04-06,US
8b242d8e-54d3-4972-8f99-a731b57a5041,644,354,1,163.18,2024-02-21,APAC
618c4b7d-b8e5-4c2a-88a0-5c20fec9818f,508,343,4,1666.64,2024-11-22,APAC
2e7de00a-d899-4afc-8fbf-2372b2bc7232,176,294,9,2576.09,2024-02-24,APAC
ad180103-204e-49d1-9bbf-3e11bbfd10e8,464,256,10,1201.55,2025-02-03,EU
5a0bc928-e478-47c4-b550-e600460fc6e0,309,282,2,855.99,2024-09-27,US
693ecef5-25bb-452a-9923-6c1b26dab2a2,560,90,10,2557.25,2024-05-12,EU
9ea8db92-bc33-4a7c-9e4d-94598a14372f,558,152,4,723.44,2024-10-25,US
ccca756f-b327-45db-beb5-b4c23235a11f,740,258,2,824.56,2024-09-08,APAC
856ccf7f-3148-4a55-a63b-19d8c5fa5db6,606,59,6,861.32,2025-02-02,EU
0af43bf0-e61f-4a21-9655-f7935b9e3037,400,413,7,1461.41,2025-01-14,US
664db6fa-9f13-4ab7-b5a9-4bfcf2a1c5f4,367,169,3,1475.6,2025-04-06,US
1e0580fb-1bcd-438d-acd0-26aa76ea37b6,940,284,7,80.81,2024-08-24,EU
825a6fee-f194-4d46-b5d0-33fc6fb20b91,349,486,4,1961.13,2025-01-02,US
a4f3cee5-c032-401c-8024-0eabaea05cfe,860,46,8,2223.35,2024-11-28,US
b31f3234-20bd-427b-903b-b3fca41f2360,152,326,2,907.56,2024-05-27,APAC
c79a2759-7af1-41a1-a7f0-7842d414f6ae,32,102,3,1047.46,2024-12-24,APAC
211f01d9-df5e-407f-97d7-609aada16fc1,553,24,3,978.54,2024-12-07,US
439775bc-6f13-4b55-8941-e53b94b09fec,952,439,7,246.66,2024-04-18,US
6efa4f76-ec4e-4ca4-a18b-a6b0035a57b7,850,90,4,343.56,2025-01-23,APAC
62c31be1-587f-4365-b3e9-1e8cfc2c78c6,24,352,7,2411.56,2024-11-15,US
2b409e7b-6eab-4477-a5f3-a7b1dd695fb5,55,348,1,383.31,2024-07-27,APAC
406d92cb-2b08-4d0e-97a6-9b7cb81adb67,221,175,7,3197.51,2025-03-06,US
e162327c-9347-4350-9e2d-f9c5b080b533,744,216,1,87.17,2024-09-03,EU
1519905a-bf65-4104-8aca-570375e991eb,632,417,8,2906.45,2024-06-11,APAC
679290d1-f3a1-49e2-abad-e86ff9bf57da,782,127,1,353.12,2024-05-31,APAC
5141cab4-df4f-4e6d-b7d0-32c6b24be4bb,249,71,1,244.75,2024-10-07,US
cace6c13-1ffe-42d8-9ded-496d65b60b9f,45,171,6,2087.74,2025-05-23,US
97e36d8d-4adb-484d-9ea2-b20e933c6dd9,34,444,10,3741.18,2024-09-19,US
b172926b-16c4-4dea-88df-95b107ea419b,58,26,,33.83,2025-05-23,EU
f38d91b7-422b-4d4a-a48b-532ac2a80936,714,383,8,2990.85,2024-05-30,EU
0c9796b8-4ca5-4e24-ac21-874d87b8ce63,76,382,5,1246.08,2024-04-09,APAC
f7c4f476-0942-4004-adc5-f008d92e083c,790,470,10,383.12,2024-09-25,EU
e848cb64-7480-404d-a8ea-6eaa962f927b,370,182,3,65.97,2024-03-16,US
1360483c-667f-4b0a-a1e9-5671e9060dbc,988,198,3,817.69,2024-06-21,US
885f88bb-7e62-442c-933d-fe61a65aeae9,665,229,,125.39,2025-06-05,APAC
6db95845-e622-4236-b509-08758bb25fd8,803,383,4,1461.94,2024-01-19,EU
084cdb92-2cb2-4548-8a43-56e0ea8c5a20,844,20,,20.3,2025-04-06,US
854962b6-d09e-4090-8f9e-b0334c07b791,962,44,6,1468.19,2024-12-14,EU
0248495b-09ba-494a-99af-325aaddbaf5e,8,138,3,1185.77,2024-12-22,EU
17c99098-0f5e-4963-a919-035ec3cb34c5,246,149,5,63.53,2024-07-29,APAC
4ff60130-6eda-4216-8b58-a5378f3c9e5e,801,220,10,2713.03,2024-10-16,US
8e30fc4c-b666-4fd4-a596-90c60f31e71b,41,366,10,1735.19,2024-03-24,US
92404f36-0858-46d0-815c-730a5eaef413,325,53,3,882.44,2024-03-18,EU
e3464e76-c122-415a-945e-59dbb33db5cf,171,251,1,329.98,2025-06-30,EU
f97f8518-0762-4b17-aaca-fa63af469010,871,493,7,382.93,2024-06-17,EU
8a8d28d8-7c63-4449-a74c-d842b1c4cc11,475,432,5,1439.82,2024-03-05,US
c5623192-365d-4012-b578-0be5e0a376a3,833,415,4,1336.67,2024-11-23,EU
bb8e9f5d-033a-4a17-aa47-62bbdad2cd92,716,92,4,1921.76,2025-01-21,US
a17abcca-b554-458b-978c-e257db8fdedd,668,184,4,225.54,2024-08-22,APAC
5f7f2abd-9811-4ae7-a332-a68a5bb74b03,282,185,9,245.14,2024-10-01,EU
1694dc11-8471-4752-a8f4-f219c77ef641,700,411,9,1186.27,2024-12-02,APAC
3d71b987-c01c-4b40-9dad-34bca68a90ee,197,165,7,3276.07,2024-06-02,US
bfc37ed0-8eca-4286-969f-2a54bef9ee9d,110,463,4,772.57,2024-10-30,APAC
46e0a368-30c5-4ff3-afa8-7a05e6579ae1,116,151,8,1079.68,2025-03-24,EU
35d3714a-6d18-4f4f-9da6-87e3bf4b25fa,400,373,5,1978.0,2024-01-06,EU
b2df738a-3cce-441a-a0a4-0c4cd39c0d37,783,291,6,1222.54,2025-01-15,APAC
c56cdae0-7587-447e-be69-f0be106bc0dc,37,277,5,1026.0,2024-02-24,APAC
abd42316-8f63-4731-8503-2e8352483cab,335,139,5,1340.12,2025-05-10,APAC
56f37fdf-689b-44e1-ada8-a03c1d60afcd,362,48,8,2910.18,2024-12-16,US
9bcf3bb8-2bbc-48c7-994f-8c1591490eb8,555,60,6,2229.95,2024-02-08,US
d3518ba4-9ae5-4674-9903-6dba56636e6d,528,164,3,1466.13,2025-01-17,APAC
50e7d339-00f9-47df-b8dd-fd4a7b9eab08,489,260,10,897.6,2024-03-08,APAC
c8d32d5f-8a5e-43a5-a833-8b10307e61dd,92,125,3,543.27,2025-02-23,US
add340e4-41e7-4853-af5f-4ee5af1eebf3,290,481,2,985.57,2024-08-24,APAC
910f80aa-d5ff-4656-b747-45a0fc916d47,815,162,1,151.42,2025-05-12,APAC
d748a797-e437-4fcc-8c97-3985422aa078,411,277,9,4044.72,2024-12-01,APAC
6aa4a003-9ff8-4ec9-b664-a58b7cbc20ab,835,410,3,1260.6,2024-02-25,US
18a98c61-a83d-43b4-ae78-dde5fe2be688,208,17,5,298.24,2025-02-16,APAC
08667f7f-ad91-41d9-ba13-9e91fb5c50d7,207,122,8,80.23,2025-05-17,EU
669a74f1-e15d-4ecc-9b89-bf7244d4153f,745,48,1,332.48,2025-03-29,APAC
993d19f2-45b1-4cc5-8b45-ea96961a1aca,120,331,1,258.64,2024-04-30,APAC
40c94822-d8ce-44e3-8b4d-4394a66b668a,80,308,3,65.35,2024-05-14,US
20fa8b46-4c78-41e7-adcb-f902626f0cc3,946,229,8,1883.67,2025-01-20,APAC
f89b4399-f5bc-45a1-b4c1-c93718a9152a,770,62,9,2777.09,2025-06-12,US
849ebacd-7503-4e20-8bc5-3d5ad7cc60b1,968,370,9,2933.79,2024-12-07,US
640898a1-d6df-4c03-a214-d0f6e5c911c8,228,424,3,985.37,2024-03-23,EU
d4ef33ef-59b0-4c17-a514-3a1e4ce311be,262,89,8,2148.5,2024-09-28,EU
cf26da5e-9a59-4778-aeef-5f5cd642de6b,826,37,10,4029.37,2024-03-13,APAC
cf153f18-17ce-4d8c-8264-15786feb2907,206,120,3,742.58,2024-03-01,US
cbaeac3d-3a3a-49bb-8461-bf6ce9a817c6,289,381,8,1833.02,2024-10-16,US
116568a5-5a25-403a-bad8-b23c7f6c8048,191,271,8,1723.86,2025-02-25,APAC
90dd9098-294f-4577-be4c-17cb22a22c94,474,8,2,65.23,2024-11-11,EU
8516e8b5-19e9-47a9-a9b5-7a36c3456cf3,911,89,10,4663.94,2025-03-28,APAC
55128007-a8c1-4bf0-85ca-04e1267fed09,798,138,5,51.48,2024-06-08,APAC
a29b77f8-5aa4-4ee1-9d5a-3f5a4813d447,616,142,7,2475.3,2024-11-09,EU
60488098-e5c3-4301-b407-0543c8c28371,134,325,2,574.8,2024-02-18,APAC
7ece3838-e932-4020-8ad6-9d1db79cbc7c,452,263,1,412.43,2025-03-14,US
c80760fe-37be-4063-a17b-44561f93e4ad,562,358,9,4061.99,2025-05-22,US
1c9c2c09-f23d-4f78-8f19-29b491c7c9b7,358,38,8,1222.71,2024-12-26,EU
096e19b9-04b9-4247-bb28-b9727d7d086f,399,273,5,1103.67,2024-05-19,APAC
e656b285-b165-4998-976c-d896fbd7fe33,366,151,3,81.49,2024-11-28,US
1cc7a82e-aae1-4f78-af52-93109e325c26,493,468,10,1647.51,2025-03-13,APAC
0162fb33-5e05-4b78-bba9-ae7e45bf6059,903,385,10,4085.24,2025-04-09,US
47a57146-4a4f-4bcf-b7cd-fd33ba130579,695,39,1,407.0,2024-12-13,US
f341162c-4c9d-4178-8f92-b3cff05b1c9a,268,113,6,1017.41,2025-05-22,US
869f4c59-6bbc-434d-92b4-98bd22ec313b,105,313,7,453.76,2024-02-24,APAC
a8218488-20c2-4ace-a99d-0b09df10612b,326,364,3,1377.13,2024-01-24,EU
f1cbc47f-c838-4164-a9f2-b08dcf45aa0e,25,129,8,1744.08,2025-02-27,US
907ddf18-5ab3-4356-aa88-7baca822907e,571,159,8,2211.59,2025-04-18,EU
6bb3ac5e-dbba-4212-9669-9250180127ff,262,203,,392.44,2025-04-09,APAC
bae7fc40-d586-4bb4-a27a-22f392511c78,997,221,10,4436.54,2024-06-13,US
a4775eac-1712-4c2d-92f6-e69d5d1b8685,682,363,7,1056.93,2025-02-14,APAC
70f7b5e4-e75b-4af8-afb4-fb685069aad0,284,236,6,2971.44,2024-11-14,EU
97d8d3d5-d504-41b5-9060-a086953e9420,691,376,1,466.24,2024-08-31,US
7339746c-184c-478f-8980-0e3855c6d5cc,432,377,2,690.7,2024-07-28,US
e42f1e98-3beb-4c79-8e6f-9511c1bb7920,73,65,9,892.49,2025-03-04,EU
0d0593ce-9ace-4b7c-bd3b-32f8171bd923,186,464,1,408.33,2025-06-18,APAC
c26c2d3a-8d56-4274-aa92-408bbceb789b,597,122,4,117.94,2024-11-28,EU
1cb248de-4187-4993-af54-463689849cad,101,278,10,3084.95,2024-03-05,US
639383bc-fda0-4709-975f-23d064656e75,680,24,4,1564.34,2024-11-30,APAC
b94ed0d5-8d28-4c0e-99bf-f470352623a1,464,342,5,29.0,2024-02-29,US
c6918358-2498-47b2-b5e1-2cf2b0cf2d36,696,414,4,26.93,2024-01-17,US
685e2ea8-bf53-4464-abba-f85b4cc45580,87,459,10,1723.61,2025-05-01,APAC
49055e2b-228f-4e2c-82ad-bab1312e452c,782,236,6,1188.22,2025-02-20,APAC
8a6459ef-409e-47c1-a5b4-440c53676502,496,220,9,253.66,2024-07-26,EU
cdb05663-7645-4b70-8c0e-987d0d9b7fba,454,37,10,671.64,2025-05-15,US
fbc7095f-1647-4e63-8440-6fc1f423458f,177,61,6,2419.39,2024-12-31,APAC
e8eda8ab-b3e7-461e-9487-9fbececc10a6,875,448,,102.89,2024-03-13,EU
f4f7d970-7c38-4dc8-9220-b1679782fd69,265,149,5,1199.03,2025-04-13,EU
14a2657f-2f71-45c9-bf47-6fb3e0507a90,400,266,1,307.06,2025-05-30,APAC
73713d8b-6f77-40fb-8248-242dddf4ba1c,862,469,8,3873.24,2024-12-23,APAC
6351ddc8-0adc-4a7d-b939-6e519ac1cc30,839,398,7,3218.92,2024-05-21,EU
77de47bf-71fa-4871-9a21-2b4bdf5b3eac,348,424,9,3581.34,2024-05-10,APAC
9bd62f83-5b03-4c52-a1b7-3bf644f6e09c,889,443,1,97.09,2024-03-27,US
05e6733b-79da-451b-907c-f0c363f88934,140,50,4,213.08,2025-04-03,US
7f26a786-2a47-4b0a-8c8e-b47e3c028594,946,378,4,1129.24,2025-05-15,APAC
c8bd6e42-d06c-49ea-8beb-ae48b85504a3,10,140,8,1702.15,2024-05-14,EU
11ca8fa9-2c0d-4455-a928-64440de44fc5,840,209,5,165.72,2025-05-24,US
300ff5f5-5635-44b8-9d6e-266dbcf3f062,973,236,6,680.23,2025-02-04,US
43f64552-c7d0-4f0a-a6a3-f2b1c5751299,827,10,,310.42,2025-05-21,US
a0e59e83-fbe8-4679-904e-7c3ef6b9eaf0,492,216,1,18.95,2025-03-29,APAC
37ba2a0a-9115-47d0-9e19-6dae86a71b8c,265,101,4,1259.3,2025-06-04,US
4e8a6fda-b934-4522-be61-cc806e14aa31,648,271,5,2034.25,2024-08-05,EU
e295fa5d-5828-4d8b-9a11-e3b8e9cd6486,373,225,9,2963.48,2024-04-09,APAC
5afc2ff5-3627-412f-b1f8-69d2eb7e828f,641,293,4,1576.32,2024-06-19,APAC
78cf3344-ba31-4b59-96f5-5f1cb2a855fd,900,407,10,1047.48,2025-04-16,APAC
bf021715-fd38-47e2-ad8f-2903b21268e8,63,460,8,3928.35,2025-03-08,EU
b1c61fa2-ef5c-4caf-a6b4-4ba7f227348a,690,409,7,1492.16,2024-12-17,EU
ebab01c7-2ed1-4d3b-8f14-9b31279b5e2e,251,398,5,456.22,2025-03-12,APAC
a0ac1ae1-3016-47ad-88ab-e56b32aef1a3,232,270,3,928.36,2024-04-07,US
982b58c7-fd02-4f34-b7a0-6fd055b51209,535,156,7,915.95,2024-04-29,APAC
7656506b-543b-42fd-aac1-7f128975851b,356,494,6,1559.14,2024-04-02,APAC
15f98e9a-4df6-4fb7-9d0b-9971cb21770c,563,15,9,4427.37,2025-02-27,US
12089f4f-dca7-487a-846d-db005e609f59,706,362,10,1794.54,2025-06-07,EU
5b217865-29cc-4d85-ad03-e3fa2fa440db,240,193,4,1367.39,2025-03-31,EU
f9d64848-d68d-43cb-ac1b-7a0c8892b35c,278,166,2,721.33,2024-12-11,US
d78d48be-a1e5-4e0d-acdb-c77eb9dfdf61,182,413,9,2206.77,2024-08-01,EU
dd0a5d50-4602-484f-9830-5228001e444a,541,237,2,199.9,2024-05-25,US
c9ee3548-c1e5-44f0-b169-9f96c7c6d65e,435,478,5,1384.59,2024-01-13,US
e5724442-d983-41d1-b074-b5fb32b259b5,386,37,6,984.63,2025-01-05,APAC
7fcc7fdb-0112-44da-b24b-8ce7c579d356,820,438,1,378.21,2024-11-04,APAC
03f4f6ab-e785-46cb-9b99-ccf11f2a6286,718,50,6,1593.62,2024-01-28,APAC
c7aae55a-90dc-47f3-aee1-b7674cc563ee,861,160,5,1403.17,2024-02-15,APAC
c1abfe85-60c4-4452-9d2a-ba2fe4750a66,123,53,6,1056.62,2024-04-20,APAC
35131821-4e2b-4920-9478-7d2963cb55f6,560,123,4,394.52,2024-03-23,APAC
785b5907-f02c-4349-b7b4-a45beda841b6,992,66,6,2909.7,2025-02-15,EU
d26a0335-ac3d-4a3e-aa82-2eedab004a84,473,197,9,872.25,2024-10-24,US
64d462c3-dd17-421d-a54f-b9f87be5a9d3,41,243,1,237.42,2024-10-19,US
465869c1-b7fa-4738-8a2c-71e467f1cb1c,773,52,7,3104.59,2025-01-18,US
55aaf406-80b5-4054-bd9e-4a0503ebe284,471,181,1,139.55,2025-01-28,APAC
6ea93359-7149-4ced-bebd-2e3ed4b7ce65,533,22,2,508.44,2025-06-14,EU
78e9b921-9f30-4fcf-a4fb-daa7b6010200,574,122,1,126.66,2024-09-04,APAC
d4bb4f0b-dd42-43a8-9f09-f4b314e4d72f,400,216,5,338.61,2025-04-15,EU
e8761dbc-da1e-4d0b-a755-bc5616599e06,1000,372,,139.58,2024-08-12,APAC
5bbbce77-35cf-45cd-8ba9-c858f9a9fd2a,213,132,8,2438.5,2024-09-24,APAC
77ab4b4b-91d4-4202-986c-f44d07848d5f,799,91,3,838.58,2024-05-05,APAC
c40eb9f3-7a5a-4ae2-ac58-8de0ecb23d36,473,246,10,4503.83,2024-09-20,APAC
dba5979f-f001-4d9f-b5dc-a7dca58d0438,546,13,10,1405.7,2024-10-06,EU
5fe8203a-2738-48a4-ba00-dc9f1318fb01,214,292,2,515.63,2024-02-24,EU
bb8d6a38-49ba-4f33-9f04-e30ae79259fe,639,368,5,751.1,2024-02-15,APAC
14a99fe1-f8cd-47b6-9f2c-a8054cef86e9,178,171,5,1267.48,2024-01-23,APAC
a6e811f9-2a3a-4017-a920-f7ab3626b94e,145,444,,436.79,2024-08-31,US
bd62d3c0-4b57-417f-938c-e70ea2d7f854,428,198,10,3491.61,2024-03-02,US
f4258253-151c-48dc-ba2a-293384e317bd,288,25,4,1655.84,2024-05-27,US
a50d43e7-112c-4f51-91ce-a12ef4127ff0,448,70,10,2877.62,2024-06-09,US
06f6243a-ac7d-4312-bcbc-d5c42466eea6,699,319,,477.44,2025-03-01,APAC
07a2950b-e854-4876-9cd5-bedc415c9e57,453,93,1,121.37,2024-08-25,APAC
c56175b0-a4ae-444b-a7df-c693d7d96f97,373,338,2,422.57,2024-02-15,US
13afdf30-9988-4254-afbf-c636a97593ff,363,209,4,926.15,2025-02-03,APAC
b798e0d8-2d0f-49a2-9c3c-16ca7e6fb1f5,769,436,6,1422.32,2025-02-19,US
0d212b85-15bf-4e16-acf9-bf2b25947df1,312,213,3,1018.95,2025-06-30,US
f8da096e-d30b-47f6-96ec-114fb5541588,565,115,3,1321.0,2024-08-23,US
3c38aae9-7085-4c6d-a3eb-83171f748017,811,292,,92.88,2024-09-26,APAC
76a01cb7-3916-44a7-9173-45b6817faceb,718,332,5,2454.92,2024-01-25,US
b6acf53e-99f9-48fd-b27b-81895ee63aef,380,37,4,1015.45,2025-07-04,APAC
edca6cee-6a09-48df-889c-220f95b60cb7,287,188,1,397.21,2024-01-21,APAC
7bd2b849-6d2d-4f82-aae5-d4eb9e872b6f,485,311,5,1519.31,2024-05-05,US
f43139fd-6e15-44f9-9650-5af443aec90a,431,11,5,283.28,2025-01-30,APAC
24f138b6-08a3-45be-a112-213af8041701,884,111,5,933.81,2024-01-25,US
34e61820-4e07-4899-9e69-932f1f1c707c,312,181,10,3306.01,2024-04-21,APAC
5a7fab57-976f-472b-a571-e29e4e483ef1,170,161,1,438.63,2024-01-20,US
1e9777e6-b901-47bb-b45c-7dd593fcefa2,968,340,7,1861.85,2025-05-02,APAC
90b5ecdd-387f-4046-9d7b-585f3e27af8d,17,284,3,808.68,2025-01-24,EU
9e6f7892-6ba4-4128-8bd7-7c4c97dfd01a,261,35,2,776.81,2024-02-07,APAC
3ab819cc-c294-45c2-b4f5-30301275be5b,665,274,9,3105.29,2024-06-02,US
d62a9970-8029-4c07-8356-44e9104055a9,798,361,9,2579.3,2024-06-05,EU
a019fc6d-399b-4583-a40b-f976f05ee1f3,871,80,8,1635.67,2024-11-12,APAC
77f7f67f-77a4-4499-a738-3bae326b46f7,359,258,5,1218.28,2024-01-20,APAC
f526f414-961b-48b6-b5b7-64a615b05a2b,585,311,9,2303.85,2025-03-26,US
cd454230-707d-4a06-a21b-0df15e4d8f42,756,466,4,118.39,2025-03-19,APAC
4cee38a8-c1d4-4856-bb07-77e45837da48,514,491,10,670.91,2024-12-23,APAC
4eb4df4c-21bb-4277-a8a4-bee4dc432c69,599,212,6,271.5,2024-05-06,EU
2ad5c8ee-0c05-4139-b8b5-e3b0b1a364cf,451,14,8,3549.24,2025-05-01,APAC
a6c498b8-c325-4248-81b2-9049e42f2726,905,74,8,2660.71,2024-12-12,US
35ec281c-7dbe-479d-b691-e7bacff785f2,673,72,8,195.17,2025-02-02,APAC
bed416cf-cdab-447d-ab13-03e3e13b529f,791,136,1,49.03,2024-01-17,EU
2329c5cb-1177-4913-b6c1-dcddde6254e1,147,187,1,156.49,2024-06-10,US
d69c08bd-828a-4991-8a4b-4bf4cefeddc7,683,260,3,418.6,2024-11-07,APAC
6cdb552e-6fd3-4a8e-9bd6-107fede1d07c,891,33,5,1405.32,2024-03-26,US
cf4f0df4-0f0e-43bf-8e26-08f26fff0b64,449,477,1,25.41,2024-07-23,US
ad72ae75-ba73-4e40-9fb3-2672902c8726,325,126,4,967.64,2024-12-21,EU
c565b930-56c9-47eb-9668-41ac52625041,72,430,4,612.43,2025-05-09,EU
c985885e-5ab3-4a2b-9a73-eb7b4e17aa6c,749,240,7,353.47,2024-01-30,APAC
b41da61f-dbcc-457b-8d88-e0c513a71cf1,95,184,10,3955.29,2024-09-21,APAC
eb3ffbbb-9fd0-432d-8dcf-e6e3a711b1e0,402,47,5,1170.02,2024-08-30,EU
64eebb8c-2eb3-4533-a1da-279f681194a6,75,373,6,577.29,2024-04-26,US
e8f05f66-2cb5-4746-b7b7-f945a7db2952,377,299,8,1141.76,2025-01-26,EU
b7c7f340-e71c-4625-95e8-97c58a873d6c,386,297,4,812.52,2024-10-19,US
6d0806c2-eceb-4957-87cb-a80956a7e706,890,254,2,473.25,2024-07-02,EU
12169033-d500-4261-9adf-ecf1d2212c59,398,138,2,593.19,2024-05-09,APAC
b48f03b6-fa72-4a62-8703-84a27bc89032,205,133,7,1357.36,2024-07-30,APAC
c502c998-6273-4b60-ba9b-39b7d94f9fa9,377,278,4,1573.64,2024-11-10,US
6e65fb3e-cf26-4173-a862-4da968f99590,914,57,1,237.59,2025-02-26,APAC
ff889bff-5d95-4c1a-88ef-4b2d1f5a1d58,429,28,9,321.36,2024-09-02,EU
fe337aef-755e-4a11-aae8-b62d524e591a,98,165,6,1429.05,2024-11-15,EU
eff5bfbf-b758-47e6-ace1-2dc2fb6ced5d,295,439,5,2321.25,2024-04-24,EU
2977689a-9a84-4cf7-a000-ef7af89d2168,591,110,1,62.25,2024-03-24,APAC
082c4b90-062e-428f-a8d1-4784b37641ed,249,376,10,3593.6,2024-09-01,EU
0f3e35a1-a608-486b-bffb-90e4f092d49e,304,251,7,2434.1,2025-05-06,US
9c4f31a1-b024-4da5-89b9-f4b54e235923,534,490,4,41.4,2024-06-11,APAC
e267432b-2b97-47ec-b667-ae4fde766c5e,803,461,4,1724.7,2025-05-19,APAC
7f73e7e6-1a5e-4c91-9aeb-96de09d2e346,567,169,8,3906.91,2024-06-06,US
2bf49bb9-62c1-4b2d-b595-49e994036f07,149,223,1,197.02,2024-01-11,APAC
c11ea9bc-e3c6-45d5-80bc-2e23b01d479c,328,435,3,361.84,2025-06-16,US
21b7995d-6599-4ec0-81b0-302da12c0893,965,353,9,1419.0,2024-04-21,US
047642c1-035a-4b18-8d1d-34d74112afd6,691,430,6,212.36,2024-09-24,US
85ddb320-aafa-42a9-9b6e-ad3f0c4090ea,136,269,,182.98,2024-11-08,US
7d5866ef-4a34-415e-aa00-5b45ff8ea438,218,94,3,437.85,2024-08-27,EU
7fa9a3a9-f831-4b6b-82e1-fa9f264848a3,913,87,10,3625.36,2024-02-28,EU
384c36c4-7f1b-4b6a-9dff-881837345d86,418,205,5,2140.97,2025-05-29,APAC
69ce3433-b6e5-4bcd-a20c-bb3f995ce292,220,360,1,16.46,2024-04-15,EU
5e87d965-24cb-4050-a8fa-fc7f5b77ca65,299,7,5,2320.39,2025-06-30,APAC
d2dc79d8-bb8f-4bff-8b90-4d3ef1fd5195,32,420,2,93.83,2025-01-23,US
d5f4262b-af19-46d9-97ab-e15d3d2a6ec2,725,352,6,2018.28,2024-10-27,US
5505b224-66c7-447f-8c03-d2671483a61f,638,386,8,1773.81,2024-01-30,APAC
5e74b299-4869-4ebd-acc6-11ab84d57874,644,225,8,234.08,2024-01-30,APAC
fbd0337c-ef92-479c-affb-ef39fa244954,825,45,8,658.42,2024-04-14,EU
c7e80a07-1602-43d0-a52b-b06426dcd032,158,159,6,2756.71,2024-08-09,EU
9f52f10a-271d-41f6-b73d-1b9beb759fc8,630,429,,389.04,2024-10-14,EU
51c0276d-22c4-42f3-92b7-137eacd8e238,936,488,4,452.23,2024-11-19,US
2349fc73-be74-4120-a354-19cd44592ca6,922,334,1,195.36,2025-04-21,US
a6966168-8c8d-42d1-99c6-a10a346b5ece,70,46,1,113.18,2024-09-06,EU
b7f64afd-16fa-436e-a542-e84937fb4963,795,99,3,54.58,2025-05-26,APAC
0cfe84df-039f-476e-a7e5-cf68f7a62b09,808,378,5,1803.23,2024-02-10,APAC
130aa39e-01fc-491c-88b0-a1990b554230,463,183,6,475.72,2024-04-28,APAC
e7f76e0c-d707-4666-93d7-abf32142360f,482,176,2,842.66,2024-07-06,US
8266e228-156b-41f3-b3e6-1a2704c85ae5,384,339,6,1301.97,2025-01-01,APAC
25ac1737-6601-4f21-8e78-e414ac229bbb,215,358,7,1192.77,2024-08-01,APAC
99e6a94a-72ac-4e59-8555-e632b426f147,287,391,3,1094.4,2024-09-21,US
72033ea8-ab8c-4d27-9bab-a256e4cf58d3,748,84,8,397.13,2025-04-14,US
25468634-78bd-45fa-aae2-b17d205a53d0,926,253,6,195.57,2024-04-24,EU
ed189772-9307-40f5-8bde-1ccd410ea365,274,243,6,2096.26,2024-11-11,APAC
1c5b7f82-1ca1-49ba-b351-d3818644ee44,901,361,5,2089.82,2024-11-01,EU
3510e959-0653-49d9-a95a-def124d75aaa,964,80,8,2755.6,2024-04-06,APAC
d43a9595-3eed-433d-a2dc-eb5e6e0b3d7e,958,281,8,725.15,2024-01-10,US
c9918d39-a586-40f3-a310-c0285128645c,489,478,2,232.92,2024-09-08,US
f644e18b-5534-40e9-883b-c3c89d7bafd8,87,207,5,415.04,2024-07-22,EU
5662b217-8c50-46dc-83b7-c2b97265b420,851,170,6,2665.6,2024-07-05,US
03fcb3a3-3259-420e-b40e-422c0639f2df,283,416,3,911.07,2024-03-12,EU
54d8fc41-62f3-43ac-b2c1-a7556bbc2a74,367,73,7,2839.18,2025-02-23,US
4fa66ec7-c863-4ace-9a84-8977e6b5647f,137,130,3,1449.38,2024-04-24,US
7e21d43c-dce2-4659-8eae-549b0b83f8c3,507,9,4,1177.42,2025-03-28,APAC
11760e0a-3790-4a3e-923b-2918efaac5d9,731,233,6,1865.93,2025-01-18,EU
80b9e1bd-f843-47c3-9fc9-2ae9fbfff035,142,121,2,176.09,2024-07-29,US
00c80daf-1cba-4852-9c99-6f9168306b8c,520,39,6,1154.29,2025-06-29,EU
9b500e65-309f-4f17-82fc-e9d10e26f90d,95,374,6,2783.82,2025-04-30,APAC
db5e5a55-a6fb-43fe-952f-3b8b46a81e8d,467,277,6,1007.25,2024-09-09,APAC
1a7907c9-4b19-4f1c-b52f-277a8c414416,933,225,4,421.47,2024-10-01,US
863eaa60-a6a3-4e1a-a47f-f0d6a078b8b0,63,380,5,1383.21,2024-11-15,APAC
5dc1c519-62d7-4f07-ace8-74fd828b7f88,26,5,6,560.78,2025-06-20,APAC
ba204922-1d6c-4e3a-a7e0-1cb7bbc04115,797,107,4,916.28,2024-07-14,APAC
c6d34a7e-6fc9-4ef1-8d90-cfc333a078b5,175,355,3,917.2,2024-04-21,EU
647bfbb7-51c5-4724-ad1a-af2acc5daecf,19,398,4,254.54,2024-04-23,APAC
1a40cac4-8ce6-49c4-92cd-ab00305d126f,33,214,4,289.1,2025-06-21,US
679587d2-6a24-40a1-bdbb-b2f33da18e45,419,213,2,826.62,2024-09-21,US
18fc6e54-067f-4222-8ef1-866498086f32,720,21,1,405.04,2024-08-28,US
4614996e-13e8-4584-bc12-451d7b56fee7,66,227,3,276.37,2024-07-02,EU
11a4cd72-04d2-45e2-a2b8-d1734a5e7d37,448,384,4,1702.11,2024-06-02,US
f4db7de1-46d9-4ac5-8421-e535a100ab26,230,432,10,778.75,2025-04-13,APAC
e24d78f1-b222-443e-bb17-cf05ee5b86b3,114,340,5,1905.94,2024-09-19,APAC
3563a9aa-ac8d-44e0-b2c6-ebd197ab6a6e,744,359,8,3345.25,2024-01-21,US
a36d79f0-2f48-4871-a39b-0371bedd985a,341,347,2,543.6,2024-06-23,EU
d2a57b16-c2ae-43b6-9ded-072d5ba50bcd,958,261,7,1154.74,2025-02-15,APAC
298afd14-a993-498e-8857-74b9a83dd60c,873,264,2,443.74,2024-04-08,APAC
b3ea75a5-566c-42d4-96ca-392b40e4bdda,862,68,6,539.48,2024-05-08,APAC
75e8b459-579a-43aa-b9da-fc90fe99826c,840,180,6,663.09,2025-01-09,EU
0fa923a6-b818-4649-ad68-70993f3adc39,866,193,7,2766.92,2024-12-06,APAC
47f4d2e3-8075-4a90-ad73-e734c795c98d,843,444,5,1537.41,2025-04-19,EU
dd73507c-1e0c-41b2-8761-4e42badc46f5,774,405,6,160.28,2025-01-06,APAC
d0fd4639-bba0-4bc9-9ea3-29aef4bf572f,604,412,6,2255.6,2025-05-04,US
3f798127-a683-44ed-b319-0bac6dce7c4e,331,173,2,242.92,2024-10-01,APAC
2a89a238-0f32-49d8-ab35-c076c11e6214,543,319,10,2752.85,2024-11-05,APAC
bca82082-4c7d-4472-aa54-38e2871ae2fe,673,363,9,3577.71,2025-02-16,APAC
fc5db263-cd9e-4d72-9923-572f5c00f1ac,593,65,1,352.98,2025-03-31,US
baa43fe7-d3ce-4654-9e4a-61090bf86f38,712,192,10,524.31,2025-04-12,APAC
26d7136f-4a3b-4d81-8537-3b56e5abaf9d,982,418,7,237.73,2025-04-02,APAC
5563d5e4-dc44-4205-95b1-c0ef81998b5f,749,12,1,137.29,2024-07-27,US
71672737-6264-4e81-9e0b-be6670148159,945,13,3,216.26,2024-02-16,US
1857fa3f-2af8-499a-bf02-5c5b131f96d8,106,146,,200.4,2024-07-30,US
74af7661-12f2-47f3-b45d-4d7c4b02387e,314,9,9,1788.01,2025-03-27,EU
d48e067f-89a5-459c-873e-ea5674fb3877,181,458,5,2024.4,2024-10-02,APAC
d62a442a-792e-42aa-8217-d3a9b296bef5,907,308,5,149.68,2025-03-09,APAC
6eb48122-9fda-412e-b23e-5a11d8e589bf,71,78,7,1788.72,2024-05-23,EU
2754657f-6fed-49eb-92ee-098fbf7ad3f1,196,95,9,4244.95,2025-04-30,US
4ce01db8-8dec-4d54-be24-97fc73be8b8c,952,144,8,1499.32,2024-12-03,EU
