sale_id,customer_id,product_id,quantity,sale_amount,sale_date,region
d1a58c09-cab1-490a-8d6d-25e93a51a30b,258,73,10,214.39,2025-04-28,US
7e8be650-c073-465b-96d6-178195fa0fac,111,146,8,296.23,2025-07-01,EU
3db1b657-61aa-4b40-9ad7-c3386252bfbc,986,115,10,3236.05,2025-01-26,EU
fc68c258-cb2c-4e8e-a718-fe43a4e2eaf1,224,3,4,614.02,2024-07-22,APAC
c483178d-46b5-411e-ae18-af97a1e772c7,939,383,2,408.27,2024-08-13,APAC
25ede8ce-46f1-4cc5-8bf5-ec2e08d05e98,150,146,5,1539.2,2024-12-20,US
a548de42-0732-4391-aef4-01c9e1d93b19,395,413,10,1892.78,2024-12-15,APAC
864db6a5-cb0d-424f-9d8a-1f3da475454d,813,304,1,9.13,2024-05-28,APAC
76534125-bc47-4835-bedf-b693cbe16db6,95,373,6,2637.7,2024-06-07,EU
381de178-d133-4944-96be-1c40f0d35da3,805,196,9,2167.8,2024-06-01,APAC
c1ff0f88-c221-46f4-8560-c1a46075c8ac,962,177,4,722.0,2024-04-05,US
9dfc5ec3-1095-4a24-9048-c1f81577fa4e,356,178,8,2794.32,2024-09-08,US
5027d913-d518-4c61-96c3-d6a819b2b08b,492,241,2,517.65,2024-08-22,EU
8ea27e61-626f-453f-b34c-f7b1bd859556,107,220,9,837.89,2024-11-11,EU
9befa89d-c379-4874-b1f1-eebc0e2dfbea,631,336,7,2145.64,2024-03-21,EU
dec4bceb-d662-48bf-b3a5-5485cf843b15,486,421,1,117.73,2024-05-11,US
1b4102ae-6087-42d9-a0da-2f8bae3c7da8,242,9,10,2971.21,2024-06-10,US
b4bdfd0f-48cb-456a-809b-da43faa198b3,502,491,9,2992.92,2024-05-15,US
32a04e33-bea9-4edb-bc3a-aaf1c12bec87,63,283,4,1240.61,2024-05-27,EU
87213b35-17a6-4685-9779-de59bd2cbab7,839,388,2,456.48,2024-08-28,APAC
7385cb21-0d26-41b2-92fa-62429313ff13,106,424,7,1666.65,2024-07-28,APAC
61203999-9de9-41a6-95c3-b594aa4b92aa,528,71,4,369.68,2024-02-07,EU
2b34bd47-4827-4bcb-83be-5f8fa180347a,781,228,8,1103.77,2024-11-07,APAC
6a275eb2-8d23-4044-bb75-d18a3df63ecf,93,323,3,1125.5,2025-02-10,EU
0a93b2bc-fad1-48cd-9951-4053b96de10f,821,17,10,1627.64,2024-03-22,US
01820f3a-7c28-4e43-939f-f5fd42384ac0,777,52,7,2800.28,2025-06-14,EU
054793b6-889e-4d2d-8ede-e94dce4cd20b,897,492,2,264.19,2024-09-21,US
d34d0b4d-1abf-438a-9ded-c3bc612c7890,463,353,8,1798.69,2024-04-29,APAC
7bc33d6e-a788-4590-ad0c-46f481ae4d91,219,49,3,1394.74,2024-06-15,US
67c3dbc9-c346-45c8-ade1-687e9062b6e3,827,238,5,1164.47,2024-09-07,EU
f77a4f75-b113-459d-83f6-784a4fbaecbb,467,480,5,1287.66,2024-12-10,EU
8883499c-67f9-45bf-a533-542e2e25c9dc,561,28,10,4330.99,2025-06-21,EU
c9984baa-b55b-45be-b430-77932f598397,270,198,7,275.86,2025-02-04,US
2fa888bd-1926-4d25-90b0-afd3258f3d6c,874,477,3,893.14,2024-12-04,APAC
4a21d00d-6097-45c6-a0ac-e82525ddaeef,688,351,8,3141.58,2025-01-04,EU
03c30e21-9529-4cc1-8020-aa5da0b48428,381,462,9,4413.65,2024-11-08,APAC
292bdd13-a060-45b8-be2f-32ebe69dbc2a,261,117,2,579.76,2024-03-15,EU
4c4dd2ca-e64b-4b80-b722-184e8e41b0e0,208,39,9,1707.94,2024-12-21,APAC
e3518f57-5416-4290-a674-8eca67f9808b,487,132,5,52.84,2025-04-24,APAC
52f15e50-c199-4a16-88ae-37be5b478075,758,45,1,419.54,2024-09-21,APAC
974fcad7-0f10-4ad8-a2c5-6e3b26b4a9e0,393,223,9,1839.77,2024-07-17,EU
b7ed65be-bbfe-40d3-8e2a-e603cbbad463,241,186,6,808.76,2024-10-12,US
2c4bd391-bd17-4ab7-a133-4759ee84bf51,557,70,8,1246.64,2024-04-20,EU
938557e6-c976-4bb4-a05f-11b6b896ed65,410,400,2,255.17,2024-03-31,US
a1a9d18d-c204-4fb6-ad69-b727a219c15f,498,257,2,863.0,2025-02-19,EU
bfb3ca4e-4054-43db-9f89-708ead06956b,5,259,4,645.43,2025-04-15,US
f3ea40c9-ca5a-42b0-b8c5-f4257255088c,884,291,7,2911.86,2025-02-15,APAC
82244fb9-8696-4ae7-8e21-387f8331e399,454,93,7,2924.93,2025-05-23,US
b312388b-9866-47cd-ba8e-e27b9d9cbee1,227,393,2,761.65,2024-01-20,EU
12e50007-636d-4f91-a4d4-d857c2b6f070,380,377,4,1685.28,2024-02-02,EU
f8b7a1d4-3035-4f84-9660-f1c0c3ed892f,663,11,10,109.18,2024-10-06,EU
cc5b69a3-65f8-44bb-8cf8-b43a3677925a,473,458,9,2662.86,2025-02-04,APAC
1bc7338a-2675-4dc0-99b8-90aeccd48f95,14,206,9,175.06,2024-05-24,EU
8e672552-8712-4829-b562-b543959942d2,312,18,9,3360.09,2024-10-15,APAC
5589467d-f208-4678-a2ea-eacd3f981dba,293,225,9,4032.64,2024-08-05,APAC
0f8a59dc-7bc6-4dc5-a05d-77c2244901fa,112,448,5,2038.26,2025-02-15,APAC
2ed05026-7662-434a-b6ae-96e1f8df9478,751,416,8,3208.66,2024-05-26,US
4a37ee6a-0645-4c36-a4a4-40ce8aec5d42,16,128,7,1021.72,2025-05-01,APAC
9f8532c4-d7d6-48d7-bbdf-77f3713a9389,729,445,8,380.29,2024-11-13,EU
a5e27b9a-332c-43ef-913c-9ee17a4d62ab,605,419,2,800.46,2024-08-04,APAC
c17ca454-8443-4b50-9e47-5e18d1c06d7e,75,350,8,1399.58,2024-04-11,EU
611ab7b7-ce52-4167-b07f-dff2fbb8ca7a,278,405,3,1376.53,2024-01-07,US
faacd4b0-aa15-4671-bcfb-6204366a534c,404,173,10,2936.9,2024-05-24,US
de10e0a7-53f3-4bc9-89a2-e1880c5919f1,355,343,2,852.78,2025-03-16,EU
e8418962-38f1-471e-b93a-19a6224cb8ad,632,370,9,4182.1,2025-04-30,APAC
22d9e395-fb88-4a57-a979-b9b4c947097b,453,27,10,3913.75,2024-07-27,EU
bd99e86d-8a11-4e55-8276-7578da1673e5,605,87,3,122.36,2024-10-20,US
a577ceb3-7a0f-4f29-8205-9c18a20dd9c1,383,475,2,494.68,2025-04-06,APAC
7312fa2d-e529-45ad-b5c8-e646af634ad2,748,154,7,379.86,2025-06-15,US
5fcdf5f7-d7e8-4632-89f5-c3159d4206c0,796,208,6,2553.2,2024-05-08,APAC
305f7fa2-6f4f-4deb-8740-f82833a26106,574,461,2,997.63,2025-01-22,APAC
901d0d05-b3d1-4df7-ba40-12987132ca68,674,10,2,565.29,2025-04-25,US
4a54b69e-2033-483c-808f-08b8d55b09a3,199,325,9,1898.64,2024-07-25,APAC
102ec8ba-a91d-4a33-ae0e-098d626ca062,868,363,1,369.25,2024-03-31,APAC
116243b2-d3ff-4556-98b3-1b6038cf3106,316,117,5,594.55,2024-08-28,APAC
900f91a1-a621-4b9b-9665-d018944c609e,735,167,10,1913.62,2024-04-25,US
f8ab23b7-abdc-4325-b501-b812eb61d372,989,4,6,913.26,2024-05-09,APAC
db327181-0c2b-4367-a6e7-7ef0a35fdf41,265,304,1,80.81,2025-03-18,APAC
8d243db6-72ac-4a3c-9657-0d5279ca90ac,208,362,8,3401.47,2025-03-14,EU
25671c57-0397-4da6-8b0e-4b3a17e769ee,656,99,10,3657.68,2024-11-18,EU
2436b258-0985-42e5-8565-6e4a62260113,165,26,3,881.35,2024-09-25,US
82a28af6-f440-4e7c-8c4f-3a10bf921e4f,547,27,9,77.09,2024-02-14,APAC
b6530c93-cdde-447e-a9a3-ca3b8f6bbdb3,130,182,4,1533.36,2024-04-08,US
76344a7f-1367-45fd-a80f-b66a51d282e7,356,8,5,586.77,2024-06-13,APAC
98b8e10f-f192-4832-935a-141d25007d32,583,215,8,1077.47,2025-01-27,US
5083afb0-6500-4f49-8e0c-4d5cde9f7f30,412,453,1,481.73,2024-01-22,US
b5a2d555-eb41-47b3-8f9b-05e148b6c3a3,954,369,1,419.42,2024-12-15,US
2685a3ed-f45f-4c56-a4ec-cea1f299389a,612,337,10,2853.73,2024-11-23,EU
30036d52-4f7a-49c4-91c4-8009478ed63e,925,129,8,1432.96,2024-07-16,US
a9c28c55-6f96-4553-a590-4a4b345b8b24,26,114,3,995.41,2024-02-29,EU
97996298-00f4-48e7-a824-b1fa323dd939,212,326,6,1046.3,2025-05-23,APAC
b8db3587-653e-4acf-9b0f-63fd2a8d3325,406,106,2,501.88,2024-11-01,APAC
442e2190-3bf7-4e86-b58c-7ba8a8e05457,794,178,2,251.79,2024-06-14,APAC
349f567b-1183-4199-9bc2-b6b21b6ea72c,603,146,9,1027.43,2024-11-22,US
2b1069b0-0157-4425-aefa-3fc0d5c82c20,536,20,6,1984.31,2024-12-19,EU
4d4b662a-8a8c-4604-88aa-1940b86e9da6,493,461,6,243.55,2024-04-27,EU
a8e0a2a2-f078-488d-94f1-5e90d9fbcf32,105,309,7,3402.09,2024-03-25,US
389a060d-2158-4ced-a6eb-26b352572951,555,134,6,1248.09,2024-05-20,US
90c0d97c-25dc-4e89-8616-4d355a30f7ad,810,336,9,3486.14,2024-01-06,APAC
4625ac1d-2ff5-4894-9c61-b7a929136920,239,126,,351.98,2025-03-09,EU
9e03ea6c-3c40-417d-95dc-e35a5e90b7a8,613,450,7,1690.74,2024-11-10,US
457a5274-996e-4b59-89e7-9222b5c5cd48,982,25,9,1991.79,2024-06-06,US
ecc8f5f6-e793-4c54-9b66-38f552c09d50,21,310,6,2998.25,2025-05-30,US
7ca3a7b2-2976-4639-ba81-eb91b655669d,785,313,3,68.53,2024-01-18,US
ebf7e68b-34ae-40cb-a3e5-2710ab934daa,517,52,8,3854.17,2024-11-28,APAC
00591e8d-c206-4095-9ddc-7f735c8a2c46,473,317,4,1143.27,2024-04-05,EU
f33699c0-446b-4817-9611-d30517423540,581,371,10,882.62,2025-04-05,EU
824a69d1-3a0c-484b-b776-de91a24a211a,972,187,1,164.4,2025-04-23,US
304abf81-d2cd-4acd-be3b-5866d89df14c,791,176,2,978.55,2025-03-20,US
29b5ec25-eaea-481e-9e6f-17e87448a22a,833,108,8,2247.61,2025-03-25,US
c6f195a6-9c51-4a16-8b9f-b58a8efd2155,513,309,10,1192.4,2024-08-15,US
122f1107-79a1-454b-80ae-ab749a253ebe,576,391,8,3416.12,2024-09-23,EU
be89f239-7b9e-40d2-a4ef-b682d4865c64,545,413,5,2157.12,2024-05-11,US
6c470b54-ae24-4ba8-bdd7-d63aad619259,734,478,7,917.51,2024-01-02,US
bef8b738-38bb-444e-a71a-8f694c7283f4,18,23,1,9.18,2024-09-19,US
ac3a7ca3-2b07-4f22-b01b-a7b68d1fa626,888,465,4,1922.4,2024-03-13,EU
79e52f94-cfc7-405f-a859-7f9dbfd7325c,765,149,7,1960.23,2024-07-30,EU
01e7f7ec-1c18-44dc-8f52-9d0ab7853a62,631,490,1,465.05,2025-03-02,EU
d92e7061-9e8c-431a-9079-6d3de7d881eb,133,224,10,4485.19,2024-05-22,US
8b053f54-1b5f-463e-a36e-7495c4a44725,949,371,3,236.93,2024-03-21,US
b48c26db-faf7-4350-a311-c26c367ca524,22,23,,416.21,2024-03-08,US
d26b246a-ae88-4a58-bcca-e49c35f5ae35,766,267,5,887.98,2024-06-01,APAC
c86d407a-27a5-47d9-af71-cd999c81b74b,808,158,6,2472.22,2025-04-07,EU
a32ec932-7856-4431-b05e-a3a38da2e5fa,223,254,5,777.36,2024-07-01,APAC
4b5aa1de-521a-45b0-bfc2-160c40a37fd0,155,229,10,2411.68,2024-07-29,EU
6834e2c1-05ab-4e88-929d-37491372e5ff,379,213,1,121.94,2024-03-07,US
99af340e-3ac8-4e93-9f86-32c422ee22b1,405,313,2,314.89,2025-02-05,US
70fd37d7-d746-4163-b1d1-95f2994f08e2,667,410,9,3703.46,2025-02-17,APAC
cc05c04e-1b78-472d-9c2e-2941e5701b68,353,210,9,467.71,2024-12-03,US
ac9f07cb-21af-44d9-a35f-d700ab90f7e2,637,225,5,1443.59,2025-01-05,US
36477ad8-6474-4762-b1f0-59d3563f4292,30,338,3,268.06,2024-08-13,APAC
19f255e5-35f2-42c3-abb4-39ae50432bfa,842,185,4,772.49,2024-12-22,APAC
eaa614ee-9b0a-48cc-86a5-78a9c14db3f4,832,190,10,3301.84,2024-01-02,US
75044b9f-058d-4812-b748-eadf663606f9,248,398,2,759.28,2025-03-15,EU
b6acddae-2e68-4f2f-9560-daace0577821,483,225,7,3251.6,2025-04-21,US
8da6f442-8552-49d2-a82b-a4043ad7a68a,665,66,9,1843.17,2025-01-07,US
6960007d-f140-464c-ba70-d7b0414ce4dc,242,313,6,2787.79,2024-05-23,US
000c4c34-661d-4408-a7d1-269c397e50f9,705,418,8,3618.6,2024-07-14,US
89955110-a1df-4906-ae51-4e8c08c7d1eb,575,354,3,35.96,2025-02-09,US
614b130b-2bb0-47f7-af67-773e48a32cb3,161,257,3,832.82,2024-07-23,EU
b8b32cd7-73d5-42b7-a6bf-b12882850a6d,648,381,2,622.11,2024-02-15,APAC
23874527-5c6e-4e8b-8413-47e24d16d1f9,878,47,2,336.68,2024-10-09,US
a256cd7a-d7b5-4fab-9832-b43afc80140d,259,357,4,1529.24,2024-03-27,APAC
c03925e0-f5b9-4eef-ab60-6d7d82ea0c62,276,21,2,63.4,2025-01-30,US
069f6396-dc3f-43c1-a128-1a61a3f19347,159,297,8,420.71,2024-10-01,EU
e04c3d38-4928-4f8e-a7b6-099f0eda4d21,729,381,4,1760.92,2024-12-31,APAC
7769df2f-0d30-4ae1-b126-5f38c1bc87f7,31,108,9,2684.19,2025-05-31,US
0e871edb-ecaf-43f6-930e-7132f592d390,250,383,8,1841.3,2024-05-16,APAC
404ef465-15af-417a-8e06-babc5c4a117d,245,276,8,1599.97,2025-01-02,APAC
55dadf24-0010-4e91-b1d1-884039446db2,999,144,3,267.24,2024-08-12,EU
2ace84df-660c-41fa-8333-19993f3705f3,444,420,5,1101.87,2024-08-16,APAC
19cd1882-4f96-458e-a3d8-f0b2df2e7ff5,492,532,9,4466.25,2024-07-06,EU
8018239c-ae45-4751-acbf-538e0fdf2e02,607,103,2,775.33,2024-02-20,US
b0ca5bcf-fa14-4f02-8d80-d7e76cfc6902,590,121,7,2059.59,2024-02-28,APAC
3ade0118-c359-4fa0-9927-63d6886e3da0,908,182,8,1341.98,2025-03-07,EU
7d0f7a41-b981-4f50-ac69-9a711f4c51d8,620,454,6,2720.0,2024-12-28,EU
34cb7a66-9002-461c-905d-ff7a74c73ee3,673,387,,126.16,2024-10-24,APAC
fd4692c1-07ae-469e-a308-718cfbafcbb0,586,293,8,2589.29,2024-08-09,US
16a7fca7-7e9c-45ac-afec-8046c45815cb,669,270,9,3810.17,2024-03-18,US
dd852117-10ae-42ce-be09-684c7a007c3a,525,233,8,2540.35,2024-12-01,APAC
7f336fdc-f3f9-4e9e-8448-13fabcf5a128,466,205,6,1444.17,2024-03-28,US
0d34682d-1743-4f8a-bb8d-a476493f9684,761,254,2,950.36,2024-06-25,APAC
9b7fa748-460f-4ef1-b14d-c3942dae1c96,371,121,4,136.41,2025-05-24,EU
29040a78-6baf-46e5-bfac-90d82a1a87e8,814,256,6,1417.41,2025-03-25,APAC
c9b1cb0b-f60b-4d01-806f-056a871b063d,634,138,10,1706.5,2024-12-29,US
84b26ae8-9490-4f99-89cc-84e6f3e67075,998,219,1,87.65,2024-08-03,US
baf0df01-1e46-4771-8c73-2d1e9d71543f,300,418,8,1550.4,2024-06-11,APAC
c833b372-3fb9-4caf-920a-556399c42886,405,427,9,213.1,2024-09-16,APAC
89c689b9-64d8-49e0-88b1-ea75ef57f026,304,327,9,3186.66,2025-02-27,EU
ae21723e-e08b-4d73-b66a-5abfc7737121,275,124,1,474.22,2024-09-27,APAC
d72dccf9-3588-47b1-bed3-ea90369b3f0c,813,389,9,4080.78,2025-03-09,APAC
1a808cfa-2475-4d17-a656-3cb7ef0153f7,581,418,3,359.43,2024-04-09,EU
83b0c2b4-91df-43e2-9f6d-a50af7516374,462,218,7,1161.0,2024-10-09,EU
d0ffd5bc-9d83-4ed2-8514-d9dfb6bb2b31,712,84,4,1132.46,2024-04-15,US
fdef1a72-37c7-4770-b51f-3f9619d91193,822,232,2,604.57,2024-12-13,APAC
15179efe-21d4-451e-86b7-944f32edf7c8,426,137,7,1944.5,2024-09-02,EU
02da74f7-5f13-4e6f-9e04-5748651ec1f8,447,403,8,197.58,2024-07-21,EU
bed72487-d3c7-475f-9af1-4d9c4e95708f,15,481,5,670.14,2024-06-27,US
7a83ad21-3b92-4b73-adec-afe769745a78,915,236,7,1051.74,2024-05-15,US
684bbb4c-4dc1-4b44-9b4a-1f7721eb206c,761,314,5,1420.8,2024-12-20,US
95bfdb38-8954-4aeb-809b-f2cb7c5cea15,905,199,2,664.2,2024-04-13,EU
5276d37b-2827-4f39-aff4-083e77606f45,605,258,2,536.25,2024-01-07,US
a24ff969-fa68-43cb-8c8b-91c47cfe8cf5,939,211,9,481.54,2024-07-06,US
0a3b640a-4370-470b-9a2b-1b9c380916e0,378,388,3,742.86,2025-06-17,APAC
7a1c541b-25b3-42da-a23c-c401c5f6b31d,313,321,4,1410.05,2025-02-16,APAC
9f285146-e939-4889-a9ce-7aab63fb27b1,282,360,3,386.79,2024-02-06,US
d32db283-6287-48d4-bad4-4f0bb4aa110b,711,43,10,2444.62,2024-11-23,US
f4e90868-7b7b-4fe0-9500-75639ee66d40,86,74,6,2651.43,2024-07-14,US
b313c4ee-262b-4ac3-9bae-b5db0f01c16a,270,246,1,348.18,2024-11-19,EU
f9da7f09-83bb-4501-8207-716f177832e0,372,56,10,1618.32,2025-06-10,US
cdfadb51-9459-47d5-aaec-de3a0343ef6b,259,236,3,774.84,2025-05-29,EU
80df2bbb-3d49-4049-8f72-9db13b280efc,726,112,8,3387.96,2024-10-17,US
e4c269c4-a52a-453f-aee3-e5f36e2fa877,877,195,4,1054.83,2024-03-02,EU
3c648299-eec0-4d97-9b85-c10ce566c0af,991,60,8,3888.4,2025-01-04,US
461d9d9f-8604-48fe-bca6-8a33c20d7a7f,578,108,3,367.3,2025-05-04,APAC
7e0b5153-7f7f-480b-bdde-7471c360776d,155,160,3,132.96,2025-03-01,APAC
4b2d799c-91c9-49d0-8d6a-3d51a37e8221,134,211,3,316.1,2024-01-18,APAC
8a1b83c5-482d-44c8-8d1b-12df558f10cd,432,90,5,2308.75,2024-09-03,EU
17b352e8-be87-4457-aa72-7997013741a4,48,328,10,274.34,2025-05-14,APAC
bcc6eb21-448a-4161-b09b-1cf4f41ec288,162,100,9,2322.55,2024-05-05,US
451ec2e0-0efe-4aaf-ba0d-0df1ed15cfee,706,398,7,759.56,2024-08-07,EU
005ec74a-61f9-45b1-8f84-388152c2d51b,514,382,5,337.0,2025-02-24,APAC
6ef82072-b455-4ea6-bd1a-04b9db6c9da0,265,212,10,4164.68,2024-03-27,APAC
b38e0167-f35a-4cfd-a160-e0b6651f1a3b,135,83,10,309.62,2024-03-09,APAC
e520ddb8-48c0-46d8-a03b-8ebe467892b6,975,453,8,2395.88,2025-03-20,US
9dbe37f9-3a4d-47ed-bbfa-f83a457e9dd2,997,74,8,239.25,2025-02-15,US
47e43072-65ca-4117-9b20-f9e254846a3e,950,492,9,1514.7,2024-12-09,APAC
eb14f5c8-cae1-4a80-8449-f9834bf6aa21,134,245,6,2200.61,2024-05-01,EU
c1746ce7-3ff8-4de7-a36b-943728ee851b,785,328,2,864.24,2024-11-22,EU
e6a4afd1-cd2b-448a-aef7-c910fd2c6999,199,200,5,1876.25,2025-01-22,EU
c2a7c1e7-fd3f-4993-a9e3-564040e4e5eb,529,23,2,280.31,2025-06-29,US
52bcb253-8e7d-4bdf-a28f-b708e29b9f25,136,404,6,1174.81,2024-06-14,EU
f7a56de7-e0c1-49df-8439-3140ca68ed6d,808,334,1,397.59,2024-11-21,US
d3e071d9-3092-42c9-aa63-3e84224f65ee,945,369,6,2088.96,2024-04-18,EU
9efd5f15-3daa-45b8-87c6-d34ec968b84f,82,119,9,827.43,2024-07-28,APAC
af8b1c7e-ce91-43f6-ba27-40d7eea2eeda,228,23,3,819.59,2024-04-24,EU
0f46cd0e-8215-45da-bd9b-2988b936d5bf,682,409,1,432.0,2024-11-30,APAC
b3b3d775-d464-4b6c-be6d-b0f8d3603a52,893,370,3,1233.84,2024-06-04,APAC
d656adec-64e8-4583-90e5-14e5b2c671f3,149,241,2,469.14,2024-08-06,EU
c31044e7-eed7-4d54-a0e2-b79aaff634f5,234,320,6,1755.82,2025-06-30,APAC
7f45a196-2964-46eb-8a02-ba2160e925cf,991,366,5,1455.08,2024-03-08,US
daf58388-4a0f-4009-b0b6-92ecb8ac4d69,54,343,8,3998.61,2024-03-02,US
30afa5e6-da50-40b5-90b1-23eb1ccf8ebf,338,477,9,2050.65,2024-03-09,US
30b4fadf-4eb7-43ce-aa23-740145860f9e,358,198,3,1332.92,2024-10-22,EU
60095535-3879-4bc9-a475-ad5757e4a9b0,654,334,10,4555.39,2024-09-04,APAC
9127997c-fa3d-48dc-9c2f-4b4e61254d92,631,112,1,190.8,2024-09-09,EU
5db5cf09-5293-49d8-ae49-0ce628963817,736,408,4,739.84,2024-03-19,US
865ebb9a-8043-4ed3-9614-46968eea29e6,447,3,9,887.28,2024-01-04,US
5afc817e-086b-439e-8b60-f72c94a9e8b1,208,222,4,1912.86,2024-01-04,US
6f22dab2-27b9-4d7f-9e30-109925c410d1,613,23,7,910.01,2024-06-21,EU
507454bb-4c54-4a07-a671-fe3a7f9af940,282,345,6,2856.43,2024-10-12,US
0114ebbb-3d60-4773-896b-11abb133d78d,474,161,7,1460.93,2025-01-11,APAC
8675eadf-19d7-46e7-b08c-30c48c02d7d5,492,56,8,2278.67,2024-02-13,US
9831c134-e03f-4dcb-bc57-6255f8140c27,597,466,1,427.9,2025-03-06,EU
8dd7f1da-1089-46fa-9823-355b17047281,857,463,5,309.16,2024-02-01,US
86dfa46d-00dd-4d0a-acf2-f6dc450799c5,382,369,4,945.6,2024-06-13,US
1fae1a50-6c53-4315-a0d4-94caf5262135,36,500,10,1806.76,2025-06-23,US
052a8d5c-ab1a-42a1-80a8-a64f281c8085,877,8,7,1610.8,2024-09-11,EU
347f1dfc-a7ad-4d56-8416-2c070db8b4c8,358,121,8,3630.24,2024-12-01,APAC
a4a6166c-8c77-4fff-9e6c-cc8db0e0d3f0,104,337,1,487.25,2025-06-30,US
fc4f1108-8f6a-46d1-adab-54d15b3830fc,808,429,7,103.02,2025-02-13,EU
37d12bfa-01f6-4480-b46e-ba48c31a4996,887,261,1,291.75,2024-03-24,EU
d37e7b6a-ab7a-471c-a68c-a505233a0124,196,15,6,918.12,2024-10-12,EU
27220347-c7b4-4d1c-88e8-f24068eec5b0,43,268,2,457.16,2024-01-03,APAC
6fa97e91-2d01-46a4-a5e0-403fe771fc24,158,191,1,427.95,2024-05-02,APAC
eb671d12-aac2-40e6-886a-8e9197117414,416,441,2,255.57,2025-03-10,US
ada08fca-c535-4d27-b70b-74a8b6fb9db2,23,318,8,496.56,2024-03-01,US
60880c8d-4a5c-4eea-8813-1409e2d6bbda,384,4,5,1068.51,2024-03-27,US
c7cc1347-73b3-484c-98d7-d10e7de54281,562,412,9,3286.24,2024-02-29,EU
7b1dcfc0-68fd-4bd8-ac6d-bdf5e5a38261,410,483,9,3951.16,2024-07-04,APAC
c843914a-1683-41e1-b0ae-c16ef60f0592,128,196,3,23.91,2025-03-22,US
dd878b97-ad40-4a47-a130-078056e16269,156,376,1,70.07,2024-04-02,EU
08449d59-3fd9-4a8a-afd9-16dbeba04ce1,510,123,8,209.05,2024-02-26,APAC
685d0a62-3120-443b-91c5-c49e6fab3dfb,433,403,7,848.9,2025-05-22,APAC
73564943-bcc6-4283-af37-3d90d75d0a52,155,243,2,363.37,2025-04-19,US
7d4a3bdc-4468-42a8-8d61-fdc028bb4668,955,144,7,868.44,2024-06-27,US
f235859f-df15-4371-bd2c-53e897c71608,639,403,2,613.39,2024-06-17,US
562812b8-18b7-43e8-88fc-998b69449680,954,298,1,69.87,2024-06-18,EU
7f922a7c-643b-46c0-92b8-11839f2cadda,105,219,7,2644.53,2024-08-18,EU
78c6a092-dc56-4702-97b3-d83a80e51b48,46,210,7,2901.1,2025-04-27,US
1d5b8a51-e3e9-4c8d-86cf-e5a8a936c248,497,126,5,1351.81,2024-01-07,APAC
09603a8d-26ff-4bba-abcd-ae7dc2d56f46,811,152,8,518.79,2025-03-07,EU
3a1b062f-9fbc-4b3b-bf68-828528382edb,615,498,10,4693.1,2024-07-11,EU
bb542e55-d4fb-4075-915e-1d6064643238,650,363,9,896.05,2024-09-10,US
dc085ed2-961c-4acf-9415-61977ee7c6ba,799,37,6,659.62,2024-12-07,US
02e0ddef-4ac6-4e7b-a34e-8de5240225f1,802,439,6,149.44,2024-11-05,US
c226eca4-06f2-45b9-9230-95f2e9d6bd8d,650,24,2,260.39,2024-03-15,APAC
3536f0f7-638e-4885-9071-01aadde3e5fe,519,245,9,2561.17,2024-08-21,US
f5f1a049-9f34-456a-af62-6fe604d5708e,16,487,5,703.25,2024-09-18,APAC
dc130819-1b62-4e57-8c42-b336c77b8c93,822,113,,377.28,2024-03-25,EU
6df43d48-e92e-4a2f-9f0c-5d2137fff1d6,20,267,6,2118.85,2024-11-12,US
8fbd1e47-14bc-43bc-85f0-905939ad7527,151,79,10,4730.06,2025-04-30,APAC
de8376a7-5144-4119-a93d-8134e04f6102,69,269,9,4479.62,2025-05-09,EU
4c79fedc-c956-4252-9f13-645788dcb17b,914,77,9,2900.77,2025-05-10,EU
98e5e30d-0479-4ff4-9237-f94e63a805b2,248,436,9,1839.79,2024-05-01,APAC
487d5c3a-1771-4358-bc6a-e8689a73c062,213,236,6,2827.52,2024-03-14,APAC
b41a1ee4-11ab-4013-84df-cb3c5d76c40e,817,119,9,1236.71,2024-07-11,EU
b2fee53b-c775-4905-8365-8f6d4fcc2172,661,327,8,1875.2,2024-04-27,EU
c83a7695-4a3d-4757-ac4d-16db59fd4893,654,426,4,1829.14,2024-12-27,APAC
f2e6bd8b-1084-4b4c-ba4e-ae29813057cf,264,46,5,1953.86,2024-08-08,US
7e7bf714-1c19-461f-b3c1-43c9cb5fdd36,393,149,8,1778.11,2025-03-01,US
4758ae81-4316-44b7-bdbc-75293c901e1d,306,10,7,1710.83,2024-12-28,EU
62557023-782b-4778-a77c-88dbddd5585b,113,300,3,837.87,2024-03-25,APAC
d94f6506-de8e-4305-948c-274007885866,163,226,4,399.41,2024-09-09,US
b06ca7d3-d766-4571-987f-ecdedba21592,279,271,1,264.31,2025-04-02,EU
029b22cd-1ecb-4194-8017-05243c3f1b05,654,475,5,513.41,2024-05-02,APAC
72905423-3857-4803-b7e7-73da5247e1fc,730,332,6,1607.66,2024-07-25,APAC
a30ee9f6-ce14-4da8-8c0f-9a673107abba,899,235,4,234.36,2024-02-11,US
2c85b2cd-0c6b-4240-aa74-0934c4b691f4,703,76,4,1741.34,2024-07-20,APAC
2a72dc3b-9f76-4453-841f-1766d958433f,138,340,7,3245.39,2025-02-08,APAC
18f8a63b-9aaf-4cbc-b897-482efa9d59b7,761,78,7,1635.47,2024-04-01,US
eed645cd-304f-497c-a0dd-31124b71368c,358,166,8,793.71,2025-02-12,US
a31e9934-dee0-411d-bd17-6950e9598bbf,800,406,9,3946.54,2025-04-03,APAC
162d7f6e-cea9-4166-85e8-dd0acbfcac71,419,272,8,614.68,2025-06-30,EU
99580821-3a31-4122-a804-5b675061d3b8,262,136,1,136.65,2025-02-20,APAC
06cf02b7-7a1c-44f2-a608-da2e492637c1,726,289,7,2394.56,2024-09-24,EU
67db38c6-e9d8-44b9-8dd6-f0685a26d12a,768,52,2,965.88,2025-02-21,EU
b849e4ab-58e4-446d-9e46-87909ed79df6,825,322,10,1708.65,2024-04-04,APAC
fe4cc808-764c-41b6-90e5-39dd9017b992,997,98,7,3299.46,2025-02-14,APAC
36e606c3-b7dc-470e-b31b-635f4e0dbbb6,300,172,8,320.8,2024-06-16,US
e266a871-77ac-4819-b877-ab1cd6522fc2,860,136,8,3655.84,2025-01-11,APAC
1e9e57ec-c0b6-4c9e-b321-e1ff1f099f12,639,41,7,2724.17,2024-03-20,EU
9ad9a972-63d6-42e1-8e70-130fff20bff6,718,191,2,800.83,2025-03-26,APAC
86fa2043-47eb-4da9-9382-65424f9b04f6,822,365,7,3289.47,2024-06-05,US
e0a4a778-67db-45b5-af84-0b0a2bc7fd1a,870,307,9,593.53,2025-03-05,APAC
51615c00-bec0-4f88-982e-c7ce582c1044,128,465,2,561.81,2024-01-13,APAC
dd392943-5413-4319-81af-76babccc8409,78,422,3,676.93,2024-07-01,EU
5e600b71-6a03-406e-b3b3-a6394d4bf30e,902,15,1,142.07,2024-08-09,APAC
c3f9ad37-962a-4a9b-ba6a-bea47661d040,830,430,8,98.69,2024-07-11,EU
ef0e3a55-a856-45b4-9c3c-b806354fd030,418,139,7,1049.75,2024-10-25,EU
59a945fd-8423-40b8-9f81-07843ce68d5b,956,347,8,1795.6,2024-04-24,APAC
11ea0b69-52c8-44f3-8b34-bec6d66fc30e,722,415,8,3742.9,2025-05-18,US
cab8b7c8-6eef-4663-aa9e-8d3b7a614df1,109,325,5,208.96,2025-04-14,APAC
1e471161-a507-429e-acf8-9e22e1881618,89,26,3,1498.73,2024-12-07,APAC
d97ca276-ec72-43c6-bfb9-5112627ebe8b,522,172,10,1467.59,2024-07-10,US
c5e35d8c-ccf6-4f20-a161-e01871dabd6b,506,467,6,307.08,2024-08-10,US
a3257a60-e7c9-4836-81ae-3df631894494,542,130,3,1346.95,2024-09-05,US
f7ae23c2-0b90-488f-8631-08192624c8a2,183,226,5,1828.42,2024-02-02,EU
c6d19d3e-6514-44bf-abd1-5c881dbcafcd,773,484,5,1338.71,2024-10-05,US
5eaac0e0-a772-48db-bb7b-82ade3585816,164,447,8,2783.42,2024-05-28,EU
0346d45a-8b01-42dd-a7a5-e667532d840e,360,284,8,3136.75,2025-04-18,EU
a464074f-14e2-42a4-91ab-fecd9eadb31e,653,335,2,554.16,2025-03-02,EU
9844d230-b2aa-4cce-894c-d1e2add73bd8,703,59,2,376.44,2025-01-21,EU
ef190ab2-fb7a-49d7-8168-08181f8a71dd,159,309,7,1268.72,2025-04-02,US
86d7f717-0df6-4305-a1c9-73db2170acc8,897,381,1,320.32,2025-02-16,APAC
ab7051fa-aee0-4558-b6b8-ce11ecae44c7,424,236,,410.87,2024-08-26,US
b97914c3-24a5-45d9-bd93-b5a64920c606,474,158,9,2840.43,2025-05-04,APAC
c704a5a3-fa8b-4b57-bfeb-f47bf068fa62,746,373,6,675.47,2024-04-08,APAC
09ed16b8-a71f-466a-ae28-9be79bb00617,116,272,7,2581.68,2025-02-28,US
6a3d7ce2-62e8-409a-b62f-e6d393d6ef67,64,381,7,1187.2,2025-05-06,APAC
1e3898b4-a806-4cba-8596-662c4e55852d,373,413,1,53.9,2024-08-19,EU
f9de6a33-d61a-4276-a039-5bccf27c376b,454,310,1,154.8,2024-04-23,EU
38848ec0-4239-4841-a594-7d410baa52f6,329,13,7,199.95,2024-08-05,APAC
3758cea0-4296-4b6a-b147-55532f35f0eb,256,325,6,1072.77,2025-05-11,EU
bcd2cf13-ccf7-44b9-b4f7-9fe8e739bdee,1028,313,5,805.4,2025-04-19,EU
a53f72ab-f5bc-4fdd-9e02-281558f36074,343,466,7,252.27,2025-03-27,US
d4766522-a3ab-45c3-b83d-52178c45e3fb,565,290,9,598.45,2025-02-13,EU
6a70e72d-f386-47ab-8b24-e7c446646b01,750,8,8,1491.16,2024-02-11,APAC
eea74981-4939-46c3-9df6-11c6098690c6,524,372,7,1491.93,2024-03-18,APAC
8419412d-e811-47df-a78e-9123e2b3bb2d,475,329,3,847.62,2024-10-15,APAC
840e9a34-ed4b-4904-b0e6-68ccd23ca7c1,520,477,6,1325.17,2024-05-21,US
f2e0582e-f964-472a-aab9-7d25160c5bb4,282,158,2,614.59,2024-01-02,APAC
3b2ebebe-ceeb-443a-af49-e3da175d0acd,565,497,1,195.47,2024-08-07,EU
5c3476ee-c0ac-405c-a71a-0b79a120b502,558,179,3,1228.39,2024-02-28,US
731058a7-c581-4b4d-8768-35de8003252a,253,83,3,712.62,2025-02-04,US
bf845ad0-c4af-4f36-a094-f40888af3f68,278,10,10,2147.42,2024-05-26,APAC
98c1f131-2ce1-40b4-afff-f1b05f203fac,434,326,3,825.1,2024-03-12,APAC
33d7daac-fed8-4441-8b04-c40d90209319,330,100,1,380.29,2025-05-16,EU
a1eb5609-b178-4ebc-ba4b-39b33a1eba65,270,74,5,1577.31,2025-04-24,US
9100b39d-961f-4fca-b5d9-d6c99fce9c91,48,257,2,254.0,2024-09-06,US
0b338a93-2e50-46d2-bac1-f55361c2d994,550,142,3,96.72,2024-12-21,EU
d4091daf-0764-45d7-a9e8-4553c3eca6dc,555,343,5,1945.77,2024-01-16,US
bb01fd9d-9f4e-4be4-8696-1a5e0c6a360e,828,146,5,2463.34,2024-07-12,US
5bb83c3f-198a-4c3c-a856-c41444187739,944,9,3,267.7,2025-04-30,EU
3de7cf6b-d140-4a04-a4fb-1d4c8e20ff22,148,466,8,668.76,2024-02-17,APAC
b4d8693c-5315-471c-aab8-1c934e9dbb44,143,278,7,2746.32,2024-11-22,EU
391eceb4-32a9-49fd-8c24-37d37104aabd,340,148,,251.95,2024-01-29,EU
c3fd819e-371c-4a51-80a9-dd4c193aa487,112,477,5,431.74,2024-11-15,EU
89f27afc-091a-45c2-94b3-f012e405113e,273,392,1,15.54,2024-03-14,APAC
d3768158-97ab-4ba5-9d4d-ea69e97c34cd,452,437,5,905.84,2025-01-24,EU
628d7940-7866-4186-8320-22cdea99ea72,47,283,9,1173.25,2024-03-01,APAC
ac79edd7-b867-4d1d-9387-1e7faa23c1f7,563,403,2,466.92,2025-06-06,US
26f192cf-f2e9-4757-b499-212748a64bf7,134,168,5,676.53,2024-11-11,US
e15364a8-c77a-46f3-882c-1fc223fa9b29,868,292,1,31.51,2025-02-02,EU
c28b2e78-efcc-4be6-85d8-37b9db01165b,124,205,3,378.6,2024-02-13,APAC
9c5ed43a-bf68-412d-994b-989b2e539f69,160,375,7,2519.07,2024-06-07,US
93cd77e6-b2c3-494c-8905-7b643ff09138,535,392,10,620.72,2024-07-29,APAC
624b35ef-7b59-4f02-bb63-d7335109cf42,345,453,4,1885.76,2024-09-26,APAC
8a38679b-0a75-4643-a132-006bd13a25e4,944,396,10,4671.04,2025-02-28,APAC
0819a8ab-bf93-4ba4-a538-cc762e787f0b,335,464,8,3681.71,2024-10-12,APAC
45372de9-511b-424b-be09-0675ae53c6d5,10,271,2,912.03,2024-10-14,EU
3fb0f89d-1de7-4fc9-a101-838cf33e1fff,955,200,8,789.45,2024-10-30,APAC
1daed6a5-4bc7-44ad-b849-3dac6886c06e,718,428,3,1044.62,2024-10-09,APAC
8a9eca6a-71a4-4896-9dc4-b62b8d6d3f51,435,279,1,452.89,2024-05-21,EU
982c4027-723d-4c43-aaea-6b95c112ed7c,392,49,5,564.66,2024-05-12,APAC
d284c66d-f1d6-40ac-ac10-bc5a04e05e1c,225,363,5,175.62,2025-05-27,US
e6d52f94-3c0c-437e-9926-8b59c7f2ea4e,841,166,5,1448.64,2025-06-14,US
75175f8f-bd5d-48c3-91ff-fc28c2eecaae,933,429,10,3726.23,2025-02-03,US
31c0f54c-16a1-4c69-b63c-63d69bfc7eac,631,372,2,624.72,2025-05-17,APAC
e98d4a36-47cf-48ef-8be6-016b6a53d988,640,159,8,1535.9,2024-04-20,US
d0b6b942-b915-4bce-a8c7-f702063c0d6c,804,431,4,576.49,2024-01-07,EU
8bc9be82-2992-46ba-8d5a-2825f9d605a3,97,122,6,1641.99,2025-05-19,EU
a4e34c7c-37bf-4333-93ce-c8df447aff07,237,336,8,1979.17,2024-09-03,US
439dac76-eea2-4ee7-a6a8-ec781ee4dbda,456,156,7,1615.95,2024-04-30,US
8ba46c19-4e53-4e32-a21b-f7fca527b3e4,873,280,2,937.9,2025-01-09,EU
89ce050b-7f27-4bd2-a48c-9bc7a6bd014f,391,110,9,1163.34,2025-04-18,APAC
56c7ecb2-fb87-41bb-b982-752c07ac0fcc,75,140,7,3336.17,2024-06-23,APAC
d73aab15-ebe5-4c71-bd53-31d5bd59ac1a,105,371,10,794.74,2024-03-29,APAC
0d2a3905-feb9-4de6-8726-78940a3fa05d,975,27,5,1541.49,2024-04-19,EU
c19fb3a7-7a6a-4e78-a09e-626640458d4d,102,107,9,2621.22,2024-09-03,US
dbef7222-9755-4b26-9e1e-5c26896edd08,964,336,1,375.39,2025-05-02,US
fd9deae7-f428-4408-b643-6451c5fa3bb5,74,24,4,344.96,2024-06-06,APAC
da581a9e-4a0a-495c-a5ce-c73f37d9d4a7,23,446,9,210.4,2025-05-04,US
90144ff9-485b-4f96-8402-388d43f18783,882,359,4,123.74,2025-06-18,EU
e6298cd7-949b-4ab8-99c3-5bebc8a62bcc,908,237,2,559.94,2024-03-16,APAC
4808f7a1-58ee-4246-b97e-12334ec8b4e8,43,420,3,1077.03,2025-03-08,EU
5ab31399-dbe7-4677-ab1e-be8eef53547d,40,500,8,120.0,2024-11-26,APAC
6e08332b-7a56-4bb8-aa2d-0ce4a48ed887,105,491,6,1975.46,2024-02-11,US
fb23c621-b8af-43fe-a808-755fc50f2fb8,698,50,3,1298.58,2024-12-17,APAC
b6ed715f-e4fd-4061-a3bc-eb36cc201d68,438,305,9,1348.64,2024-09-05,US
f32b0b2a-28a6-4230-8d28-ea41c107ea2b,909,236,7,1813.42,2024-04-07,EU
17860e4b-0b73-427a-9a94-b5f8655a6d32,841,409,2,34.98,2025-06-24,US
6b4a95be-604e-4ee0-942c-c05ef3375963,703,314,7,1742.59,2024-06-04,US
ad29eb0d-c368-4e3e-8e03-f0e0f1aeaa81,501,439,4,1121.88,2024-10-29,APAC
827affb3-4277-4bc5-bb46-54e5d87a87f4,410,5,4,1132.8,2025-05-05,APAC
4758e137-9ebd-4876-8559-6f70195c8fb8,70,132,7,336.55,2025-02-28,US
6fa2954e-a6cb-4567-bd5c-382d7bb3f970,739,136,2,435.38,2025-02-27,US
607e0783-b4ee-4144-8cd0-66f444cb35cf,891,230,4,1493.78,2024-02-11,EU
5f6f3803-9493-4b12-b883-88ab22f5c9f8,703,220,10,2393.54,2024-05-07,EU
1d07b6aa-1e90-498f-835f-60681127cf24,642,407,2,773.17,2024-10-10,EU
dab6e994-098b-4a59-8022-d516459d4d7b,855,443,7,3282.42,2025-02-06,APAC
cc089bba-5c80-4a0f-becf-60f156e249bf,982,278,3,53.76,2024-12-21,US
4ebd1589-b696-4c2c-91d7-f5794ae0e5bc,46,402,8,2497.51,2024-01-19,US
1422237d-4311-44be-86f1-48514936b2d0,488,276,9,2959.05,2024-07-14,US
8b5f19fb-e85c-423d-b4c3-3721043688ec,489,86,7,810.3,2024-09-07,US
362c57a5-2e60-4b0c-8687-7f1ba720f8ed,264,133,10,2235.59,2025-03-27,APAC
94bb29ba-e839-49b7-ae99-19212e0ffd16,397,16,9,3878.64,2024-02-28,APAC
76ac006b-40f1-486b-b60e-4d50f00fb0e2,28,201,4,277.57,2024-11-29,APAC
ef83213c-d328-4435-802c-5b6941bb0261,591,73,3,385.93,2024-07-14,EU
32db0caf-b143-4db6-b530-149d0475f98a,963,38,9,4371.99,2025-04-06,US
9c2ed5fa-4274-4add-ba96-c13c70b0ef93,799,426,1,291.7,2024-12-26,EU
ca20d0a4-4e53-431d-b9da-9a2c2611dd11,319,81,1,413.28,2025-01-23,EU
92e53bfe-1e86-41b7-a2b8-6eb2bca36ea3,602,36,9,1985.9,2025-01-16,EU
ded5eda6-d91e-4afc-bfc7-ac50a8e747d4,213,110,9,4406.91,2024-08-04,EU
c361f469-b5fc-414c-bc5a-9afa06c2adce,633,421,10,627.52,2024-02-27,APAC
3b0fd839-2e9f-4ca6-a066-886c5a52330e,489,80,8,1014.81,2025-02-23,US
6919d8c4-98c9-4fb8-bdd4-337a4999bc93,703,465,10,148.19,2024-10-08,APAC
033290d7-7380-435a-a2fa-0cf80d8d0823,332,189,4,1803.24,2024-11-01,APAC
ca00d7ed-dc1b-4ee7-8ae4-1220db36e522,116,247,8,1732.72,2024-02-03,EU
e755851b-4708-4619-b04b-9d3ac1f53b6a,242,15,1,199.98,2024-06-04,APAC
b5cbbd14-1935-49a2-bb05-3b8779e32725,500,259,3,1235.73,2024-12-13,EU
970551f4-61a0-4ba5-bab3-989663468a84,48,153,6,631.96,2025-01-29,EU
b738e432-331c-4cac-b257-bd6e5fd44942,91,102,1,73.08,2024-10-12,US
007dee9b-47f1-411b-a02b-0fa7f89847d8,444,272,4,1403.34,2025-04-10,EU
59d3b2f5-fb4a-47f7-9ad8-2c54edb44635,50,123,7,1082.66,2024-10-10,US
b62fc6c9-d45f-4cab-be2a-28c51cd64c52,764,2,7,2364.74,2025-03-04,APAC
a72b0fa3-1f4b-4d5d-8b25-2158dd608b72,100,324,5,2157.34,2024-07-08,APAC
0395754f-e096-4dfe-81c8-ec4a615d92f5,623,381,8,2545.23,2024-08-25,EU
8c123c62-8ad7-4c3c-b4b5-0438aa6dbc85,502,287,7,374.84,2025-01-15,APAC
4acc9bcc-303d-4dea-9739-1423076209be,599,270,3,759.79,2024-05-04,US
f02aef95-67dc-47aa-9c40-014ceb478239,320,314,5,597.23,2024-08-02,US
490e2b05-c4c8-4fb5-b72f-4fb6047a4da0,401,395,7,712.67,2024-12-27,APAC
487b0782-b9c0-49dc-a036-ebba381e818a,276,97,6,1723.58,2024-06-11,EU
6299c8bc-410c-4cba-919b-7d82a6e0b497,749,272,5,1320.56,2024-10-08,APAC
c4cd0804-1566-4a45-a948-c9514fb55082,90,357,5,2011.31,2024-12-01,APAC
e92d0c3a-fa5b-4a3c-bb4d-7b18be0df100,296,91,3,72.21,2025-01-16,EU
b1ffd1a7-2165-4f18-bc75-aee951d7ade4,668,276,1,370.25,2024-11-22,US
852d1526-d488-43b2-8995-fec436c94886,891,11,9,986.25,2024-07-22,APAC
b568e9bb-e972-484d-908d-da9a35087d4c,204,157,10,1580.35,2024-11-23,EU
3480c6b6-2501-4f68-8763-64426055e7f9,412,72,6,2924.31,2024-08-30,EU
e6bf03ed-b0ba-4ba6-bd79-befc5cb28589,643,148,3,761.88,2024-02-15,EU
0920b82a-b235-4f74-bb19-4c5e60512f8c,759,187,7,2749.51,2025-02-26,US
77ba7f70-5563-43f7-ac7b-93553cdbf214,172,254,2,506.37,2025-04-06,EU
66ceab1e-4e78-44e0-9909-6e95b1f99d04,895,201,2,686.19,2025-04-13,US
c78c5cda-5acf-4040-8c77-fa0bd1e5573f,624,158,6,1027.82,2025-02-05,US
6a9c96b0-daa8-434b-8fd3-69fc9fd345d8,768,64,2,241.4,2024-03-15,EU
8f24ea8a-9b10-4fe9-b20c-8bee768e422b,523,412,6,1602.19,2024-11-29,EU
33efe502-cff7-4926-ab2b-059ca131ee74,74,152,1,385.01,2025-03-14,US
848a4a07-4abb-4a43-a623-b595be772f97,323,188,6,1371.12,2024-03-28,US
1edc4f7c-49ff-4134-8337-b6eebf20f0da,100,269,2,567.17,2025-05-06,US
b4cdb459-fcdd-44eb-b602-ec860d76ec3b,797,331,4,1653.91,2024-01-25,EU
9cdbf624-671a-4372-8e8d-099865a00501,184,170,10,2175.55,2024-09-13,EU
ddf1b5a6-4547-441e-a1de-7f884be84264,614,329,5,453.55,2025-03-15,EU
74e1d269-5c25-410b-9285-7992936b1e58,518,512,5,2078.09,2024-03-02,EU
cda276b9-0827-40e3-8f9c-a97d7a326bf4,156,414,5,626.8,2024-10-03,US
a2cc6b93-f497-4686-a831-e2565ae881e2,387,467,9,720.61,2024-05-16,EU
80833897-a82f-4137-aac3-5cee3eeeca60,170,223,5,1816.48,2024-03-24,EU
541ee9e0-0e85-405f-9578-9beb4d1898df,871,168,5,1072.68,2024-06-06,EU
b4e23062-1a26-4789-b42f-25f6b2d62a9a,518,377,10,2376.69,2024-12-24,APAC
aa667952-4bbe-4c72-9d8f-59a877091be1,973,499,8,2120.43,2024-03-03,APAC
8be14dcd-ee5c-4965-bf4a-dd6f9ee9b730,387,171,7,1567.5,2025-04-09,EU
dda756f3-219f-4256-ae63-f945bc042f4c,726,148,9,1082.94,2025-03-01,US
52795634-de15-4276-ba03-d3bdc6f9b7b3,963,50,8,2392.31,2024-07-18,APAC
91ac74d2-f806-4791-9f33-de0b91759b50,548,320,1,127.82,2024-03-05,APAC
8e03eb74-034d-42e6-8be2-da8a438b9df9,791,53,3,35.96,2024-03-20,APAC
1a6e83ed-a9b4-4759-8dd9-768705300f89,420,43,10,1736.0,2024-10-03,EU
43280f28-ee10-4539-9edd-6220b34e3d50,838,440,2,138.05,2024-08-15,EU
41717b16-9cf2-4176-bd03-79c95580c5ea,988,87,9,3684.88,2024-10-26,APAC
639ff462-36ab-433a-9040-39a449ec448f,503,439,8,552.06,2024-09-10,APAC
e392ed35-1def-43a2-bee3-8b3c00ae89d5,493,246,,415.47,2024-04-08,US
25e8c41c-7074-4f21-a0c6-f45cde88efb6,24,273,2,756.17,2024-05-25,EU
265024d0-dcc5-4cf8-9295-9ffa654bc65f,584,468,8,2985.57,2024-11-14,US
531445cc-a0df-43a5-8437-8b4e39ff6398,480,113,2,16.22,2024-01-31,US
09cd5ab5-9340-4440-823a-b48f47f27608,686,325,3,1322.32,2025-05-24,US
ffbdc564-c3e1-4a17-85a1-f0d1c5ef104d,113,246,2,687.12,2024-01-02,US
68452a31-6fa6-4b9c-bd06-89db8e475217,282,349,7,2708.47,2024-08-02,US
e5eea302-e878-40be-ac7c-9377766b9e0f,985,278,5,2472.01,2024-01-10,APAC
6c238718-1db0-40f4-8ef9-3ea0cf59d103,272,460,5,87.24,2025-01-04,APAC
8bdb69cc-51f4-4d02-a812-3e163ccc29fe,477,470,6,646.72,2024-03-06,APAC
4ba5c73c-5159-40a3-adb2-40f3a87eb8b2,985,47,5,1154.96,2024-07-05,EU
7f3a5450-1034-4492-a990-3d96b666dc1d,52,64,8,2558.62,2024-10-29,APAC
3906476e-99cf-4af0-bcdb-9161063eaffa,175,230,7,3491.91,2025-01-05,EU
4303cfc2-a713-4a13-a5a5-d96f7d725079,842,484,8,2891.23,2024-09-24,EU
8dbfe92c-98b2-4d75-8248-867272c87cb5,674,385,6,942.31,2024-01-04,EU
eed0b0d5-cdf0-4aa0-beb4-6647d3544af7,359,267,2,280.48,2025-04-02,APAC
e7820a47-c1c6-4592-beb3-e0e3614acfa5,10,96,3,441.06,2024-08-28,EU
4fb4eecd-081a-46b8-a09f-34de058ee5f0,90,137,4,510.31,2025-02-08,EU
dfcf6db7-bbb2-4a98-8e1b-abed13630236,797,136,3,665.62,2025-01-09,APAC
89569740-da69-4c9b-9fac-f3e010befa80,846,145,5,2425.32,2024-01-01,APAC
6d402c64-a431-45a1-a804-e8974c86351f,863,500,1,167.83,2024-07-04,EU
70c69ad7-dd77-4e28-954f-09be7a4eefb1,586,184,4,573.88,2024-12-17,US
b07db410-8091-47bf-a13b-33e33aee7a5a,857,271,10,1443.78,2025-01-29,EU
7e0af0ca-3160-4eee-9a58-a2bfc45180a9,808,109,4,1449.34,2024-02-21,APAC
040a9eed-b064-4deb-905f-db57d94d45f9,904,52,1,255.35,2025-06-14,APAC
98042a11-a1fa-45cb-a6ce-4e7af50a8b98,833,263,5,2174.27,2025-03-22,EU
c13643a2-23be-4681-b7e2-e1801bed6e73,317,142,9,4001.79,2025-05-24,US
ad2962e8-ac5d-4a00-9b17-fed1dff1f9be,304,429,5,441.97,2024-02-12,APAC
a8fa0fb1-2822-4f30-bbf3-ea3e6f2a74a6,8,113,2,912.11,2024-02-26,US
9f362e86-15b2-4717-b779-2a7ce8907bf5,286,15,9,2428.05,2024-06-08,EU
a8195976-c7e2-49df-b949-6ad6d722f75e,819,111,9,3725.93,2024-12-21,APAC
97c906ca-2483-4fba-b7bf-d02557a250b0,787,54,9,3098.58,2024-08-17,US
11ebfce3-4569-4b48-a8eb-1f856596f466,851,430,5,1300.9,2025-06-22,APAC
aef85b17-e9e8-4b27-92f8-0ac3aeb26617,595,428,10,3489.01,2024-07-07,US
b9e4dbf9-eae6-471e-aa87-53c5805fb72d,619,407,8,2240.1,2025-05-29,EU
2f81b524-e5de-4e11-9da9-cec586ff744f,43,18,1,122.92,2024-01-06,EU
796df09b-f5be-45e7-bb58-be98efdaa306,847,242,10,1017.54,2024-03-03,US
bfc2b8a1-5f73-4a5c-8644-67a583a16f17,950,297,2,11.49,2025-03-10,US
0c69b690-e37c-4c8c-869c-23d43e88b79d,501,292,3,1062.49,2024-03-13,APAC
d475517b-1b1c-4e27-a9d0-d81bacc555f9,259,241,8,3260.68,2024-03-31,US
0cc47383-78e2-42fe-96d7-01c6577b76f4,334,321,7,1090.3,2024-09-19,APAC
2980a192-0a62-4560-85ec-0e88a3333bdb,598,464,7,1390.98,2025-03-19,APAC
8a93e477-8945-44cc-ad33-e636677af615,932,328,10,4503.4,2024-06-22,APAC
c023824a-d6c7-4f43-8ec6-7eb58a9d8705,513,360,1,220.51,2025-05-21,EU
4d08c291-9e1e-46ff-923b-741fd57818e2,100,36,3,885.32,2025-07-04,EU
e415d94b-685f-4857-823c-7979ca12ba1f,260,278,9,4361.67,2025-03-22,US
b0d8f324-7a36-470b-9af3-175f0b10f9a6,271,113,4,1271.23,2024-08-16,EU
2f802b3d-0664-44b6-b885-f169bd7d6f40,975,50,9,964.99,2025-06-06,APAC
630a1645-7d9e-4bf9-9ae3-2595db19919a,158,443,6,760.04,2025-04-12,EU
2fb1f4c0-0a43-48a9-95b5-5057ad3b633b,337,250,2,110.47,2025-02-14,EU
8afd3c82-f6bf-4195-8104-77ef4ccc6899,758,167,6,2670.68,2024-06-07,US
a7225e15-3c16-4e95-bcc1-b7376398a92f,392,269,10,648.65,2024-01-09,US
8e38eced-c449-48dd-8edf-f63abc9da8ac,712,93,4,1702.08,2025-04-04,APAC
7b74a3e7-a98c-4bc3-89b6-918662fab813,813,387,5,1628.72,2024-09-26,EU
7c3a7bb7-6e1e-4b7c-83ab-64c402433e06,488,384,1,236.59,2024-05-01,EU
2c168c19-3d35-49f0-86ee-035293dcc984,489,179,3,1248.21,2025-01-06,US
30d09db9-0bb7-4b1d-8774-fd92070c2e47,425,221,6,2206.22,2024-01-16,US
ecb0888b-3ba1-47cd-bfdb-bf877644cc7d,494,253,7,3131.51,2024-12-15,US
5bb36b78-61aa-4ffb-a6d7-76b04832326d,80,418,2,647.68,2025-01-08,APAC
9d55470a-5188-4433-8b3e-d6f90e4080e9,487,285,,366.65,2025-06-27,APAC
66b73338-4bc0-4f0b-b6eb-546312849d9a,223,70,9,759.5,2024-07-22,EU
d889109a-1700-4072-b987-b7a694adcb06,388,282,5,115.03,2024-02-05,EU
a674926c-548e-479d-8480-80e5063f3020,748,469,1,203.97,2024-03-05,APAC
56efb89e-909a-4359-a8e5-f89b604abd17,345,392,7,1526.8,2024-10-28,EU
8bdf6494-4c2f-4aeb-860c-dd6e5598e04a,279,74,9,3012.98,2024-12-18,APAC
fd6bc4c5-6aa5-4215-ada3-91250a8e4de1,711,311,8,3947.59,2024-01-29,APAC
712c577e-ae24-4cde-90e5-f344c7782314,13,413,10,2335.61,2025-06-06,EU
600f47eb-b68a-4584-997a-4b95ed9d5272,651,10,3,492.23,2025-05-20,US
ccb4a305-2a8e-4cdd-830a-5540c1fac83a,928,414,8,3089.65,2024-03-13,EU
a7ac9701-f005-4008-a592-9302c7dc6048,413,176,10,2609.2,2024-04-13,APAC
cd1936eb-88b6-4b41-b8f7-8ab570817cc4,371,413,10,1463.8,2025-01-21,US
a24ab595-7d2c-491b-a942-735dfd688527,890,376,8,3916.33,2024-10-10,APAC
5a7915ea-c933-4652-9fe2-7bae3606fed6,931,377,3,247.77,2024-11-10,EU
6e26ba8f-13d7-4ac5-ad5c-9fdb296e67e5,452,309,9,1042.49,2024-10-16,US
1c37335e-2b71-44f3-b946-0138bdb9dd8f,519,112,3,1036.81,2024-12-10,APAC
68ad8b08-9564-4c87-a2a3-5b6b144e34f3,586,278,2,279.41,2025-05-23,EU
bdc8f17b-fca7-4cdb-bb79-142782a01e23,69,153,5,1648.74,2025-04-03,US
04e8dd28-2e33-498b-b6b0-99ab0748cd0f,583,252,3,858.83,2024-12-11,US
69ffcc83-5702-4b3e-aed8-ab18e3966386,830,480,9,3061.97,2024-03-29,APAC
264388fd-7040-43fb-bf92-c7299bcfb8aa,374,274,2,925.42,2025-01-01,US
7939e78e-03c8-4c22-9990-2b82fb2d23e1,265,140,9,3104.85,2024-07-03,US
59669530-575b-4625-85a3-40fa3082f8bf,595,394,10,1822.25,2025-02-05,US
7dfb612c-1646-4a2f-89c0-e81290f6a875,784,497,1,339.75,2024-09-10,EU
3514fcc7-9cfa-4948-afa3-62aec4868161,319,94,10,228.96,2024-08-27,APAC
70bb974e-16f6-4c2c-b2c9-8536c3310d2d,212,151,8,51.52,2025-02-13,US
4a074774-ee51-462f-a99e-777568dd0ced,515,443,5,1351.01,2024-06-27,EU
e1f88a9d-3504-475b-9613-4ac9af200b27,576,482,3,1012.29,2024-07-14,US
8a707c10-d27d-4c7a-a750-61f740e12efe,648,252,1,137.87,2024-01-21,APAC
f7cf75c2-3ee3-49d8-b4f6-912da2750976,982,67,4,288.96,2024-08-11,EU
4099c3d8-4bd8-4651-b916-38f9ac45097c,568,86,7,280.96,2024-05-06,EU
af7977c3-f136-4ab6-8027-70f24377d587,427,69,1,87.41,2024-08-14,US
303a94fd-4576-4fcc-8e34-aef1ab74dc94,618,219,5,2379.11,2024-09-25,APAC
03608671-685a-46a9-96e2-fa35d215f53e,833,241,1,208.13,2025-04-20,APAC
8acdc4d6-ac74-45c0-b59f-3823de454281,184,339,3,531.53,2024-07-03,EU
dc037eaf-96d8-4e4d-b3f4-635a83448a48,66,161,2,751.46,2024-12-26,US
f76838dd-9d2d-4f80-b5c5-71dcd295f534,691,81,9,3798.67,2024-04-30,APAC
7d67c6c8-2681-4082-9218-3b925bda5737,235,125,8,310.32,2024-09-01,APAC
e0103d94-ec43-441a-aef5-ce606173ea18,910,500,9,4053.94,2024-10-31,APAC
a2a9051c-d5e7-45a4-9328-aa3c92d788bd,834,450,2,633.3,2024-01-31,APAC
bc758f4b-2a86-4b0d-8b2a-c97ff26f00ca,984,253,9,3544.12,2024-02-27,APAC
ec5e3d6a-1879-485c-8198-b2897fc89f1c,818,391,9,729.62,2025-04-30,US
701d88f9-37fc-4165-a8cb-1cf84157573c,725,191,7,2094.52,2024-12-11,EU
1e27c062-123b-4938-9d61-d5f6229d8b3d,957,365,7,2981.92,2025-02-18,EU
080b12ef-9beb-4e4a-be5a-8ffa48ba3318,675,182,6,2097.77,2025-03-15,EU
0d443de4-cabe-40fc-b3b1-d9167c8119ee,967,188,9,2268.83,2025-01-31,APAC
e3dd33ee-67ef-4200-9717-fe6af4007eac,516,53,3,308.53,2024-12-01,EU
09ed1c21-4375-45c4-9c6b-4834a867f485,809,444,10,4140.26,2025-06-01,US
51f688e2-3700-4d65-8d56-65433ed67375,727,485,9,4025.04,2024-02-26,EU
b14704cd-960c-489c-9065-598d4e1b4deb,938,418,9,145.66,2024-03-22,EU
0c3ff3a7-2266-408a-9c8c-e993e011e65d,85,2,8,1401.92,2025-03-27,US
e47490cf-2b6c-4b10-8083-77a8dbb939da,705,344,10,2178.05,2024-11-07,EU
62e266d8-3a19-4901-8abf-f78f0ba5a6ff,974,40,4,114.6,2024-12-15,APAC
7532894f-fdfb-4c38-83d2-ba924042a16a,946,248,1,172.62,2024-05-08,APAC
56ac85da-e85e-4602-bbe2-1cc17fd73383,942,440,7,2536.72,2024-01-08,APAC
d84870b8-d69a-4ec9-abcd-5cce888cf4ef,147,87,3,79.67,2024-08-31,EU
bb0f48d7-ce2a-4828-b16e-6aef453112f1,765,383,2,452.76,2025-03-12,EU
0c5570c9-ac64-4b91-a40a-ed2d4b2bddc5,328,152,6,1499.03,2024-07-13,US
abc0ddf3-102e-4283-8d33-46f593b74144,407,232,3,37.63,2024-09-06,EU
18fea19b-85c8-4dbe-a21a-44db9be7778e,763,252,6,498.31,2024-12-13,EU
bc560002-ef22-49ff-976b-96ed21a78cc1,629,375,1,427.51,2024-07-26,US
958d1663-cc2d-4d26-b356-4d98ad7609f7,196,316,4,670.69,2024-08-12,EU
05ed4140-d919-4bcf-ba72-7c8ed3ef06ee,773,374,1,304.29,2025-06-29,US
f0f90e73-5fae-454f-9ab5-37bb29529a26,362,130,5,1555.51,2025-06-02,US
c79f9fe4-191d-4011-b015-5efc67559a92,687,440,10,126.26,2024-11-15,EU
78e83eda-da7f-4373-b823-51e125733d26,500,417,2,37.9,2025-04-23,APAC
d68259de-44c3-4e37-a204-4b92250a31c4,14,163,9,50.15,2024-02-07,EU
3f98433b-4f61-4713-96a2-2ce7f8c0e688,552,352,2,939.01,2024-10-15,US
b337f8ab-f0be-4c28-8425-83514b7d79c1,530,36,2,805.89,2024-11-17,US
a5557710-5dab-4f22-8ea1-fbd8c349dbf1,924,202,3,222.21,2024-01-13,APAC
f9c745bc-1fce-4888-b490-f004a12a05f0,525,69,4,272.47,2024-01-03,APAC
5e8dfd17-ef3f-4505-9b1f-116a3244ed5c,252,249,7,1612.37,2025-04-13,US
59ed49f4-4efa-48b3-b601-905ff17181c0,537,382,5,404.02,2025-03-08,EU
604d0ac5-8b4d-4d8f-8b34-ab2df6ec078c,758,41,2,308.86,2024-08-05,APAC
2b82f0ea-c4d1-46a0-b56f-5f34dfb4e9a1,26,110,,315.86,2025-06-13,APAC
09ec9ee6-9710-43af-9e27-2476251bd71c,65,297,8,1294.69,2024-10-22,US
ee2a01de-5b31-47b2-8d78-5f5ff6c4ca34,565,321,7,354.62,2025-06-11,US
f8b17275-0adf-446a-bbb2-907ff6f6b5b1,592,119,6,1181.26,2025-02-11,US
43a227d3-8ff0-4057-b624-835b2908aca2,4,73,8,2161.17,2024-08-24,EU
e8afa7d9-a71b-4a1a-acf4-41d1c43f0bf4,287,428,10,1685.26,2025-06-24,US
d0792f2d-fb06-4539-94b7-083a0709c73c,898,181,1,164.28,2025-03-01,US
dc090456-9c6a-427d-b64d-aad84d9b0579,210,311,10,3628.17,2025-06-30,US
30cefc60-5eb4-4f96-9b8b-0e2651e9c053,521,317,4,1102.72,2024-02-11,US
b3736c51-8171-46ad-999a-0fe9d5519259,957,479,3,851.0,2024-08-24,EU
3b540e9a-b652-4e29-944a-fc85996fcc0a,684,68,10,4318.84,2024-03-15,APAC
ed1def0f-0d55-4c4e-b807-ea5fbf8a32a8,162,287,1,102.27,2024-11-20,APAC
cf400571-a8c8-4966-8277-3171ac6faa58,250,55,6,206.54,2024-04-02,APAC
8844b596-f903-4251-b5aa-2d186080cd57,701,161,10,2160.2,2024-07-28,APAC
97b375b9-ed63-4b6a-b761-66034e8a1f35,623,217,5,664.82,2025-01-08,APAC
a3e5c692-fb7c-4925-bc67-f4ee68f8665c,220,138,6,377.43,2025-05-05,EU
5070e0d3-8df7-4f06-a38b-121c393ce850,307,48,2,986.62,2024-01-30,APAC
81dcb694-232d-455b-92f3-f8102e181170,229,365,7,801.28,2024-03-16,EU
f4ff5d4a-f5e4-4cd5-9b6e-e7a89b83caab,93,481,8,364.06,2025-06-28,APAC
d393f519-4c82-4f03-8d93-8847d0f914f3,668,60,6,2048.63,2024-12-06,APAC
44731903-e533-4e2e-a86a-4f80c70b47fc,912,37,5,275.82,2025-05-04,US
113e8e4c-40dc-4569-916f-387d02f9f3c3,988,375,3,437.73,2024-10-12,APAC
095e5b4c-07cb-4b24-993e-da60d5ff27dd,164,270,2,400.26,2024-09-04,APAC
c6130005-75d0-4c71-9980-b0fc1435d5e1,102,305,2,73.95,2025-03-04,APAC
59c273d4-3559-43ca-b034-fbf200a22246,152,98,7,2668.67,2024-08-14,EU
1684cf42-48bf-451e-9900-1fe6626059ac,865,52,10,2920.45,2025-06-14,APAC
892ba920-c6f0-4b4b-9240-0a0f5a901b07,865,120,6,1937.11,2025-05-19,APAC
c5e1f08a-7c8d-4d15-9cea-ce609c1845da,119,290,5,619.34,2024-11-12,APAC
3ceb6e0f-e54a-4000-ad2a-8b2ed2a13f37,234,223,5,1530.5,2025-05-11,APAC
f40df4a0-44ab-461e-aaf0-df06bfaf4395,679,191,4,1447.14,2025-03-11,EU
ef38d7a6-c514-4449-badc-7226079919ce,837,315,6,2887.13,2025-06-23,APAC
2bb67b82-5e0b-4ece-b7e4-ec340d6bf605,236,111,2,267.42,2025-04-24,EU
1215b4ef-6fb7-46bb-b83d-f87f6b6ab52e,548,448,8,1057.36,2025-06-05,APAC
97e63288-5a31-4012-b368-c732cd60d048,503,62,2,601.14,2024-01-18,APAC
75549970-fbc3-460e-8311-176c7521ef4b,877,320,2,801.54,2024-08-16,EU
fb7cac51-3fca-40b5-aacd-263d16f395c9,985,356,1,275.54,2024-12-04,EU
debf7c36-f9e1-49b3-b5e7-74f597001224,575,181,10,4152.7,2024-11-21,EU
e63cfa8d-e910-4165-81f3-ee3b7d2c2333,143,496,9,3937.5,2025-06-27,US
ca4007b7-cf00-46d3-a147-1a78ef51a295,869,288,9,193.74,2025-03-24,APAC
44e61e3c-84c7-4899-b83b-2e82b57721a5,997,19,6,1168.62,2025-01-25,APAC
020dc2be-7bc1-410d-9298-b39e56d4d2fa,850,207,4,1563.82,2024-04-06,US
d103f4ce-0b90-4039-bbb8-e874ac5c5d07,127,449,,107.9,2024-08-30,APAC
377ed9f2-2004-4650-b0fe-db70072f0f59,94,4,7,2252.42,2025-06-09,US
6f6b27a2-d4d9-4a9c-9079-bf943751c3ff,318,101,4,63.5,2024-05-04,US
81acd076-bbb3-439b-b179-7a2558c9fb37,549,413,5,1114.0,2025-04-04,EU
b01078dc-b6b9-4ece-98b1-302c0e2081ce,830,329,4,650.89,2025-01-28,APAC
2fdf42c7-694d-4b7e-9408-bbc04cbcb4a5,552,306,6,739.68,2024-07-26,EU
524a4302-b046-4a77-9905-294f02a659ea,821,318,7,523.56,2024-12-21,APAC
c92bf7f4-ceff-4291-92de-1006afd9ff68,797,381,10,4710.49,2024-09-20,US
57e969db-c182-45ca-80aa-82671fd6ec7e,813,416,3,85.18,2024-05-12,EU
cb85850b-c462-422f-a35b-24ef35b1c3c6,315,475,7,874.04,2025-05-26,EU
093b1257-8f81-4324-9cda-43e153a0819e,490,404,9,949.12,2024-10-30,US
7d356d39-5bc4-4296-addd-57a1f41496ee,351,450,8,310.37,2024-08-29,APAC
2da13983-1974-403e-935d-b0de21a6a220,657,502,6,2341.88,2024-04-03,EU
1fede053-169f-4c51-9cba-4c1a2bca06b5,744,283,7,3321.45,2024-05-27,EU
7d4a1bfa-a08f-4ee0-a126-4aaf0652e8cd,346,469,1,126.69,2025-03-18,US
d9bb5f3f-279f-4d8f-8a23-e9420ff7d6c5,753,187,7,91.32,2025-04-22,EU
4a717956-27c3-40b7-b135-1cef3aecd949,25,338,,86.33,2024-02-26,APAC
5ad165bf-1313-4ec5-9e73-e1298251faf8,232,27,6,902.08,2024-03-19,APAC
f7077d90-3b4d-43a7-abad-1b82407e63da,582,256,8,2432.0,2024-02-23,EU
121b091c-4131-445e-bccb-56a54c891718,947,461,1,86.55,2024-03-02,APAC
f975b492-2c20-4f67-b9cd-42dbcfc9d173,19,37,7,3070.37,2025-03-24,APAC
51978ac1-62da-463d-8bac-65f1f7b4a190,641,492,1,231.84,2025-06-29,APAC
bf8f689b-80aa-4918-9812-0565fe231c34,857,346,6,1891.08,2024-04-01,APAC
006fecd5-007b-48cc-866f-be8cb855c805,965,421,6,1484.84,2024-12-15,APAC
7748261d-f4c5-46a7-9945-d5d1281f5bc6,128,444,2,67.43,2024-11-23,EU
96d46305-1531-47d7-8e2d-79947b14314d,660,259,1,47.14,2025-01-26,EU
5be1b218-b46f-49b6-9b75-d02f8900f35d,807,7,10,2094.53,2025-02-06,APAC
942b42f3-2c71-45b2-a383-d6b3092d22e4,476,209,9,4266.26,2024-10-02,US
28d4cc00-b6af-4e53-a47f-c55377dc9191,717,27,8,3745.71,2024-12-28,APAC
c51a321b-442c-4173-b221-1a359d2d0a40,514,290,10,3449.19,2025-05-18,APAC
b93aa03e-dd36-4de3-b62a-c7ae167d9bcf,688,445,1,84.29,2025-05-13,APAC
6bdc6b7a-90c0-4904-87db-39372ba0d344,315,425,9,599.85,2024-03-27,US
84704a15-2c03-4775-9dee-b4e671e3696a,504,50,3,1213.34,2025-03-03,APAC
68e90048-5aad-468f-92d5-d454278f0695,182,213,10,579.14,2024-05-13,US
0dda31e5-a862-4595-98f3-a29c510adb4c,578,222,5,242.34,2024-04-29,EU
137f8a82-6f4b-4eaf-9f57-90a1b48d35e1,11,379,5,785.94,2024-07-28,EU
a4df3d1d-ada1-4aa9-9073-a108b56947ba,97,319,8,418.43,2024-09-24,APAC
9f8a49bc-a4db-4548-a8b5-db044dd53b46,810,398,3,490.95,2024-10-23,APAC
6abe6c5e-1c7e-4c38-a2e2-db5bc1796b19,116,95,7,2694.4,2024-05-17,US
a27a0821-bf76-46aa-91ee-ff3a9bab4c71,122,27,3,758.0,2024-04-28,US
5eb2339b-804c-48f5-8d61-88a86187208e,656,396,2,540.57,2024-03-29,US
04ccd1cf-f070-41af-8528-1faab213422e,993,47,2,73.7,2025-01-22,EU
a6c68f0d-02c1-435c-8234-6c8f073b4240,961,229,6,2056.13,2025-06-09,EU
64017555-c2ac-445d-b330-8672cb673fd1,492,430,9,1202.26,2024-08-01,APAC
b8b3f706-2d67-4a75-a4b5-a28c4ce5b4a2,274,197,4,454.45,2025-02-02,US
05c0d995-8af7-4bfc-b852-ba3c5f8d5f0f,183,144,8,2258.43,2024-09-29,APAC
33c68c48-05c5-40cb-9f02-939fa8fb9b8b,385,102,8,462.88,2025-05-14,US
480934d9-b2f7-496a-8227-c2c864c98a8e,389,338,1,126.74,2024-07-08,US
2719b6ce-bb11-4234-a26b-be140da1babc,858,486,7,2111.25,2024-12-31,APAC
891cd7d8-01c6-4c80-bba8-13a87a56a174,487,173,3,1309.78,2024-06-18,US
97c3a2c8-caaf-4c19-b7e2-c4c17349399c,780,63,7,3323.43,2024-07-19,EU
64a9cb2e-00ad-4611-aa4d-f822c57cc8aa,751,397,4,456.46,2024-10-24,APAC
ff455476-1e6d-4cf4-a808-ef47a0ea8872,903,234,3,474.36,2024-02-01,US
917b7df9-45d2-406f-84b1-24b07fe9ec0f,705,320,2,812.15,2025-05-22,EU
f6c565fb-910a-4c66-8845-981fb2746d6c,595,345,8,2009.64,2025-02-24,EU
0f8fbb58-1f40-4554-9a49-affa958d0ba2,261,396,9,1501.04,2024-08-30,US
668bb426-00f0-421e-be80-0e004a2b5c86,408,176,9,3521.29,2025-02-23,US
a332853b-0918-413b-8c40-fe176fb6d918,797,409,7,1600.45,2025-02-20,EU
9e0ec8af-00f4-441f-8bc3-28e0cb585990,460,84,1,228.86,2024-10-19,APAC
a9c054e3-d8be-4f86-932e-72304722b30c,608,59,5,1411.93,2024-09-16,US
bce316ff-17c6-437d-bca8-89e442303c84,674,127,1,435.06,2025-04-25,EU
d20b8830-66ed-4771-aeee-24c5a16ff65c,376,453,3,521.7,2025-04-29,US
51dbd1de-706e-4e1c-adc8-ebf8b46b4b05,324,156,4,1003.57,2025-07-01,EU
33c0b057-5632-45ae-ab3b-3c90057f6d92,895,101,1,235.05,2025-06-05,US
4cf20782-2f4b-4b94-ac57-16858aa2ac89,677,88,3,1357.48,2024-03-03,US
9b044963-ea8a-45dd-969b-5bd12cd5915c,34,341,1,43.56,2025-03-23,EU
28efe094-6539-4846-9366-215c48d5ae76,82,442,1,142.71,2024-11-21,APAC
3206449e-06fa-4ce3-a4cb-2643407272e9,358,388,3,898.67,2024-04-18,EU
36db3f3c-797b-41dd-99a8-6037a9355304,868,132,1,401.85,2025-05-23,EU
d59d824d-8863-4735-8fd8-2b2290ca104f,827,403,1,25.18,2024-10-23,US
4964fbf0-20cd-4714-8c59-8cf35214c53e,991,261,1,234.22,2024-11-16,EU
8a07f3ed-51a4-422c-8b40-0fea97c2b915,851,214,3,1146.22,2025-01-08,US
6554bd66-4b61-46c3-87ba-fb06a32d2d4e,268,255,5,109.56,2024-07-21,US
bd404bbd-ac21-473f-9cf7-74dfc312754c,146,449,9,4261.51,2025-05-08,EU
4f8f84ac-0eed-4638-bc9a-f4650619071c,273,244,10,1876.12,2024-05-14,APAC
2622a86b-aa31-40d0-8fff-698b60d59bde,665,273,7,678.08,2024-03-19,EU
9b69373d-2e0e-4454-8b39-fb13494959b4,231,60,6,608.28,2025-01-11,EU
9dcbf8b0-432a-47c8-9ce3-1e8dac80e0a2,222,49,3,34.85,2024-06-06,EU
e60f82d3-1574-400f-b4ca-64627bb45929,832,149,,268.47,2025-03-11,US
f50040b0-5aa4-49f6-9b93-d2bc317993d1,987,24,4,535.22,2024-12-22,US
fed3f2d3-ec94-4cca-9841-a2dfdfcc6296,138,225,3,471.0,2025-04-18,APAC
2a72b402-a338-4e52-9246-0a75125ad71e,539,209,4,987.13,2024-07-09,APAC
848677c5-d981-4a74-b117-9ff99d749fd4,680,127,8,843.2,2024-04-20,US
7c4d0589-2065-46b4-9987-7ad485400544,484,457,10,2851.3,2024-02-15,EU
b648fda4-fe76-4b26-9f71-d1a63c4e23e1,947,239,1,120.21,2025-03-24,US
f9ad81b3-593e-41ba-bf5a-2b517e708f05,446,1,4,1322.78,2024-04-21,EU
0384846a-8dd1-4fd6-b1c0-371505e3016d,600,486,1,167.23,2024-04-25,US
0181d1c5-d989-4d63-a505-115efaa5e618,259,20,4,1366.57,2024-05-11,APAC
2b6239e9-0f23-43a1-8842-1f525b66ea40,111,25,10,3909.08,2024-03-14,US
005ec7cd-730b-4e8a-842e-1572429af7ef,807,213,2,927.85,2024-12-21,US
26a46a7e-3e2e-4412-b588-973378a1cb31,281,372,4,1654.85,2025-03-13,EU
c836c9f1-7e45-4df1-8f06-c84bdeefb77d,465,292,6,652.3,2024-11-12,US
acf4c0e9-6bcb-44ce-aec2-1c91f4f84176,739,174,10,704.1,2024-10-02,EU
bd7571b4-d7af-4b6e-9064-0049b3b31179,870,321,3,71.28,2024-04-12,US
262941ee-329f-4941-af72-280ca173561f,274,49,4,1903.25,2024-12-06,US
c45b5d80-44a2-477c-b195-4eb598fce01d,217,391,9,2404.16,2024-09-05,EU
f12b009c-cb87-4a66-83d3-adc06604007d,991,198,3,811.08,2024-12-11,EU
526a14b2-d650-44be-8a7a-285f07efe7ce,989,289,6,1963.57,2025-05-02,APAC
0ac75e5f-40b0-45c1-bd6f-2f0147a58876,800,427,2,352.72,2024-11-21,US
4d68fd79-8757-4744-9a8c-56917cab2860,558,219,4,463.48,2024-12-11,APAC
674b6269-3fe5-4023-92f2-1af7335fadaa,771,385,4,997.13,2025-05-26,US
88c931de-f90a-480f-98cb-09908cfdcf82,895,234,7,1039.72,2024-08-31,US
a19ce326-9178-4898-a081-c3ed394882ec,518,240,4,963.82,2024-06-25,APAC
08dd69be-796f-4c7e-a3f8-571f90ad1204,278,68,1,341.17,2025-04-11,US
04ea4809-085e-45c0-8c4f-d8930693634c,961,49,5,556.61,2024-10-24,EU
4202e08b-1c64-49f0-9d65-b9e03e2cea86,562,84,4,1844.17,2024-06-12,APAC
73780afa-6d24-4ebc-a1df-8fc99c92c2d1,977,409,8,1327.67,2024-04-23,APAC
70f4128e-d455-4af2-b0fe-6e56d7971bde,248,181,6,1569.16,2024-03-30,US
2cdc9b5d-bb62-4c27-bfb8-36233aa3e0a0,763,68,7,3174.27,2024-03-12,APAC
2896d784-c3f8-4900-9e2f-3377814b8f43,808,264,,244.54,2024-10-01,EU
3cbe1ded-1ba5-4c0a-bea3-7d19fa14ba19,621,403,10,2761.51,2024-12-10,US
19e1cd76-4cd9-46f4-8bfe-3d1b3e3c6a23,870,209,10,2052.61,2024-09-12,APAC
9370a257-116d-40b0-ac75-56a8190df2a4,714,436,7,2832.27,2024-12-12,US
6b856113-ef15-46c7-9f53-4ef1592c272c,118,238,10,4834.53,2024-12-27,APAC
775379fb-191c-42ac-982b-706b064e5824,91,35,9,234.25,2024-10-02,APAC
d251fb42-f80d-4a43-8ae6-d7dce5e6ca29,450,407,5,1370.57,2024-06-20,US
a3d365e8-f537-4913-8c6c-f07acbc6aac0,270,409,4,1351.47,2024-01-18,EU
7344f02e-7885-44bf-9dd6-39fdd11f7676,413,312,3,916.54,2024-12-25,US
20891e8b-2b3d-40f8-aebb-20e3456a6639,985,203,6,2573.62,2025-04-12,EU
7be02f9d-2819-4dc2-b672-5f1e395c0870,178,162,4,1436.31,2025-04-03,EU
433ad99a-0573-488e-b1a9-7b09ec1d294d,351,471,6,2880.91,2024-03-23,APAC
1f266d49-affe-4516-8867-3d48e6adec3d,195,302,5,891.48,2024-11-03,US
7eb0bfb8-fb9b-4883-aaf8-933169cf4080,790,305,2,64.49,2024-11-25,US
75265a82-cc2c-4252-b589-f93f94596b6e,514,492,10,2330.95,2025-01-04,EU
814cb3c6-731b-477e-8015-09a943c74cd3,783,406,4,1690.63,2024-05-15,APAC
8c28a7dd-45c6-436f-b740-d9949ccaa3e8,434,441,4,389.35,2024-02-28,EU
36ed5e02-6cf8-4024-a8c5-1d927b00e83f,722,194,8,84.85,2025-03-10,APAC
3c797511-ac38-4f8d-96ca-84228b989a0f,583,168,4,1476.42,2024-07-22,APAC
ff6b2ce4-e37c-4fc3-9187-a78c383974e4,444,411,8,3227.93,2025-03-14,EU
dd7bd96e-9432-47be-b0d4-6e4e8cee23bb,964,431,6,930.31,2024-07-20,EU
f2ae5afc-1425-4fa8-8109-70bef09ee685,417,208,1,416.53,2025-03-29,APAC
a4a4b31d-0e92-4f23-bcca-a992d63b4409,676,195,8,2287.38,2024-02-13,EU
b9d658a4-fdcf-44c6-a332-1bb5b363db05,384,284,5,111.99,2024-02-18,EU
f764ed9d-5ccb-4bae-8977-813c49fa0284,91,131,6,2939.69,2025-04-29,EU
8b17e89d-0286-49b6-bea6-cfd2cbc3530b,773,406,1,498.79,2024-12-19,APAC
b53a6da0-c10e-406b-8236-4b6f6d2c619b,657,327,10,2439.93,2025-06-26,EU
56f64c17-309b-498b-8adc-448d6c48a7dc,40,338,6,2959.6,2025-03-28,EU
e1a0fb1d-510b-49c1-9967-821ebe61d411,594,437,2,466.95,2024-10-20,EU
68419f8b-5779-4cee-88ed-48ddab71c5f5,271,121,9,2318.09,2024-10-12,APAC
2cf46839-aeb1-42f6-b865-4d171d2c271a,671,222,3,285.64,2024-08-06,EU
cbcfdf91-2e34-4ba6-8751-d9fdbca943ab,50,214,1,298.75,2024-10-10,APAC
f7dd3c0b-824d-4533-9e9f-e8ef52df66e5,825,163,1,469.3,2024-06-08,US
5bb8f731-fd76-4710-9d0c-12989c5bbf9a,768,212,7,986.75,2025-04-15,EU
230f0ceb-937d-4a39-bd95-fa6c6baf2df5,96,296,2,434.15,2024-04-20,APAC
c42afc58-7383-4361-832d-9e4b82d771a1,553,358,8,1065.25,2025-06-01,APAC
076ba2f7-3bd6-4dd0-8964-a830fef1e2d9,724,470,5,1333.16,2024-06-15,APAC
3ea93bfe-d536-40e4-afe3-3902217b2b80,400,25,2,371.63,2024-06-01,APAC
2ff91349-5a16-4f96-8186-fc050eb87434,964,16,6,2383.0,2025-02-11,US
8e56cedf-b327-475d-bd4e-24aafdd232c5,349,475,3,1119.46,2024-12-06,APAC
081a36c0-d34b-4713-84f0-859150ae0c80,866,423,,105.31,2024-06-14,EU
00b4bac7-9560-4c16-9dcd-16ce4a208e0a,137,337,4,190.68,2024-05-18,US
d57e99ad-2525-4e38-870b-bfcfa0178a3f,918,248,2,885.39,2024-05-29,EU
bf99537f-4362-4708-94f0-3ffc4e3155ae,647,354,3,571.75,2025-04-10,APAC
e820c55d-6c02-485c-a37a-bfd39505c298,270,478,10,4779.45,2024-07-28,US
82d581bd-17a7-4e0f-b543-8ec813a8ac52,507,151,6,713.36,2024-01-31,EU
12fa62ea-0f01-4438-ba9e-cc95fed70e72,344,166,7,749.17,2024-01-12,US
639d81eb-1e57-4279-91ab-22727ff3ca0b,368,395,1,107.02,2024-06-25,APAC
3f6ffd13-58a5-4811-a796-b1561ae77894,438,6,5,401.26,2024-02-04,EU
48d505c3-27c8-4608-b688-611d86f34683,222,37,7,287.0,2024-05-11,EU
5520fd44-2e2a-4a6a-b22d-458d439995fc,624,318,,385.01,2025-06-03,US
f75894e8-b771-4166-9a2f-8ce3e40f325e,650,427,10,383.13,2025-05-25,US
bab25a18-7773-45aa-81f2-78b267aaab99,366,34,4,454.79,2024-09-06,EU
4e078d20-81fb-4943-8d57-f44621d0d53a,665,476,8,2395.89,2025-05-22,US
496b48c2-e930-4041-b017-e0d8ac29c404,223,31,5,601.54,2024-10-26,APAC
f40c25ec-a0b4-4d7a-b639-0365d16c18e7,639,40,2,464.35,2024-04-27,APAC
ecf91352-d507-4228-9b73-ba9056475162,592,80,,172.86,2024-10-07,US
876f252b-c2a4-4bfd-b801-c52f9f3a8b78,615,127,6,795.5,2024-12-04,EU
7a680c11-76f5-4647-aa51-a58570a88335,215,278,3,478.28,2025-01-28,EU
75607664-5b07-4ef3-ab8a-b902aab3fc97,380,141,5,2250.82,2024-02-12,US
0921877b-d23b-4c21-b7c5-ba92d6640470,337,277,2,377.95,2024-05-03,APAC
6d09293e-2eb7-4839-b2e9-b6834733f658,411,134,7,614.29,2024-02-18,APAC
2e0a6fbb-8179-4246-b22b-bf1ea5b07816,627,136,10,2839.41,2024-08-05,EU
ea1e0b75-2881-4035-8dd0-25b09cc089d5,782,297,9,3492.68,2024-04-04,EU
1032342e-249f-4ad5-904d-8b86cb51f9b3,120,355,5,470.15,2025-03-19,APAC
9007b1a7-1bdc-46b2-81e9-bb95df58161a,898,157,9,3645.96,2024-09-30,APAC
fec43239-9227-4da9-b160-6d686fde5493,881,334,6,540.27,2025-04-28,EU
3f69b616-7636-41a0-afbc-6c8b046c5658,174,115,7,2295.16,2025-06-09,EU
8f47d704-208f-4d5c-a61b-0591a8b3099c,122,315,4,1845.95,2024-09-02,EU
615382c0-7212-4265-a016-7fe8b698a408,35,370,7,398.61,2024-01-07,US
742a3591-7147-4e7b-ab11-a655c3ccd5e9,180,353,6,512.05,2025-03-04,APAC
89328a94-58ac-4bf7-983d-6b528f556237,113,29,8,1317.5,2024-08-22,US
97cfe3fb-1268-4bb4-9a0b-d35450ab8c7c,351,268,3,865.82,2024-04-09,APAC
7c21032a-8eee-455c-8b47-0aeabb4f42ff,905,496,1,182.37,2024-08-02,APAC
da58db72-bbcf-42d0-a440-931f94cff6b3,33,125,2,745.0,2024-08-11,EU
7caf2448-c341-4e9a-a5bc-a3a95fb8ddd5,324,483,9,1299.69,2024-05-27,US
b4c0aae2-f2ec-43a3-9d1c-7a0644bc5e13,74,424,9,3187.4,2024-09-27,US
6168c35d-65f2-475a-a281-3c90d25abf6b,491,441,7,550.43,2025-03-29,US
17dd3f57-545c-41f1-88a1-7d651c7b9a28,31,248,8,2605.2,2025-02-23,US
b6db1944-8851-4f74-8d69-993b8a508370,812,249,1,18.85,2024-11-25,EU
cecc248a-a08a-4531-93d2-0ecbec98a18c,380,438,2,998.98,2024-03-28,APAC
06e93dd6-7d89-4c50-885f-470eadfdacb5,609,196,3,153.38,2024-09-16,APAC
9fe12157-0e67-4412-b255-000899561f24,461,459,7,1092.95,2024-12-23,US
50e427e8-03d4-42f6-bf5e-1ac2e9688300,603,478,6,577.48,2024-01-29,EU
8087566f-7bbe-4622-b5f3-02c9f3b790c1,853,475,5,1346.8,2024-01-30,EU
567e2426-eefe-4be0-8a95-e64ed3c8d935,295,254,7,1704.76,2024-01-12,EU
a9c0b82e-d794-4101-9e0f-7f721c5d969f,880,56,7,260.04,2025-03-13,EU
aad54179-fa03-4f19-bfa5-75c4e9c316aa,865,465,8,3963.24,2025-06-22,EU
323f6be2-a809-4298-98f1-1e6b9a510f45,371,313,8,990.48,2024-12-10,EU
502bd585-d682-49d8-af59-aa7be793cf36,715,487,6,1786.53,2024-04-11,US
e7e1fc12-29a1-4f83-a225-be02bf3b8e0d,570,414,9,3415.08,2024-11-29,APAC
0eb193c2-3bc3-448d-b6cb-633a74b7e1a0,735,81,8,1580.13,2025-05-17,EU
3673fe20-b127-48ed-8482-f5d58e77cc4a,109,17,9,2833.55,2024-01-31,US
ac23eacd-f9a0-4920-a7af-533f5cdaf694,857,222,4,1631.58,2024-09-19,US
8c794cd7-ffe6-4306-962a-c8996e77d57f,674,23,5,505.27,2024-12-09,APAC
ca8c68de-3e23-449a-bf0f-c83ae965632a,980,74,5,2089.77,2024-03-20,EU
e3b36020-af19-40fe-877c-dd9ad959172b,928,237,6,283.46,2025-04-20,EU
cd096eeb-95f3-4e07-9d00-d625231e9e79,682,195,2,183.6,2024-08-02,APAC
13608f01-6ecc-444d-b538-f918e9fa54fc,513,83,3,248.95,2024-09-23,US
668aca74-d386-4561-990f-7f40f9d3abeb,419,488,1,51.82,2024-10-21,EU
9287a42c-9489-42f4-82b7-46c4c4417dfd,810,475,8,2134.78,2024-11-21,US
522fd0f3-24bf-49ba-b29a-60e840331e7b,51,82,1,425.93,2024-03-03,US
545fdb3f-0475-475e-b908-adf26430c385,521,244,3,750.26,2024-07-29,EU
d0906664-2745-4f24-94ad-265dbda01756,335,129,8,2036.16,2024-03-11,EU
00d885f2-af14-4044-a6d3-3c27f9226469,132,339,7,1627.18,2025-06-23,EU
a0cb52c0-211a-4ea7-b71f-d549e15ba9ed,359,328,6,1417.97,2024-01-30,US
19c63b0d-bc6d-43d4-8471-78412706ef35,984,357,2,144.41,2024-11-09,APAC
7a781cbb-ed3f-4284-ac51-aa080c8f7ef9,494,238,8,1825.59,2025-07-04,APAC
f0e51f65-7c1b-4b77-8896-34851f123d53,537,422,8,3106.0,2024-10-21,EU
85045c74-3dd8-4afc-a1e1-39d792c4a206,25,262,7,1289.71,2024-12-31,EU
5151214b-c1cf-44fd-94e6-2dead899bd58,865,480,5,2033.61,2024-01-08,APAC
c0c83a6d-1dd4-49b1-99f3-54cd426319b8,462,436,10,1735.32,2024-07-29,APAC
86bb353b-e265-4dc9-b459-0b743587d009,315,419,5,2135.96,2024-05-04,EU
3ce5d73a-52a0-4fd2-8bfc-dda182d798a8,877,215,6,2027.72,2024-06-24,US
0e8cab2a-37cc-45a1-942e-d4f5d23b1248,660,26,1,414.68,2024-02-15,EU
db9759ef-3046-4457-9b9c-592577e15aa7,696,221,6,2140.48,2024-08-19,APAC
848ac5cc-2680-4f9e-952d-b4c314e6baf2,504,242,9,1150.8,2025-02-07,US
3beb4759-1918-40bf-b35b-b939b76e2254,737,404,4,1811.32,2025-01-19,US
0a05b680-e3b5-4de1-bbbf-3408081da2ca,507,424,3,659.53,2024-01-16,US
101f6d3c-c99d-4fee-960d-0adcab0a1b45,873,475,9,1488.42,2025-05-31,APAC
e153ceac-89b9-4905-898f-2bd9ff3591fc,474,191,2,869.9,2024-06-02,APAC
0e79a1cd-2d3a-45c1-bd68-b68bb55e0cb5,696,493,10,4496.45,2024-04-26,US
d997da65-c278-448a-9994-f05c9a435f33,991,117,1,405.68,2024-11-11,APAC
9e7be54f-842a-4164-8ba7-4d0928ee0642,5,238,1,368.42,2024-07-01,APAC
8b58525b-57a5-4ce4-8c04-fe7fd7d2749f,733,432,1,35.74,2025-02-20,APAC
61091e3b-1bac-48ac-b0ee-3f6a6f884d3b,224,480,3,415.88,2024-05-02,US
43269bb8-0cc8-4d95-839a-c6eac3b156f9,905,449,1,183.25,2024-11-16,US
52025368-d5a3-4a8f-af30-295679f24fd6,51,119,9,3851.63,2025-03-15,US
5a3496b8-c87f-4c43-b890-bdc88fc05110,763,173,3,1319.92,2024-10-08,US
fca2c108-eb5d-427a-a27c-132f1b510315,171,246,5,2082.41,2024-10-12,APAC
7a45dc28-7862-4acd-b989-ceff9c80c76b,227,238,3,980.08,2024-03-18,US
717e251c-0e6f-4ae1-9cdd-e257a6a96a36,857,341,9,2521.03,2024-06-23,APAC
e0070570-6546-4d11-8ce2-ba1ccadd9d1e,342,428,6,2404.44,2024-09-21,EU
6de6027a-2dac-49cc-8f00-7d9970558b0c,29,261,1,345.14,2024-01-01,US
14f05b05-d749-4ad9-bf2c-3b3c4d110677,911,457,1,51.85,2024-12-26,US
b27d5105-6889-4dd5-848f-05a4d456f44e,262,219,1,295.6,2024-11-08,EU
a5541c30-bf4c-46e5-96f1-3817e58443fd,622,220,6,730.18,2024-11-13,US
9cd4f076-984c-426d-9824-9e7fd56dcfef,228,12,6,942.69,2025-02-13,US
593f0dcf-225a-4f7f-9492-b5a0688018c7,862,442,6,265.45,2025-06-25,US
1daa1358-02e3-43f9-a4f8-fd614aeaf698,563,78,5,141.79,2025-06-27,APAC
956440a9-6a0b-4a20-82ce-ca918398572f,597,263,3,110.16,2024-09-27,APAC
22053143-2154-4f77-bd62-c84437e8cdaf,358,445,6,364.28,2024-07-26,APAC
74dd3f75-8074-45f9-b2c8-1ead9fae5674,629,467,10,2068.79,2024-01-25,EU
3d399cd1-2aeb-4a6a-ad1e-1daeceb06211,206,414,7,633.45,2025-02-25,US
ce0090ca-1836-41b3-9774-ebd19446414d,87,438,7,1364.75,2024-06-13,US
8ad0f1ce-9f21-46ce-9aad-4b4f25f910f0,414,495,4,358.81,2024-02-22,US
65ccb79f-f338-4882-a8d0-61b8e4539c3e,682,259,3,1015.48,2024-09-11,EU
556ad5fd-9450-47e7-8b90-be1d159071f5,10,372,6,1181.58,2024-06-13,US
027b3c3b-3faa-4cd6-a217-81d1e4ca2097,32,74,4,1094.17,2024-11-08,US
af5ecd83-f51a-4bd3-9f69-af95be6d4b22,366,207,4,543.43,2025-06-01,EU
d2cb0a8e-a1de-4a0f-a483-4e4e16f69de5,23,361,3,444.96,2025-01-24,APAC
709cf495-5cec-4371-abad-02240ef1e0fe,309,265,5,587.46,2024-12-08,US
bccb1792-78ab-4067-a3d0-cbbb8e091dd4,763,180,5,1958.76,2024-10-20,US
96b5aae4-e201-4b6b-a1a1-eefb50c829c6,951,63,5,1009.76,2024-12-05,US
175b3fda-ca06-4a9f-85ab-87b194f7d253,439,250,1,69.13,2024-02-25,US
76067034-3102-459a-890e-3633a2f180c7,14,30,8,3736.45,2024-04-14,APAC
7593c41d-af5b-43d4-867d-1157b323f27d,549,186,7,2882.52,2025-01-04,US
89ac6d62-2dba-42b6-a035-4f533da42bc5,618,389,3,124.59,2025-06-05,US
5f617e04-367d-4fd9-831b-55e9796616ed,149,76,8,3382.62,2024-08-31,EU
4821e5ad-2efc-44ea-867a-ff31bcfaa57f,781,31,1,153.41,2024-06-09,US
1fb360fb-944e-425d-9390-b3dac484686b,200,232,9,560.38,2024-05-10,APAC
09a68553-1ff2-4304-8705-bfdffa633914,110,41,1,408.33,2024-02-10,EU
107b0692-c3f1-4722-873c-b08ce2966333,860,251,8,1547.89,2025-01-17,EU
384bb0fa-f93b-4dad-b40f-9937e0af3205,30,371,1,271.13,2025-02-04,APAC
b72aac82-b836-49ee-9d1e-d259132ed081,865,130,2,256.91,2024-09-21,APAC
f886bbc8-ad39-45e1-9119-bc56f3cb2844,360,7,6,2311.77,2025-01-16,APAC
d64232e6-1f71-4d47-be7a-2c4761d02b75,309,273,4,91.25,2024-11-15,EU
e1116670-fdcf-48e8-98a7-c164d4ff7c11,488,273,9,433.16,2024-07-07,US
71520f71-00a5-4eca-8004-7c9afd0f2699,199,415,3,799.93,2024-03-13,EU
63a0aa27-226c-4569-a910-2938a39c78fe,15,142,1,236.69,2025-06-07,EU
bdaab75e-7546-4e25-950a-dfafccaafbe1,317,290,5,368.12,2025-01-13,EU
5f199d3c-b8f9-49ab-91f6-d9e989b5a064,576,261,7,2380.13,2024-01-22,APAC
0cf7671b-0371-4ec8-87d9-142cdc7b323e,520,397,6,102.18,2025-04-03,US
2bc623e7-998d-4751-ae5e-6a1ce704da4d,718,240,8,2691.93,2024-07-01,APAC
839e3a06-ff0c-401c-9f68-7ec80a4be210,329,424,8,1866.21,2024-06-20,APAC
cba3dd2e-1e23-470f-8bb4-c179fa986fb2,611,143,6,2252.23,2024-04-19,EU
bc6db978-4e99-431b-8c72-a70f1ba36e74,835,35,8,2593.5,2024-11-18,APAC
4d2cb7b7-a7aa-4d54-8170-270325830a7e,977,176,2,994.98,2024-09-18,EU
d40381bf-bea6-4be6-a782-2780d5c96750,435,333,5,697.27,2024-03-31,APAC
d465384f-25bb-4a7b-8d50-2aecface6c96,257,59,10,365.27,2024-04-28,APAC
957043c6-d50b-43d6-8af1-f59cd84c88cd,473,130,2,34.12,2024-01-13,EU
2486402a-c2ee-41ee-8db0-a84c2cffc466,843,396,4,915.34,2024-06-21,EU
3e68a0a8-3ae0-41e2-9727-c034bddd859c,635,270,3,985.73,2025-02-22,US
bcdd129e-166b-42ff-9fa5-e8cf1ebb0717,193,355,2,169.72,2024-01-07,US
fa09eff2-852f-4788-94ab-2aa7b79e98e2,384,261,2,187.16,2024-01-02,US
5686e9a3-5a0f-458d-811d-9bbb659dae6f,918,135,3,95.82,2024-02-22,APAC
6da94b39-5801-4996-bfb3-082a81fe87b0,503,469,4,1509.92,2024-12-26,APAC
4e1517b9-e215-4ee3-9483-97937c304f5b,128,101,2,817.68,2024-05-19,EU
a9089911-f713-4e00-867f-46efb41a477c,579,9,3,1015.67,2024-09-30,US
786df45b-c09e-4a92-901b-2f54c0800bff,617,372,7,1615.43,2024-03-04,US
6ceeb280-6baa-429d-a76a-971a403c4078,686,229,8,3244.64,2024-10-26,APAC
3b355504-536f-473a-9737-236628f6f0e6,165,36,3,859.09,2025-01-13,EU
3be071c0-8c7d-4a50-bae1-03adc72644b3,908,36,8,1121.38,2025-06-01,US
cced6d4d-1fd5-4803-8370-438740f9d1da,783,119,8,1655.36,2024-01-29,EU
55f184d7-fc03-46d4-874b-1526dd006836,821,48,10,729.04,2025-06-24,EU
eed703f9-43cd-44e1-833c-57001d62de1c,494,174,5,2428.65,2024-10-10,US
54e9223d-c92b-4cbd-b7fa-a33c0e6050a5,255,405,6,177.6,2024-09-26,US
94df58fd-2520-4de6-ac46-8f68173688e7,688,265,1,401.83,2025-06-30,APAC
e015e887-b537-4a2a-a193-0c49d24e28b7,139,74,3,661.83,2024-06-27,EU
06934f30-77c0-407e-b36c-61905947fbda,995,172,8,62.32,2024-05-01,APAC
3da25eff-db3d-4e75-b3fa-cc5cfac1b693,836,276,6,375.33,2024-08-14,US
b27334d8-b196-424b-b793-111a1f24c4a1,496,351,10,2729.92,2024-08-07,APAC
39558268-9234-41a9-a8e1-86439e367fd7,848,142,1,315.34,2024-06-10,APAC
0e6ed22f-ced0-43ce-84f1-6711162b2f2e,396,236,1,315.46,2024-02-12,US
7899fe0a-c7c3-4d45-bdc2-f0b0d1320255,739,440,3,1240.15,2024-09-03,US
815e6241-e602-44e2-98e8-909875d656d9,304,470,6,2793.67,2025-06-30,APAC
aaeda3ca-fce8-4a87-9a3a-4d345b4db917,273,494,3,1301.28,2024-11-16,EU
7902cec6-0fd5-4494-a7e8-53b24c6250a1,873,446,3,114.28,2025-02-12,APAC
7d8abfbd-5579-48ce-afbb-1e9108dfc8a1,646,428,7,2060.55,2024-10-28,US
d7519527-f49c-43eb-b969-753d8446bc13,249,280,4,1069.12,2024-03-08,EU
ee23110e-5f2c-418d-b58f-cfd4f224ae21,980,247,10,4804.35,2024-10-06,US
1ebf0e66-2d8d-49d7-a855-3eee8019aeca,791,3,3,289.64,2024-03-04,US
59ec4a3c-38be-4d9c-aee7-96f463082453,239,87,10,1260.69,2024-10-08,US
4ff2d98a-ec1b-4920-9bf9-1300dd8ca635,324,333,10,750.64,2024-11-04,APAC
f42ce31a-534e-4780-8313-82c512a60376,369,268,1,314.11,2024-02-16,EU
3f67b3bd-2897-4692-8f70-e834426c4c29,564,352,1,375.35,2025-01-19,APAC
5670700a-a636-4421-9ac6-044b5b08c06a,741,405,3,1490.3,2025-06-02,US
1b3663ac-20db-463b-8782-cb7948a44918,407,180,4,1937.37,2025-01-04,APAC
2e8557cd-818d-42d4-835f-c30a3e980084,266,362,1,241.18,2024-07-16,US
8b1b4dc9-35c5-49ee-afc1-2d702c27e394,300,305,7,724.32,2024-05-24,EU
fb892885-e3ed-47de-b16b-261599ca45a3,732,152,8,373.43,2024-04-21,APAC
bb9d4b36-920c-483b-9a45-f15d9ce58d8c,102,316,4,1192.72,2024-12-03,APAC
330c0144-ff80-4de5-afce-893b71f9e945,523,432,9,1701.49,2024-10-31,APAC
3e39e957-0905-4224-898e-84ff73bdfffe,342,352,3,1436.05,2024-01-13,EU
8a060455-0349-4a25-913e-76fd63550e20,64,463,7,2067.73,2024-05-13,US
d7adde34-4701-4935-9a73-0a80febde673,474,350,1,38.82,2024-02-27,EU
bf5cbaf4-dbf2-45d4-b1b5-16512ea12843,680,307,7,3444.02,2025-03-05,US
523dd2c3-b35e-4c6e-a8d6-627d60461dbc,520,175,4,1720.79,2025-01-29,APAC
e65e2cd8-4ef9-40a0-97f4-98d7e7deb4b7,70,494,3,1221.02,2025-04-27,APAC
2551cdb0-48b8-448d-81a3-ce1ff257cac6,377,85,4,1045.99,2024-08-15,US
2ef1ffb6-7b12-444a-822e-3a60134e63fc,963,141,4,1607.61,2025-05-31,APAC
e6865604-fc89-43d9-b187-ccc085b09548,815,207,2,850.23,2024-01-09,APAC
beb5241d-9908-408a-8b59-b7554b02e995,284,357,3,1130.0,2024-08-22,EU
d04e5606-064a-412e-9456-4eb9e71a9fe5,104,445,3,630.64,2024-06-22,APAC
f51e252d-4469-49c8-bc10-4928a0c56a37,831,350,10,4264.15,2025-02-15,EU
b29901da-9de8-43a8-b046-922855fc6315,210,371,1,89.35,2025-06-04,EU
a1b131b8-ac48-49f6-b353-977dc0d80cbf,978,355,10,3586.34,2025-01-20,EU
65e9a6eb-2fd6-4d9f-8bd3-1d4032a8280d,314,336,5,1514.14,2024-12-25,EU
6b3f7a8a-d6b9-422c-9be2-ca63599db2ec,947,373,6,2123.17,2025-02-16,APAC
9571cdf9-b4bd-4105-9c65-b8502ad438f6,378,254,5,972.64,2025-06-12,EU
fa6cb71d-a170-44f0-ad06-0a02a73efaed,581,46,4,917.75,2024-03-10,EU
6b4aa627-d76e-41f4-84bb-bed1895872ba,721,403,3,1363.27,2024-06-18,EU
355ccc45-80d1-43f5-be64-c685fb454c7a,131,481,2,896.97,2025-04-09,APAC
02a8e14a-0b7c-4251-b219-31c895f43bf5,844,50,4,1814.12,2025-05-28,EU
ab1d1759-57d9-4057-ab55-cff17c268dd9,694,399,9,2085.59,2024-09-30,EU
9e393d51-86db-4ec1-9e5f-151b25707946,300,355,9,2441.29,2025-02-27,EU
59fa66f6-e34b-474d-89db-cac3ba6bd83a,250,102,8,1011.01,2025-07-03,APAC
08540759-ea97-472f-81bc-c4d37aaf844d,311,271,10,2067.11,2024-04-07,US
9ec054c7-506c-47a7-a6a0-8c93ec402586,879,303,10,4855.5,2024-08-25,EU
9ae2b2a3-14ec-470a-9693-ad516de376a5,134,268,2,441.41,2024-10-13,US
c63faef9-8401-4037-8955-d81b56db1d33,102,397,7,2415.32,2024-08-06,APAC
47d7875c-e9be-4bc6-b800-43dc9952adf2,598,324,10,1324.5,2024-03-26,US
30a25614-e773-49d2-819f-8b58b2076548,918,276,9,3963.05,2025-02-09,US
48022f5a-fea6-4b66-9a18-964c9bfb152e,447,434,5,1144.77,2024-08-25,APAC
a1794352-cc29-41b8-b8f1-8ddabe1bdc3c,621,428,3,1375.92,2025-02-04,EU
10d6d3c8-0629-4eb0-8aaa-c8329cc1eb2d,734,321,2,918.23,2024-04-12,EU
19e08be8-5bbd-4aa5-ac10-6c5adf2e4dd2,153,264,10,2071.17,2024-09-03,US
be7d0dfb-823f-412d-b0f8-70d39ddde6a6,844,480,9,1333.68,2024-09-01,US
b948ad15-14a3-432b-85d6-291fbb99ab39,363,414,3,1122.37,2025-01-04,US
b2b79361-490f-4f2e-8a67-d28fed4e98f5,815,359,4,1188.72,2024-06-10,US
9cbfb94b-c0c6-4f8a-983a-920987e0592a,845,146,6,673.45,2024-05-08,APAC
035f3875-0a09-4b59-a1da-fd658fe9b6c4,807,19,1,46.51,2024-10-19,US
8d2f42c3-b59b-4de8-b6ea-ba690ac13ec0,852,138,6,1831.65,2024-02-11,EU
521dfb3c-0253-409c-962f-a4af09fbb5ac,707,386,9,3487.2,2024-03-14,EU
1aff3944-5e39-4729-afb2-627327cea83d,584,410,2,232.74,2025-06-13,APAC
830cc30f-bb83-4fc9-9d7e-a13002815fee,983,76,2,607.35,2024-02-20,US
2a7f01b4-93c0-48e3-9bfc-62f6ffb0678e,410,408,9,4422.59,2024-08-25,APAC
fb7fc913-0e53-4f4e-b693-cf44f6520624,383,232,9,2855.52,2024-02-24,APAC
6d361a60-e3a3-4111-ad25-50f86587043b,24,219,8,160.51,2024-08-25,APAC
245bbf42-9f27-4735-a37c-84aedc697cd8,788,157,9,1250.66,2024-08-24,US
d9a6c401-fc44-4433-a35c-7830b4935997,101,450,8,2177.79,2024-10-27,US
89e784cc-5826-4a38-aac4-5206b54d37da,123,349,4,1008.83,2024-02-02,APAC
dfbf49d7-3f5e-4d54-a86f-254b61bcf61b,253,76,6,680.67,2025-04-12,US
319fe446-315b-45d4-8029-fd8423acd142,704,394,7,1689.96,2025-05-27,APAC
078de600-d456-4268-951f-676c9b381769,850,260,10,2889.55,2024-08-21,EU
07c7d123-8243-4add-9081-4ab43773abff,353,305,2,25.05,2024-01-03,EU
022069cd-308b-4d71-a84b-6438a5f5f775,378,330,5,682.98,2024-06-12,EU
cf25b595-f3c0-4bbc-a83c-93293384ed65,838,471,10,1054.15,2025-04-11,EU
91aa2f72-b9dd-48a2-89e7-50bd0edc12e4,517,153,4,1859.57,2024-07-04,US
571394e5-4b9b-45ca-ab0b-dd1b0795a6d4,67,436,9,2551.09,2024-06-11,EU
db7d244b-5da2-40e7-9ed1-e9aa25db5005,194,217,7,249.39,2024-11-14,EU
01416bcc-2990-48c4-ab75-1e0877c92d7d,296,140,4,1479.38,2024-06-16,US
1f6ccfd4-8db6-4019-a336-db3fd2eaed1a,135,413,3,1142.99,2025-01-28,US
6df57640-1b71-4d42-8a21-4fb865f6fb93,906,6,2,145.61,2024-06-10,US
1d13d892-f327-4fcc-8e71-901017c31815,557,331,1,231.86,2024-04-28,APAC
dfe5d3ff-3729-4f32-9c5c-05d51d3bb889,104,144,1,204.73,2024-07-09,US
1808a93c-34ae-466b-87be-cf6d42a6814e,428,172,5,1484.39,2025-02-19,APAC
4327f026-7f59-4f67-8390-dc5777f01ae5,225,34,7,662.08,2024-09-25,EU
84aa7af6-a0c1-4cfb-9acd-95ca811cf3d7,81,462,10,3291.67,2024-06-18,EU
9b4807c1-209e-40a3-9111-378c07d1ae53,739,464,2,728.67,2024-01-04,US
c9d660b1-a001-411b-8744-e97fe158c915,357,283,10,1771.62,2024-12-01,US
0eeccc90-3b50-4261-9543-8845ba0a7108,700,381,10,3964.92,2024-07-31,APAC
15089435-4c32-4c67-b820-18f17d23a5e2,938,315,5,701.79,2025-05-17,US
85079f9d-a332-4ccf-a4ea-be4756438b93,846,38,8,255.05,2025-02-22,US
1c97d078-43b4-47c3-aae9-8ba9bca7b746,948,310,1,192.4,2025-01-01,EU
52ba1b06-8442-40e4-8ba3-96e607abdf79,266,170,1,166.55,2025-06-30,US
07bfb810-0c70-4c19-b864-f16e0a6803ca,516,447,5,1956.46,2024-06-03,APAC
67c19c13-0656-4230-b376-9f0484babe4c,561,126,4,314.94,2025-02-12,EU
70ed311f-e5d7-48b7-9817-bb489f149d76,908,60,6,2271.9,2025-04-29,EU
7fe33174-f67e-4845-9341-130dc05694b4,327,121,8,449.05,2024-12-28,EU
a321fda7-0883-451b-8769-494789da62b9,14,267,3,897.84,2024-05-03,EU
4c9feba8-2c3d-499b-90a7-b438588d1f99,509,373,2,843.54,2024-05-19,EU
880cdbef-e5c3-485e-a5da-bd1d784d9ac3,868,484,8,3602.75,2025-06-24,EU
cfaf4ba5-fa1b-4487-8d54-ea9003ced745,773,190,10,3302.64,2024-02-04,EU
22c41a35-b1ba-45ee-91dd-71dd15c916f6,827,7,2,265.47,2024-10-05,APAC
c390dd1c-a5f5-4057-8820-968fac24117e,26,172,10,1888.86,2024-04-26,US
44119763-75f5-4f8d-8f24-5a19dbe2c7ce,719,102,5,1698.98,2024-08-26,APAC
335f2cc8-fdc0-4b3d-8eef-30ba194cf4dc,703,442,3,1370.89,2024-08-30,APAC
6f5525b2-a147-4d0c-aefc-dd1823957f7a,650,391,1,92.3,2024-04-28,EU
a37a6561-d5ba-4069-ab42-037cf38f3795,892,414,1,190.0,2024-12-13,APAC
c26fa07e-2d5f-4aa7-b2f1-71d350b91878,216,296,8,3975.36,2025-05-03,EU
4cc47a12-dac2-4e02-953a-40f744db3ce7,987,274,9,911.17,2024-11-28,US
1dffbada-0932-443d-aa04-16dd39e76da6,465,232,1,449.49,2024-01-05,US
5237e9e6-24ba-48c1-a8e3-fce2df711a0a,223,88,8,3387.39,2024-10-22,US
c8dc90ca-7df7-47d4-9bf3-85d7c8d4e1b4,977,255,1,394.72,2025-04-11,EU
73bd7140-fba8-4644-bf09-3f198b60af10,90,476,3,1134.2,2025-06-20,APAC
78c52e89-0854-4943-8872-279a13affe5f,481,145,9,3681.0,2024-10-30,EU
8da62da5-41e3-4af2-a104-fd62c90031da,148,421,1,185.98,2025-03-29,APAC
013eb33a-f2df-40b1-8c9e-210e073ac00d,760,234,6,2212.79,2024-10-03,APAC
af62e396-3133-4a29-bc12-ded03a4bab1a,496,314,6,357.67,2025-02-15,US
17243585-e3d7-4f1a-ac84-9305bbd72252,842,260,4,415.54,2024-02-05,APAC
a3cba007-d587-4e16-b4b0-13adde713ac1,615,377,1,151.84,2024-03-06,EU
f7e486e9-ae3e-40fa-8221-7380a6b27a4c,327,107,9,2655.95,2024-05-12,EU
5cd38bfe-d3a0-494a-b235-67351bb6c368,44,254,8,1169.98,2025-06-09,EU
90e0f2b0-4073-4157-8f4f-1bd2ee66771c,199,297,10,2821.09,2024-04-20,EU
d79ae333-4617-482a-87b6-6d48c410ee1a,678,251,,197.24,2025-01-18,APAC
1ac02edf-1866-4d30-8574-740d45fa4331,268,344,10,2117.84,2024-10-07,EU
06027cd0-82bf-4a83-a7fb-3e25056dab20,497,471,9,780.35,2025-02-08,EU
871a2d5b-5835-42c4-bcbf-75f548c8dc84,74,231,7,2077.68,2024-07-01,US
93d532a4-c897-4674-bf55-637113ac3216,481,485,7,3040.33,2024-08-06,APAC
f4c4897f-e32e-4629-a4fd-478c4668b231,620,443,10,1073.14,2024-11-02,EU
8ff1cca3-7a3d-48ad-9d76-7a494a191093,112,298,4,443.17,2024-01-12,APAC
aa173e9f-fbe4-4197-a759-afb8f2c5a44c,128,199,2,55.17,2025-07-02,EU
0657e944-a4d3-4dde-a0cc-2f552ac1b46f,373,301,2,191.57,2025-06-21,EU
160c3e6d-47be-443b-9482-7bd72a16a9c1,502,15,2,302.17,2024-03-01,APAC
742e5ed3-3ce6-423d-a19f-ce9aab5dcfb3,663,465,3,522.62,2024-04-13,EU
b01f3b8b-b7c6-4479-bd12-99dd18b98957,199,16,6,2074.28,2024-03-27,EU
95356bc0-5bd9-451d-99b0-a693e60b5274,298,282,2,465.04,2024-05-09,US
ee818149-64f3-486a-a0ad-43553396167d,474,390,10,2481.37,2025-05-23,EU
f6616c91-56ef-4ce2-8320-3744b0ab4886,170,243,7,475.16,2025-04-01,EU
717a7983-a40e-4b9d-b916-b66b79f54e3f,500,403,2,801.8,2025-01-07,US
499098d8-99de-4673-b98a-1a9a9866c459,410,8,4,101.95,2024-06-14,EU
36d9b565-09e8-4df2-a252-84b634fe9e50,266,307,5,117.05,2025-01-18,US
d37964f5-64e7-4c78-8a21-8e4e9bbeb4d5,249,303,6,2626.41,2024-03-26,US
693f05f1-1a20-4e94-a3c0-382ff4b256a1,897,475,7,2221.57,2024-11-04,EU
5eb49cfe-3e34-4340-a840-7b9360122371,883,494,2,552.45,2024-01-31,APAC
b2929e00-acea-4eac-8bbd-5f2d07710662,654,148,7,1419.92,2024-08-19,US
eb5fcf9f-9116-4b72-98e1-4930e9a2a900,418,156,3,85.4,2024-12-27,US
2fc54423-9bba-4996-a434-43d670e248d7,512,397,8,2804.95,2025-02-18,APAC
8dccd32d-b621-463f-a446-fd47e7d3d2ad,346,89,8,1701.84,2024-11-19,EU
b2497ffe-33b1-4215-a926-ee7a13027d67,167,368,,456.73,2025-06-25,EU
731a28e4-ed6f-41a9-8bbd-9df39c3b2a3f,935,379,3,1305.05,2024-10-21,APAC
75705b4b-fa8c-4590-a9d8-71ce64b8eb0b,917,6,3,350.92,2024-03-26,US
0336f6e9-93d0-455f-ad75-11b01c6be24b,504,175,8,3702.11,2024-11-18,EU
63c0b57c-dd3a-4dbb-bdf0-839fbc7dfdc7,441,33,10,4387.62,2024-01-08,EU
f2455ac4-1ddf-4e74-86d4-0824786b8561,921,373,1,25.38,2025-06-22,EU
edfd7494-4688-48a3-b756-bea0980bec16,115,432,,162.63,2025-03-07,APAC
bf0d96cb-1b65-42b8-b1cd-100ab8df833a,518,227,9,2509.01,2024-08-08,US
38b93c15-f733-4e41-b261-1119167eb1c7,430,74,8,2025.38,2024-09-20,EU
565459e7-d12c-4698-9528-083c5a5af64d,458,22,2,729.18,2024-06-15,US
a5baf1e2-b312-4dca-9977-9c0567926721,640,423,1,373.41,2024-01-04,APAC
52d9867a-7c9b-4c1e-82a3-ea6da95e6de6,35,202,9,472.44,2024-07-14,US
139bd15a-8056-4963-8968-f4c22fe59a50,752,449,7,3165.72,2024-01-28,US
6ce6b194-ed55-4d04-8b21-497b14fe5718,655,394,10,1164.51,2024-11-18,EU
674d0e73-6dbe-43eb-9c7f-5eeae894d5b4,668,212,4,1377.67,2025-02-09,APAC
f359f307-705c-459d-a6b9-fad3a6a73a13,362,432,1,387.5,2024-08-11,EU
c7cd78c5-6689-4bde-9aab-e327d3058bb8,45,366,7,2333.06,2025-01-06,APAC
d0912fc6-dd70-4fea-aaaa-d50c80572072,201,198,6,1356.68,2024-06-14,APAC
57e7ec95-6bec-40c4-8076-bca9682bd631,153,365,1,461.47,2025-05-14,APAC
76f86ec8-b22f-447c-9943-6a49d48ac95f,397,3,2,18.26,2024-02-27,EU
ddf2ec01-308e-4e11-8866-bf5c60f02ecb,294,366,1,262.15,2024-06-02,EU
bb25d3f5-295e-4f65-8c22-4b1431ecb3aa,245,72,4,694.51,2025-05-04,EU
5e051a39-7dc9-4174-b33a-f26bebf782da,988,472,3,479.95,2024-06-20,APAC
d7e83317-0ce4-475c-8cb1-875d0ed5d668,28,368,7,2435.03,2024-04-12,US
ad3af172-5c55-46d7-975f-423ef97e9dbd,690,60,6,777.16,2025-04-04,APAC
a5de102f-800f-4e59-975f-151e42cc7cdc,56,125,7,2797.25,2024-10-10,EU
59dfbc90-2e38-4e1d-baf4-9c0cd992f7ab,699,111,8,3696.63,2024-02-17,APAC
c97dddeb-ea8b-485d-b2c7-60a9c43507c4,626,384,6,1207.18,2025-05-07,APAC
a9d7abbd-8bae-422a-b56e-e609fe5f6779,977,389,4,1683.98,2024-06-04,EU
04983596-fe42-4dfe-9a25-8c620d8aa72c,363,403,3,1240.0,2024-12-15,US
39ee52de-938b-4762-ab18-030068583b9e,325,184,1,342.45,2025-04-23,EU
9f43f795-3140-4372-9493-4f6c40a3b254,517,47,3,102.98,2024-12-08,EU
9a94ae41-631e-45b0-9bca-82b9c8adba31,919,35,4,468.5,2024-01-17,US
6b731b50-a208-4957-bba9-04c5a0e049bf,190,287,4,383.22,2024-02-02,EU
a6f9cdb4-579b-4ad5-9f00-471e152132f5,170,234,6,2641.83,2024-03-21,EU
2adfcb69-ec03-4881-8fd6-1f04b1f0ad66,819,16,2,445.14,2024-05-06,EU
14dd0402-f02a-4c4c-b69e-35ae6f188653,19,305,4,229.79,2024-03-12,US
82537a24-3b55-49d7-b771-73cb9cdf9a81,675,152,6,1619.66,2024-10-05,EU
2db44196-0413-4aa7-a5ac-12b30fb491c0,715,154,1,405.17,2024-04-14,US
1a6f388a-31a8-40da-aef2-b0464e18941d,718,376,3,58.08,2025-06-19,EU
3ab7c781-21f9-4274-924f-5d8ed54dff1c,920,241,5,354.85,2025-01-04,APAC
86639153-7670-43a9-b50f-9eeff93e3b67,289,204,10,3404.21,2024-04-06,US
34a04eec-367a-412c-a184-88ef9c20b216,894,243,1,422.98,2025-02-01,US
7f818274-0923-4261-971b-3a7f5e78bc6d,831,8,9,2169.42,2024-09-25,APAC
00a91251-f840-4ef8-a355-136612c3dc68,586,268,2,434.1,2024-07-02,EU
8a9bb79d-2701-48d5-b23b-5a7b2e091473,818,384,4,1570.45,2025-04-28,US
845fbace-a0da-4aa6-b0bd-809fda8189ae,896,276,10,3617.39,2024-04-27,EU
cac698e9-b89c-4af6-9fe0-83bc6cad88b6,235,94,1,251.92,2024-12-29,APAC
862aeb41-23b8-4d66-96b4-34a352ec77b7,120,395,9,876.84,2025-06-28,EU
843d15ab-0fe2-4c3f-ad83-82b2ee88b260,646,281,7,1251.27,2024-03-14,APAC
2df048ef-5439-47b9-b6ad-36fc29fed71e,603,245,10,1352.91,2024-07-28,EU
77c607f8-b13a-46d1-b642-da98a4fbbd2b,711,477,10,4421.77,2024-06-01,US
93612ec9-04e5-4935-b9d6-8441e0317f37,334,105,7,2802.26,2024-05-09,EU
a194c6a7-4df1-4f0b-9e1c-3545c7919481,845,465,3,1263.16,2025-05-14,US
3332c83a-35d3-4bff-86d4-c736a799b64c,122,488,5,1096.47,2025-06-24,EU
002420a9-b623-4561-90b2-c5a37041a641,37,80,4,1583.29,2024-07-28,EU
6aa6a425-e125-4f5c-9cee-816002e39229,45,159,8,1530.25,2025-03-25,APAC
caed4147-dd7b-4bad-9740-9ccb579354a1,565,214,7,2486.39,2025-04-06,APAC
72e1cf17-ea5e-4dc2-a0fe-a812f28f091b,940,259,5,256.11,2025-05-15,EU
560e7141-a5ed-452e-958b-e946445839f1,326,253,7,3402.12,2025-06-12,APAC
3c9c3be7-15fa-4796-9dc6-a9b8e91f9652,341,494,2,742.82,2024-10-07,US
dc7d2670-1b20-486b-a390-43432cca8ff6,690,482,2,623.9,2024-05-28,US
15daa92c-a800-42e0-b609-2b1d36ecdc44,674,316,10,4765.86,2024-07-10,US
6f6449eb-417d-4751-ac4f-fe95b3d3265f,981,343,5,400.42,2024-01-01,US
66608e5e-83f2-417d-b608-48ead70c0afb,336,44,2,551.73,2024-12-17,EU
16bf8898-28d1-4eac-b020-57bee12dc33c,874,459,4,326.35,2024-03-25,EU
73455a43-4229-4f62-b938-0bf65ad345db,766,490,3,1129.84,2024-10-02,APAC
ecaef06c-90ab-426b-8803-5c10c6b4565a,879,349,4,511.8,2025-05-04,APAC
8fb68e9e-2e7e-4535-9766-6889bc497a39,896,82,3,1244.28,2025-04-25,APAC
458bd52e-f7f7-4015-bd69-ec3904a89997,778,188,3,1065.1,2025-03-13,US
d6b6858d-fc5b-41fd-8844-5398c96d34e2,819,23,9,2224.41,2024-05-22,EU
d82774f9-311d-4669-9e1d-edb672fd86a4,177,324,4,700.92,2025-04-20,US
86af2093-7f1d-4454-999c-aac5f8eb0775,467,439,7,2517.98,2025-04-18,EU
42c49915-ced9-440d-a927-b7f1d5b9defb,428,499,1,461.51,2024-05-16,EU
a662ae70-10bb-4bf9-9420-2ee9eb7a84cc,164,151,3,648.07,2024-09-23,US
f25af35d-df9b-4391-abaa-6f72199bffd8,274,325,10,1269.0,2024-08-18,US
02e77fb2-00ff-4a56-8924-9914e03ff3a6,881,175,3,264.05,2024-06-04,APAC
9660ac0a-edef-4f23-ac1f-1293724b5ebb,41,245,7,1219.89,2024-08-31,EU
193d79f3-0821-43de-b129-bfd6fbfb833f,280,155,7,615.46,2025-04-17,APAC
45d8edf1-4557-4a18-8c7d-1f86bcef38a2,71,456,7,2853.3,2024-12-24,APAC
c1837710-0948-485a-b773-1453938336fe,997,351,3,750.48,2024-07-03,APAC
1600db0f-7507-40f3-b752-090b28dcc18d,39,176,7,1935.39,2025-05-31,US
5bacf340-3659-469b-bea1-68306b82551e,641,39,6,1866.46,2024-01-05,US
1024b655-a5b1-4804-b29c-eedcccdb49a9,898,333,1,61.59,2024-10-26,US
a60c4fb6-53f3-4930-bf94-5242bc223540,874,242,2,200.94,2024-10-18,EU
e5daaf71-da61-40b1-b186-78917c2f0c90,148,417,1,115.11,2024-03-02,APAC
64e4a3e0-ebd6-44e7-b796-1a470060a6c9,113,148,9,1566.98,2024-05-31,EU
a5fa6770-f3bf-49b1-813f-344e0fab75b7,611,466,9,3330.14,2024-09-01,APAC
b210ed1c-b2c9-49e2-95ee-a304656822c8,93,161,8,2877.97,2025-04-28,EU
130e6d1a-b54b-4c45-82ad-276e76700841,471,447,9,2998.69,2024-02-15,EU
98d17722-3014-4711-a983-805ffb5175cb,968,479,8,2975.1,2024-05-17,US
e4d68a81-1a0a-4cc5-8faf-f58b8ef839a7,174,282,5,881.19,2024-06-02,EU
e12cf46f-7c60-4aa9-a7f8-14256b2bc3a3,585,372,7,1461.98,2025-01-26,APAC
e36535b1-9f2b-48c0-a2bb-d82386662fb4,197,206,6,239.4,2025-04-15,US
7a09544b-f297-4ea3-bc10-7e5332384bb0,118,311,2,866.77,2025-06-22,US
3cd905ac-9f45-4e09-a99a-6e91265bb51e,259,193,4,969.74,2025-03-09,US
a260ed1b-d54b-4639-8100-b7f7ad828b99,85,233,3,493.5,2024-06-16,APAC
bef76278-4314-4d96-82bf-4900ef12a277,688,125,3,757.12,2024-11-21,EU
54a03ef4-3b48-4eda-85f5-cddc165c19ad,212,66,3,1252.95,2024-02-06,APAC
073a6d51-d726-41a3-b6f9-801debd2de1a,91,235,5,120.54,2025-01-25,APAC
510b30c2-0fff-4081-bf18-5ae0f176f9a1,77,410,9,2355.25,2025-02-26,EU
afc3433e-7c77-49b6-947a-eb9de4740a40,865,387,4,923.92,2024-04-19,US
d6ca656c-b3d8-4544-b557-46c4253f4c73,217,235,1,215.53,2024-12-03,US
1eee4ffb-ef30-4f66-9c71-f2613782b497,75,448,5,690.73,2024-10-20,EU
51a8b0c8-3022-4e8c-a236-788eadb1944a,198,362,6,1660.84,2024-09-19,EU
f7de84db-d8da-43b2-b31e-552fb42fbe73,992,500,1,121.5,2025-05-20,US
165a6eec-a5e1-4501-b0f6-742bc8eecea8,754,391,7,1449.2,2024-07-16,EU
f10dcfea-2a6f-4843-b66b-e9c3ef3902cc,125,324,4,1371.83,2024-04-16,EU
957c7e4d-a036-45d0-8c51-21c13cbcd94d,699,388,8,2397.05,2025-04-21,US
23ba137b-7f50-49a3-b6bf-0a026e5faaee,582,391,4,127.37,2025-01-25,US
f50480cb-8274-476b-8947-d7b61025c4ab,881,180,9,4074.9,2025-05-01,EU
bbe1c419-bb79-4987-ae60-f0e701e9141b,861,197,6,1949.55,2024-08-06,US
8aba7ce0-e1b0-4290-83ff-50fee9f14822,976,147,8,834.56,2024-06-12,EU
59ae2887-4756-4e35-8362-55f87ae726b9,812,352,5,1557.11,2024-09-04,APAC
b7af496e-1326-4c7f-8aa4-41d9e1f002ef,689,400,1,18.87,2024-10-15,US
0327bd36-85b7-4071-80cf-83fae43cb4d1,785,271,9,1576.73,2024-03-16,EU
25cab18d-f63e-4ec0-b07a-f0809ccec591,97,263,2,81.93,2024-09-01,APAC
20df779f-622c-4f07-a905-dfdc24a50aac,553,211,2,815.79,2024-06-10,APAC
63d6244b-2719-4eee-b954-568ce9117cdc,212,457,9,3401.87,2024-07-25,APAC
55f560e4-3009-4bb9-90e7-f50ec6dca46b,157,464,10,2894.97,2025-06-15,US
9c52de8a-d962-4792-b932-45767c3f3a3c,509,163,6,869.42,2025-04-27,US
cd8980d4-c38e-43e3-bc56-a834dd10dffe,302,311,4,617.87,2024-11-27,US
506c4014-58ef-4035-874d-462de3c289f8,405,301,8,770.55,2025-05-29,US
fc7b5e65-1ad3-40ca-aa81-da849ad7dd34,696,419,6,1488.66,2024-07-08,US
9dfe609f-bc99-48d8-8cad-7894bcad1875,305,210,10,4664.62,2025-02-14,EU
49f676ef-ca78-4f12-a3d9-429e4aa3935a,769,324,5,556.19,2024-04-13,US
fba18713-3636-4072-8e11-288afe0c56ef,158,76,3,1280.05,2024-08-02,EU
06921e88-bcad-476c-a12e-4025822e472b,641,60,6,1693.42,2024-04-18,EU
93a29413-61b0-4efb-8809-667f736aabf8,641,465,7,3428.5,2025-04-22,EU
33df461f-6d66-4869-860b-a961f033abfa,102,404,2,790.09,2025-05-05,APAC
1cded70b-e116-4af6-8a01-7f9b175f4fb5,575,405,8,2154.88,2024-01-06,APAC
06594edd-9da7-4d7d-a399-8a4068912e90,210,126,1,458.66,2025-01-17,US
c1283e2b-b13f-46a2-a6d5-73f9b403949e,70,346,5,1956.44,2025-06-27,EU
28177625-bf99-473b-86b1-6a8a47fa4d8f,219,154,7,713.66,2025-04-22,EU
c613f984-d0df-4e82-a69a-faaeb2bd34b6,673,139,8,3834.43,2024-11-12,EU
1e5bfab9-554d-46d6-8a01-122c04dcfdf2,445,221,2,227.88,2024-12-19,US
a3771e68-581f-4cf9-bd84-cdb598a342d5,145,317,3,821.49,2024-09-22,APAC
138032ee-a312-4d7e-ad5f-3e6b92adf37e,741,467,10,2752.39,2025-03-21,APAC
f0f46bc0-93ee-4629-8625-4b5cadc6b334,219,16,8,1681.05,2025-03-08,APAC
5c6b3fcf-890f-4cdc-a0ee-0efb6dfb7c84,684,160,9,1367.12,2024-12-27,APAC
f664c764-c127-4e62-bc2a-011010c66267,673,486,10,4346.64,2025-04-05,APAC
26787a28-b019-4b64-997b-1dfb3ab72c13,336,39,6,2032.38,2024-11-21,US
73040442-2369-4ee9-8bca-8bc33f20407f,586,411,2,940.91,2024-07-24,APAC
2e1e1585-7d4e-40c4-b6fa-3a6ae82dadb3,30,410,3,378.89,2024-07-21,EU
c0f084e9-f35d-4248-8e43-e01f3c409afa,111,113,2,491.78,2025-01-17,EU
15538872-5caa-4a44-a0d1-d78c53876807,140,393,10,3751.07,2025-05-16,APAC
9f1be0ef-1c25-414a-ad9b-2ab7425f817e,652,439,5,1517.03,2025-06-05,US
f5d67099-3477-4419-8a25-cb8d2d8e6b1a,250,88,9,2411.12,2025-06-21,US
bbe6570f-5065-4c78-9353-aa551eaeb2f9,978,427,1,127.41,2025-06-26,US
8b0291d1-6603-4cab-abef-6975e477457d,418,63,10,435.08,2024-08-13,US
9d9d3007-dfc6-40ef-a777-e8fcad647972,291,85,6,1418.89,2025-05-09,EU
6d47fda1-31f7-4623-9bb4-7a18da66804d,495,16,,419.35,2025-06-06,APAC
4b3bb7f5-1a1c-44c5-a565-9bd677da36c1,486,379,8,3902.63,2024-08-25,APAC
d1ccabff-868c-434c-817b-b4ddde671f82,825,86,5,845.64,2024-02-11,US
47ff64bc-241d-4b6c-912c-64fed274ecb5,479,332,5,1851.14,2025-02-14,EU
d79d9e98-1758-45c1-8590-765d836217b2,924,358,8,449.66,2024-06-02,EU
685ae7b7-beb0-47c3-9908-a9104866299e,847,389,6,1969.67,2025-06-28,APAC
f73d26b9-774f-449e-8c45-df2c7d306810,470,437,4,1922.33,2024-08-08,US
1cb9b3e7-8411-48fa-a679-7be53cda6fc4,287,385,1,269.48,2025-04-02,APAC
213c8d34-eab6-4f4b-8f5e-a5d3541b337a,910,148,5,1763.86,2024-11-22,EU
26717ac5-20fa-4fe8-962a-88957bbf0286,229,56,1,213.1,2024-07-04,US
8a4164ed-1289-408c-912b-71bc36770c1a,823,362,,232.73,2024-07-05,US
fbd9b63b-1f06-4b26-b7ea-757f2d91da74,632,175,2,18.29,2024-07-29,APAC
8e58f248-9897-41a3-8b48-6dcb601996d5,827,329,3,1370.62,2024-01-29,US
f47eb001-85e6-4f76-8cfd-ecb64b545b62,430,59,5,1955.42,2024-11-15,US
61faf32e-01bb-41d9-b3e0-3e8b7d4cc89a,863,257,5,1528.3,2025-01-06,US
1ac51c3e-4cbe-4cf8-8846-8213f7406c0c,473,188,8,1597.15,2025-06-07,US
68b1d625-adcf-48ce-8d7e-9bcfee4c5301,26,424,2,950.67,2025-02-02,US
86f57a18-6a20-435f-8b51-c42fdb87b8b0,88,184,2,239.49,2024-05-12,APAC
e8b65fcc-f5f2-42b5-a215-ef9a58699422,697,237,10,771.61,2025-06-21,APAC
6ed7a730-b9c4-4011-86c0-f346b59f5261,476,197,2,789.7,2024-05-08,EU
df9b43c1-d5f0-4679-8fbb-282ff97a0bed,121,210,8,720.24,2024-06-17,US
0c0a1da4-8284-4df8-8c3b-a36e096736e8,743,287,,160.94,2024-06-16,US
6667de73-daf3-4325-902b-381dadcd7304,769,438,6,215.08,2025-01-16,APAC
dd5baed8-1b0a-4c1b-8c34-b04e0cca2ee1,963,348,9,2241.7,2024-06-23,APAC
555d5d6d-5b6e-43e1-b801-de689045bd2c,977,489,5,1336.67,2025-05-21,US
90c066be-313f-4f69-a16f-8061e002deff,603,78,9,1827.51,2024-09-17,US
e4746c9b-98b3-4387-b8c3-ed500c35f781,249,286,1,9.28,2024-02-24,EU
7c0ab8fb-093c-45df-860c-3169592368f4,344,440,9,616.47,2025-01-31,EU
4ff7dd85-4aa4-49b9-8cc3-b65cb5e9d07e,738,68,9,3792.24,2024-07-23,US
57144de8-6c60-4d6f-a12c-e1a193c535fd,671,169,6,389.8,2024-03-19,APAC
e4966ea7-753f-47b7-9eeb-b6fae966e084,682,307,9,714.46,2024-07-22,EU
1c471ccd-c6ee-4d99-b27a-c2c32f5a4c5b,15,15,,205.94,2024-03-01,EU
7d879b56-2778-4c45-ae4b-3769806605d3,11,340,5,638.25,2025-03-17,US
fe1ddd70-297f-4c6d-a4c3-ba742fad4c3d,247,187,10,197.21,2024-12-20,EU
62f670ac-c96a-4a2b-82fe-5f8c537a8e28,626,184,1,164.85,2024-08-26,APAC
5f3c04a1-ca49-4ca8-bde8-ce6b91945f0b,665,323,10,1007.27,2025-04-28,US
74bd60b9-337e-4935-b123-fc6a35ac0e7f,495,453,7,2637.33,2024-12-03,EU
d61caf4c-d7e2-4438-ad73-913ba5632575,938,476,1,115.9,2024-08-05,US
43aa7400-f0a9-45f7-8472-9369074dabde,300,239,10,3720.58,2025-03-23,US
eebc7c61-e11d-4679-8e85-4c979929b7f1,32,133,1,433.14,2025-04-08,EU
838bcc4e-846b-4ce0-9b14-7c06f61000e0,452,447,6,93.73,2024-07-02,EU
ac8a98de-6ffe-457a-83c3-169052247508,10,264,5,1260.8,2024-08-15,APAC
d82c0580-a617-4ce3-9ede-1df0171dfede,709,85,1,261.89,2025-04-30,EU
af126c72-085f-4a53-bd07-ca826872cfae,357,174,1,382.15,2024-02-12,APAC
ba246af8-7c6c-4036-933f-aebfc21f4be9,418,318,2,98.99,2024-11-28,APAC
9cf788e1-286b-45fd-9b67-69b98d72ffd1,887,134,2,781.58,2024-01-15,US
f3a2a850-ff65-4c54-9506-3aa82de734c5,637,492,2,200.82,2025-01-18,US
90d8e25f-7958-4d10-bd01-6ca20f37df23,997,40,8,2321.97,2024-04-13,APAC
fded5b32-8297-4dac-b99b-6b298dce7eb8,679,260,3,1142.43,2024-07-17,EU
d77bd10e-ce56-40bb-8540-a8babe5c978d,819,316,2,84.51,2024-03-09,US
c764cbf5-fcf0-440d-b67f-13701c18296f,982,248,8,3835.54,2024-11-19,US
c5a63fe5-eb02-494d-a5c6-20bb09a99183,778,155,3,1216.61,2024-10-17,US
9f12228f-9bf8-4ebc-8bf8-1b2e0c41b5b9,853,289,9,135.65,2024-04-17,US
654bc545-8079-48a4-9538-e009c7b8dec9,139,305,7,1852.4,2024-06-23,APAC
77328a9f-449b-458b-a2da-a19ee88eb0a2,366,193,8,3477.54,2024-11-30,APAC
51a4001d-def8-4804-8c3e-767d10257009,21,410,3,1254.4,2025-07-04,US
2e4359e9-fae4-444c-8666-2d7a446d5076,551,345,7,3012.14,2025-02-05,US
8f9b0783-488b-4b80-b62f-996c578707a9,645,287,1,122.59,2024-06-22,EU
e738cb63-3937-413e-a09f-90f1710033b0,680,439,2,462.5,2025-02-21,US
8e220b3e-03eb-4139-beba-5440909f1834,540,227,5,436.41,2025-06-05,APAC
d8545f4b-91de-4a27-8883-4418842750cd,474,24,3,522.24,2024-07-17,EU
362d066b-b045-40f3-955d-eeeff55d582b,548,379,3,136.56,2025-05-17,US
0315bfd1-6369-4c67-9005-f160c647df1a,436,17,,190.01,2024-10-03,EU
f0de40e3-e915-421d-8e10-c4065dc38bbc,117,274,3,1487.28,2024-03-18,EU
c2fa68c0-5496-4d95-a825-b44a468187da,689,370,10,3309.53,2025-06-19,EU
fa1cbbf7-6ac1-4bfb-b51e-9bc0c91c4d19,104,428,1,461.87,2025-05-02,APAC
0a4c7239-9e3a-4aee-b178-a1f7b834612c,168,325,9,2716.51,2024-05-27,APAC
516d6315-c7ff-4f4f-a799-0bbe5ec65e25,774,396,2,756.06,2024-08-15,EU
cb54e51b-643a-4b74-b3e3-3c5c1cae5148,658,41,,79.88,2025-01-03,EU
9e701cce-230e-4c96-8435-1a80d871413e,65,307,7,2237.93,2024-10-13,EU
692e90b9-37a6-48b5-abce-3f7ecb63aa90,177,346,9,3267.99,2024-05-14,US
0aeb8c2c-feab-41c0-8f92-a35876e3d25e,930,1,4,624.98,2024-10-19,US
3f4c04a7-ef8b-429c-849f-bd7ad7c2fbb0,347,444,5,1607.62,2024-10-09,US
02191816-110f-401e-b3a8-fabb6395c7b9,586,423,5,376.97,2025-05-17,EU
1f5ab318-d37a-436a-a5e1-a522dc629945,382,57,8,1272.49,2024-09-02,EU
0c26f0e0-0f0a-4bd0-9b08-5ca8895ccfc7,350,231,5,241.61,2024-03-27,APAC
98c660d1-1505-4a2e-990a-bcf6d59ec8ab,628,29,7,505.7,2024-01-12,EU
5845fde4-ea2a-4762-a677-4d8aa0c2cd3c,870,15,10,2640.91,2025-03-27,US
2baf1df4-e755-4373-bd64-1b203a62d78e,754,68,8,3923.57,2024-10-08,APAC
90a8d55c-2838-495a-ac94-2987725c3ff2,666,40,5,257.52,2024-02-19,EU
71830c36-1189-4d55-b62f-ce4fc7a97ce4,49,177,9,1742.54,2024-12-07,US
0143086d-cc80-4cb6-b598-51cf5cb9a4b2,554,213,1,409.0,2024-05-15,APAC
05a00872-38bd-4be2-82f2-60863cd4e1f6,931,354,5,1686.5,2025-04-29,EU
4c5358ed-fc2f-4438-806a-8dbd1f8ddd42,472,354,8,2908.86,2024-02-16,APAC
e97c9f8b-759f-4890-b627-b38a9d4cf272,881,182,9,2716.93,2024-10-15,US
aa6703a1-7f40-4394-94f8-782f6ccd058d,49,180,6,933.49,2025-03-10,EU
3c91ec5c-d730-4f3e-a001-05f2d1454895,421,385,6,1331.23,2024-10-23,APAC
6ea9b8d1-10f6-41f4-9a8a-3bbd48d00173,875,184,10,1369.15,2024-11-21,US
d3ab5717-94fb-435d-ad0d-a97f79c915aa,130,232,10,1052.54,2025-06-06,APAC
8fd2a17f-85b4-401c-8389-e18f7c835271,777,296,8,3303.83,2024-02-12,EU
d0e62e74-4ff9-419c-a383-2756545f38d2,443,377,6,2179.43,2024-07-11,APAC
e1c8609e-0c58-41ed-90fb-adb5b3431b18,150,423,4,750.42,2024-05-26,APAC
54c012b5-46f9-40ee-a0c9-5390635ed1a3,29,344,5,2300.76,2024-08-12,US
047733ec-84b5-4df8-930f-6c2138722ba1,90,176,2,788.5,2025-04-11,US
a39d043e-76c7-4afc-bfa9-80aca8c54aff,917,365,9,527.08,2025-01-16,EU
50654dc9-80ee-4bd0-9624-96ff8fdce2a6,966,282,7,666.61,2024-10-02,US
67d16c14-3b52-4199-b444-196b47df7508,416,132,5,1754.03,2024-07-31,US
ab8ea0f1-a7d1-422b-b5be-26f7b5d7cfd0,332,232,9,2350.01,2024-05-24,EU
41fd0b18-b40f-4168-bfd5-febb0c00d870,364,217,3,1295.14,2024-03-14,APAC
217018f8-708a-46b5-94af-6bcd5d45ad4e,674,217,7,2264.29,2024-09-16,APAC
174ddc2c-cd86-47b9-8f67-da57442f3b9a,966,471,9,3236.13,2024-11-18,EU
107fc36e-b1ea-49f1-bdfc-6c3a61b625f8,89,5,6,1810.2,2024-02-03,APAC
8ff6f690-f3e6-412e-b613-ada950ce98cc,41,108,9,3128.59,2024-07-21,APAC
f4c6937c-1f6b-45f7-98a5-dec3893ff1b4,893,372,8,2068.78,2025-05-20,EU
b92ecc74-1716-40cc-b3a4-b4d581b906f2,157,336,5,2064.24,2024-10-26,APAC
24c1fa18-5451-43d7-bf5a-bcfcdb9d7212,468,421,1,112.59,2024-04-29,APAC
f5c89ea6-bca3-4df6-9279-549e22fd81cf,103,101,2,94.72,2025-06-15,US
b70f2392-41db-482d-af4f-95eafd8a780c,384,328,8,2288.41,2024-12-20,APAC
e58763a5-3959-4c7b-82da-6eeeb1f90bd8,942,248,8,2360.96,2024-03-06,US
f1520a8d-998d-40b2-adff-dc929388ede7,393,356,3,706.21,2024-06-29,US
670579fe-edee-421c-adc9-f47f1ba722ad,489,91,1,190.94,2025-01-03,US
403bfa4c-4336-4dc1-9921-9765a7147f18,593,117,2,546.28,2024-01-06,APAC
e3589446-6fd9-4e94-805d-a6a5699a6086,552,439,3,1467.43,2024-09-08,US
77bd18a5-a560-4f8d-836b-6c0a27b7226a,814,79,3,731.73,2025-01-06,US
dfed995f-ccb0-4269-a269-aa9705005e7e,164,462,5,819.9,2024-11-27,APAC
4afb124b-d679-484f-b83c-21fe07847f9e,592,174,10,1228.81,2025-05-31,EU
5f65a90e-948c-409c-9cb2-f6c07230f3d6,269,153,3,305.35,2025-05-05,US
6d6838b1-ad14-4e6e-b8cf-b5eb1753620a,396,249,7,1284.27,2024-10-26,APAC
af4c3474-be5b-4b32-b3dc-618065744cac,918,127,,62.95,2024-07-18,EU
e587da99-51f3-47cc-a11b-96a3174ffbb1,345,345,7,2531.12,2025-04-30,US
ea458a95-bb6a-4978-ad27-7129a641c56e,777,423,7,304.03,2024-06-10,EU
77f713bc-0a9a-4f3b-8fb0-860ce5278db4,688,289,3,1459.28,2025-01-21,US
64bfd0cb-7572-4d5c-ad82-858254572358,690,255,7,2668.98,2025-05-02,EU
27a436c1-af1f-4f94-893c-8c4d10d78eb1,772,19,7,1226.12,2025-04-28,US
a0dc1d8d-709f-45e7-aa8f-78e34b69c455,724,241,2,469.59,2024-01-15,EU
c18a49c9-846e-486c-bed6-4c65ee1d7b05,409,452,7,1881.4,2025-05-03,APAC
84372d06-fa94-4fca-983c-d2911effde19,487,386,3,784.43,2024-11-09,EU
8619c151-b53a-4f99-a606-736e1a6d68ad,981,154,5,1431.51,2024-07-06,EU
41b682f9-cf5c-4f8d-a2fc-b3d32db3d248,328,125,7,1891.13,2024-04-02,APAC
41431adc-2ca9-46b7-a13b-3aa8f0f693fc,811,305,4,1920.48,2024-11-16,APAC
004d86af-3674-4718-a446-cbfa8d27fa23,291,490,5,1695.6,2024-01-05,APAC
680f3aec-a3d2-43bd-91c7-edd8f37aab3b,158,465,4,109.07,2024-05-26,APAC
06e6715b-c629-4c99-b2e3-b9da77ffaa05,132,464,10,3945.02,2024-11-07,US
1289cf51-d32f-49d7-baa0-632e52b4039c,147,480,8,730.62,2024-10-19,APAC
2061ac4e-bf7f-45a7-9a00-4667d52682c9,603,456,3,715.62,2024-04-15,US
a326e912-258e-4d78-938e-b6b6ec8613cd,889,478,1,419.28,2025-04-24,US
ea5bd0cf-8d0a-496a-89f0-1965f059e9a3,397,216,8,3929.07,2024-10-17,APAC
f002070e-426f-4019-bc54-d9518fd0c4b0,708,134,5,707.58,2025-05-31,US
4ca8919b-dc8c-4817-a3fe-5e0a707a8005,568,329,9,204.17,2024-03-14,EU
bbd7f009-ccd2-4d71-96dc-cf9c5cd00587,916,420,8,179.49,2024-02-05,US
7434d417-dfa6-490e-9c18-9b99eb5a6bd7,118,248,5,1020.04,2024-05-10,EU
ad3404fe-7d44-4c58-9aff-2738f3885e4a,407,127,3,443.03,2024-03-09,APAC
cb493624-dda3-4714-b914-1c01db9eedaa,428,153,10,115.55,2025-01-20,US
d65e4b4d-1007-40e0-b8e2-8b86218319f6,308,389,10,1240.54,2025-06-25,US
85c48fe4-1193-40aa-8adb-57e50ea027c5,234,484,8,800.27,2024-03-03,EU
101f76e0-81de-4fc8-8a88-f07b4dcb40f3,725,188,2,932.6,2025-04-10,US
79e0e572-bff0-41bd-b7ba-5edd017bae39,210,13,2,918.35,2024-07-09,APAC
84d9eb76-b30e-40bc-bb19-30c609225824,85,252,3,654.53,2024-02-02,US
0597c7d5-6631-4436-9604-56a47312d4ad,895,307,10,3552.95,2024-03-02,US
4f6733f3-22e2-420c-ba65-12043a0e01e8,778,94,4,1808.49,2025-06-28,APAC
4c2e84a6-8dd6-4f77-9bce-c6583227266c,169,307,5,1892.16,2024-02-24,APAC
7bc531ab-9e68-4cc2-84dd-3944d9ca4c1e,11,128,5,2145.39,2024-09-05,APAC
c9bc826c-0f95-48ff-aef0-568f87bb37ed,592,161,5,1698.76,2025-03-17,EU
37016fce-5567-4d21-8b33-428e86430583,966,205,10,3050.32,2024-05-29,US
be0ca28c-7c15-43a7-8fd6-94a7b01dc8aa,937,141,1,84.81,2025-05-24,EU
cd6569dd-e227-4dcc-b58b-c1e31d7a2486,483,399,1,81.79,2024-07-16,EU
48a64ede-ad82-406e-ab39-7d27708572e2,263,261,3,1036.6,2025-05-13,APAC
05eb3dfa-6952-462f-ad83-0dd56a173379,597,17,6,2262.1,2024-09-25,US
a15117d5-0976-4f48-9e4e-31e1df239b85,530,391,5,1269.1,2024-07-29,APAC
fe8c3c1b-168e-484f-b487-96948e8a3ce8,103,486,9,4344.26,2024-09-15,EU
496f0a44-3d9d-4c85-8985-fd63aba4fa06,458,377,3,919.0,2024-08-11,APAC
d1bbe6c3-a3bd-4993-8d2c-ec90ba32408c,13,54,9,885.39,2024-07-05,US
16fe30a7-9569-490e-8524-2a16cd8617ee,182,415,,348.72,2025-04-08,US
558cc470-221a-4398-9913-2c33b46af4de,452,385,5,2371.36,2024-01-04,EU
64d7f165-cf43-45d1-98d6-2f8fe6126dc6,876,112,5,324.37,2024-11-23,APAC
acd5f182-c34b-4098-889e-36de40ef45f3,675,231,10,2191.66,2024-11-01,APAC
32fdcc86-ab1e-4820-86d8-9fb45aa06e3d,328,24,1,13.96,2025-03-02,US
32ff0096-4869-431e-8f23-93e6fbd97145,723,27,3,1039.37,2024-08-08,APAC
ac97a4bb-1bf3-48fd-9a86-cc822f02de78,347,410,3,353.41,2025-06-07,US
4b878a16-7313-4433-8d4d-36cf2a544d1a,324,65,2,774.56,2024-05-08,US
58da580b-79ed-4945-81f5-c5f162335562,36,56,9,4145.92,2024-04-05,EU
438956c5-6c81-4310-9d49-f9a47e255bad,659,162,10,3308.25,2025-04-24,US
2edefccd-1f60-4385-ac22-e4f01d3fe466,867,156,10,1300.93,2024-06-27,EU
740afc12-c35b-4d0f-8309-4f95b0584278,184,431,6,1313.72,2025-02-22,EU
115269f1-1ae7-4d9c-963e-d863cea11926,494,293,2,271.15,2024-04-08,EU
07ad85af-c1c1-4155-918d-b11b42220abd,63,326,2,89.84,2024-11-26,EU
8004d7ec-ee70-43af-aa97-49b65a5d1b9c,769,390,9,3572.26,2024-04-26,EU
764fcabb-808e-47dc-a107-7806b846e322,572,131,7,644.58,2024-03-27,US
670d310d-6335-48e4-824b-34b8a3afd086,283,144,1,227.0,2024-04-13,EU
42fc33e0-4863-4e0e-9271-40e743d67d35,758,93,8,3186.55,2024-09-25,APAC
a24548fb-ebe5-48fc-98aa-e8138ff352c0,155,401,10,4048.49,2024-11-19,APAC
7206f655-b2b1-4505-b2cc-829730d92943,432,450,1,259.75,2024-09-06,APAC
ab861f9f-04f4-4d2c-af1b-9024720d7a60,877,254,8,3974.17,2024-05-04,APAC
4e67d50f-5c20-48e4-b3c4-eca19f98f1c4,874,411,6,213.92,2024-11-02,APAC
8570b990-c61a-4d50-8c75-df4e4d01e877,520,391,6,1402.69,2025-03-15,APAC
8b74b8f5-a939-4be1-b952-e3a51e35041c,218,92,1,194.07,2025-02-07,US
fb2a170f-ecbb-4c74-b946-440243f93035,795,107,5,1246.51,2024-11-25,US
a7ccf74b-b281-49c1-b24a-4bec3b7d261d,34,125,8,345.22,2025-03-24,US
e8bb338d-76b9-46c0-b02f-149391762a0a,17,369,5,1733.3,2024-05-07,APAC
0c5a7139-9765-4ac0-917f-2d89f49ebd29,814,267,8,3950.64,2024-09-30,EU
a182d1cf-4e32-4826-9f54-6ee78e502814,173,51,10,4179.48,2024-10-10,APAC
43353eb5-b551-426f-844c-2713ea5e9464,910,146,7,841.24,2024-09-16,APAC
5113c7bb-8207-4bf3-a580-7db8dc5f3032,406,209,9,1413.22,2025-02-17,US
d8a4c15d-3d91-4c61-a2e0-ab8dae856d5a,791,494,2,110.27,2024-01-13,US
c6e7ee21-f123-4a04-b0e7-d594e638cb33,453,135,3,392.45,2024-09-08,US
68687519-e20b-431f-adef-c70f7075e93f,67,196,1,338.83,2025-05-26,US
066f2ff8-834d-46fa-b290-70b681942cc1,549,453,5,305.05,2024-03-09,EU
4f95261f-56b0-4921-bba5-4cb7f30463fe,536,49,4,1654.21,2025-01-11,US
5fa77a4c-483c-48f8-b9bf-7bce340e3500,222,284,7,232.38,2024-11-25,US
5bcf46ec-996c-42b5-87a1-6142f4d2669a,819,225,1,38.67,2025-01-03,US
583cb8ab-4a33-404c-ac6a-c1ee5fe31829,598,44,8,2562.15,2024-02-03,US
5e1c02bd-660a-4202-9258-9eee75501b6b,569,124,10,4121.05,2024-01-30,APAC
320871da-198f-46a3-9a92-c9b551aa2ae5,180,267,5,503.22,2024-11-18,EU
58a5ee92-647b-45fa-a98a-2516d0ec80ae,669,221,1,279.46,2024-05-19,APAC
b88dcd13-81d0-4469-855a-70b61486d6b2,74,435,3,600.2,2024-03-25,US
6d40fcf2-12ec-4a1e-8f32-871b3f35afca,998,297,3,724.62,2025-01-22,EU
538d8f43-9fa9-4560-b920-b7d6664a63d7,900,290,9,4343.9,2024-11-28,EU
b1e1e4dc-808b-414e-97c8-652347a0c222,692,223,3,1203.73,2024-09-05,APAC
1c1add83-5739-4fb4-b196-2193ff0635ad,284,290,6,189.11,2024-11-28,US
745ac1b1-3ede-412e-8583-62356f7d74ef,359,497,3,611.6,2024-03-04,EU
a4bb6dcf-594a-483c-bd4a-17526829d5c5,240,496,9,569.48,2025-01-17,APAC
b5746ce3-1439-47de-9866-2706caf3dc3e,987,48,6,1268.79,2024-08-10,EU
35099f98-353a-4762-8373-4181f0687276,305,470,8,2648.88,2024-03-22,US
b24d47ac-d36d-44fd-a49d-f840543a1796,503,181,6,2371.62,2024-11-26,EU
422e9742-b7ca-45f9-9528-82f1bb2528bb,488,153,,265.57,2024-08-23,EU
5f9b7497-9a27-4e41-b956-c36cb92bdceb,796,161,10,4886.04,2024-02-14,APAC
15c7a535-b0fb-40f4-8ca3-d037518efde4,246,134,3,139.89,2024-06-08,APAC
df09db2f-7497-4327-b3e7-9207a3fd31e9,105,377,7,606.66,2024-09-25,US
7048b729-6dc0-4601-a970-ecab8e1aefc7,867,96,10,2689.62,2025-03-05,US
8a333c34-7e50-4aed-8031-10df8a0b5634,426,314,6,2723.05,2025-03-20,US
9c289b5f-b0f0-4a37-8708-98a8247a59e5,488,291,,433.72,2024-08-30,APAC
687dba84-d3a8-4c76-9071-d73d7ec9d987,625,144,4,1300.28,2024-03-04,APAC
e927bc08-8d44-468a-a0c4-113b72cadb12,882,178,5,426.18,2024-07-23,EU
e6bf2266-3227-4b16-bc60-96600d0161a5,374,496,7,1933.76,2024-02-29,EU
3f18ae35-7f9f-4fbd-b0d2-081b2ed0a45b,393,460,9,3250.89,2024-10-14,US
5906bd9a-22e2-42a4-bc4c-d14e1a40c803,545,14,9,1199.82,2024-11-11,EU
1fce3fb2-efb8-4055-ab85-338116ff2b03,28,86,3,1152.36,2024-05-09,EU
c61e41fa-0007-43ff-bbac-11b03467580b,478,234,6,1823.4,2024-04-28,APAC
9eb92210-fe71-46e8-bf5c-2e2a732e8423,528,248,3,1475.37,2024-06-27,EU
9f6e1494-d3f0-42a5-8ec2-c6adebde3bc7,936,428,10,3473.69,2024-01-17,US
53f17922-3d15-416d-b4d9-a0d8d0414482,620,154,6,1991.16,2025-04-18,APAC
db416b9b-f1c7-473e-81ea-b3c025cfb96a,314,237,3,805.37,2025-06-02,APAC
2d856546-3fd9-4545-853c-b15ce7b07e8b,827,131,8,2080.31,2024-04-07,APAC
fefaee41-f536-47a4-866b-c1f2e987bd67,146,19,5,1570.15,2025-05-22,US
ae00d053-f2d4-4dab-a7be-8b16e32beadd,998,4,9,3158.24,2025-06-07,EU
3c1e0fd4-2ffa-4c8a-a4b5-b9d581d3331f,330,390,7,3116.8,2025-04-29,APAC
32faf3ff-6968-438b-a0a1-832aa872c948,706,452,10,1589.6,2024-05-21,EU
edb08f54-e095-4d15-b863-2270af1bf264,512,343,3,1115.99,2024-09-24,EU
4252141b-80d5-4860-8a6d-0f3002c158dd,295,359,4,172.2,2024-10-20,US
07730ee0-9249-4676-867f-9b99d7844f1a,749,359,7,172.43,2025-05-16,US
eac3f92f-25ac-4d4f-810c-0c2d699c4935,621,123,4,666.18,2024-12-02,APAC
e97411ef-00c7-4778-a1e3-a6dbcce8aa76,651,402,3,49.61,2024-12-05,EU
45f5d09d-5b33-476e-8a4b-d476466d4667,697,88,3,772.6,2024-08-30,EU
2a6b229b-56fe-4316-bef0-42ac91504535,653,478,5,742.89,2024-04-23,US
3a61925e-ca57-4696-b401-adcc459f37da,916,440,9,3865.89,2025-04-04,EU
005d33fe-8079-4303-905d-0131e2abaf74,163,128,1,90.4,2024-07-15,APAC
015347b6-78cc-4412-a6cf-1d59172966f5,671,90,1,383.99,2025-05-18,US
7909b136-b64d-4bee-881b-6f76332d24cd,255,153,5,319.39,2024-02-09,APAC
d56a7bd7-cc9d-449c-8562-1e369d320689,432,333,2,46.65,2024-05-25,APAC
487d608f-0608-4fdc-bba7-f56f6b146ee9,702,116,5,693.9,2024-04-14,EU
65d794b8-214c-4704-a44d-5d7c0e724c89,313,349,8,1617.46,2025-05-04,EU
45ed349e-75cc-4789-8fa8-bd4abad64cbd,99,402,2,579.41,2024-12-08,APAC
2d1f8c2a-011f-41cf-84e0-2988cfea4ad5,397,482,1,284.95,2024-05-06,APAC
3344d328-071f-4328-82c2-da88f8f79226,311,389,10,3932.54,2025-01-24,APAC
e62cb750-e601-43cb-9dd4-46893c4914b9,66,200,,407.65,2024-01-22,EU
4b04d3b2-7b4f-4f5d-8456-40a2cf749b71,668,485,5,2375.0,2024-10-11,EU
7c457538-46d3-4476-8aad-88922fcdeb18,255,214,4,22.73,2024-04-19,EU
bf381de9-c7ca-4a37-8f72-49cff935809c,546,109,9,725.85,2024-04-13,EU
72314d7e-0f2f-4a6f-b8da-d598d035a8de,546,31,1,224.2,2025-01-13,US
fbfb2fcd-b0fc-4509-a8e0-8b6551d63a06,266,56,2,521.32,2024-08-20,US
785e443d-0f48-4919-b779-79fbbfe27b2f,792,110,1,243.58,2024-06-11,APAC
a13b7a20-1de7-48a0-b498-cdce5e3fb4b6,434,403,9,2243.07,2024-04-12,US
00b2d8bc-e927-4a3f-b45f-5e1e4eefb3b0,302,483,9,2934.3,2024-06-06,EU
ce7eb95c-cd2b-49af-815e-20c9b93217d9,677,442,10,864.9,2025-04-07,APAC
cfe1480b-7331-4fe0-87a8-53f3c947ebd1,190,217,5,147.19,2024-05-09,APAC
7a1ae99f-71ec-4b61-aa69-36fdb84cd2b8,185,386,9,4108.08,2024-08-16,EU
cb9952a0-be98-4784-9e62-5694a83cdcc8,152,461,5,1747.56,2024-04-27,EU
1c0d7979-5c7d-4970-8b22-429bbaf05477,473,263,1,233.0,2024-07-17,APAC
24571f45-04aa-4dc6-8ec4-0e277a622317,670,496,8,2148.82,2024-07-02,US
3875b555-a6ae-42fb-8dbd-f893f37f7bb0,57,354,9,1187.0,2024-05-27,EU
7eb4d727-0844-4975-aebf-32f1071257f3,127,291,9,1462.61,2024-04-28,EU
51156e04-4082-42e2-a8fb-b11d6337ab66,994,375,5,2450.38,2025-01-29,US
684f3e09-993b-4b0b-bb73-3e1706b9e907,161,12,2,98.26,2024-09-09,EU
33ba8830-bd98-4577-b966-ab1fa0f3cfb4,552,251,3,997.25,2024-04-02,US
6c000125-a656-454b-8e50-2e85f65b7dd8,375,82,8,2878.04,2025-06-28,US
0816d637-2782-4169-86a8-f513fddb74c1,972,402,5,1818.71,2025-02-27,EU
702ad97d-398b-42a0-b425-66b5b0a17419,652,364,10,3257.2,2025-06-14,APAC
4256fa29-fbec-4226-a29c-c1f260b1f255,751,184,6,1562.0,2024-11-16,EU
f4e90e06-7e95-4f49-b5cf-98d065688d2b,312,230,8,3408.82,2024-07-19,EU
ff36673e-b27c-438d-b36d-593bc3b067c3,783,231,1,241.34,2024-03-09,EU
99f7eed1-dd0a-4d96-ae64-0d11961f5afe,954,190,7,3353.69,2024-09-16,US
0ae3bb5c-8b30-4ae9-a2ee-93285b22cd78,82,271,1,416.89,2024-10-19,US
4fe78598-0c73-4d4b-9741-d0bf5af7a817,277,66,6,2815.82,2024-05-10,APAC
12513284-b407-4a3d-b16f-c7571ed6522d,722,205,10,3617.7,2024-08-23,US
a60f5dac-d460-4851-aa72-5b75092fb167,318,227,8,1679.99,2024-06-17,APAC
5dfee8c8-b43c-440a-a9d3-4b70f7f35c58,510,173,2,318.33,2024-07-10,US
5a7a7057-45bf-4ed1-8cd3-b6bb1f10bb6d,531,238,2,72.82,2025-01-25,EU
58ac22d9-f5df-4f27-a5d2-1f2eca0534fc,992,39,8,3425.44,2025-05-15,EU
90b7e0ab-4960-46b0-b705-c29351ae9607,599,357,4,676.84,2024-03-09,APAC
8667a416-a1df-4153-bab3-a4dfffed4dea,963,267,5,2172.35,2025-06-04,EU
1d2e5f24-fba7-4951-8975-c1dcaebf7e42,442,249,7,203.68,2025-06-16,US
a974cedf-5be1-45af-8ae7-7d5c9c92b4bc,425,488,6,1538.22,2025-04-05,APAC
35dce204-38fd-40f3-a2cb-f81f07779714,710,350,1,194.97,2024-09-16,APAC
33f579b2-f6bd-4b14-9490-b29916a2e342,985,413,1,289.8,2024-05-22,APAC
818593b9-8907-4053-864a-fb810f159f3b,866,92,3,529.48,2024-08-13,EU
9843fe86-38ea-4221-95fd-c2f6ee967ce7,363,415,4,916.86,2024-03-15,US
93872fa4-b7e4-4ea8-96e1-2a353c54bf93,997,17,5,393.2,2024-03-31,APAC
da5a7220-428a-4b30-984f-1da084b44c72,320,5,6,2778.26,2024-08-25,US
b8da4b21-169e-4b24-947a-b5381c1a72f6,741,443,1,216.57,2024-09-14,APAC
bd6e97d1-1fe4-4f37-bfbf-02bdb673c71e,339,64,7,1123.12,2025-02-07,APAC
1256eecd-e532-4645-a739-3c39db904fea,593,187,1,476.64,2024-09-29,EU
550a14ba-61d9-4c51-865f-1ddaf95a3b9b,111,207,5,1941.72,2024-01-03,EU
c7f443e0-3c19-4e71-b72e-26ccdb420a10,1014,164,7,1411.86,2024-06-21,APAC
bb5ce958-2edb-4e8f-a924-da4b93213516,290,480,1,239.12,2025-03-06,APAC
3737ddd9-f4da-4b71-b444-ee94869ef9df,385,303,7,1079.05,2024-07-12,US
28d4bad6-d6fc-4af0-ad38-a0472b19418b,345,77,10,1776.38,2024-11-06,EU
2768a6ab-e2e3-43b6-be0e-161200a065bd,797,399,3,379.51,2024-09-30,APAC
2113472e-1c63-4e20-867b-fcd144f3c28c,328,96,8,1859.16,2024-05-05,EU
182c11d1-58cc-4c13-9acc-efdf5ba8d24f,561,249,7,1477.07,2024-06-17,APAC
943cba05-fdb7-4fdf-89c0-b9f90c5e8879,262,153,8,3292.55,2024-03-23,APAC
ed5238e7-3526-41ca-b247-dfc9ee64b609,326,147,3,639.74,2024-04-20,APAC
24a7005b-add5-4eca-8c8e-17b6379ed7f6,619,103,7,3104.05,2024-01-03,US
70a993f5-6b85-4e51-8206-71291273cd93,783,188,4,1699.95,2024-06-08,US
e76731d0-ed21-41ef-ab0f-3f787d2c51ce,306,142,10,4102.05,2024-04-16,EU
5b3b9b68-5be3-491f-b8f8-f1122b236cee,385,468,8,3535.43,2025-03-09,APAC
0b2ef06b-f7e2-4c71-aa77-ac0b5cd23a09,82,101,4,311.1,2024-01-28,US
7d5a3d7b-fb55-4b42-bba8-4b1f9df780b6,963,22,8,2522.99,2024-03-11,APAC
f1cdd3f7-6bd1-40da-bdeb-a79f7677c8f9,570,12,4,1031.26,2025-04-24,EU
92807b1b-5eaa-4710-bf52-272ceaac19fa,998,40,,169.04,2025-03-16,EU
a3a55b76-728f-4bbc-b1c6-499ecba63688,410,321,6,153.42,2025-06-18,EU
8d7b0677-c02e-4f51-b127-115918cea75b,70,283,8,2009.34,2025-06-08,US
f9ba9ca9-8652-4100-aad8-ffcd0387715a,591,91,9,244.9,2025-05-04,US
ff95638d-fe4e-43ac-859a-c928feebe62a,490,262,7,1018.45,2024-09-28,EU
96f68831-045c-4007-af21-7777ccda8866,337,471,9,2879.37,2025-03-13,APAC
5ca804ae-c7a2-4895-b410-69345a6d664f,480,366,2,894.98,2025-06-02,APAC
149c6920-4a37-46d1-ba97-087313dbeafc,930,475,2,661.58,2024-08-11,APAC
e287a7c8-56be-49c7-a50e-52f779d12e16,500,286,4,1355.23,2025-02-06,EU
64535051-c9c7-4ccc-8c3f-79c62828d2e8,293,295,9,3945.12,2024-10-18,US
3fb6b50b-34c6-4209-b26b-04b538f1a1e6,786,179,8,951.38,2025-01-28,APAC
d0b0028d-848b-433b-abc3-4b2545c6b995,580,268,7,600.97,2025-03-12,EU
441e50d2-0733-4a5e-a737-eabfeb11b90e,875,430,9,998.84,2024-04-30,EU
617e677b-0a53-4568-80b6-783049c5a936,862,346,2,316.08,2024-02-01,EU
8934b3bc-2477-406c-8b7a-9aaf6273f717,782,426,4,1205.55,2025-03-28,US
a6c3ce5c-b601-4134-9c08-440083670cf6,477,174,2,532.35,2024-02-01,EU
e84753c5-500f-4a6b-8c36-fc91ca8b8db0,495,315,1,241.98,2024-06-24,US
c574db4d-3bb4-4482-92cb-7f74b6316e9c,606,60,7,2041.73,2025-05-28,EU
881c4f58-9a16-4ace-8f18-0600478e82f2,267,332,,486.67,2024-07-13,APAC
aa2dc2db-af04-4123-962c-c6ceb274a8ee,511,218,8,2061.23,2024-11-10,EU
65ea92f1-4176-401c-8c0a-89a20fd48cf7,671,168,2,251.6,2024-01-22,US
c68ef478-bc0f-4c90-adbf-e987c2ff9430,271,195,4,940.72,2024-06-15,APAC
8702e391-dcbd-4d5e-81eb-bd1858fbeb91,350,348,2,432.94,2025-05-31,US
b3488bd9-2ea0-450d-bc87-780d1b6dfc6b,343,492,1,444.48,2024-03-16,APAC
e5112296-610d-4e4b-a5e0-f847b84edb3e,42,297,5,1255.75,2024-06-11,US
40aaa81e-905d-4c13-80d0-72ea35f82274,413,192,7,2370.54,2024-07-10,EU
3f01d305-36c0-4b91-b2e8-8d2dfb7713a2,761,238,3,164.32,2024-12-24,APAC
3983a154-4777-4b99-b018-1e900cab8606,775,255,8,3333.51,2024-03-17,EU
4770ab64-3255-4b53-bac7-c3987a9b0616,964,398,5,1445.23,2025-05-20,EU
faa5b582-0304-4514-9008-f1b45e65ef88,759,1,7,1709.79,2025-02-01,APAC
7db8ad31-e132-4cf9-9f9b-5bd318cad57c,461,208,4,1766.43,2025-03-21,EU
de5e9a9b-9aac-4c45-87c5-0d11bd908824,127,50,5,939.08,2024-10-01,APAC
99ccaa0b-045d-4c8b-a382-78b829f1e289,959,276,6,1647.66,2024-05-05,APAC
13d81f7e-de58-4b44-83ff-286634ba8383,968,367,2,248.06,2024-04-08,EU
931479da-4603-46a8-8413-d272b4b87748,534,394,10,875.83,2024-10-03,APAC
74356f5d-6220-4a0c-a409-aed2e196f3dd,431,383,9,252.19,2024-01-03,EU
d39851dc-7164-4c26-941c-45c897f26e76,251,435,4,1940.54,2025-03-26,US
3ad7f0f2-0622-4269-bf1e-de585d3b78e0,828,384,1,20.02,2024-05-04,US
3717248b-b81e-4ea6-a8cd-75bd2de18166,60,231,9,905.42,2024-08-29,APAC
4e45d082-b543-4c78-b2e7-89eb8b3410e6,282,391,2,168.0,2024-02-08,EU
c6f5c271-d41b-4ad7-8059-8617214686c3,143,244,3,906.04,2024-09-10,APAC
d664c935-938a-4e7d-8154-cbc3614eb86d,124,90,7,2618.34,2025-02-20,APAC
71e9363c-3634-4d00-81f6-cc51ab195343,1000,73,3,312.54,2024-02-26,APAC
e8aa5949-f103-4024-9ab5-3a029d1a2e91,704,327,10,3705.81,2024-01-30,US
c5ae6a41-13e7-4eaa-b35a-81fc6b3204ad,42,28,6,1892.17,2025-06-08,APAC
065b17dd-edd0-4d2f-85a1-88d153449b13,83,30,2,982.78,2025-01-15,EU
bd6b7012-9e69-4bbb-8871-48b47d50b0e6,85,440,5,379.39,2025-03-01,APAC
7a1dccd5-076a-49ca-b7ea-2dde410c2d2b,518,65,10,2971.36,2024-11-15,EU
4b251456-af55-48a9-acdd-72648a3c9bec,927,39,9,3486.93,2024-09-02,US
4a1cbe49-24ea-4483-b368-2afbe869de03,839,384,6,2991.9,2024-09-27,US
31375eb6-b51e-4c01-b785-36674d9b4d27,187,233,2,57.79,2024-11-19,APAC
65de2ee9-e018-46fe-b81d-d4c762653633,437,340,4,390.19,2024-08-21,APAC
245de59e-0a02-404f-91fa-eae9487f70e5,266,90,2,917.91,2024-04-05,US
69f4f68e-1864-4db2-abd2-fa537814b258,826,499,7,2508.71,2024-07-13,APAC
251d825d-466f-440f-a860-28b9e0369401,512,442,8,396.61,2025-06-26,EU
45d1794e-c584-4470-af55-2757f49b33ac,25,491,1,488.73,2025-06-27,APAC
a826586b-da93-4bec-9c9c-4037ee5fa472,941,325,7,2990.26,2025-02-17,US
4ec8f11e-cf2b-4be3-9cf1-e12b9117f7dd,698,424,3,1455.64,2024-11-29,US
83f23864-e97a-4363-b0df-fab1fccb498d,834,297,7,1088.46,2024-04-17,APAC
aaaef131-126d-4d0f-b64e-ca71047b53ef,947,434,7,1196.32,2024-01-18,EU
2efd4dcd-9d91-40b8-a330-610507d17200,117,340,9,4091.72,2025-03-01,APAC
42c228c8-845a-43a7-8a56-6605b9134462,363,237,5,815.8,2024-02-02,US
72b0648f-a1e0-4276-9aae-773ac427d70b,271,250,2,141.79,2025-01-04,US
56af3931-2ba5-4881-bd0e-bce103d93104,192,290,3,1018.97,2024-12-11,APAC
1cf55aba-eec9-4d50-a363-4b37deec2787,641,105,4,1775.26,2024-03-23,US
f7fc3dd2-17e2-4f01-ac5d-b29783a8d681,832,211,5,2312.27,2024-02-15,EU
5b9935a5-0bc5-47bb-9183-fe566019ee24,853,60,4,231.87,2024-10-16,APAC
292c4f87-8357-4442-82fd-06465417e5df,161,313,5,1097.39,2024-06-04,APAC
3790ca99-f2bd-4433-8439-bc9a7b9d4097,315,5,10,125.38,2025-04-17,US
5e073766-8b1b-4ed5-98d5-fe2b4f997537,68,307,6,297.88,2024-10-25,APAC
1fb465e0-4997-4f6e-a614-e8667d5d1166,2,390,2,457.08,2024-10-17,APAC
cf1bbad4-fb39-47d3-ad44-657fc2ad0003,638,126,9,1508.23,2024-12-26,US
bd6fe6da-8fea-466e-94e3-d31edb988277,671,7,9,3642.29,2024-01-16,US
5e8b23dc-1bd9-4ef7-a52c-fa490757c06b,886,473,5,1443.79,2025-01-17,APAC
661f180d-c4e2-4aed-93bd-b1a80acfd4f1,224,31,,172.69,2024-04-24,EU
30bfce63-8205-4dc5-856c-2953c8053623,773,214,8,1749.1,2024-09-15,EU
fdd95526-f2ce-468d-8e54-72d671be55e9,419,98,7,895.29,2024-12-26,US
0acdd1fc-7c39-41df-bcc1-3be27175bd98,198,34,2,998.98,2024-09-05,EU
38739181-00a6-44c2-96ae-80a3eb953d90,542,311,2,691.28,2024-01-15,US
df2f56db-7f5d-4626-9df5-e53342f458b9,874,387,1,208.35,2024-12-29,US
739dcb43-f1d1-485f-822b-6fbf0782e641,368,246,8,2522.03,2024-09-24,EU
c284f2a3-3953-46dd-af27-7d46cbf3e204,351,124,2,39.07,2024-09-04,EU
0846af5c-13de-4815-bd43-1a775a29e994,537,189,9,2190.49,2024-08-24,EU
006fa5c2-6698-4652-b322-4d151eb40876,651,350,5,2394.12,2025-05-11,EU
878e51b5-eb2f-47c2-9aa4-184e2ed049b6,325,343,3,347.65,2024-03-03,US
b6abae0e-4ee5-48e5-b8ff-b8759b04c8f1,100,243,9,4022.04,2025-06-27,APAC
c99eb5e1-fbec-4aed-8045-8b84c21c195d,946,197,5,831.45,2024-06-01,US
67ad2c50-ae40-437a-8b20-c2309d5257ea,476,408,4,101.48,2024-12-09,EU
4b157525-3907-4a96-9c34-554482eb7827,545,208,10,4972.34,2024-08-03,APAC
239fa192-8fcf-4cb1-9009-8ded4cfc170a,543,293,9,1948.45,2025-04-01,EU
64eaf96e-10e6-4cb6-808f-fe41b782a713,370,137,1,17.39,2024-04-25,APAC
f3deb1c6-c76d-4c4f-a99b-7028a4a7dd13,286,240,2,374.51,2024-08-06,US
a8e11a21-3e0a-4eaa-97d3-6f860bf24c5f,947,446,9,4467.27,2025-03-14,US
8e75cfe7-de17-4c90-8f21-9a0d256ca6e8,175,157,10,1564.46,2024-12-24,EU
d3e82ac1-429f-4499-9060-ca557eb7a95f,342,273,10,4081.67,2025-03-12,APAC
caeb683f-7ede-4165-8d71-4d2366e25211,595,129,8,1055.07,2024-07-18,EU
bf8c5cc8-6976-46ec-956f-256a0058fc60,822,30,3,357.81,2024-04-28,APAC
2b5fa41b-67d3-4bb7-9c9d-0447afda0e03,728,315,8,295.95,2024-05-03,EU
ef3eb055-a3cb-48c1-94a0-415d2ff10094,197,342,4,1989.11,2024-10-27,APAC
9b8ffe0d-7236-4e8c-ac63-9dbd9a65ee1f,100,86,8,1475.34,2024-09-27,EU
e10ae72c-a928-4235-bbc2-1281e922c503,273,140,4,179.62,2024-05-30,EU
62a13329-9e43-421a-b790-ab77b6e925f7,493,455,1,232.87,2024-07-11,EU
67f72907-c056-47dc-9b13-3ff87921b54e,166,45,5,1776.3,2025-04-23,APAC
c27103f8-8f3a-42a3-9019-153732209f80,91,442,5,2022.72,2025-05-09,APAC
3f91b26a-2c4b-4256-936c-a07d6ef1b07a,750,40,5,537.46,2025-05-21,US
7f30f73c-b640-41d3-867b-46bddb3cb862,515,435,7,2680.22,2024-07-23,EU
b43ff9b0-c2f2-4290-a7ea-9c46827dcffa,722,392,4,725.87,2024-10-08,US
65cb3d86-a7a6-447a-a4b8-9722ad23eaef,527,293,1,98.65,2024-11-22,APAC
1a089e73-572d-4113-a76b-810f6ef3289c,689,470,5,52.4,2024-04-16,APAC
b4589c87-7567-4461-af34-121fb2a65921,139,9,4,1801.31,2024-07-19,APAC
96b92267-d891-4223-8c73-a30dde156516,884,349,5,158.14,2024-01-27,US
7eb41cc4-5ec8-4aac-ad16-b7c349ac218f,875,231,9,1733.28,2025-05-14,EU
8205daa2-4317-49f9-8251-f4b708e6ccd0,633,415,7,1591.56,2024-10-01,US
9630518e-d0c7-4f06-b08a-27de0a7f0ef6,548,364,7,1085.85,2024-08-26,APAC
959606db-0bb5-47be-b65d-001aba19e908,220,65,5,922.25,2025-06-07,US
f477eee0-c830-4b2e-bdc3-95828c1cfc06,578,384,,492.76,2024-03-25,EU
44a13c49-1698-4053-b1a3-3d1649503eec,815,150,6,2532.88,2025-01-23,US
f269746c-fa31-4d38-b27a-ef69b360ec86,954,279,1,434.27,2025-03-08,APAC
bb7a3610-03db-4d76-935f-717db5d282db,539,318,8,1136.25,2025-04-22,EU
6c252b7d-880f-4118-a58f-98cabb9e1f19,148,400,8,1839.59,2025-03-28,US
0d8aa6e1-a17d-400e-9a4d-ce51441d8367,319,355,1,290.92,2024-08-13,EU
44fd9bfc-5004-4d91-ab1b-9d9fe043b17d,591,492,8,1492.41,2024-11-19,EU
ecd0ba32-2135-4491-9765-19f333bb31fb,192,254,7,2441.79,2024-08-23,APAC
57ee899d-0efe-43bc-88a2-919a757dde09,331,431,5,1012.63,2024-11-07,EU
af3919cc-728e-458f-9c57-18bce1585fe2,615,9,10,1333.13,2024-11-19,US
2165b6ec-c8a3-4093-b1ff-b4d10ea938aa,128,294,5,1704.57,2024-11-26,US
8335aef6-994f-42c6-9ea1-bc4c9bf12c3f,4,266,8,473.2,2025-01-28,US
a9231cd5-9372-47c0-bc9b-1c3dacb16faf,53,152,5,267.26,2024-02-09,US
f78fccfd-ec83-42a4-aadf-25a9a3f01ef0,153,394,8,2679.16,2024-05-21,APAC
b5d7b107-42d8-4c22-b169-bab29ff9a62f,300,238,7,55.33,2025-02-06,EU
c24c4a00-dce6-47e5-9741-0ed2c001c242,652,370,9,247.3,2024-01-14,APAC
01150a16-5196-45c6-9970-7923e06e8c52,349,429,1,130.69,2024-04-08,US
34bb54e0-da47-4f3a-b414-ece751ae22e4,231,327,9,136.86,2024-07-01,APAC
f581cd48-48a5-4fcb-9f33-c9a3fc6b9340,474,490,6,2052.35,2024-01-14,EU
2506be7c-f135-43e8-9dbd-6707365ab4b0,4,351,1,215.45,2024-03-01,EU
983e566c-62ff-470e-96a0-f54e9981989d,660,251,5,977.81,2025-03-23,APAC
7ba7f3ac-eed5-42eb-8258-63d0d42033b5,202,124,6,956.74,2024-05-30,EU
da6691bb-5548-47e6-ab64-fe5bc83fc3ca,4,89,1,271.1,2024-12-28,APAC
f88ea77f-3c38-4c3b-828a-53389328a8e1,250,436,9,1937.55,2024-03-06,US
4d2e55f3-c8cb-4b8d-b18c-26d7cc1bb5df,380,375,7,448.5,2024-01-19,EU
866d111a-787c-4d4e-8e28-aaef3b563327,765,165,5,162.19,2024-12-27,APAC
ff5adf01-74ff-4215-aaca-6a1d140cebbe,581,4,10,4245.83,2024-08-30,EU
7bbbe425-0bad-4a5a-9b1a-cb854a2ccd09,652,395,1,328.44,2025-03-07,EU
ecf7d1ab-a088-42ab-a381-a8e4fd248f7e,775,297,1,212.38,2025-02-19,EU
08107f64-861e-44ee-b09f-c50f363d411f,973,335,9,3765.96,2024-02-28,US
6a5a622b-24dc-42b8-8695-6e84c0f82599,453,79,8,2773.93,2024-11-17,EU
5bca1aac-18ba-471d-86f8-59b7ba432436,294,26,2,40.43,2024-09-21,US
80d91b79-d43f-4153-99bb-c793fe433377,858,234,1,497.46,2024-06-09,EU
369d1f46-7ce6-4ccc-b076-6a6878fb93f2,291,123,5,1793.69,2024-11-11,APAC
6cb557f3-d812-4022-be8f-575cc061ef07,718,463,5,1118.93,2024-02-02,APAC
330b1a59-b045-4b3e-8abf-92902258d99a,81,46,4,891.52,2024-04-19,US
647183b6-1d3f-4b94-b3d1-f86a669e0760,59,37,5,1432.87,2025-04-16,US
31e71583-d542-43cc-a835-0f6aed60989a,203,136,2,854.58,2024-01-23,US
3c8df607-b831-4e9d-bc62-2984e0133dd8,822,299,1,225.58,2024-05-27,US
334e75c8-b455-42e1-b4c7-819bfdf927a9,848,51,3,1466.73,2024-05-12,APAC
a5602090-3cb3-4c06-b24b-de341d3f51e7,107,109,10,756.31,2024-08-18,APAC
05e10b15-7369-43e7-87e4-c145d1479ab4,854,185,3,111.07,2024-04-02,APAC
fc1f032b-8001-4d09-84a3-98d0978b5228,823,469,8,3383.15,2024-09-24,EU
6e86fc95-0cdf-409d-bc26-88829f7c9b66,35,259,1,96.24,2025-04-12,EU
699a90a9-ffb5-4db8-8d04-d4eff5ec78ac,447,390,6,2908.7,2024-04-21,US
33381e67-2139-41d6-84b1-d75e23817c1b,702,264,10,1043.09,2025-01-10,APAC
38ce4789-9c14-4db2-8a6a-125c82c6fd9c,911,56,2,721.82,2024-12-15,APAC
c399f5dd-d30f-4906-b709-ebebb32ff77e,947,430,3,869.01,2024-05-26,APAC
f35f1049-4413-44c6-a10c-8d77e718a0c8,654,168,9,529.82,2024-05-08,US
fcdbae86-6236-43dd-aabb-3509a7888dbf,999,472,10,83.33,2024-11-01,EU
da491381-3a94-484c-90b5-4c3b748863f2,412,140,6,1054.27,2025-06-01,APAC
1cf82a5d-43aa-478c-ba5d-0bf40290b45e,403,487,10,981.43,2024-08-20,EU
0c96b16f-3255-4b00-a645-4a5f9e3936a3,783,9,4,1521.11,2024-12-12,EU
4b409841-723b-42ab-85fd-aa15d74c8050,789,17,10,54.92,2024-04-07,US
a0828fe0-4f9d-48ef-9d8c-5d8cc03562f4,249,24,2,354.85,2025-06-30,APAC
3f6cf4f7-36d1-4247-b388-9ab90f1fe950,206,487,8,385.32,2024-07-29,EU
9d9a5d42-d955-42b4-a564-b32e905a61cc,323,361,1,101.2,2024-03-05,US
771aef02-b291-4345-8f9b-eac658180713,265,233,8,694.66,2024-06-13,EU
e97183dc-0311-4944-bfea-c08b24e4754c,389,49,9,1953.68,2025-03-21,EU
dd76c317-c5ea-4c08-a4af-30be3e55835d,170,128,8,3777.48,2024-03-11,EU
31233e34-ddf1-4796-94d2-4b3fd92ce83c,302,353,1,138.03,2024-10-16,US
e0a24ad8-ce2a-4e17-be8b-535fd4051830,130,345,7,2686.45,2024-08-06,EU
7c4cb90c-bcf7-4217-8b1e-9631ad34a0a4,217,466,1,346.83,2025-06-26,EU
65c901e1-9a57-49ca-93b5-d2e52f3a9467,600,373,7,3496.03,2025-01-22,EU
2addcaeb-324f-4018-9cce-ef0adbd661e9,573,145,9,4132.69,2024-06-10,US
c2e315a6-aa7e-49f7-a268-d4df25c5a338,996,47,2,956.13,2025-04-14,EU
fbe4ea6b-092a-4510-aa5e-0e0ce4a608ec,778,445,8,555.36,2025-06-19,APAC
6745b92f-22c3-4356-9cc2-b317d3432437,261,80,8,2123.62,2024-10-11,US
3e07a3ba-f8f5-4113-b20c-26f512da73cf,750,361,4,288.34,2025-02-04,US
b6edf613-8061-4379-b4c2-2b8b38d9d0bf,715,346,1,389.77,2024-07-13,APAC
84c49ec3-c696-48be-8604-2ce06ab8df08,703,372,9,816.45,2024-11-04,EU
9fc32489-6812-4436-baf8-9935ff653928,11,52,8,873.3,2024-06-27,APAC
bd363bcc-30bb-4c65-8de6-02abda95d842,898,279,3,739.99,2025-02-16,EU
20b23d3c-4338-4ab9-99e2-aed5a42db542,740,229,5,1688.78,2025-03-11,EU
d2d8d6c0-0564-4bb8-a5f6-d465a336b0a6,708,232,7,191.06,2025-03-28,US
de58cf1d-d3f7-4243-9d60-22bc9c26444a,740,59,3,668.98,2024-06-17,US
fd47ffc5-3b45-403f-b455-ace54b77510e,757,406,6,1854.15,2024-12-25,EU
175d9846-c3c7-4383-8278-fb0d4e22e815,880,64,5,1798.17,2025-02-04,APAC
75623591-0a14-4a88-b3a2-7cc62f420bb3,908,498,3,266.07,2025-03-18,EU
16851490-9f49-43cc-8cc0-69556787bf5c,83,247,6,196.3,2025-06-06,US
6656ab39-00ed-4d7b-bd10-5782f6306b44,980,229,10,4276.64,2024-10-17,EU
1221da6c-f8d8-4a03-80e2-0301bfd613d5,68,102,9,3433.78,2024-05-22,APAC
0411a5ae-0f44-4558-8802-e6314ba1390c,806,76,1,274.32,2024-11-17,EU
fd778ce3-54e9-4c5b-ad71-e50cd8d537cd,168,17,,100.31,2024-09-03,EU
5a58672f-0734-4a89-b000-8be7cc5ed8c2,507,190,2,120.88,2024-06-11,US
b84dd74b-26d0-496a-a50b-575173bb03e1,911,333,3,947.19,2025-05-30,US
1cae7d04-b8dc-4a7b-969b-259112f4b8ea,5,4,4,534.84,2025-04-06,APAC
82073e09-bf65-4442-b33f-8012968aa4d2,917,148,7,1728.2,2024-01-04,US
09e4937c-f7b2-4efb-b8d1-338f90a19362,379,319,8,3249.26,2024-05-27,EU
9be3eab7-b200-4a5e-ac1e-fc6dfc21f230,391,238,1,463.96,2024-03-26,APAC
a9817ac0-662b-4847-a629-87af52471352,405,317,8,552.49,2024-03-08,EU
f7e558f5-2f6f-4793-8285-4c9f1cdbcec3,94,419,4,1319.52,2025-03-11,APAC
1702b427-5be6-4844-885e-dfa87b1048f1,440,121,6,2718.69,2024-12-18,APAC
45bf3238-2435-4c84-baaf-c8de1e8bea5c,312,500,9,1059.7,2024-07-02,EU
769f3239-1004-4f6e-b5e2-5dee25975206,827,48,4,567.78,2024-02-12,APAC
a47a52a4-2b14-4502-8522-1ae60bf63233,935,64,4,917.44,2025-05-09,US
85d323c3-7c0c-432e-ae3c-55d35e911664,813,109,1,372.59,2025-05-23,US
74740708-9c5a-4d53-8003-cc691c11b4a1,289,39,1,8.63,2025-01-04,US
f042acf4-2012-4d9e-b9c4-a6633aa6ad02,249,233,4,66.15,2024-08-13,US
c8c247ce-4410-4137-a834-4e187f556b5c,504,328,3,65.14,2024-11-12,APAC
140d8b10-6ca6-4a97-85e7-ecdde9e7da14,70,102,9,89.87,2024-12-18,APAC
db8220a3-66fd-4064-9ae8-40a0abc3218b,35,22,10,4263.31,2025-06-02,APAC
7d5da6f2-fec4-4fa6-b13d-8684efc356da,855,285,8,3229.86,2025-01-29,US
eb692cff-ad64-4d2e-a0e8-f0455e90bd87,137,255,7,2135.57,2024-03-17,EU
aab9c24b-df78-4ce5-a3d2-6ac5986279a0,390,116,5,1380.58,2024-04-21,APAC
abcfcf6b-b1e7-4796-9c8b-a9c7cb11bae9,795,45,9,63.82,2024-08-22,EU
dff95dc0-8bdd-4102-a3cc-affdc860a863,827,338,10,2789.29,2024-12-09,APAC
6a334a0c-eeeb-4069-8de8-7ba2f503d391,121,281,6,2092.69,2024-03-14,APAC
1628418c-7ede-4de4-9f7b-6992816bb5c5,270,117,4,281.69,2025-03-25,EU
a7a502c1-ce52-43b1-889d-f327be6cd76a,693,211,2,491.28,2025-04-03,US
0375aaac-3147-4d0e-88ea-5c071729e788,598,273,9,784.23,2025-04-01,US
09daf11d-85d8-4880-81a4-2fd09bd29e4b,348,455,9,2576.82,2025-04-22,US
bf80a72d-a0f5-4d6f-b571-3766ab16bcd3,644,224,9,868.97,2025-06-16,EU
798f14fd-3948-4d00-9551-176638dc40c7,813,118,8,1108.98,2024-02-19,EU
481eff10-f8d9-46a0-87a6-be6cac5f85a6,497,229,9,2033.81,2024-06-18,EU
dbf3beaf-b02d-4be6-b47a-fd7c1d52027d,307,28,3,1125.16,2024-10-07,EU
ebc2695e-c38c-4f7e-95dc-d64a4b1a3ca1,913,456,10,2900.57,2024-08-20,EU
8272c3eb-913e-4fe4-b348-7f0b7d5c6af3,652,69,1,271.91,2024-07-24,EU
77335083-12e5-4d8c-928f-efeeccbf2b4c,538,188,4,755.74,2024-11-16,APAC
6912d175-6a39-4fe3-ac0d-5704ebdb2a57,441,399,4,1610.19,2024-04-20,US
888fbb71-00fa-4dd2-ae0f-42dab00b97f5,965,338,1,40.62,2024-01-25,US
670c6403-4d45-4d3e-9bb4-1d96fd68bb35,347,206,6,621.46,2024-10-03,EU
784b51e0-3241-4849-afcc-e51e9951c6d2,128,290,2,699.59,2025-07-02,US
feb9bb23-5210-4c0f-8ed3-d67a3e4872ac,855,274,6,1159.48,2025-04-05,EU
37b5b13c-8063-494d-ac67-6e169fc8531b,573,315,9,3797.96,2025-03-25,EU
3e39b19b-44d7-4c81-acd8-7519ee2a29cd,62,245,7,2698.45,2024-11-10,EU
925776d0-0c41-462b-9efe-0656edc947d7,171,15,2,226.18,2024-04-07,EU
8b217860-f2cd-41ee-b7db-b91e7ace53ad,953,427,10,158.01,2024-06-01,EU
8d5279da-b646-4f0e-8bd2-02f49dd5ea0f,875,463,5,818.71,2024-11-24,US
12003cda-d55d-44da-98f4-0e67fb9d0a93,267,309,9,1041.58,2024-05-05,APAC
ee14ec45-59d8-47b4-8687-b13c4d4c88c5,484,344,8,3148.6,2024-03-06,APAC
8e4f5a76-3928-4584-8560-41e1bacf2da3,856,383,7,1607.24,2024-04-01,APAC
0fddfe2e-a4f7-4738-ac21-f43ecf45fe0f,493,121,3,592.14,2024-12-02,US
d99db936-6566-421d-84cd-7d23f57e3021,192,64,4,1018.25,2024-08-14,EU
9a01feb7-a817-4056-8a39-e20df6d1f59c,157,147,6,2278.46,2024-11-25,APAC
e5083fb5-0973-4ed9-bdd0-1e4b4299a6a5,524,411,3,1410.03,2024-09-22,US
1479655a-78ee-4c0e-a993-e0d9da709e7a,54,483,1,182.96,2025-04-07,EU
1ee33f08-31cd-48d9-95a5-5e989066e45d,507,379,1,347.86,2024-03-08,US
68f52af9-dd0a-42ec-b853-620e4b530b19,304,178,7,3015.1,2024-04-29,APAC
58313d5c-f248-4887-82d7-43ac902b2585,232,147,5,1783.32,2024-12-30,US
8086d9f2-749e-47a1-bd9b-982cedb105c1,475,264,3,1176.74,2024-06-29,EU
4f39744c-36f5-4e14-9706-4b06db42116d,113,419,5,1259.47,2024-09-30,US
174698de-f7ca-4aa8-a8b1-5aff23b54704,965,345,6,992.0,2025-01-04,APAC
05947d3e-de74-4890-b32e-db74a88ddc3d,33,495,3,409.56,2024-05-21,EU
b8a1d8cf-f452-463f-9a93-e641b00280e0,16,434,4,76.29,2025-03-05,APAC
5e8725ec-5f3f-4785-b99d-1c56469a40a3,527,451,5,1266.92,2024-07-01,APAC
7ccfb520-203b-4c2b-a08a-14ca99281ba8,7,120,10,313.16,2024-05-26,EU
4041d6bb-f8da-43f6-ae46-7fe9cb5269a8,906,22,1,288.47,2024-03-24,US
f0a757c2-d94f-4742-80c2-943964d70518,828,192,5,2218.26,2024-08-09,EU
2ddc1f29-316d-409f-acf2-0ba68b662bbb,55,358,1,60.08,2024-01-04,APAC
f7a44600-4ef5-4d38-a731-2065e74b36a1,46,143,8,1456.46,2025-02-05,US
46f8ef56-86f9-44b4-9c32-c3e8b91c9f3c,637,373,7,3250.3,2024-03-10,APAC
7b6e2ff7-293a-4b05-b974-6f465b9c0fe1,904,341,3,113.02,2024-07-25,US
6cb4b9e8-441b-433b-867d-44ed143cc4fa,731,464,5,1251.37,2024-05-20,US
3a00d9fa-88b7-4b85-829b-d8cd3d3434e5,734,197,8,78.99,2024-02-23,APAC
a702cafc-bb36-46ce-a09f-ee86e880362a,798,11,2,723.47,2024-10-28,APAC
2c790ce8-c2a4-45df-b9e7-f5a379e1e41b,216,202,8,1577.32,2024-02-15,US
b35f4478-d6f5-45a5-a522-f2956d87790a,942,173,2,594.75,2024-07-17,US
a86a7e20-4f25-4e38-93b2-17f8a849167f,82,85,7,867.39,2025-06-23,APAC
4d681dd5-a1f6-4710-84b1-c942b4004c01,107,263,4,681.23,2024-11-17,EU
ac48fdab-8316-4966-a78f-86bbbd198b51,593,342,10,2629.18,2024-10-04,EU
85ba1fb8-51ca-453e-8eda-cb9900aab963,690,263,6,1836.3,2024-09-21,US
8af12570-aec3-47c0-88be-6fdb0d085e59,128,184,7,2396.11,2024-09-21,EU
a1225190-9be0-4725-b759-65360b50a196,731,404,8,2511.71,2025-03-03,EU
7e80a872-b081-480a-83db-b84b9af36ee0,999,483,9,2215.71,2025-04-12,APAC
eaf42d49-1529-4a79-a8d3-c20151c4c38a,570,408,7,2226.18,2024-08-20,EU
5bcc10c2-2dd7-4089-97bb-c111bb17fd46,81,82,4,669.83,2024-03-08,APAC
4ab12456-dcc8-4038-bae1-e8d1da29ab9a,501,192,5,1379.81,2024-04-27,APAC
f8901385-8051-40f9-ade4-cff52034e2cb,980,456,9,386.17,2024-04-21,US
b49ad4ee-a808-4a53-b723-338725eb043d,679,5,1,310.0,2025-03-18,EU
43b399f3-7330-4f93-af67-7486af80ba1e,820,249,7,3284.31,2025-01-03,EU
c345c0ca-472d-44e8-b38f-acac9447a486,280,404,2,161.03,2024-10-10,US
49c0ae3d-538b-4285-8df1-f7f8440d459b,205,315,2,291.19,2025-06-25,APAC
07cda592-d003-4f5d-8c49-e9dade434bf6,733,63,8,3321.77,2025-07-04,APAC
5bef7513-4f1e-416b-bed0-e1962cabf3fe,172,149,9,2822.32,2024-12-24,EU
d98772b8-672f-49f6-b065-8b78aae68eaa,289,261,1,428.48,2024-02-29,US
107005e7-578e-4ac2-9ba3-368b6f2a9d39,573,91,6,1603.77,2025-02-19,APAC
9a3fcd4f-98b8-4ac0-8fb5-10d3058437fa,933,308,2,283.31,2024-09-16,EU
c7338ca9-f6bc-41fe-8b9e-b0506056ee8e,262,313,5,1437.99,2024-08-08,EU
0ce0232a-f7d1-47ab-908d-806300238660,3,486,4,132.16,2025-04-01,EU
3c6cd3cc-3166-4768-a17e-7c50919ef568,30,322,9,2080.06,2024-02-28,APAC
bfb14560-388f-4b73-8bc6-4496f8c35819,407,144,1,256.6,2024-07-06,APAC
c47d61e1-d575-4a40-8736-08e472dbce0b,95,314,10,3997.83,2024-11-21,APAC
1bf42c43-40a8-43cc-9152-9c66276aaf50,428,293,,475.65,2025-04-07,APAC
f61bff2d-45c8-4066-abf8-99c970f464fa,641,104,10,4713.44,2024-01-14,APAC
4191a953-76ee-4077-8c5f-33e34f02301c,904,465,5,829.96,2024-03-21,US
3bf88e64-2a1f-4a62-ba08-e5e9ada3ced9,47,168,6,1900.16,2025-05-26,APAC
6a48dec7-d49c-4c1c-b544-39c3775a82ee,19,199,7,2296.72,2025-02-10,US
dc109888-35d3-4b0c-8714-085480a43d8d,54,310,9,3368.08,2025-03-20,US
fc5f5d7f-7678-4c7a-90f2-9749335dc512,793,309,8,537.27,2025-02-21,EU
791a5ac9-1195-411b-8ed5-0e837f2ae0ab,256,352,10,2913.56,2024-05-12,APAC
e0b8a543-6854-4b6c-ba72-b3f37a36d57a,85,352,7,889.86,2024-10-05,EU
1f1c1575-75e2-423d-b783-25c77c303fb6,878,22,2,308.44,2025-06-14,EU
f0e37c9a-7859-49c9-a279-6606998172bd,617,487,10,1967.78,2025-04-07,APAC
f377f2eb-ca8a-4b00-ba53-d231ed73dc7f,317,109,2,911.12,2025-05-26,APAC
cae0cecc-854c-478d-bbfe-a7d4c6ee38f6,958,130,6,2446.21,2025-05-06,EU
16bd6417-31d6-4545-b8a2-9d596371495b,278,80,2,514.67,2024-11-16,US
4bf4cb67-cc87-49ee-8d1b-1d61f3cd662a,929,479,7,1922.01,2024-01-14,EU
48181f29-9b8e-4d28-ad29-afd259017d32,864,470,9,2312.34,2025-04-21,EU
eff4f71d-134c-4768-a616-5da89aba0373,735,84,10,921.79,2024-03-31,APAC
dd8b86c9-fd0a-4bad-8e2c-f1453b9dcda1,213,88,7,2441.24,2024-09-24,APAC
e1d7c93f-0a91-47eb-b67d-11ea9624559b,853,216,3,341.85,2024-01-26,APAC
b2f8821d-40b6-4ae5-a64b-fe013f9b53fc,303,163,3,94.48,2025-06-27,APAC
b07da577-63af-478f-8b13-b237c3bc7bd5,16,276,8,3208.93,2024-06-29,APAC
b0e28e20-9b67-43f2-b4fb-5922dd9274b8,450,17,3,172.71,2025-04-23,US
3d6b6aa6-d0a3-4d56-a0e7-9313a13073f7,297,90,2,22.26,2024-04-08,US
bea01c4c-25cb-42f6-9d10-3444f102b4f8,597,15,1,369.88,2024-02-01,APAC
829897d8-d983-4a0c-9f6d-cf9f92f1fce9,390,272,1,197.63,2025-01-15,US
a1e6795d-6724-4c67-a401-c170bf47841e,435,196,10,2838.14,2024-11-12,APAC
c0b262c1-0081-43d1-b5e2-8a73059ef54e,4,348,5,846.11,2024-08-17,EU
036c03bd-0922-4419-8ec4-da38ffa70836,280,101,7,3491.11,2025-02-04,US
24368906-76d4-4916-8e41-70da5fecdbd9,737,253,9,957.63,2025-06-26,APAC
b742df3e-827d-452e-8e33-aa0403d030d3,1050,196,9,3902.5,2025-06-17,APAC
c580bb45-97c0-48f3-92f4-6868990680ce,542,309,6,229.74,2024-04-08,EU
5305f947-30e7-43fe-af8b-e55bb05a3b69,459,287,9,861.55,2024-11-10,US
a2475202-d2da-4a7d-8f56-57b26d91fb4d,501,61,6,2505.83,2025-03-11,EU
15014373-8806-4a9d-8d52-d28416c9876e,248,357,7,1464.64,2024-09-27,EU
0ace6582-d1e6-4a22-ba46-49186e6b5f61,545,311,7,3411.8,2025-05-12,APAC
dfcabdea-f326-4081-8304-54abb60c69ee,172,151,7,3432.75,2024-05-01,APAC
19dde249-4567-4637-82e9-28d348207483,94,369,2,386.17,2024-06-15,EU
849643e7-eb4e-45c9-bbe2-97527cd19806,848,471,5,1416.59,2024-01-19,EU
263dbbb8-b35b-4bd7-8ca0-d55ac49e0903,785,11,7,2330.79,2025-01-12,APAC
ac634bc3-f927-4631-8d10-dbeef03a6e4d,431,315,6,112.44,2024-02-01,APAC
4f524652-b9b4-49e2-95fe-054cf3710bae,348,488,4,387.48,2024-03-12,US
de759e85-9953-457f-82a2-d2a4dd70ac64,522,161,,75.53,2025-04-29,US
402b2868-4fb1-4f32-ba45-ee8f587eaad5,838,346,6,1789.21,2025-06-04,EU
eb6acf48-ca98-4d09-9dba-b0d9bbcc9d15,558,166,6,2118.33,2024-08-25,US
a6e7919a-8036-48fd-a521-2e2e3b9142f2,996,404,5,1898.03,2024-07-15,APAC
093a6987-9d95-4975-98c6-e4d6e36250c5,329,196,6,113.2,2025-02-24,US
1388afe7-af84-481b-a57e-387c60deb2bc,83,113,3,42.72,2024-04-24,EU
cebffd2c-2c7e-48a1-b8be-f3db4dba2d34,562,394,1,142.8,2025-04-18,US
5e45c413-7e8f-4751-93b1-b12398bede12,219,405,,311.11,2024-06-10,US
24c718bd-a6ec-401e-baa1-01b3d284b23c,416,49,9,437.11,2024-04-22,US
b04f96e1-de9d-43cf-8c96-75f02053d7c7,233,292,8,324.46,2024-09-15,APAC
7bd47a70-ca6a-4b76-8eab-df34cc3756f4,540,492,10,2813.65,2025-05-05,APAC
9e42da41-872c-405f-b1ee-13154a5954c2,846,420,7,35.04,2024-01-29,US
e42fcb3a-b608-4f28-87f4-da8b414c299e,738,278,7,1984.25,2024-08-19,EU
eae40107-0859-400b-bba1-f04507b27399,770,385,2,88.22,2025-02-25,US
6d5c63db-ea5d-4bdd-86a4-35fc19f2412b,641,87,7,279.09,2024-11-03,APAC
79fa074f-0019-4d4d-b8d5-83025977848b,376,289,10,2586.37,2025-03-25,EU
80524d91-f780-4c97-84b1-89cd4d2c830b,177,301,7,1764.13,2025-02-13,EU
ce9aedc1-c454-44a5-ae34-fb6fcd27132e,543,413,9,710.18,2025-06-25,APAC
e4a91936-17d5-4b80-b65e-2a6ced7bb320,974,337,1,99.84,2025-03-07,US
e3191f44-c05d-4a17-a729-51508f5007b1,9,472,9,2248.52,2024-07-18,APAC
d9d03570-7fdb-445a-8e7c-8f50e39a7778,459,485,9,3577.86,2024-12-05,EU
5ddbac5c-491a-4044-92b8-5f953f65d03f,338,378,2,695.4,2024-04-04,EU
3befe694-15b3-4896-b494-4173aa34902c,680,465,8,512.17,2024-11-15,US
c0a4817d-d976-46eb-89db-09f2df5921b1,856,278,5,1085.96,2024-05-30,EU
5e509d58-3d9f-4d17-b64b-3b44efa4902a,399,398,6,1064.45,2024-02-15,APAC
687bc54c-bab3-419c-9ceb-224a62153df5,619,454,10,3221.64,2025-04-20,APAC
93622393-32e9-4823-a13c-3560c85c5e36,227,39,1,70.88,2025-04-24,EU
dc6716c4-1292-4a89-b5e3-f56d96846a7a,496,224,10,3260.5,2024-05-18,APAC
34f4063c-13d1-487e-9e4e-50bf3bd3a290,70,239,3,654.22,2024-01-26,EU
5a6acdf6-24c0-4d6b-bf41-fd1988b575be,168,342,5,682.87,2025-03-10,APAC
bf24aed5-b6b9-4c7d-ae7c-a9d28a23525e,243,273,7,1721.28,2025-02-10,EU
a217b0c5-a56a-4972-9c93-25938d551593,35,318,2,287.34,2024-11-07,US
1a04626f-4a81-4b0a-9ea5-e4a33bd5f10a,415,69,4,1625.3,2024-06-04,US
98ab5f9a-1b55-4347-8028-ec1d040544f4,962,278,5,1583.91,2024-09-23,APAC
e864e330-7ed7-4469-977c-5ee930315742,889,355,3,1242.77,2024-06-21,EU
cdeca963-d5ad-44ef-82ad-e0c5d6891510,769,276,6,2085.56,2025-06-13,APAC
ad56baa5-b3d2-401f-ab58-23a759844c28,990,426,6,1061.24,2024-04-01,APAC
a43deea7-e7bd-4f09-b960-ca39ff87b363,267,383,,438.76,2024-03-12,APAC
adc0546f-5618-4e74-bf52-a9f7d8883413,184,31,4,627.58,2024-09-07,APAC
1fe49a82-3a20-4c19-bddd-0d6c256c64e6,8,263,3,865.64,2024-11-20,EU
09f2c916-7102-49df-8e1e-39ba41f61ad0,131,434,1,487.33,2024-01-12,EU
8e53dbc8-3135-44ae-b218-898c8d4ef050,239,8,2,349.98,2024-06-18,EU
f771e0f7-cfd0-4d89-b7f3-0baa02b26cc4,975,393,4,1181.72,2024-10-03,EU
7b31bc30-6398-4178-8898-123bb970096b,222,186,10,1788.18,2024-03-27,US
f9e889c1-b837-40f2-88dc-548585647c9f,975,421,8,3890.87,2025-03-09,APAC
b6d23454-638c-486e-b2b2-c7f074a3d33c,480,447,5,2367.8,2024-06-16,EU
17fa9c06-b4dc-4530-8cea-1dfecd7960e1,533,374,1,338.94,2024-10-30,EU
1b90e142-fe6c-43da-880c-6d73a44bb09f,101,279,7,2291.66,2024-05-31,APAC
8e3a3f70-2187-4b2f-a116-c83277b69a48,103,208,,422.0,2024-06-15,APAC
d2848e5e-4aa4-4b8b-8776-462c751231c6,258,211,1,491.7,2025-06-05,EU
aa5b2820-0a55-46fd-89ea-c4658a254d5a,199,98,9,3757.82,2025-05-23,APAC
680a0aa8-83a9-42a6-9709-4869bcbc39cb,115,451,4,1739.43,2025-03-18,APAC
dcf00392-ffbf-4239-9b53-fa7821f35a41,244,215,10,3257.56,2024-04-09,US
c4d1bf7f-5da3-4033-998b-4fbfbe5d9c90,985,311,5,766.51,2024-03-05,EU
13f20228-69a3-4b36-ac5c-afea1f0c2f5e,15,88,2,312.79,2025-06-28,US
d94d203c-c975-4a9d-b4e0-a023fd0aea4b,376,435,1,360.16,2024-02-03,US
7025570f-f3ff-4b38-9b36-67bae6a80315,699,184,4,1136.35,2025-01-16,EU
85e9c040-e5b6-4cf3-b668-0e0002b71a60,841,363,1,353.69,2025-05-04,EU
0d4b59d6-c4da-4f7d-a1c4-44ab7093f2e2,268,275,1,97.87,2024-12-09,APAC
5ce522e3-7e80-49ff-bf0c-12592696d5fd,177,404,6,1250.2,2025-01-29,APAC
727d8e86-d98f-4d2f-bc59-b7b6fe360537,281,106,9,640.24,2024-12-01,US
9f914365-1006-40f6-aaaa-cb93eef6db62,969,477,2,876.11,2024-11-05,EU
39b5284e-ca96-4dc3-86f8-eec36eea35ed,237,432,10,4682.62,2024-10-26,EU
d76ac560-842f-48bc-b999-646832577e4f,295,25,9,2718.61,2024-06-25,EU
85067dd5-4805-4e52-a4a2-6cd0c1b7ab86,152,495,2,582.86,2024-05-07,APAC
cf63db2e-f750-4b31-8053-020eb95f07e4,630,312,2,822.44,2025-02-16,EU
9921dfe9-1976-4168-821b-e5d7a385bb40,85,361,7,1974.14,2025-03-16,APAC
6ab51ff4-993e-4bd9-ba1b-ee3831492d4b,787,408,5,2433.24,2024-08-24,US
7ba0841c-ea10-4dd1-9963-36775a88b814,919,51,,103.13,2024-06-16,US
b83b9aeb-ae1d-4495-b3fa-ad0f5fce91e6,271,481,8,1597.63,2024-08-29,EU
4813c961-dd6e-40a7-b6ea-7978c34dd836,153,262,10,2941.12,2024-05-18,US
7008a1fb-c1fb-4e5e-90fd-6c758f67b413,449,110,1,499.41,2024-06-27,US
d4e3ef8e-a571-4939-aa49-62cada6d1443,15,339,,334.05,2025-01-15,US
5afef42c-cfa6-44af-b22a-f101ad63f409,16,103,5,1080.46,2024-06-12,APAC
b462f80e-f323-4b26-9363-cfacc28d04c9,906,413,1,336.91,2024-09-17,APAC
8de62e51-1b68-4f7c-98e2-c9c37d7849f2,460,493,1,145.41,2024-04-21,US
da33ac2e-5275-408d-9307-8ffb294dfd78,841,483,10,995.07,2024-11-29,EU
56b8ae47-a152-4534-b4de-de361ea6d2cd,829,267,7,183.77,2025-06-12,APAC
62ad2e4f-45bc-4317-a012-fcf8a6d01b22,384,187,,22.67,2024-12-01,APAC
3f5e4f28-feee-48b9-9916-bed5fce3e278,217,293,8,2316.74,2024-05-21,US
72358d83-ed7e-4d54-a351-0a1d20e8e9a9,806,82,2,377.02,2025-03-20,EU
40b06576-1d3e-4efd-a1f8-e9d96403706f,568,487,1,102.94,2024-05-30,EU
38b96b64-10bd-4d51-aa3d-4359239e295c,174,189,1,124.44,2024-04-08,US
8749ed73-044b-47fe-9410-dc91cb86b337,362,75,10,2877.6,2024-05-26,US
a38a33c6-564f-485f-9bd2-544ebf9d99ae,749,268,1,389.0,2025-01-07,APAC
abed0f46-b22a-494f-8b47-32cfc147af0d,213,370,5,773.4,2024-09-05,US
5fd0ed97-4419-4c62-841a-09eed3a56e16,183,130,3,659.95,2024-01-27,EU
0535c87b-6344-4ac7-ae35-7a4f75325824,561,334,2,793.62,2025-06-21,APAC
299110e5-ba37-483f-b9b5-3b23ae83be28,242,326,9,1154.85,2024-05-16,APAC
50e64d5e-5a74-4fb7-8e9c-50f677abee3a,763,123,3,1191.26,2025-05-25,EU
b34eaf3b-1ccc-4b8c-9221-7c595f6f9a4a,13,236,7,2185.72,2024-12-20,US
64b47f74-a421-48a2-b218-2474c72b1929,467,66,9,3842.32,2024-12-08,APAC
96a1eca8-a92f-4eb7-bd1f-6fbe816de914,450,132,9,1361.36,2024-10-15,EU
c825c7da-b3ca-46c5-92f0-228491e19de6,907,493,9,3530.95,2024-03-22,APAC
4583c1fa-4efd-4e93-ae9d-f65699094001,374,107,2,818.6,2025-05-21,APAC
216a1163-e157-4092-907f-17008c5066a1,450,200,9,1028.97,2025-05-25,EU
27bf506e-0e60-414d-a3e3-9b984ea20bf3,189,78,1,287.86,2024-11-19,EU
1bff060b-876e-454d-b54a-2ad7a4589991,667,21,5,2120.71,2024-01-28,US
fcc3eb79-17fe-4e38-a65c-a816d50d88b2,541,275,8,515.38,2024-10-30,US
4c080fc9-701a-4dc5-9fcd-d3a7295575d1,963,383,4,1847.5,2024-11-19,US
a584a10e-9605-44fa-b005-d2cc76018b3c,437,217,10,388.9,2024-11-05,US
a71f54b8-fa16-456d-b058-8f2d89598b9c,175,39,7,3339.03,2025-01-26,US
0b0568b0-0559-4f94-81a8-325919cc71fc,3,443,10,1794.41,2025-04-10,APAC
6a0a54ce-b43a-4bd0-a836-065d6b4e58e4,618,462,4,1678.68,2024-10-10,APAC
ea422d66-51b5-4be0-b886-4248dae80b95,138,178,8,2039.94,2025-04-16,US
225c2d1e-774d-41c9-8cfa-5a1a31fbcc10,113,298,4,1708.35,2024-02-02,EU
af3cc50b-5f45-4fa1-9ec3-7a8ff9a0a8a9,894,428,1,468.96,2024-12-05,US
95f72dbe-bcf3-4160-b410-d3fc8a71c9c9,987,293,1,346.44,2024-06-03,APAC
bfd979d7-8578-48ef-9b43-a725992ffd2d,698,392,5,1835.87,2024-04-12,EU
4d4f86e6-142d-4344-a074-3e78232cdab3,779,57,9,3217.36,2024-02-19,APAC
23c09cc2-9db9-4183-b974-14a9e6b1a5a5,871,33,8,3857.45,2025-05-19,EU
d9aa4a0d-36b8-4da3-bd68-c52337d2072e,114,216,6,242.58,2025-02-06,US
a0a7c2a5-885f-4af1-a640-5244f8d52e87,661,32,1,48.19,2024-02-23,US
a83b76f3-8697-4502-b1df-9796dbcab40b,486,280,5,1824.9,2025-06-28,US
adbb0d87-ae88-4620-a859-fbfe9d2c362f,685,239,6,2028.55,2024-03-18,EU
40f74120-fe19-4e54-988f-922c520456f3,99,223,6,246.3,2024-01-14,EU
2bf46bed-ac79-4933-8417-779cff037e8f,128,369,3,935.87,2024-10-11,APAC
e7496d3c-e7d6-469b-b693-96338cdbbfd4,559,180,,442.66,2024-05-07,APAC
558ec0a9-7d82-4988-9953-dd1cb23a8fe7,499,46,6,986.32,2025-06-09,APAC
e276bbeb-c07f-4f12-b0f0-efd99d29dbd9,402,180,9,2532.04,2024-12-20,APAC
fd476526-2353-4ddd-85d1-95e5ca12981a,803,485,3,1217.54,2025-07-04,US
5f61f4a0-2271-495a-8dcd-3996af0dcd9f,84,209,5,1292.45,2024-02-18,EU
a17daf7b-278e-49b2-b31e-998ff96ea934,529,221,3,610.11,2024-07-09,US
95bde8cb-b06b-4c47-a64a-8a40139006c4,616,192,9,1352.4,2024-10-30,US
ad6da4c4-bc19-4e2d-92d3-ce7a61974798,834,383,10,2156.2,2024-06-06,US
02f767a0-c61f-4d79-bc9f-1ece416be709,25,413,8,1839.46,2025-06-03,APAC
adc9e8f7-4c5a-4d7b-b3cc-a7f6444fc94f,198,497,5,1684.34,2025-01-02,APAC
39b4e12c-c377-4745-b45f-84217b6aa831,122,125,10,486.84,2024-05-20,APAC
c34cb075-9b1c-4db4-9998-1e57cdba7fe0,915,70,3,1264.85,2024-11-12,APAC
35a005ef-70a6-4c07-b21d-5f4897cdfaf8,456,29,8,2739.58,2024-10-12,US
7107340f-16dd-4b26-a5fe-c2d64142c3ed,129,433,7,1019.75,2024-08-30,US
8c20f684-f2f8-45f0-bd6b-b738df041147,446,55,8,898.32,2024-04-09,APAC
58d96007-ebb6-44e0-9bbb-bfedbf936558,526,13,5,1260.12,2024-10-27,EU
c8e6a5d9-f93c-43ec-a045-86477d073ca5,674,34,10,4687.61,2025-05-27,EU
60e8fe8e-fb91-4914-8073-49362125543e,820,49,4,605.63,2024-03-04,APAC
334b4c96-8061-4625-9ae2-37c1b246c91d,924,330,8,1307.4,2024-08-26,US
39aece88-01d7-4407-baa8-2d402781d7ce,786,24,9,245.28,2024-02-03,APAC
07529342-677a-48d4-9ac1-bf126f2ecbb2,432,223,9,2905.99,2025-04-20,EU
08b183d0-38c6-4bc4-afa2-6544362b71df,279,472,4,260.04,2025-04-10,EU
503820b0-0242-44b1-a4e3-a11c84bb0899,321,167,1,120.45,2025-07-01,US
1ea845d6-2b7b-4a63-9afc-076416ec8991,763,138,8,822.42,2024-03-20,EU
aa9aab80-0cc6-49c0-a5b7-d55605d43d38,396,6,3,782.75,2025-03-08,EU
90867054-a58e-456f-9787-69c4f28b9aaa,950,204,8,2079.05,2024-09-24,APAC
33439c3f-457f-421c-9d74-7ef71750ec71,466,207,6,1199.85,2024-02-15,EU
ebbe071e-6e84-4ff0-a516-d5daf576b32d,31,24,10,559.01,2024-06-13,APAC
3a1412b9-dbac-45ab-8f99-a61e830e8d20,203,1,4,1677.28,2024-09-28,APAC
3b58eb1d-888f-488c-953b-afadfced3383,380,100,4,38.97,2024-09-10,APAC
fac3c822-1f51-42be-8b6c-99233b3a701b,309,124,4,170.02,2024-07-24,EU
9e0ce0df-4ccb-4001-8f73-0006ab064cd8,809,497,8,474.37,2024-07-27,EU
4c00794a-7095-4bf0-ae52-c25ceb0314a9,293,436,6,2760.58,2024-05-17,APAC
9d50a015-41a3-4a62-bdaa-a17568b79f4d,876,173,8,1048.56,2025-02-10,EU
d5b1a4c7-103e-446c-8398-1db4395601fa,682,418,3,1013.61,2025-05-09,APAC
eb419aa4-ea06-4e33-985a-796d46e33fc0,27,297,10,599.34,2024-11-12,APAC
557bfe40-5d32-4196-b8c0-3601072b9d63,565,373,4,1779.96,2025-05-12,US
525cbcfa-b966-44b1-92dd-9d4efb29a9e9,998,68,2,635.07,2024-12-22,APAC
641fd405-1de2-458e-8c57-b9de3f53555b,55,124,3,435.96,2025-04-17,EU
7f8e7a22-eaa9-4af1-ae64-781a6ead4bf8,5,220,4,35.89,2025-06-13,US
98dbbe57-8cbd-44a1-a789-0fe4f839f2b5,756,436,2,26.42,2025-04-10,APAC
d61da80d-6319-43a3-9d65-d3d174ee0d1c,926,86,6,2005.69,2024-01-26,EU
05b5386a-151d-4f6d-936e-7e60491b693e,425,392,9,2379.93,2024-08-14,US
bf63f579-af17-49eb-8afa-6f4da63553cd,231,398,6,1047.67,2024-03-11,APAC
6b1f175c-5685-40ac-808c-ec5f9ea9bd39,903,364,8,1263.01,2024-06-02,EU
2b001a57-544d-4f10-8c4f-9bf24786cb3d,990,45,6,2117.91,2024-01-29,APAC
04d3cb00-276e-4f32-abee-2b5115e5c667,991,318,3,1421.29,2024-10-14,US
0a014d10-ace4-40aa-9540-6b7a6e020cce,167,461,4,667.73,2025-02-21,EU
a05e8321-3f40-47a8-a291-4679e58fb882,616,202,9,2975.67,2024-09-19,EU
bae928d6-72c5-49dd-8e93-ced6c16a9d9c,418,322,4,67.54,2024-12-09,US
c0a8fe21-977f-48e8-8028-f2037f97d6f2,459,51,9,536.01,2024-12-04,EU
d984f91c-6540-4d28-8552-80efc05f4bff,847,499,10,1946.49,2024-07-10,US
cb96af3a-d846-47ea-a628-648b9717b020,687,83,2,386.63,2025-02-03,APAC
6d249f9f-957b-4b30-b7bf-76e2468348ce,918,329,4,1712.05,2025-05-20,US
a73c4056-ebaa-4d8a-a14c-23eb38649feb,726,207,10,3262.16,2025-06-10,US
22611f24-ded9-4711-aa8d-31f37e36531f,97,267,10,4345.88,2025-05-21,EU
f79528f4-17f1-4dba-87d5-19f4179b9f2e,938,135,8,3246.25,2024-03-08,US
14d09a30-2206-4abf-93de-591313f9e9a0,579,317,2,79.1,2025-05-20,APAC
0b58ffcb-4a1d-4ab5-baf5-4b4b27c9d872,642,41,7,2647.55,2025-06-03,US
42b1c6a0-06fd-451c-8962-1081bb5c31bc,421,443,2,978.35,2024-03-28,US
06cb6124-7ea9-4f90-a409-29a55be3651b,651,107,8,907.3,2024-10-12,APAC
dee047f2-3c52-4900-90cd-d569a134bea4,692,394,4,232.03,2024-10-18,APAC
3e498a0e-1bea-4af2-87f3-bb9f5b1a6aca,37,280,2,836.39,2024-06-02,EU
48bdad9c-dedc-4580-b293-50ad8ff4d8d3,25,99,10,3361.4,2024-08-07,APAC
b10a8287-14fc-4d79-bcbb-b5050a757173,50,420,1,116.44,2024-03-14,APAC
b25e2f3e-f64a-4ed4-9121-c8402e7c017d,276,443,2,13.58,2025-03-21,US
5a6997ab-44c0-4fce-9627-d9349fed509d,457,54,2,225.81,2024-02-14,APAC
0ec400fc-dd7e-4c81-ae66-f2389b3f065e,89,96,7,2366.93,2024-04-10,APAC
0dbcd598-3093-4f8c-9919-9b8171aa1996,88,370,6,1087.87,2024-06-18,APAC
e1828e44-f1d5-4b2c-a49e-dba0c456d7e7,495,80,2,731.58,2025-05-02,EU
e7967861-8d12-4243-931a-a1a3f633b368,279,245,2,311.2,2025-05-22,US
14986a87-8a8d-46a3-95e7-05060e4f8e73,981,367,3,1049.1,2024-11-13,EU
15c23be3-5114-4247-8f76-d932836cda6e,533,416,7,1442.56,2024-07-31,APAC
8d77d5c6-0658-41dd-904e-f46c43898f9a,846,120,10,1417.38,2025-05-22,APAC
b9058a07-6208-4485-9089-e7be310fd505,938,490,6,2374.32,2025-06-06,EU
60535ce0-bef7-48ea-9fcc-0c4ae587d3e8,116,339,8,898.15,2025-01-24,APAC
f5e5f71c-ab6a-4d7d-af5a-c7a62756f97e,997,13,8,3295.48,2025-02-04,APAC
5d27136b-a9dd-4697-8a65-6ec54a97ca9c,141,45,2,366.94,2024-03-09,APAC
fa90fe0d-9852-458f-8279-a11fa38ca92a,771,111,6,998.5,2024-11-15,APAC
d44b9a48-e28c-4019-8d75-43ad901c8435,948,177,7,959.33,2025-02-07,EU
d05391d6-42d2-43dd-8183-428f38129073,293,26,1,153.11,2024-07-08,EU
974d7091-2730-470d-b016-bd30c6049c5d,501,471,4,184.55,2024-06-29,EU
e5e4cefe-ead4-4164-a00c-e397d05d1871,659,95,6,936.85,2025-04-25,APAC
707ce511-d591-48d9-9d72-8d4b39a18340,415,139,10,3277.55,2024-10-31,EU
c26fd560-586f-4936-b125-0e7b42bcfc54,882,479,1,369.52,2025-01-21,EU
14bf63ad-b863-4707-b36d-efd99a7205b4,724,487,2,327.08,2024-08-27,EU
2b880443-a069-49ec-a3b5-14fdda907589,857,47,5,1980.76,2025-05-23,EU
27157e8e-c46d-4cab-8718-8e9a4fc5475b,532,315,1,102.7,2024-11-24,US
f61b4a89-ee3a-4e02-91fb-dcb1c971f138,39,443,8,2043.6,2024-11-08,EU
76cc64cc-9c78-4350-befa-36c82383abae,983,390,8,1995.88,2024-06-23,APAC
384b6cd3-206d-499e-b693-6fc0ff5efd45,977,10,1,143.57,2024-06-03,EU
5b4e0889-7f22-4291-9bc6-97a16174113c,636,227,8,3940.44,2024-01-30,US
2a444b34-0d85-4202-8d0c-b9e1f88a2511,481,399,,25.64,2025-06-06,APAC
eef33ff8-c55f-4919-abaa-62514cfa302c,941,16,6,269.87,2024-04-13,EU
5c4e225b-5c86-486b-b8d4-ba2fbb2a9e93,649,444,2,833.06,2024-01-14,APAC
a2b4b1bc-f816-4a63-bdfa-5131a1130de2,479,41,,37.38,2025-05-15,APAC
c9132e7e-cdf2-4024-8c75-3cfdc0991542,20,107,2,697.96,2025-02-13,APAC
81ca7798-6dc8-4fbe-9b24-80004af36550,844,305,3,1158.7,2024-02-28,APAC
645cf879-5d3d-4858-9751-56060a3b8256,97,41,5,522.32,2024-12-21,EU
be0aafde-d86d-461c-a0ca-b4cc2b8a423c,765,266,,10.5,2024-01-22,US
957b0f3c-89d9-4505-9544-e57297727ed1,846,175,4,1681.65,2024-02-24,APAC
d7cf981d-b177-4b03-939e-1904da6e4b11,411,68,9,3349.69,2024-03-02,APAC
6c5b048c-72ca-4214-8c71-03b4aba4871f,240,109,8,3757.21,2025-05-24,APAC
70c55b3c-70e9-47ae-84fe-3bb24a49a6e4,325,6,9,1869.13,2024-09-24,APAC
c68765a2-337d-4561-9ab8-5500ebea4cfd,413,412,6,198.94,2025-04-19,US
1304da93-c1e4-4051-98a5-20b64f089372,644,196,8,2156.98,2025-03-15,EU
5d2559ea-fe31-4ea6-8c32-11d8ffefc17b,263,84,3,1229.05,2024-07-26,APAC
de83dd8f-f8ee-4e7d-9757-efa235fbe688,361,361,10,2974.37,2024-04-17,APAC
e94069ca-97ee-42e3-9b5c-16f5182e4fc7,378,181,8,3136.47,2025-02-17,US
4497886f-3c38-42a7-a181-ccb022065089,865,250,9,4040.97,2025-05-26,US
15635cb2-cdfc-4b69-8f80-ef12d6a3c4e9,383,443,3,1280.82,2024-12-05,EU
d4a32efd-16b9-41c5-958c-020763fa9323,734,350,7,3084.81,2024-08-17,APAC
8ce4796c-aa61-4eef-856a-ae943746387f,462,147,6,1476.02,2024-04-05,APAC
c4cca96b-4a09-4776-ad68-cc8d5dfc6eae,71,95,4,27.77,2024-03-09,US
ffabe0f0-b231-4cec-8813-ee2b53ab4d23,472,81,8,3912.28,2025-04-16,US
51e32115-bdb6-4f4d-9f35-0740922e3817,189,372,2,287.72,2024-03-14,APAC
dce11ffe-fa16-45f9-acc0-e5c3f02f566f,388,180,9,3600.12,2024-08-21,APAC
2859ce24-edd3-45b9-a670-7b7aaef0b31d,728,318,8,1177.17,2024-04-18,EU
bc955b18-bbf5-4519-9991-e1e7c10f108e,44,472,1,180.15,2025-02-19,EU
6895b191-5a5e-4c4b-af77-32c6cd289eff,718,98,2,504.28,2024-11-04,EU
a7086d30-221a-4e2c-a3f9-4afd5360d45e,740,40,2,495.1,2024-03-12,EU
3e03209f-8a64-4982-8056-3eee75176f06,241,289,4,1446.27,2024-02-20,EU
874cfd66-781d-436e-9807-5d83b429d2b4,714,74,5,132.17,2025-03-07,EU
620c196e-0e80-4dae-960d-d364b61321e4,497,347,6,2439.32,2024-06-15,US
8fd24b94-ecf7-4188-b831-1796781838d8,66,428,10,4221.1,2025-01-30,APAC
001a911c-f27a-440c-a597-d5a7bfb8ea62,342,305,4,427.24,2024-09-20,EU
c6c5e322-d287-4a51-aac7-b609bee1e6af,554,173,7,47.96,2024-12-16,EU
730eb4ed-4875-4dd4-9e96-166f75acb26b,90,340,10,3651.05,2024-12-11,US
65c19c5c-1f58-4307-aada-f8c662a8dfee,132,44,9,328.19,2024-05-06,US
ab891c25-c40b-422b-b002-72aebf95595d,933,251,4,96.36,2025-02-12,US
e047da31-7e9d-4c79-bd05-950adfe82264,802,179,1,207.46,2024-10-26,EU
afb3763c-1bfd-462d-a144-50faf36c4bad,581,275,2,636.05,2024-07-20,US
5d568f62-2a38-4f86-a4a8-649467c40b0d,438,26,9,3869.25,2024-11-11,US
2d7dc39b-2b9b-462e-9b11-4b718eec9228,422,305,8,1127.71,2024-01-16,US
015dad81-a34f-4070-ad8b-cab147f1eaba,793,292,5,2485.76,2024-11-29,EU
b0c37915-22cf-4892-8add-19772522c513,560,16,3,358.07,2024-01-11,APAC
fa0b095f-5c0d-4ad0-81d9-3f9edc9cb240,663,85,1,323.72,2025-06-12,APAC
ff6f0629-e85b-492a-8730-14730d83fc14,832,262,1,437.96,2024-03-20,US
9d5440fa-15a7-49e5-9e76-369bcbeb5f21,590,103,6,1718.57,2024-10-19,EU
12b1ad6b-3bdb-4305-92ff-ceefca6c76ef,266,222,4,32.38,2024-04-28,APAC
6f546fc5-5479-4732-a978-151a1889dc5f,187,301,3,835.96,2024-10-13,EU
d22c8b0c-2e78-4378-aa0a-f46f81ccbc04,642,105,1,225.89,2024-02-01,EU
ed6645a3-0de2-4ba1-ad25-c49b42f94ec4,533,481,1,236.23,2024-03-19,EU
8f7f1103-3b51-4dff-a0c1-a875a8dbb705,908,215,6,962.26,2025-02-23,US
dcf4d9bb-6778-4081-9b62-b7ac2422ab27,617,417,1,413.27,2025-01-12,EU
27397ee1-43f3-4ef4-90ac-bc4803bb3bea,750,395,7,1969.31,2024-03-21,US
5560cda0-6920-40bb-82a3-a09695266397,903,77,7,778.17,2025-06-04,EU
01b97f70-f69a-463f-ad37-ac7cef21e16a,246,75,5,91.67,2024-05-25,EU
91a575f9-b912-4836-b3b7-42a7a924a929,21,266,9,1222.45,2025-05-24,US
51a8de8a-9ee4-4ecc-9119-c2045b89fcac,793,107,8,350.41,2025-03-11,APAC
fdeb6d72-1fdd-4343-8774-bb064cb44f35,947,39,3,1435.98,2024-08-30,APAC
a53e1878-4534-4661-bac8-5492c82a5f33,756,145,5,1122.42,2024-02-17,APAC
7f20473c-1a8f-4c9b-9f28-76ff23dd421c,73,432,3,953.59,2024-12-30,APAC
b40da93f-bd3a-4061-a78e-83aba47b29af,866,326,7,2033.84,2024-04-22,APAC
6c45f4b1-5316-42f2-a002-c93493e94d53,224,134,2,933.72,2024-04-22,US
05719b80-33d9-4012-9c79-8f4dce3cca37,911,284,10,526.07,2024-06-20,EU
804a12eb-933b-4235-9ad3-eb0af75087e9,478,417,2,263.15,2025-05-01,APAC
52983e93-2cbe-4e99-a92d-1a87bf4d3b05,367,371,6,2416.27,2024-01-04,APAC
4aafceee-2422-4a2b-bec4-5506b109bcca,596,194,7,1157.83,2024-01-28,EU
818224d5-c4b6-4bb7-93f5-bb75bf5f6378,996,7,8,3285.54,2025-04-25,EU
ace3332b-8cef-48e1-932a-9af878289a3e,92,154,9,1427.53,2025-05-17,US
eea2eaa8-7d13-424c-8f8b-995aac10e6b4,682,341,1,206.42,2025-06-16,EU
febf1c8d-fd7c-47da-93c6-a131470e59f9,112,267,8,324.68,2024-12-08,US
1ada3a76-6213-4960-b3fc-4b426c7b1fcd,268,149,1,88.61,2024-04-22,APAC
6a59fbc0-261d-49b1-a51d-9baf7ae4f23a,692,199,5,1875.93,2024-11-05,APAC
d40ae9ba-3fe3-4ec5-b992-a5b01ad643a3,872,390,1,369.75,2024-03-22,APAC
3eee0bd7-fa1b-43f1-80b4-feed02027365,876,222,1,414.16,2025-01-19,EU
5ddccd76-169f-4313-9161-99a58e086bed,449,109,8,196.42,2025-05-30,EU
fe7a80dc-3894-40a1-9c4d-4ef77958cf74,691,162,5,2420.28,2024-01-12,US
98a119ad-5b1b-49ef-a675-1405bcdbf7b1,961,101,,145.17,2025-05-08,APAC
60b705f9-169e-44e4-a692-42703f04af57,68,373,4,1306.22,2024-11-02,EU
bdb63a1e-a4af-4b79-ad71-9f85cee9b734,547,394,6,2163.31,2025-04-02,EU
a6cfb06c-6cf2-4b4d-b285-8d557315853b,852,212,7,2704.2,2025-04-03,US
1d5d66ce-bd38-439c-9193-d36589c61e15,72,186,8,2714.53,2024-09-07,APAC
2601db33-290f-4ddc-852d-4e2bb7fd9055,667,87,4,1554.63,2025-02-11,US
9ffdd82e-3788-4e8a-8615-2bffa108d7de,232,450,5,151.05,2024-02-04,US
0f8db728-f877-465e-8158-384c897556fe,544,361,4,402.94,2024-01-28,US
24f6a9cb-6456-437f-85e9-603dfc194b21,296,399,6,1007.16,2024-12-09,APAC
a48dc567-e7fd-4415-9b40-f519567f374d,510,274,4,1848.58,2024-07-27,US
f3cf56be-349b-410d-b42f-d27554caab49,247,327,8,1112.43,2024-09-30,APAC
4a20b91e-5ed2-404c-ae18-fdd1b863e84c,844,420,7,1925.92,2024-02-16,EU
591aff76-02f7-4e7b-91dd-579f6ea5583c,698,409,3,1022.23,2025-06-07,APAC
417d7c88-e899-4d4a-9ae2-4b9fc209bbbc,860,215,5,1049.35,2024-02-19,EU
1f26ec51-dfa3-4d39-b10b-5cb2fff42139,86,26,3,43.21,2024-07-16,EU
19e988d6-20f7-4611-9a60-8506f694858e,235,116,8,612.0,2025-05-14,EU
fb09fdcf-797e-4c3c-a994-05b380d15f87,658,212,5,1309.29,2024-06-19,US
6299ab3a-d50d-4741-978a-c19abab0df15,900,313,6,1694.21,2025-06-22,APAC
4c7ae376-724d-4224-b65a-47f13c48a5cb,62,393,3,899.55,2024-11-19,EU
a46ef024-648d-432f-8cba-ad306094e7c1,763,38,5,118.11,2024-11-08,EU
40f22e9a-5723-4e3b-8370-556162b5137c,56,143,8,3338.15,2024-08-08,EU
413a917b-a5d8-4554-b7e3-080417928570,745,255,1,44.78,2024-06-15,EU
59f5ccb0-02a8-415c-9c6c-f4f5406e0314,189,294,5,1562.56,2024-11-25,APAC
af6bfb32-101b-462c-81f2-54f874de6eac,767,218,4,1391.02,2025-01-10,EU
81608e46-a3da-4821-973f-96087dcbf7e9,576,156,8,2551.02,2024-02-05,US
95ea7c90-3cca-4357-9e3d-9e758cfef62f,68,171,4,1372.06,2024-08-01,APAC
4405e35b-3acd-4ede-a7d3-c0c926593958,271,321,1,35.96,2025-03-06,US
7c4ba544-6ad5-4c1c-b4e9-5cf6ad15ed82,609,252,2,635.48,2024-03-29,US
d5674e20-0e05-4d0b-a48d-d1ffc968f8bc,477,187,7,3482.18,2024-03-04,APAC
f52cfaef-4bd8-4e37-8957-35a5d50223f6,285,433,1,133.77,2025-05-02,APAC
65442b8f-720c-47ef-bec9-6b43f1b33568,316,366,5,2003.54,2025-02-02,US
9213bbe5-d706-4c20-a4da-c4a6505a45cb,513,142,4,1909.56,2025-06-18,EU
4e88946d-8fad-44e4-9e7b-33634bd98d69,7,16,7,1509.04,2024-08-31,EU
d8ac14d3-de9b-4810-9b9b-9004d06bb4f9,573,393,9,3489.29,2024-03-09,EU
655e9d38-465f-4b66-a149-74151d4308cc,618,183,10,1287.72,2024-04-29,US
8124726c-cab7-490d-90bf-7fb5b060e1f6,442,263,2,49.98,2025-03-30,US
8eb99983-05d5-4be2-a166-56060230b9e5,695,231,9,1198.38,2025-06-18,EU
2e564fe7-488c-49a0-8ffd-0aebc4a03a12,172,497,7,1244.81,2024-07-09,EU
f21f2865-71c3-4203-bf61-5cd1bdfbc4f5,523,166,1,308.13,2024-05-13,APAC
9e36fbfe-2ddd-4855-8481-b13e43e2be1d,106,310,9,3922.3,2024-10-17,EU
4655318e-418f-44d3-bdba-98bdb7c24723,304,2,3,1337.27,2025-01-10,EU
e61d5889-6312-4d30-b352-6fc9f0b5ddc0,516,237,3,148.48,2024-02-22,US
4ada0011-32ae-4d3d-b8be-80edc2da1d1f,194,209,1,405.69,2025-06-27,APAC
93499672-1f72-4a65-8aa3-9bdff931aded,790,319,3,525.18,2025-02-24,EU
f01a79e6-234e-424b-b052-ebae9bbba55e,792,301,,253.12,2025-05-18,APAC
56350b36-0345-4d6d-b270-a1ff02e04e7f,478,93,5,2298.68,2025-01-14,APAC
e33ea961-4446-4038-8658-cd3e57fa8931,944,280,10,3080.98,2024-02-10,US
c64b7eb7-3991-498a-960e-2d7c582201c9,110,387,2,986.7,2024-11-26,EU
59ccb5d7-6fb8-4965-acc5-3b8100506d84,191,252,,125.13,2024-08-11,APAC
f3f12862-85c6-4089-8d03-503a9ceb1f16,821,435,7,1110.28,2025-04-15,US
8c626351-95d3-4ee1-8585-d1e415bcddc6,75,250,5,1058.77,2024-01-25,APAC
373cfe6c-11d1-4ab3-8800-3b16d2bd1716,328,227,10,267.14,2024-08-20,APAC
e3c5d462-a96a-4ee5-994c-e074950e020e,445,9,8,753.03,2024-03-10,US
1ee45b96-aef0-4c7b-a16a-a2d8a18e41b8,209,89,5,1153.45,2024-02-27,US
28ecec20-4317-44f4-9504-9aa7254c9db9,672,480,10,4116.78,2024-05-30,APAC
237349b2-b52a-4328-b4ea-d45db645f126,174,30,7,3402.27,2025-04-08,EU
966b5e9d-023e-43ba-bbf8-7b913f81647e,174,86,5,108.23,2024-06-11,APAC
f2171552-1729-4579-8a02-61b231f557c2,972,244,1,278.09,2025-03-27,APAC
8aab809c-c480-4601-86f0-770415bd305b,322,331,10,3565.53,2024-11-03,US
50f36617-c8e6-4a0a-b9c8-d6d9cd650750,792,198,6,538.56,2024-08-28,EU
3fbe0830-e128-485c-95f9-fa0f43cfe94a,401,162,5,1498.85,2024-10-31,APAC
77ee7981-808c-437f-91f2-4c4f7af1fa6e,820,82,5,2202.29,2024-05-17,US
e633633e-26f4-47e0-a1e1-4ab22879787e,331,52,9,496.48,2024-04-08,EU
9e93e0f8-31a9-473d-bae3-dd83b7df9bbc,905,236,4,1681.84,2024-08-17,APAC
ce6e3266-728a-4cb5-b1c0-09a6c4a64470,852,163,,37.06,2024-02-04,APAC
e0aa74c3-e79e-4344-8a13-29f8be6dfa82,208,226,7,1699.05,2024-06-19,EU
6cab54d0-2716-49ea-8972-3eb593058195,189,211,9,132.57,2025-03-02,APAC
8c8c945a-54f1-4ef2-bb40-8937ca01aeea,471,362,2,855.8,2024-03-21,US
52ed38c4-c498-476b-803d-eb698c7f8557,351,144,1,64.31,2025-07-03,EU
db60af9c-a585-4eb8-9169-0e4536771484,191,180,10,3079.28,2025-05-13,APAC
559a6cd2-8632-426b-8862-c7c45cef443c,729,71,9,366.47,2024-11-27,APAC
6f8fa442-f3d3-4807-8635-c017ec2a6b4a,161,280,1,427.2,2024-01-12,APAC
44c7d525-ddee-417a-8466-23607c361e40,589,223,2,463.51,2025-03-11,APAC
d17cb660-3319-45c4-82a2-0e25cb620219,307,386,10,3585.64,2024-02-20,US
49204add-a401-45b9-86ac-acd0d16623d9,686,148,8,2094.84,2024-05-15,APAC
7feed70d-316a-4076-a5ce-26495deeb605,875,451,9,162.64,2025-05-03,APAC
cd3970ce-6253-456e-aeec-91c3e2813074,870,313,6,513.28,2025-03-09,APAC
f42dff99-8dba-4aae-830a-696835e6ce1e,641,16,,395.48,2024-01-14,US
ca985926-a431-4073-ab44-3e8c0c37a05c,823,475,,498.82,2024-09-24,EU
7ddee34b-b589-4778-9876-e2972b733a41,305,231,10,4826.48,2024-07-22,EU
f22deb33-2d71-43c8-acba-71a66ac42596,146,438,8,642.95,2024-10-19,US
0b6ac638-514f-4df0-a0b3-1d15212f652f,204,413,,234.39,2024-05-16,US
892ce534-5d49-41fd-aa69-dba26c4b1184,478,143,1,114.71,2024-05-07,APAC
1c38ce1c-d450-4487-ac97-739b13f153c4,628,221,1,304.47,2024-10-26,APAC
0eb281d7-cfcc-4908-bc64-cd6c6fa7ff0b,302,167,3,658.76,2024-11-03,EU
63f8ced5-0e27-4470-a0c7-23c0d56c8a58,158,138,4,1741.86,2025-06-24,APAC
f1e929e5-f253-49e2-b13e-59e70df8cc6b,849,388,2,166.89,2025-04-25,US
10c3936f-5aa6-430b-a6ad-88ff6dbf723a,712,335,8,749.93,2024-07-23,APAC
01f89d88-d455-49a1-af33-24045a74bcca,261,394,6,2802.75,2024-07-09,EU
a04fbc7d-9cd2-4a87-a000-f19193e0f34d,949,312,5,1146.46,2024-03-24,US
fd89d91e-cfa9-4780-bae6-80192c35d95c,938,203,7,3207.08,2024-08-22,EU
9b107807-32c0-4443-bfe1-bd4af0e3f744,835,417,2,160.68,2024-12-07,EU
6f606ec7-2d62-4ce0-81d9-c528b00ff317,292,234,8,75.16,2024-07-14,EU
0e210130-999a-4589-b461-4a42fb81ab3b,25,300,6,422.65,2024-10-17,EU
73ac5864-3d6c-4132-82df-078cb0287306,236,99,2,63.65,2025-04-08,US
1404cf32-6bfb-464b-a750-142744bbddbb,10,79,10,2673.28,2024-12-24,US
4423f08f-0c7d-4695-a2c2-b9ce40a11c0b,483,407,1,49.0,2025-05-22,US
65fc2286-3b27-42c7-aa89-7a8579cada89,982,2,8,1325.9,2024-04-30,APAC
4766e55d-06ab-4bfd-ada3-04e899317dda,723,389,6,2034.19,2024-06-13,US
d31750c6-dfaf-4388-92c4-f6e78b5ea85e,232,211,7,2701.03,2024-12-27,US
afb1ffb8-5a8b-4cb4-af59-8254b18cb4ed,269,130,9,804.74,2024-01-25,APAC
1af477e3-1ef9-4df1-93da-dd7fd8b72b6b,430,65,3,1475.93,2024-01-03,US
bc4516ee-a6c1-486f-ae00-0014e9d56ab6,210,482,6,1755.64,2024-07-25,APAC
b245ab40-0c61-4b2c-8b71-097f42a73fb3,208,162,6,2839.49,2024-08-24,APAC
7adae6fa-9b78-4011-be99-c9c68b3544a2,128,345,9,3775.4,2025-02-15,APAC
53b853ab-b6c3-4b13-8647-78dd8626530c,511,411,9,4129.73,2025-02-02,APAC
f9b54eff-dbd1-41fb-ad46-9dc72a814523,603,365,2,680.19,2025-02-11,EU
052216e9-3789-4889-8079-f5842a421d24,553,216,8,403.25,2024-06-27,US
c95aecb2-d147-48d6-9aeb-c4740aff2329,477,395,8,511.8,2024-12-14,US
9da0a000-c9b9-4acd-a0b0-315fecef31af,23,263,5,499.18,2024-05-14,EU
39b5afe4-ee3a-47c2-92a9-6aa8ddff721d,951,496,8,53.38,2024-03-04,EU
855b3639-f4d0-4c42-8a4f-eaa11cbdc575,287,267,1,295.58,2024-01-05,APAC
3a83c95a-3dcd-455b-89fa-3d907e457442,235,122,3,1038.58,2024-09-20,US
ac9c8022-fd91-40b0-8692-d374191f9dd9,402,158,7,2971.74,2024-05-31,EU
e0a9f754-a1b1-459a-8c49-24feed5fc802,587,90,8,878.26,2024-01-16,EU
31cf9407-ae9b-4d89-ab85-01b3738e0e57,64,470,7,1034.23,2024-07-29,US
3bf763cc-091d-4f57-b2f6-951cea8fbfa5,178,373,3,1390.01,2024-07-23,EU
3100a570-d490-42d5-b33b-e0bfc2ebd882,251,58,9,1297.33,2025-06-13,US
09a0045f-bcd5-43c5-a570-11e708213f7c,482,348,1,79.65,2024-01-27,EU
e0e9c34c-45a4-45c0-b454-50b8563b5c09,239,445,7,1432.84,2024-11-04,EU
7b9cb10a-38c3-44ca-be74-fc5dbe3088ce,659,418,5,1511.22,2025-02-08,US
cf934fda-3b54-4902-b5f6-40bd8d8d7169,53,328,10,2514.18,2024-03-28,US
6a6fe4e3-fb5c-497f-9350-7de82df52ce7,22,284,1,348.03,2024-02-28,APAC
5c23d013-7f33-44a7-92dc-b50d967c81d5,728,342,5,718.85,2024-09-15,US
ee9edd44-e3b3-4818-a269-f5f86e5ee7f0,316,97,5,2112.66,2024-05-27,US
ee2f86d5-b4a7-4198-8edf-c9eaa6cb6036,858,486,1,202.27,2025-03-07,US
ad580848-5482-48de-b4f5-394bb68796b7,941,143,6,2092.87,2025-06-11,APAC
ab1ea1bb-c556-46bf-b16b-f5b4c395e932,242,150,4,955.62,2025-04-02,US
ad141bd9-11dd-4fe7-af16-73b4920f094c,985,442,1,246.73,2025-03-17,APAC
e0d58285-d47e-49b4-b689-cd3ec0808db4,793,455,8,1096.17,2024-11-21,US
b855cd22-f33b-442f-b72f-3c78af0ffb87,422,409,9,660.6,2025-03-27,EU
7a0c3e9c-c434-4bc9-9df7-f47ba9f7d7ef,367,200,,218.8,2024-10-06,APAC
4eb2e372-2d67-4d8a-b1dd-7ba73003aebf,940,295,3,594.17,2024-02-04,EU
324720ac-0328-48db-9eb8-a46b6bfba54e,568,65,6,1363.63,2025-04-21,EU
41e48f0e-a0c0-473a-8453-f8a1835b15ec,969,374,10,590.24,2024-03-18,APAC
93264260-554f-450b-bd28-5edf2685404a,152,435,8,3176.58,2025-02-05,EU
a1ef1394-2327-4fe7-b316-e5a11237fe8b,254,383,9,2901.71,2025-02-25,US
763bf688-6834-4258-bc58-cc24ea59ce6f,387,368,8,2796.51,2024-02-15,APAC
9ef9001d-ab80-4932-95ce-84506adb3063,141,430,4,697.49,2025-03-27,US
6b59f893-6d58-46ee-b401-19c8703e7fac,654,240,8,2166.45,2025-06-18,US
2989d4fa-2b34-4557-86eb-0bb6b8dc8529,571,68,8,3856.28,2025-03-27,APAC
5409b639-2f11-472e-8437-e834203846f6,862,262,1,499.39,2024-06-05,US
6a725617-6607-4b2b-8b1c-001af6c9bff7,33,105,5,2365.95,2024-10-24,APAC
9128d8b4-5495-417b-bbfd-77fb2764c032,112,442,1,390.16,2025-05-26,APAC
fbca1df2-ce4c-43b1-856f-c044ecc2ee57,875,149,3,1273.35,2024-07-22,US
1d8ac798-3450-49ad-a900-df12a87f3b3e,896,45,7,592.41,2024-03-24,US
203346e5-4d8d-48c2-a695-992ca7d95180,802,393,7,228.78,2024-02-03,US
d1ac8a94-d42f-47d1-af56-73c0c81e832f,576,372,8,165.87,2024-05-23,EU
a74669b9-b4a2-48fb-bda3-69f6fa5796b4,785,5,9,895.29,2025-02-25,US
0b603af9-b23c-4592-8a20-87ccb1c13f1c,272,467,7,1578.9,2024-08-29,EU
e4fb9874-3afa-4f47-88df-86799fd0a0c7,350,318,3,1385.11,2024-10-13,US
a335345d-7f4a-4f16-aa63-255681cb71ec,399,247,1,379.97,2024-09-10,US
9dfb6bd5-f0e2-4d13-bbf2-08b4bb41b40f,394,6,5,1173.9,2025-01-27,APAC
b6a420c3-8e40-4fbc-8f13-477686ed7f19,538,265,5,520.8,2024-06-25,EU
022b1b6c-9c75-4f3e-a3c0-87bbaa02f12a,392,244,10,655.35,2025-01-17,APAC
a1bcf1e6-5223-4f6f-909b-8aeb714a9be1,34,182,9,4321.88,2024-05-08,EU
f6b4ae6c-6589-46a0-ac20-5e6a21984629,732,233,1,120.02,2024-01-06,EU
4deb328d-22ce-4b73-9563-d6622e1e6de9,787,101,,434.27,2024-06-19,APAC
e918a091-b72e-4ad3-af1f-04ddd7002a77,531,140,7,2690.04,2025-01-16,EU
23bbc382-cc09-43a4-a89f-9cc15931a153,622,349,10,269.73,2025-02-02,APAC
9264c71c-fd7f-4a92-9d36-6711ef1a2600,62,448,1,438.71,2025-07-01,EU
756786bc-b728-43fe-8381-511409ab3c0e,393,480,10,2266.86,2024-05-26,US
06bf819e-3d81-4f2c-ad7c-5f8ccd24d1d4,972,167,7,2879.68,2024-02-11,APAC
2f170f50-b9a8-4c62-a083-a56f7f43646f,979,251,3,1195.79,2025-04-11,APAC
1a7b31fc-4d49-494b-8b5e-b259445da532,128,449,5,1126.8,2025-05-20,APAC
8bbf18c0-b08f-453e-8a6d-2db8cc98d1c9,234,460,3,596.62,2024-04-11,US
f43bc212-2ab7-4853-a01a-3243a47b1485,310,255,3,538.71,2024-02-13,APAC
28c18b53-826a-4ad9-b7ef-4358ed9dc7ea,530,163,7,2074.09,2025-02-09,US
a7b0b21a-1291-4978-a721-f1f0fb832cca,265,345,8,3125.39,2024-04-22,EU
8353b480-c95a-40ff-a0de-e47bdeb94074,351,465,2,545.4,2024-10-03,APAC
861dc693-a590-48b0-bd76-29c221c8b711,243,10,7,179.94,2024-12-06,EU
309ebc0c-d107-47cb-8a66-3bd18f4b1b21,332,71,8,3447.68,2024-12-09,EU
5f964bfa-c223-403a-af77-2b583b6cfd87,583,209,1,36.76,2024-09-19,EU
18552a34-b373-44cb-92b0-35d0dc24971c,515,138,7,3243.22,2024-10-03,APAC
54892748-1599-4fa6-9d61-d3cff50f0ae8,325,496,1,130.24,2024-08-30,EU
791e27fc-70ed-4dd8-ba4b-9fb258f9b75e,952,438,6,1137.86,2025-04-11,APAC
0dbe969f-e17f-4ebd-b19e-37b4e03bd2b9,784,295,6,2199.0,2024-04-11,US
1ce19496-9560-4530-a2f2-4998fd86cf4d,53,445,7,501.08,2025-05-20,APAC
71b37b43-683b-4c1b-a004-6ac25b7b6919,883,448,8,1420.65,2025-02-11,APAC
6c5e5a5c-cfa1-46c7-9a40-d312b2f72768,184,42,7,3277.76,2024-01-31,APAC
dac1cf9c-cbca-4d6e-9507-c435928c3cf9,484,100,7,2602.43,2025-03-30,APAC
e2479751-de1c-457c-9af4-d0564a906cd5,510,119,7,187.04,2024-12-11,EU
f2e971ba-5360-47f3-9269-c08e7c87290f,609,422,2,736.43,2024-07-23,EU
49a75c30-4642-48fb-9adb-8c18246fb8c3,854,384,9,2137.91,2025-04-10,US
59ae0cfd-f5f0-4fee-999d-4a93fff64e0a,212,226,3,467.1,2025-03-10,US
8c7a2041-8ada-4dbd-8e94-c6618e22f87c,768,265,7,2652.82,2024-01-12,APAC
b334f612-db50-4703-a1b7-ab009d930a86,20,272,4,1422.98,2024-03-09,US
d57effb6-3986-47d6-8625-38884789faf2,81,322,9,661.5,2024-11-12,EU
96e241dd-2777-4163-9c02-1fac9321cf51,51,208,9,2099.52,2024-05-13,APAC
0c7d67d0-62b9-4438-88c2-466b4e61d3c0,145,169,5,1598.51,2024-10-23,EU
8fae51f6-cb69-4cb1-995c-cf6da69237b1,581,439,4,1005.76,2024-10-02,US
437c1239-a28d-40ef-b413-402921b82ea6,206,420,3,317.41,2024-03-28,US
e24a388d-bec6-4b6d-9ba4-a3105baf79f1,242,360,6,2981.69,2024-05-21,APAC
7f3b1ee4-38de-40b8-9b88-badc5d1c871e,977,461,1,339.07,2025-02-12,EU
0cca7c42-92be-4f6c-89e0-13f4519077b3,652,310,1,62.46,2025-03-15,APAC
51a79178-bb25-4467-b776-a630d3080ea2,637,129,6,233.6,2025-03-04,EU
a2e7cf34-967d-47bf-9cbf-e047bf16a7b7,366,69,5,148.65,2025-05-08,APAC
c234616c-6c79-4f34-b48a-ff67e171eef3,993,1,6,1583.3,2025-01-03,EU
265771b7-7451-440e-a735-b4e1bf44ef6c,285,314,4,256.75,2025-04-02,EU
4d9fee63-c9bd-41f6-b03f-e8b2480700ed,496,57,9,631.62,2024-07-08,EU
176fefe4-d4d7-478d-9503-dcd915eeb6be,256,122,4,1701.11,2024-01-13,EU
577dfceb-4299-44b1-a232-a7ca202a98ca,408,377,8,3941.06,2024-03-21,EU
d551e355-ab5e-4595-945e-0b02d88682f2,738,45,8,1338.45,2024-04-18,US
7f159905-11a5-4e9d-a371-d16cba2cb952,767,489,6,315.35,2024-08-29,EU
5782ed03-bed8-4066-b858-d1f7cfaf2f93,417,328,8,1768.1,2025-06-20,US
5561c95e-1255-478a-937c-5d9c1a4aba22,81,380,9,2456.75,2024-07-09,APAC
76cab5ee-fc36-4ba6-850a-ce979b0089cd,24,145,3,1341.11,2024-07-10,US
40055eca-0301-4b4a-a25b-993661a6dc57,740,120,3,1463.16,2024-07-20,US
98d99b3f-66d1-4d9e-a815-3bdb3c654ef0,619,141,4,855.35,2025-02-21,EU
1a71578f-594e-49c2-895c-134ccc06e5a7,84,339,,37.27,2025-02-26,APAC
7e06f200-4d6e-45f5-8f1b-6ac6f046cb21,354,184,8,364.16,2025-02-21,APAC
f879e8da-6abb-4177-8e87-b8e5b7bdca90,335,380,9,1765.63,2025-06-20,APAC
82eaa1a8-7cb9-4c68-92b1-c6356b670c80,223,292,3,306.46,2024-10-31,APAC
2dbbb5df-bdb0-44f6-99cb-89c5ea930782,366,459,,331.04,2024-12-31,APAC
fd7509d4-4821-4b57-b042-09446fe13a77,575,268,4,577.76,2025-01-10,EU
1a37d9a1-9272-47ff-96c4-3ba3dec70a73,954,183,3,1048.14,2024-07-18,APAC
88dc3d50-2e26-4d1d-904a-7a6dd5906665,546,365,8,3770.7,2024-03-18,EU
1b3fed60-4f8e-4274-a5ae-868db34b330c,876,298,5,1637.65,2024-05-06,EU
658b973c-b722-48ce-bdbf-9730ea4fbc61,489,437,6,384.22,2025-06-11,US
50f3cd2b-85ab-4c2d-bd46-a8e65b4146ce,718,62,10,330.88,2024-06-06,US
3aed0fa4-052d-4461-9de2-9a9f1db3192a,979,313,1,45.69,2024-11-09,US
00758ecc-13e1-4428-9265-02d6b2350b87,470,275,6,1309.44,2025-01-20,APAC
e63b5381-6faf-437e-ab58-243ae9a5a655,856,433,6,2648.54,2024-04-09,US
bff42b30-be19-4281-a0ef-2a990cb567f8,443,88,2,656.55,2025-03-14,EU
e5b00354-5e2b-4979-96e5-06706d6f16f0,851,14,8,2231.29,2024-03-22,EU
5c9ceff6-57b8-4151-b2fa-5804f9d0f1a3,495,333,6,2371.4,2024-02-09,EU
585b6c43-993f-4764-a2c8-fb30616a48d8,713,390,7,2258.1,2024-10-11,US
5a158a05-10a9-45f9-8c6f-a2416a710dfa,240,320,9,1528.55,2025-02-04,APAC
b29a4080-610a-4be8-9f60-c96699ee1c43,300,297,10,4538.66,2025-06-05,APAC
de545553-96b7-4ceb-8dc2-62ff5a76f768,509,329,2,321.14,2024-01-18,US
e643f8fd-fce2-480b-8f20-b94fc544ca95,276,174,5,2341.93,2024-04-20,US
d376d3ef-b8cb-4da0-bfac-2999cdd7c782,488,154,9,323.17,2025-03-20,EU
de951c6d-a57f-43ad-abc7-f260c1c25dc6,300,419,4,1530.01,2024-07-13,EU
712bb499-8631-49a3-8ea7-d0b5ba4980c7,924,483,9,320.94,2024-01-30,EU
f72c574a-00f8-4b19-9bba-82ec7ee80d11,28,201,3,677.1,2024-02-19,EU
eee2028b-6fe3-4964-bc07-f59d26a13d59,285,209,10,4041.93,2024-05-05,EU
b37100c6-0dff-49f8-8e1f-2dd341ff037c,661,149,5,1390.05,2024-04-30,APAC
317a98d5-9af9-4c4c-98bc-7eb7d767559b,478,196,6,918.01,2024-03-01,EU
b859cf19-395b-4d77-b7a2-14b4b5432c75,572,333,4,941.81,2024-02-05,APAC
95fa4b28-bdba-4c1d-a9d7-420e3411e589,210,367,1,189.22,2024-01-15,APAC
cf4ba1b5-8348-4aae-bada-253b49f116da,208,144,8,255.17,2024-04-30,EU
0e91ef1b-6f5a-4df7-bb6e-7cdf58b54c73,707,32,1,370.65,2024-01-21,APAC
ed2f1a4e-f1bc-49f9-bfce-f1de8c3ff912,140,299,1,465.53,2024-02-05,APAC
54abab75-893a-43ec-aaf4-d21f9b183d53,290,155,5,2131.96,2024-02-01,EU
c75f54fc-b224-4968-9c63-1bd193566599,204,182,9,4464.38,2024-06-22,US
66e44b13-a172-46bb-9355-df789cba6e1b,82,280,8,136.2,2024-06-03,US
2e4a046e-7138-48c0-8ead-1c65a69f1055,128,429,9,657.32,2025-05-04,APAC
550cf7f9-88ec-4c9c-860f-c2e1b06ee8fa,765,52,9,3290.24,2024-04-27,EU
dae3231d-0392-4d43-b60c-e73925e98ef5,751,313,5,1834.91,2025-04-28,APAC
f0eca75b-2a34-4fa1-b3e3-67b4afd9eb65,558,104,9,2197.31,2024-12-02,APAC
2408a6d5-bd96-4c48-921c-b3d193209a2a,707,357,2,913.48,2024-02-03,EU
2d16c49a-7eab-4be7-b626-53c70c431a71,935,247,9,4316.79,2025-03-24,US
cd88fe9a-e34a-4412-8a2d-96ad0da78c73,897,13,2,755.38,2024-12-06,US
e48af4ce-40ad-4fd0-96ff-6f7951459f2b,697,2,10,3558.06,2025-06-26,US
efba5cdd-0874-48c7-b084-2564014f970c,633,268,6,1255.79,2025-01-09,EU
1e149879-fff9-4ea0-9e9a-b1b53e966423,518,101,2,714.98,2024-08-10,US
c4d44316-c28b-472b-92b9-ad40c7684ea1,98,36,2,653.24,2024-12-14,APAC
0497c2ff-b0f3-4f13-a390-363b2bb2917d,501,20,2,893.92,2024-01-14,US
897e9450-ab5c-4945-98f2-a7b2c046c61f,916,456,4,1767.72,2024-10-27,EU
0e7abea2-f90b-4610-ab56-5bfe8f97c225,760,473,2,354.0,2024-08-23,US
0b3ccac5-2e9b-4b35-b815-e3e53682ee67,326,312,6,726.31,2024-01-08,US
e149e242-66e8-4d48-9a3a-1112d6035c4a,528,200,8,3289.39,2025-05-15,US
3b451bad-9950-487e-bf05-983b074b2704,325,10,2,886.61,2025-03-01,US
d3f0817f-b3fc-4770-8601-3f2cef73b480,600,394,2,909.58,2024-09-30,US
3974f8d7-ba6b-42aa-a6a9-b2a5707468a3,529,203,3,211.78,2024-02-14,US
d882e2d2-38cd-4db9-8fe8-00c89562d8e6,288,317,5,1104.68,2025-04-29,US
63cdb341-fc44-474b-8562-4f39c4d9ab49,946,251,1,342.02,2025-04-17,US
cde1b533-2842-4dcf-81f3-77feb2819ee0,843,312,6,743.55,2024-04-17,US
3c8ec0e0-e71b-44ae-a979-296399e576cd,501,69,3,830.04,2024-09-17,APAC
32eaafb2-27a3-4d63-ab30-40d1519dbaee,309,76,5,1923.14,2024-06-04,US
32d71a74-5faa-45d5-891a-bad127a33241,223,488,9,1128.37,2025-06-30,EU
77a295e1-a947-43fb-82b1-b6d4b1aa413c,320,80,,184.91,2025-03-31,EU
8491b875-fe7a-4ee3-b5a0-764ef30a4164,156,418,8,2414.86,2024-04-16,US
6d82be70-f215-45f8-91a1-b7ac1ba1f94e,818,202,1,135.36,2024-09-11,EU
c5871efc-6de7-4520-95de-9e71aafceb42,794,420,7,2945.21,2024-07-10,EU
9e3cfd7b-53ad-4a27-ad99-eef9ad213b25,226,73,6,406.7,2024-12-15,US
3defe62a-33ef-41b1-87f4-449a546f06a9,181,318,5,1596.36,2025-01-25,EU
e6db3587-b593-4599-b5c5-38000b239cb9,622,110,6,2318.9,2024-05-13,APAC
10792984-7933-44d6-9b62-ef11fc351a5f,564,403,10,619.97,2024-09-15,EU
c6767581-e16f-484c-bc14-4efbd30b71ae,362,41,4,989.95,2024-09-01,US
534d09a0-6ca0-4a04-8617-7b6e2fca8c62,263,89,2,474.8,2024-03-04,EU
90880e17-4bc7-4513-b2c3-2a429324c179,895,143,1,29.35,2025-06-23,APAC
29224fe1-05e6-4106-9c07-d33015379876,666,218,2,308.11,2025-03-10,APAC
abc97027-4242-418a-85e6-c07fb9746335,884,88,1,430.59,2025-05-23,US
350fbb70-9632-4050-8a0d-69f8af1640ca,68,351,4,1397.32,2024-03-11,APAC
5b115894-752a-477d-8fda-a713a4479d44,195,354,4,1160.55,2024-02-11,EU
3d00a7ae-e1c4-48bf-9a6e-e3e8f0197ea8,519,215,1,233.64,2024-10-09,US
f80ddd6b-8267-425f-9fd3-84df8bae7b3a,849,419,2,365.47,2024-06-17,APAC
adcbc40e-7209-4324-8fe1-adc6ad6b0482,341,311,5,2027.07,2024-05-24,EU
4b8509c1-dfef-4de1-92c4-e80ac5917ca9,952,254,4,927.75,2025-05-27,EU
66040ec1-08c4-4fcd-a688-5ce5df12f8ae,239,183,5,215.48,2024-07-23,US
5b369029-92c2-43fa-9e33-1f19576b2df9,411,216,1,416.16,2024-04-15,APAC
cb8a8833-54f2-428a-bb0d-60da53384a04,698,160,9,221.67,2024-09-30,EU
6ff89f45-942b-45c6-8735-9f6c07623ab5,974,321,,266.79,2024-10-31,EU
6fb7e0dc-29e0-43c7-888d-1e39b4a8f568,713,347,,140.47,2025-02-28,EU
9cac9e55-dd9e-444f-ba20-e53e3912a2dd,722,99,8,409.39,2024-06-27,APAC
7eed04dd-e3d5-431b-b934-f36ed81045de,211,499,5,933.95,2024-11-08,APAC
f4949752-8363-4e0a-81cc-5bdab359d9b8,895,205,10,1029.04,2024-07-02,US
1069a56d-1ec0-45bc-b4cd-bf0b3bc5ac4a,368,9,7,1002.33,2024-10-30,APAC
49b1c2de-f95c-434f-b546-75c023be9f96,869,262,4,50.77,2025-02-14,US
528015bc-a3e2-4268-b12a-14d040c7c3a5,459,113,6,2795.29,2024-03-08,EU
b7bcc77a-ae5f-4a1d-829d-3c2ef345fd93,73,350,10,3218.36,2025-01-19,US
ce8dcc0b-5f41-44f9-b13a-beb09df9a467,569,423,3,71.67,2025-03-14,EU
9105fb00-ffd4-42e9-800d-afe03cc863ec,185,59,3,695.11,2024-07-25,US
9618a51d-fc29-4f34-b857-297e551fbe9b,437,308,1,209.1,2024-07-02,EU
945fb0c5-dbdd-4f6f-98e1-5168a30d0633,806,206,5,1002.68,2024-12-02,EU
6f12b1c3-933c-4165-8e72-4bb9ed5b02df,476,478,8,1558.85,2024-09-30,EU
a81c90f7-3076-4442-b8b4-b610b487a242,452,323,4,885.35,2024-06-19,APAC
8fa1564f-48fc-4a58-8d6f-cfbabfb25d76,627,201,1,490.15,2024-12-07,APAC
f7f02077-3ef3-4260-80ea-c62b52797f9c,576,425,9,1339.73,2025-05-08,EU
0526e6fb-15fb-429d-ac84-9871387d53b4,271,424,2,47.18,2024-11-15,APAC
89cbc653-14ec-472b-953b-ae63396cd2c9,982,87,6,547.94,2024-08-25,EU
8fc81cc2-2fa6-4e7d-b2c1-de1f16081a69,133,492,10,404.73,2024-07-20,APAC
6cb059c5-442f-4ffc-bf34-626cc7a1b17a,244,156,5,182.92,2025-03-09,US
61ae5802-ce8b-4ab7-9f13-ce34c128293b,500,198,6,629.62,2024-03-22,EU
f96655b0-ff4e-4f73-9807-c1d406cb047e,651,159,4,1142.38,2024-01-21,APAC
5f0e8c29-8f44-4033-affc-3eab8a467bb6,114,337,7,3093.41,2024-04-18,APAC
4920f60a-52f2-4746-a349-7c7c219a6a63,891,435,6,230.0,2024-05-13,EU
28461e2a-3013-40a2-8944-bda63a71694a,468,388,3,93.51,2024-11-22,APAC
ea9b42d9-1496-4c98-933c-a1557bd361bb,298,95,8,3308.75,2025-05-20,US
12598df9-aa69-426b-982b-f9a2bd0cc19b,748,148,9,1430.41,2024-06-01,US
6c53d454-448e-47b7-8fa1-06df68ebda70,564,278,6,2775.7,2024-10-14,EU
8cff890c-0890-45df-9c60-bb129372e71a,630,364,7,1476.73,2024-08-22,US
58dddb49-7686-4ec7-aa4f-fb1b7106ac9a,323,175,4,1568.22,2025-03-30,US
c1a1e072-1ccf-484b-9827-d25bb31fc8f7,631,345,4,81.49,2024-09-15,US
ea16e5b6-e1c8-42f5-ad08-8d4c364667d6,212,39,2,91.66,2024-04-21,EU
ef26d2a5-9e05-439d-8e71-0ba957a71137,718,139,2,599.88,2024-07-19,EU
0326d208-f528-46d5-b999-ff77a5bcd753,246,191,7,985.21,2024-11-10,EU
fa3d2cdf-d1f1-4695-81f3-3ff02dc2e2c0,953,280,7,2536.35,2024-01-18,EU
663702a6-0979-49b1-b789-5e1f0f422381,350,327,6,1435.8,2025-06-16,US
4b89e219-8419-4683-a270-b4f716c6a810,95,412,2,540.6,2024-07-05,US
74e55c78-a71b-4a8d-92ee-d896a26e9b64,818,17,2,425.53,2025-01-17,APAC
86040154-061a-4336-97a8-3f7057b6ecb5,940,171,8,2934.25,2024-07-14,US
87a8f3fa-655f-4bef-bace-87fdd9aff28e,575,364,6,1517.21,2024-09-06,APAC
08eaa7a8-0bf5-4e1a-83d3-7596b34adf6a,1,351,3,749.79,2024-09-18,US
5e46baca-c71c-4c0d-9fa3-74a7fa63f02e,887,485,1,416.57,2024-10-24,APAC
23ca1431-99b5-4939-a343-880bef8b3955,461,283,4,1121.72,2024-07-11,US
05b3c6a0-6ce1-49df-9878-78ba01c912a9,378,313,10,407.69,2024-04-01,EU
b1e2c10b-284e-4636-84cf-114b78ce230b,770,482,4,1211.8,2025-06-28,EU
9defe4a5-fae8-4daa-80c6-f6931bd6c8ea,109,317,3,988.45,2024-02-20,EU
5ab9e8bd-5f31-4fd6-b78c-2c32dc443805,133,325,9,2963.15,2025-02-07,APAC
dc5b2e4a-b193-4997-8db6-93bb7ce668aa,803,458,8,750.91,2024-02-24,US
5ba99d20-22e3-4996-9873-4baf04486e8d,917,117,9,2114.43,2024-09-28,APAC
6f05df67-d386-48ec-b352-c05899fb8d83,919,467,9,4204.4,2024-02-12,APAC
bf365187-a232-4f42-a0dc-1fce82352c1a,605,213,1,167.16,2025-04-10,APAC
4b383667-6817-4fc2-befc-59eb31bdaa5c,917,438,4,402.59,2025-01-27,US
dec97836-ed5a-459a-bb67-f450c849f195,206,316,9,4405.07,2024-07-29,US
4672bf01-36c6-4e82-b319-49e9d6820290,331,461,10,411.88,2024-10-03,APAC
e8f5ff1c-f433-46b3-bae2-7cc404bbfa17,526,204,2,23.17,2024-06-08,EU
717c73ec-7213-4d7f-b75b-e712f209629d,100,331,8,2031.75,2024-12-21,EU
76a44834-6a04-4673-97ea-8ba99983c068,767,449,1,318.73,2024-07-12,EU
4d6ee9ea-9bb1-4143-875f-cd78499d8598,760,319,6,578.65,2025-03-18,EU
d88e1ec1-767e-43de-9ed3-48d851a54036,345,190,9,3091.78,2025-06-17,APAC
a39579ff-84a6-49cc-bea0-47666f9c5100,704,104,3,1228.37,2025-05-18,APAC
45a044f4-4dbb-45f9-a7e3-92d82c97c715,848,366,9,3933.88,2025-04-28,EU
6716aef3-f8a5-4308-a2b6-1eac5d64f027,265,472,1,326.84,2024-03-13,APAC
774bf8ce-8d46-460f-9ca7-c0a8e24f3bd8,775,135,4,527.66,2024-10-09,US
617bee9d-9733-46f9-8735-c52d58c8922e,719,484,1,51.42,2025-02-09,EU
e4b0e8c1-0899-456f-b11e-6e7761a127b6,395,42,6,2204.1,2024-07-13,EU
67b95ca1-c66a-4bc6-9aed-5ed89fc8a71d,755,81,10,3354.71,2024-08-08,EU
8ec78f19-408a-4d11-a319-f34ef4934550,656,389,7,1396.48,2025-01-12,US
c3bf8057-ff74-4df3-b92d-ba4feec7b5d4,35,431,8,2800.21,2024-02-04,APAC
0f1e3b92-d48b-43e7-b65a-083f63830802,142,33,6,2144.08,2024-05-10,US
023732e2-6f69-4278-a93b-8e6ed6465164,370,463,3,1153.05,2024-06-03,APAC
c6b76b6a-30b5-40e3-b975-c07a039b4a6f,979,108,4,817.5,2025-03-20,US
36094bc4-adc0-4b4f-9977-88bcdc0bc9b8,745,32,10,1059.37,2024-07-30,EU
5cb6d5df-fa41-490e-9f34-54a01b563895,675,62,7,477.23,2025-02-04,EU
a4c4abb4-6bf5-4757-abb2-ad483d74c84a,279,180,9,1722.37,2024-07-07,APAC
d9338daf-cd9c-46c4-a1fa-2fa708c8ce12,720,105,2,586.88,2025-06-01,APAC
1d894146-b07d-4688-bbfb-83745e78ec4f,17,259,7,140.44,2024-05-01,APAC
f3110375-eaee-4dd1-897b-3600096f17b8,735,481,1,67.28,2025-06-23,APAC
e5f453a0-bc93-4667-8c3c-17cae161b508,153,320,5,960.65,2025-05-27,APAC
e5cc42fc-3e2f-4f40-b503-ac19d1970651,840,95,4,1521.95,2024-11-14,APAC
dc82bd02-885d-4f4d-a477-44f61a55ce8a,600,475,9,2258.12,2024-03-02,APAC
a1a5c741-1e8b-4474-843c-7064772f292a,611,499,5,580.74,2024-07-09,APAC
b73f218c-1de0-41d4-8a81-4e7c4fbf33c2,967,80,6,830.04,2024-05-14,APAC
c8c2803e-c558-47bd-88a4-bb5057057530,448,43,5,660.67,2024-02-21,APAC
c7071c97-de9e-4b1b-8e24-eafa9a3f52bd,550,42,1,257.63,2025-02-21,US
590e0a04-ef64-4815-9155-a1947bcf1c78,760,242,9,3117.61,2024-05-07,APAC
4322d1ce-d09a-48e3-a2ee-47e3c4f2f986,406,474,7,3478.22,2025-05-30,EU
f0666aa4-b56f-40f0-b32c-4fce7488be3a,4,235,5,2201.68,2025-05-26,EU
a9777ddb-3c2e-49b8-baa2-e006557f91b8,484,121,,495.37,2024-03-04,APAC
870ef3f5-60b5-471d-b55b-2e4def950563,452,124,,48.24,2024-04-28,APAC
66425b82-6b0f-4207-a05b-22c4ee32b46d,391,11,1,327.01,2024-03-15,EU
e836e5a5-d216-45b4-be5e-ff4bf0c00bb3,852,499,6,1886.21,2024-03-25,APAC
8e5167f4-df93-4bad-91da-86229719e49b,898,474,8,598.25,2024-01-23,APAC
aad519ab-299e-4fe8-85f6-adff36cc8847,514,147,7,811.0,2025-01-21,US
7786d195-2996-4253-bec2-74af81009695,637,231,7,2023.34,2025-01-11,EU
5c0545ca-337a-47de-8c5f-32f2a98e94d4,557,337,5,1263.84,2024-01-11,US
54e192a1-e7d6-4d8f-9ec8-8039d9f4ca2a,805,311,4,451.21,2025-05-12,US
4941c475-39b1-4344-83ea-2a13f27a42d2,241,351,7,1970.04,2025-05-21,US
458e8ef1-7eb0-4fdf-94eb-dd410b0c320b,10,161,9,2601.52,2024-06-25,APAC
b7789369-28e3-45e5-a732-61d5fa1726c6,666,380,4,1322.78,2024-09-02,APAC
c42ad2ff-ceea-480f-a04e-4f3f873d99f2,730,496,9,568.8,2025-05-08,US
5d7d9ffd-5c42-4e55-b599-26de5bc21b5a,826,236,4,1829.77,2024-01-04,US
bad88a96-fef7-4f46-a193-a3d9f886d518,856,12,6,2077.58,2024-05-07,US
4b65dd59-3b8e-4dda-8b0e-504bdaadaf05,888,186,7,385.01,2024-04-24,EU
7ac14ad5-21c3-4930-bddd-14f1ab86983b,271,313,6,2249.92,2024-01-13,US
34523db4-e740-4aa1-963c-b9dff2623f9e,609,244,6,575.64,2024-08-24,US
584ae162-8457-4f7c-8869-e73a06f46b7f,187,325,3,761.75,2024-07-03,US
fc2a3bdf-a2e9-4b90-b7f0-34fe3baded20,327,454,10,4875.58,2024-10-20,APAC
d7b7e1e4-277e-4713-9e71-81554491519f,282,259,5,968.48,2025-06-27,US
8aa1d875-d068-40c9-9041-3f0e84e0e881,543,441,3,921.51,2024-05-06,APAC
18d75486-8d26-410e-9ef6-f291db50ab4d,459,153,1,490.55,2025-01-25,EU
791c1909-d00a-4028-8f04-906b3249f342,739,83,8,410.56,2024-06-08,EU
1cbdc099-0889-4790-90fe-024a4e6b5524,215,178,2,330.71,2024-01-31,EU
54ee2992-5ff6-4c90-8a7b-1d6f5ceeda76,538,75,6,795.79,2024-10-29,US
af860c4a-a002-47c4-83ba-03a1adc67778,235,450,9,881.46,2024-05-18,EU
e150dd7d-b918-4159-8459-cc25e87dc8c2,389,354,10,2106.44,2024-07-16,US
55869788-0378-4827-b12c-0311acc56fcd,770,75,3,1223.09,2024-03-27,APAC
51a1c182-e3a9-4678-8922-272e0123ff2d,398,328,2,79.26,2024-12-09,APAC
ab2ed065-5d87-4347-b6e3-e264cf110fbe,562,412,5,2172.2,2024-09-25,EU
491a441b-30d6-45f7-a944-6ff78fd6a944,843,119,7,883.53,2024-12-12,EU
ed01f925-25f1-4ff1-9a6b-e0fc89a73c03,360,227,8,468.47,2025-01-19,US
cc41bb51-513a-47e0-b521-7733722eb0bb,138,386,10,2008.28,2024-07-28,APAC
3faa05bb-097d-49e1-a5eb-0e7a01964b29,389,217,3,997.96,2024-09-14,APAC
e013c66c-27a8-464a-b9a0-57e97821b59f,83,135,1,189.09,2024-09-25,EU
57440d36-b76a-4ea8-b403-5c023ba699e8,613,73,10,2845.04,2024-06-09,US
d67c8fd7-e8c2-494c-b9c5-8bc613b11c8c,643,166,7,1206.06,2025-03-05,US
8b772a7e-5dec-4156-961c-7c2ec66cd616,113,181,10,675.12,2024-06-06,US
12718bf5-a613-48f1-9fab-ee105fa22e54,224,317,7,486.36,2024-12-01,APAC
2701ff60-fe59-4461-a90b-27d4820309bb,515,93,10,1221.73,2024-11-25,US
161b2db0-8d63-469f-9b56-80a89b521e5b,851,84,6,127.02,2025-03-10,APAC
bce5c6a7-4c78-4320-bd9d-eb17f3cae638,864,495,1,429.19,2024-10-30,US
fdd9cbc9-c433-4f27-b6b4-e9aeb1a95e3b,103,377,9,1874.6,2025-03-24,APAC
95210084-65d0-4b0f-b195-ea79e80cc4c0,700,448,6,436.79,2024-03-15,APAC
1e11b084-9be4-4f59-b4f3-ee7607b084b5,348,297,4,372.87,2024-05-18,EU
7c7cd090-fb87-49c5-8961-1b63b4490533,946,86,,369.52,2025-06-07,APAC
66363891-514e-4b62-9319-0a0c33af4574,288,4,9,3968.9,2024-09-16,US
9ca8d0c0-b647-4965-9663-396d2c952152,821,475,10,2376.94,2024-05-11,APAC
ad7c71bc-784b-4817-a38d-99908cac1862,164,475,10,3464.27,2024-09-30,US
9a146cc5-b5ee-4166-b7e5-2d5da001eac7,671,66,4,1807.87,2024-03-23,EU
a11a077f-0e3b-4a70-82a6-9ab067b72b2a,825,44,3,287.67,2024-01-07,EU
82aa1849-8793-4111-9dd6-3163b0a468da,286,253,,214.56,2025-02-13,US
099a2087-b225-4c7c-b9fb-4b14d0313df0,699,164,7,3046.61,2025-04-18,EU
734db8da-736b-424c-a406-ea0142f631d8,374,303,4,173.55,2024-07-29,US
76cb182a-32a1-41db-83c2-90d196c02fcb,429,274,4,1591.51,2024-09-23,US
88321386-f596-40f2-ac1a-d7203fd5f994,374,410,3,1089.23,2024-06-14,APAC
aa1e8ec9-4001-4f81-96c7-b5f48b88c50b,779,468,8,3488.56,2025-04-06,EU
4d93ed54-1562-48ec-a6b9-e7db1fa5dd62,129,90,3,407.5,2025-05-01,EU
04acd4e8-aa38-415f-bd78-3ecf11c2a471,646,56,8,294.78,2024-02-16,EU
41ce9164-e1c3-4087-9620-9535fe9ee171,371,85,10,2515.54,2024-11-26,APAC
c010cc27-fb60-4ea3-8e80-ed89aaca752e,220,484,2,75.61,2024-02-05,US
46e43696-3940-4bef-b3cb-6e5029c08bc2,220,398,5,700.21,2025-02-27,EU
2406aa49-2bd8-4636-953e-cb2b02d7a565,862,99,6,2484.03,2024-03-18,APAC
2df6c8d0-1a67-42a1-a34f-1dbdf1ae24de,975,208,9,779.46,2024-03-13,US
e6994611-7096-4232-a66f-556f34693887,963,332,2,268.52,2025-03-15,US
09011354-0f96-4279-8b7e-a7dce8dfbfae,462,109,2,317.44,2024-08-27,US
dbe09692-ec2a-4a66-a1e0-3c334a16f947,160,425,8,2422.36,2024-03-01,US
72b3add6-0b45-477c-b664-6075539998e7,434,197,5,2230.86,2025-05-23,EU
3a776c69-1eb5-4dc9-b8a1-73b0d604c2a2,235,232,5,2202.23,2024-11-21,EU
d1a2b545-df58-4f6a-8b6b-3c73131c2bac,73,329,4,1987.64,2025-04-08,EU
c74cf5dc-22b7-4167-89ce-1b99ce5c2af7,901,62,5,245.5,2024-06-22,APAC
7b325b9f-65ea-43cc-97c5-5d2280e788b0,278,172,9,150.5,2024-08-10,EU
d6a01e46-0d0d-4ec2-917d-26fd149bc853,994,364,7,2983.42,2024-01-26,EU
8aff630e-855c-4e11-bdaa-4bacbbfdb03a,667,44,6,2504.18,2024-12-09,US
ef5dbe22-5340-4750-b0a7-4d4cd5c4236e,846,165,9,2929.02,2024-05-07,EU
18693b3c-4f57-449f-8a07-9ce70934075b,845,86,7,2587.04,2024-03-15,US
89b96a96-79a6-42e7-b7ab-2d270635b375,168,243,9,4303.95,2024-03-11,APAC
a7420c0d-2758-4666-a904-bcf0500c6614,82,277,6,2718.8,2025-02-07,EU
0e465b7e-31a6-4236-8bc1-599d703f8aaa,554,226,10,4533.35,2025-02-02,APAC
805427a2-d16f-4ea6-91c4-633979b16b09,162,485,8,497.25,2024-03-05,EU
0d70bbac-e9d4-42c6-b331-3e4c8d9a7026,722,219,6,1974.87,2024-01-14,EU
ae5cc487-0dcc-4a75-9f60-42e8c304dfdb,622,169,4,549.15,2024-06-09,EU
f17905c4-e9eb-4ca0-843c-20eb6eb13d73,85,326,9,2315.89,2024-11-17,EU
890a7ef2-9210-45fc-83d4-cebf77f6a59c,856,421,4,1254.9,2024-05-29,APAC
4331a8e4-1793-430e-9ecc-5abb138c8a4e,210,360,9,1450.28,2024-08-29,APAC
432deac9-a524-47ad-9ec8-89d63eac1b07,560,346,3,1131.47,2024-06-21,APAC
bc9630ad-d79d-4e4d-ba67-0fdb57213c37,305,143,8,183.26,2025-04-22,US
6d8dac00-5c07-4e48-b10f-2e41f7833c73,433,313,8,2332.77,2025-05-06,APAC
122c5a8a-dc99-4fa9-ae0b-f4d46fe51ab3,406,336,3,321.69,2025-05-30,EU
b79d2b7f-19ed-4f4f-a2e4-da225c41b5ef,181,420,8,1290.13,2025-04-24,EU
b18a41e8-375d-406c-842a-fccf679c9967,200,122,5,203.66,2025-03-14,US
ef64c4ad-2d91-4d83-be0e-f0e593d8ae08,719,47,4,216.21,2024-11-06,US
bea90894-b341-4d12-abf6-ef5597c2091b,745,44,6,2448.07,2024-09-29,US
f1473b11-8be8-40b4-82e8-1272fca2a72c,522,487,6,1862.43,2025-01-19,APAC
68426554-4967-4983-ade5-9b1349b720c3,577,86,7,2082.81,2024-11-10,EU
7b5b7269-5c34-45e1-a25f-bbd2bf922439,188,74,5,1681.08,2024-06-26,EU
d548d8a4-b428-4f8f-8420-4e86cbb8e909,852,232,5,1446.92,2025-04-02,APAC
a5830208-bdcd-474c-b757-28f169aca898,994,488,5,1687.88,2025-05-31,APAC
891d73d3-0aa9-4306-aacd-849bd63779aa,443,27,8,1589.44,2025-01-03,EU
7dda7f2d-a963-4bf8-9c65-653dca6ae729,166,392,6,578.76,2024-12-11,EU
cb398333-6953-45c2-85b6-40b03674a06d,823,87,5,1989.56,2024-03-09,APAC
0b7fe78b-0f44-4e7f-b48d-c13f0455033b,381,126,1,66.76,2025-01-01,EU
6c84c749-23ce-44f0-a386-2a1b6a2fbcc8,204,3,9,2062.08,2025-02-14,EU
ab02cadb-994d-4b8d-8d71-ab9fb609bf2c,3,296,10,1196.01,2025-01-19,US
8698359a-6032-4be3-bacd-a6faf60b995e,857,215,9,3783.17,2025-01-07,APAC
0fb2722d-61c3-4607-9936-06a7ccc7191f,36,288,4,373.85,2025-01-17,EU
0294755d-c856-47d1-9fa4-7fda59c1465a,871,297,1,40.6,2024-03-04,APAC
0aff69b9-08cf-4907-8984-5ff927ecdb63,233,79,7,2779.69,2024-06-20,APAC
d5651706-6b56-4f8c-a6cb-39de9f01e354,550,457,8,1728.37,2024-10-17,EU
3c4e004b-dec0-4cc5-bd8f-85eeadfa5981,305,14,10,4204.58,2024-12-18,EU
a8cf0d24-0ced-4e71-861d-cca40a8abcd6,946,143,5,1140.97,2024-10-26,APAC
112227d6-ba00-4d88-b519-4e79f4f5c4cb,924,384,5,120.89,2024-06-30,US
14b6e9b8-739a-4443-b089-56ffbe72d319,867,160,8,2468.55,2024-10-16,EU
baca8638-0923-445b-baab-5e28d7bf9ba4,72,201,9,1579.72,2024-07-13,EU
60dafe3b-5c12-4601-9462-00210b14633b,191,278,9,454.02,2025-01-05,US
0cf08238-2baf-4625-8b40-b5f5d9af5d9d,997,355,6,1401.79,2024-05-25,EU
28ecd81a-9fdd-4667-ad21-a8a30e20a141,64,237,3,1446.33,2024-07-12,EU
c1cc22da-4c96-48f7-9407-4661ef5e4ab0,374,14,3,969.82,2024-06-03,US
fd53a7c7-73cb-4899-b99a-f7954b3194a3,953,277,4,944.49,2025-02-06,US
56b44b18-7e70-4868-8e48-01ddac1ae98a,672,405,4,244.49,2024-04-08,EU
40d6818f-c53e-4824-b8f9-457053d3ed25,983,278,9,4173.46,2024-07-06,EU
c1ccc3d6-7f58-404c-a902-0691c774f6c3,273,208,9,2542.75,2024-04-08,US
0226fd36-752f-42f9-906e-355330988461,736,280,2,39.62,2024-06-05,APAC
abf1ddf0-d603-4297-a9ff-e86dca7536a4,278,159,8,1937.59,2025-04-05,US
b5e12e6b-e006-4893-92d6-15e54e75a7d4,896,468,6,1067.22,2024-02-02,EU
2484916b-d7f3-4812-a23e-d26c89121ca2,974,305,6,2378.73,2025-05-25,US
6e115011-74f6-4a09-be29-f14741558a5b,503,74,3,836.49,2024-05-14,EU
bcbc1ef8-42cc-49dd-94a9-b17aa551aa1b,405,277,9,4271.76,2024-02-28,US
026db15d-4f76-41de-81b8-f13369bdb536,640,19,6,356.82,2024-07-02,EU
95c8543f-8b9e-45fd-b497-adc09389cef0,28,437,,362.14,2024-02-13,EU
5d4eba65-fb4a-48ca-86b6-4f651fc2eca2,50,25,9,2659.64,2025-01-15,APAC
2d80cf51-8743-44bf-9a09-19f8e987202a,305,369,6,1647.97,2024-08-28,APAC
109d1817-10fb-4269-aadf-4dec1d260fcb,566,9,1,77.03,2024-10-02,US
f22c7868-a193-4c6f-995c-be4ceafd7eb9,718,347,6,711.75,2024-04-10,US
7fc7d94c-fb4f-4af1-80cd-3cd9f4b1ea2d,408,224,10,4882.19,2024-04-23,EU
07feaa2d-8491-4c16-bffc-49445ae6ca25,304,377,7,3282.59,2024-01-31,US
78a954dd-351b-4595-ba10-ca55d718a599,986,313,6,2927.76,2025-02-07,EU
1495870f-2e1c-4bac-9d99-a7857e403338,202,66,4,1192.89,2024-06-22,US
166c1ccf-ee25-448c-9119-b81ee1e774f7,135,363,6,1341.6,2025-04-22,APAC
68eff3e2-9b80-4500-b57d-f7945d04cf2d,759,49,8,2794.79,2025-05-11,APAC
8a1d2883-3418-4452-a36f-3f0e66da52e2,995,308,3,694.13,2024-10-23,EU
98f15ad2-0f91-4ccc-b620-eca07f730904,921,286,3,635.25,2025-05-29,EU
15e9e7c6-86c3-42d5-8f41-1a390555e22f,502,29,2,741.27,2025-03-08,US
ac5da6f3-9a3f-4ac3-b7f1-738bfb00f377,538,302,3,48.69,2025-04-12,EU
30d86db8-8686-4f6d-a137-00ea1fd9ddf7,110,453,6,1027.91,2024-04-03,EU
0c48c68a-bfd4-431a-9724-868b26542ae7,526,462,5,2364.1,2024-08-14,APAC
f543e976-e319-4c71-b1af-c40dccde6d31,229,231,3,523.21,2024-08-16,US
db57e542-142d-40d1-a21d-6b518ced5f36,380,443,5,2408.76,2024-07-21,APAC
bdd4b141-57fb-40d1-ba58-5241f50cf34e,277,391,2,265.47,2024-03-03,EU
7d9612a6-240e-4291-b0f3-3f80e544b5a1,659,243,7,2400.67,2024-05-01,APAC
daa92214-fc85-4849-8a8c-4a908837243d,85,64,5,791.7,2025-03-15,EU
b4ca96ca-f367-4835-8162-37f16be74bc0,611,127,7,1683.84,2024-05-27,EU
1fb58802-28b4-4402-b215-f804022b8acf,730,487,4,422.24,2024-05-15,EU
3a6d756c-4a0c-4cec-871d-349cacfd6053,710,464,4,826.89,2024-12-10,APAC
ac107f17-3fe8-4e23-9bf7-98178463a732,942,179,6,738.12,2025-03-26,EU
71af88d8-675f-48d6-8ae7-4af47273ea69,556,347,6,2848.8,2025-03-10,APAC
bfb83d71-b8d8-40a4-8a27-6dfd8fed25e2,212,79,10,1027.31,2024-10-14,EU
6edda28e-d064-4286-bd60-5b4f3b4551b4,625,236,10,816.05,2024-06-01,EU
9018030f-ff9e-49c5-848a-355d97859f63,306,300,4,1428.38,2024-05-04,US
bc24ffce-c542-44ca-9749-d871f28e4b0f,824,195,4,918.73,2025-02-27,EU
65eaa10e-eeb6-4138-a973-d56a834cb1fa,394,98,2,170.99,2024-11-30,APAC
cfeae41b-7e1f-4593-905f-f5827f0303e7,818,97,3,308.76,2024-07-23,US
459c2266-6f05-47f6-8d5c-88d73fb15fd9,948,375,8,3247.75,2025-03-04,EU
5cfea43b-7f4c-4469-b043-cc21b2d72a47,942,176,4,1524.5,2024-08-29,APAC
a393b988-8964-49bc-b565-e8a643de65dd,99,296,5,412.9,2024-08-17,APAC
8c52b7b7-95d4-4cda-85a6-75c13efbc1d8,789,37,10,1152.33,2024-08-18,EU
25fbf2b3-39e1-4f0d-a798-cddc8bab5a3b,801,273,7,1098.06,2025-05-09,APAC
7a728264-14f8-4203-acb6-8a27d83f9460,603,256,8,623.18,2025-04-11,APAC
93cb5b32-bd11-4877-a3b6-891ff1a7bbca,871,78,2,394.82,2025-05-20,APAC
446d89a3-a625-4821-9606-7cdf914a53f9,119,283,4,700.47,2025-05-22,EU
82eb9bc3-67df-42fe-9ecb-b685d1f3ed2e,446,65,9,3910.06,2025-02-05,APAC
64ce045a-fd3b-4815-bfd5-cb55270df2a2,20,378,10,3449.48,2025-04-16,APAC
75d78ddd-da23-4718-bad6-55948f5d9a14,599,36,5,1192.73,2024-06-04,APAC
0e07a933-15e9-4c06-80a6-ebb9ca7b5fcf,296,292,1,96.45,2024-05-03,US
32e92ea0-733b-4bcf-9f59-05ecfd3e8857,586,423,5,1130.86,2024-08-16,US
47e429e7-dd6e-4330-95c6-45ff439a41ae,841,146,8,1664.44,2025-02-18,APAC
c15e78de-1e96-4b7a-83f9-5ca03c43e685,27,383,1,458.05,2024-07-03,APAC
20a784c2-5ec7-4f9f-b57f-2eb2d311d2da,5,499,5,2193.12,2025-03-27,APAC
00c41b07-84c4-4f41-a8ac-a6d8817d5f21,448,61,8,2342.46,2025-05-14,EU
6faedb39-a675-4367-b460-854e901e401b,795,291,6,2603.86,2025-01-29,US
9c20ef7e-c79e-49af-89e2-29aaf902d812,386,406,9,192.72,2024-06-07,US
f82c01b1-a3d0-4331-ab7b-16a130c797f2,568,310,4,755.58,2024-05-08,EU
a2d72202-0c47-4892-8067-0c97c6e6afb9,270,272,7,2380.86,2024-10-31,APAC
e08447db-bece-4364-afc1-45bef564b722,808,254,,46.56,2024-12-17,APAC
7fb2531f-2108-47f0-b0e8-09cc024a2756,394,462,2,580.07,2024-10-25,US
0fde0e9c-8103-4d52-8cbe-112014bf7b0a,442,337,3,941.94,2025-05-22,EU
2a6d75c4-dada-49b8-97e1-2a30dedd9ebf,49,445,3,273.89,2024-12-13,EU
c421e67e-ae00-4373-b2a4-9d3ef042f2c6,626,197,3,513.12,2025-05-17,EU
0cf144f4-f7bb-4b90-8bf6-ef6bbe150044,647,240,1,258.79,2024-10-12,EU
101e38e8-6189-4b7a-ba06-5b29b26ee642,142,346,9,3769.31,2024-11-27,US
818fd297-be86-4260-88f1-122faae2c9b5,265,99,9,2076.39,2025-01-14,EU
fedba420-a11d-4cf3-99e8-47e107fd2330,556,500,1,12.09,2025-06-27,US
30fd27d8-e423-4b71-872e-359eaac0149d,491,308,9,199.27,2024-01-29,US
3bde2ef9-13ab-4f77-945b-9e1dbc06d225,942,318,9,846.16,2025-03-10,APAC
4103a4e6-f10e-48f6-b029-7e1fff9666e1,824,438,1,309.76,2024-10-02,APAC
6834fd3d-d2cf-46d7-a8a0-779a21a6820d,363,208,8,3356.54,2024-11-30,EU
c5f192f6-0b3d-4967-ae5f-d1feca6bbaec,464,91,8,2151.07,2024-04-18,US
52e0584e-7730-464c-9d32-eb1823a20616,826,104,6,2596.06,2024-12-25,EU
57a6a1d9-f897-4bfe-9280-16c0d10b8282,909,348,3,915.21,2024-11-30,APAC
adca46cc-5fdc-4028-9591-f496fd8b98c9,275,487,2,125.86,2024-02-17,EU
4d9609d3-a0c3-4d89-8909-ebae0b70aacd,926,106,1,120.95,2024-07-15,US
79e21299-d5a2-4c97-a399-97e604111808,414,325,4,115.5,2024-03-17,APAC
5a84a8de-d89c-4917-89e9-41de1fee7323,547,58,10,1245.59,2024-03-20,US
d062e08f-7f26-47e4-b6b1-81099b36964a,283,438,1,214.67,2024-07-29,APAC
4eded56a-9696-4582-b1b5-bbcd08dad625,925,144,5,367.62,2024-12-18,US
5b978a6c-73e6-4f69-be92-2df62eb3ea4d,741,333,2,17.79,2024-03-05,US
1327840c-780d-417d-a5e4-59aecd9e29a1,631,408,1,128.68,2024-07-18,EU
6d69f387-21df-4efd-8979-36465ce257fc,260,277,7,1963.56,2025-06-16,US
b514b582-3b56-4742-9eb7-8eaa903a2f79,126,375,10,3668.9,2024-11-27,APAC
edc2d539-d1a7-4dff-bdf3-b9098c98881f,135,372,4,1734.82,2025-03-13,US
fdbf174b-9cf0-4db0-b266-29f89a3fbcbd,166,31,9,3079.45,2024-08-21,APAC
c6a3c105-b2c3-4859-b42e-738a5a08d31e,627,113,9,2315.39,2024-12-03,APAC
e8aa6083-5ed9-4e71-a2af-0ce18574db3a,592,371,4,726.48,2025-06-16,US
d704ca51-fbb3-4fc0-b543-2e130c6ae649,225,343,9,2450.01,2024-11-15,APAC
da8feb43-46c2-4a6a-a15e-64dfa70ba3f1,354,373,6,1237.76,2024-08-13,US
a2fc9096-dd73-4823-9a88-4d4e22a25c37,211,202,7,1926.26,2024-06-19,EU
8bf77cfe-6fe5-4a4d-84d4-4c2080fde1f3,457,60,10,296.09,2025-02-07,EU
8921e3cb-fdb9-42ea-8965-9fa483b87bef,39,10,,434.14,2025-05-19,US
982e2119-7bf3-44f0-8bb5-180bb310acf4,528,104,8,1581.0,2024-06-13,US
95aa783e-8057-40b5-8c6a-92175d5fd11f,528,224,4,1367.43,2024-01-07,APAC
0fe3d39b-aac1-4fd3-a8ce-ddedd542524f,830,54,7,3282.44,2024-01-29,APAC
521ab165-a116-49d4-9fa6-8b23ff1d424d,862,170,7,868.7,2025-06-04,APAC
b728c39c-400d-49a5-8341-f8cc4fa1071c,630,475,8,1975.47,2024-07-12,APAC
e9a85800-e181-422f-8e07-2d1c8b539d24,591,276,7,3195.13,2024-12-27,APAC
aaa56794-93af-46aa-8d3c-88d8396b7309,723,44,8,3825.46,2024-08-11,APAC
f35eafc3-0533-4fd5-82eb-9f033e2dc412,796,46,3,805.0,2025-01-31,US
bb1d219b-23e8-4d60-8ca5-1dc1877dbeb7,267,317,8,2668.21,2024-11-15,EU
a5aaf91b-d1f3-431b-8352-d9793b911fb2,806,326,10,1798.1,2025-01-16,EU
a62c6364-cdfe-4abd-b80e-901901c047ab,166,338,2,542.13,2025-04-30,APAC
7b0aa36f-e6d1-4287-a3a5-509836f9b381,323,301,8,3051.64,2025-01-02,EU
0c305ac5-243e-47b7-9661-6b39f5459f96,300,492,4,1873.39,2025-04-26,EU
d1899d03-255c-4217-b525-00e3251c8caf,440,264,1,51.65,2024-06-07,EU
b686420b-13cb-4d7e-81b1-ea22bbb6fa22,526,127,4,723.46,2024-11-05,APAC
17713bd1-e871-47f3-8c74-aa3a2bcafe07,310,26,6,768.66,2024-10-05,APAC
dcf7c2f2-ca59-4ce4-ac7b-0ed572d22d93,795,359,10,2191.12,2024-04-06,APAC
d0bc2c21-af94-419a-851c-70cf40901664,450,261,4,1621.27,2024-10-21,US
387228d5-0ae7-4fef-bdaf-313bbcbcf363,639,401,9,4496.68,2024-09-24,US
3f8d2138-c58c-44ee-87a0-c9b72d6f15a1,906,238,4,286.94,2024-03-14,APAC
a15881f6-3a31-4be3-9f79-1615d6ced1b5,914,448,4,1669.61,2024-11-14,APAC
177c4848-1be1-4467-8572-66fa74717024,112,412,2,285.92,2024-06-17,EU
b559a55e-86a8-4204-807b-8e1acf9cadf3,754,344,4,943.17,2025-03-28,US
667cc7b0-8a89-4433-aab2-cddaf67bb393,307,242,7,2816.39,2025-01-28,APAC
b7b02e06-d49a-49ed-907c-58e98cf7f3e0,382,177,5,1282.53,2024-11-29,EU
bf06bf6b-6a2f-4f0d-9390-b6136f86d9eb,645,301,3,241.32,2024-10-10,EU
415c024b-078a-46b9-add2-1043af882ffc,409,70,9,4146.86,2024-08-25,US
a4ec30ca-8dbb-45bd-b505-0d2322c2f536,751,136,10,2181.56,2024-05-15,EU
b5f985a5-6373-4da7-8a12-61d0de6f546a,912,160,5,301.23,2024-05-05,EU
59034d59-70ab-4cf5-812a-86c08ceee2d5,655,421,10,3189.74,2024-04-15,US
ff5b903b-dcf5-429a-825a-87cefa557d70,751,64,,139.25,2025-01-16,US
7fa763e2-5278-4ca7-ae6b-73e5b3eec410,593,447,5,1934.73,2024-04-13,US
a81af12f-b86e-433b-8a3e-17bef8ccc462,761,167,9,1663.81,2024-08-20,APAC
ac45e8bd-f498-47dd-a6f8-642cdf002fc2,303,487,5,1339.5,2024-02-11,US
16a30c30-4e61-435f-8896-93b209be9a1e,768,66,4,1197.0,2024-08-14,US
182b83f6-a5cd-44fc-88e7-23e1014206f1,908,463,2,357.16,2025-04-02,US
da49dda4-d9d0-4a4e-bf2b-ceccd8919761,419,218,10,4268.23,2025-03-24,APAC
ca7ff9f9-93cb-4c52-8fa7-fbcf1719945c,812,99,5,1506.56,2025-03-04,EU
8bfd1d82-d632-4a98-9519-e0094a609cce,119,203,2,781.91,2025-06-13,EU
22ec2e47-62c8-4233-a6b9-464f46cff781,270,26,2,342.18,2024-10-03,US
c5092c8e-9eee-48fb-b784-3940a4213626,827,425,6,1942.42,2025-02-24,APAC
42df9cc0-2482-4b40-89bd-332b5df42c26,280,96,4,275.99,2024-10-15,EU
10f99760-ae3b-4af3-bc17-d57298c8a2ca,822,165,9,561.28,2024-08-25,APAC
f9ba3dd6-0409-4148-8aa6-48a038135b9e,338,420,2,566.7,2024-03-07,US
8ed11d0d-6566-4fbe-9ca8-e5c6a4c33d41,17,37,2,920.24,2024-04-18,US
11fa5fc8-eaa7-4307-af92-fdce783e39c6,937,165,1,436.76,2024-04-10,APAC
5f528ab7-9792-4fd9-b7a6-fe64d6ad47d3,709,223,1,469.19,2024-06-17,EU
838b4c8b-d9e8-4d7d-aace-6e315057aa03,684,106,1,444.27,2024-07-02,APAC
798ccd21-6c07-433c-b98f-376ac79daa5c,563,73,9,652.25,2024-11-15,US
31a673c6-25fe-4360-b5aa-1f4afa35b03d,20,381,2,144.98,2024-01-10,US
d771b63d-1619-49e6-8bc2-8f537d63b747,196,35,8,750.45,2024-07-05,US
3db75456-f194-42d4-9ef0-68671fa9eb75,143,95,1,354.49,2024-05-30,US
bae2c977-d37f-40a6-bc1d-39c2a7d7bc12,199,150,10,4889.9,2024-12-30,APAC
3a98e892-6fd1-48d6-87a9-e2b98626e8da,323,80,2,173.24,2024-09-22,EU
17830782-a8d9-48ab-88b6-b93e734f9684,868,117,8,2175.86,2024-06-29,US
126ac7e1-c27a-4b8c-a76e-287bde2cee90,939,269,5,447.65,2024-12-26,EU
cd170d6f-7af3-4545-90a8-9462d90b9939,722,59,4,1942.17,2024-12-10,US
488e2e5e-48db-446e-9cd8-a9bbec5fe440,916,413,10,1377.3,2024-07-23,US
e2678273-0c6e-42ff-a3a5-30d57770336d,821,109,6,595.14,2024-11-26,APAC
d211f6a1-ebbc-40a5-bcce-453a332c9eef,626,268,8,1446.57,2024-10-01,APAC
50fbda69-bcac-44e1-80db-09c00bf600d1,703,414,10,2421.65,2025-04-11,US
51c4e3ad-3176-4f6d-bca4-7bf6dbca9a46,122,162,9,2951.86,2025-03-06,APAC
37ba5bf7-4e8e-43de-9d36-a1798b120be8,984,235,6,2361.29,2024-12-04,US
47959b41-be0f-4926-9f5b-a8457649b5ae,434,348,,373.43,2024-11-30,US
2be35ce4-29a7-4b02-8273-d84628f3a2e4,106,460,4,641.45,2024-05-22,APAC
ef084a3d-199e-4f8e-8d58-520d5d56b0f8,566,81,3,908.05,2024-10-26,EU
304387b3-c132-481a-9d99-caa6193c5ffe,609,387,2,191.77,2025-03-10,APAC
625cebf1-290f-4628-95ce-ebf878d5850f,120,149,5,1851.72,2024-12-18,EU
ac39c2a7-e4bc-4c2a-b195-f346d30371c1,662,88,7,523.08,2024-11-05,APAC
9da894fb-d3a4-4327-bd8c-96849c8e0328,845,382,4,1206.59,2025-01-04,EU
4b0f2c92-4e8b-4051-a394-9cd0dfc926ec,282,396,9,1096.88,2024-10-25,APAC
3a6da2ba-ad4e-4637-bcef-1946956f2247,352,476,10,4040.11,2024-08-28,US
fe1a9565-c365-49f9-a0ea-45a3ffc17354,989,492,2,264.17,2024-05-01,APAC
5d50f793-13ca-4146-9612-f40d1a1d8497,400,469,,246.51,2025-06-20,US
21b2ff81-2d57-4cc3-9aec-0329b0463459,943,217,5,170.05,2025-01-02,US
58f760c3-cf42-487f-b6be-74ebdc140bc8,602,46,5,473.67,2025-01-19,EU
752f5bb0-7d67-4b13-bf32-09b7a202f679,912,363,3,1083.15,2024-07-31,EU
8265bbe3-a072-4f5a-9e52-4ec2f177b557,480,53,10,867.34,2024-09-09,APAC
9715d82e-02f5-44ba-becf-b2b92ab7d9e6,826,100,7,812.72,2025-06-11,US
f9b39e36-33fc-40c5-9777-b46b1636020a,576,435,1,417.25,2025-04-27,US
760002bd-dbe8-4f86-95c7-302d40340774,813,299,8,2953.51,2024-01-05,EU
c7bcb6fe-745b-4dce-9e34-bc571fbca687,273,212,1,425.83,2024-04-20,EU
d3f72cf2-e4ae-4a02-bbae-50df8b14f05e,148,308,6,841.44,2024-11-09,US
687cdc68-1777-473b-99ab-0a1090730563,627,334,7,1614.04,2024-05-27,APAC
32eedc7e-09bf-4691-8e33-008c6f554f5e,923,93,9,875.42,2024-07-05,APAC
e9f9d874-dc5b-493f-9d46-a07a63ff0a55,784,304,9,805.28,2024-12-21,APAC
e4eae9e5-3a39-4537-aebb-cd07a5a96361,970,337,1,233.15,2024-06-21,EU
8502d273-5032-4bc9-b60e-02825e0f3bc1,215,53,4,1039.05,2025-05-07,US
4dcd7e34-1f35-4678-8d2c-39acdda30427,278,416,4,46.53,2025-03-28,EU
1599026d-8925-47fb-b323-cf4caac7989d,641,83,10,2838.62,2024-06-12,US
e6fc33b3-8ab4-4695-8713-bfb5d6cd9fe3,33,365,3,1433.36,2024-06-18,US
be9b741a-9cbe-47b4-86f7-f8c6fab34af2,5,71,7,538.87,2024-06-07,APAC
aab28ca6-332a-431a-b4c4-e851a8b36ed2,971,429,1,270.58,2025-04-17,US
451405fc-2b4f-4eef-b3c6-ee20c49c739e,684,493,1,42.72,2024-04-09,APAC
27c6227b-33a1-4c0a-b551-bb8ede27c3db,131,116,10,2789.11,2025-01-05,EU
10049e78-8e8e-485b-89ea-2af41876c505,941,261,6,339.88,2024-12-25,US
9b511f48-6292-4803-83c9-f7cadf272dde,939,256,3,1274.03,2024-12-11,APAC
e98e485f-1948-41d4-a304-0751ddf08e99,617,120,4,1493.76,2025-02-17,US
ea25de28-5580-4711-8429-5ddb535ebfcc,370,54,6,972.45,2025-04-20,APAC
6e0b0205-63d5-4eb8-9506-9ce4f99e700f,315,314,8,137.81,2025-05-04,EU
dbff3c81-43c9-41a4-9519-27751b7cd74d,943,22,1,170.85,2024-03-30,APAC
f4149a51-29e2-4b4a-ad49-d6f1c5dab8b9,701,487,10,1839.2,2025-04-07,US
446f5fdd-68a1-4ef6-a8db-660d1aa55928,814,473,4,67.77,2024-03-17,APAC
32acab29-f184-4b15-9920-bd9c5884ebff,244,166,5,659.93,2025-03-25,US
88a4a1e1-450f-41bd-88ba-21f346827e3c,383,109,10,155.4,2024-12-21,EU
ce146b91-c4d7-4648-a3e3-fd8790206102,906,114,6,1225.64,2025-06-05,US
d2803b0b-51a9-4fe7-bbba-33325880f99e,902,122,1,406.69,2024-05-31,US
0f1be417-22fb-4ae8-9f83-ab24dd83a041,125,298,10,2145.57,2024-03-01,US
b44f3450-f38a-463d-b954-22678b4be825,336,205,9,1749.77,2024-07-26,EU
5bdb87b2-701c-4145-b7df-e9251c95cc04,97,452,8,1712.38,2024-03-19,EU
9fd3ed11-d3eb-47f0-8b6e-cd05b6951878,392,22,7,1516.27,2024-09-15,US
d823b4d0-3a0b-43e0-8c88-574ed7e98c00,870,420,2,42.01,2024-01-02,EU
4ab9dd0d-762e-404f-b31a-b3872b68ee2c,279,175,6,1895.25,2024-11-24,EU
7b4a11f6-8d18-4485-89c4-28404fa32aa9,99,445,5,1111.12,2025-01-14,APAC
ec89bc0b-956f-438e-9019-c0cade53c77b,50,374,7,1272.1,2024-03-17,APAC
c1ab3c6e-1d01-483e-9778-a540cc2ca4ae,97,175,6,1118.71,2025-03-25,EU
118505b5-ccd9-4838-8d31-1dac4a16de9f,599,187,7,3354.08,2025-06-27,APAC
e50055f7-7771-4aef-8f0a-78cd3d84e6eb,270,71,1,388.71,2024-06-15,EU
2d4734c7-bb72-4b85-be44-d203dfd43aaa,837,95,3,1408.55,2024-10-15,EU
dbfb80d1-5d63-4f11-a515-52984f5d3c9b,186,80,9,1699.96,2025-01-17,APAC
0449bd7a-c407-4009-971f-815a9e386d2b,930,281,2,176.45,2025-03-15,APAC
8ea3435f-5177-415c-9630-cad7ec699e7b,300,488,2,479.45,2024-08-04,APAC
c76ea038-fbc0-447b-b6f0-6cb9651ab03e,654,329,4,1667.97,2025-05-16,APAC
2665a9d5-05be-4936-8f1d-284a7a140904,276,104,8,370.28,2025-02-20,US
a4b9653f-0417-42bf-9f17-a18d02868faf,529,265,6,2837.66,2024-06-18,US
0f659990-1e38-4cb8-a40e-f209f5250ee1,281,153,3,1097.21,2025-05-11,US
2beb7d03-bc1b-4726-b8ad-3218d5bd288f,119,271,7,810.92,2024-05-18,EU
bf9bbe9f-26cb-4afe-aeb1-0fc6535ef0e9,438,216,,385.35,2025-02-14,EU
485ea743-2e9e-4726-91ed-558bf1f646ad,633,186,7,3452.2,2024-11-18,US
777adafa-1614-42b3-a9c8-2652ece238c2,6,432,10,3899.35,2025-03-30,US
79fefe19-5649-4b8b-8555-c4fef8dac92f,782,82,1,325.7,2024-12-04,US
3317cbf7-0e28-4b77-81d0-273648b016f2,659,460,4,929.7,2024-12-11,APAC
43665eae-f583-4f0d-9c23-ef02de0aa61b,251,488,7,1021.22,2024-10-18,EU
3ecd4de6-3326-46ff-a88d-1ae5999e9da2,15,27,8,3687.9,2024-08-27,APAC
3e3f5b05-345c-48df-9b3c-1e5ac518a680,140,456,4,459.8,2024-08-06,US
64720ff9-8f75-4c52-a26b-82f9def68867,867,29,1,358.33,2024-03-27,APAC
2f1bde77-da04-4ec7-a469-c82590f9546d,167,196,1,120.99,2024-03-25,EU
938d661c-4f08-4039-bedb-04c9e46608f9,551,374,4,706.56,2024-10-01,US
b2719b5c-6c91-407e-aeee-1c698581ed7a,146,166,1,68.71,2025-03-12,APAC
82c9d8fd-294e-46a7-bc93-5f66396c7346,266,131,3,188.31,2025-06-24,US
5add9274-7dba-4338-9dc1-4f298034c33d,192,26,3,1118.09,2025-06-13,EU
ed0118e8-e2e8-44c7-947a-36ff691a6c29,312,209,7,549.62,2024-04-21,EU
e819f1ec-e3f3-4a9c-b946-e3eb7e0e0a58,886,101,3,608.29,2025-06-19,APAC
d28a1813-71ae-40db-912c-33c103d9c677,991,216,4,1513.38,2025-01-29,US
0f9e00f3-293c-4791-9fa8-707dffbd7d5e,810,450,,476.99,2024-11-13,EU
8a683b99-d4a6-4d03-8dd0-c5225d4ea6f0,823,433,8,1381.44,2024-11-25,APAC
c0ead6a6-fffc-471d-a7bf-310bf859ccde,593,285,6,2816.24,2025-05-19,EU
e343b9d3-4b61-4672-a0ec-ac3343df741b,108,113,10,2645.59,2024-02-15,US
687e0c87-0294-4cc9-a8ac-f39ffee6e7be,27,234,8,1608.46,2024-04-16,US
82d2f584-d365-48de-a621-ae12a7e9ee21,1000,452,5,1820.18,2024-03-29,APAC
d5895184-c3ff-4e59-8bf6-b1a5ba5cafa8,563,420,9,510.57,2025-05-29,APAC
011ff646-ae0c-4071-9b62-cb5409f9f578,793,303,10,1265.81,2024-06-20,EU
9e2d5561-520d-4b7a-a5aa-32cf9c8684d9,941,135,6,2797.47,2024-06-01,US
acb6396e-4389-44a5-864e-f78569875ac0,567,476,5,332.27,2024-09-13,APAC
265548b0-e944-498c-adba-f36a7a34375e,871,243,10,2355.96,2024-03-31,US
4d940773-0dd9-4d66-9e95-439425e028a5,127,353,2,364.56,2024-03-19,US
a401a1dd-7bf8-4e58-96c7-8c7bcfecb54c,402,94,7,123.17,2024-08-31,US
268f5cc0-57b7-4363-baf8-13592a1be1a4,78,422,6,477.57,2025-02-08,US
ed0d5bc3-11fa-4253-8984-e1e0ca605e92,801,150,1,494.31,2025-03-04,APAC
a32927e7-2749-4c2e-9080-5807ed07803c,321,246,8,3437.86,2024-06-03,APAC
98d6c054-d37e-40c5-a6e1-190399107ff7,72,280,8,1046.17,2025-05-06,US
c0d17113-1b91-4840-99cd-0944c7e58fab,340,160,5,232.23,2024-04-12,EU
ce246d79-b90c-4615-a333-0fd64f08e98f,35,15,5,908.14,2024-12-21,APAC
fdd19f95-1f88-4686-93bd-166b7801f3b6,561,474,9,387.89,2024-06-03,US
88f53e3a-bb80-477c-a904-998a8cfa52bd,284,360,10,4212.16,2025-05-30,APAC
76dde7b9-ee13-49ba-ad9f-a67a632be6ad,689,475,5,2127.93,2025-01-31,EU
d6c6ea8f-7b4e-47fe-b8d9-247812941dc1,729,106,6,1562.91,2025-07-01,US
2f31a809-94d2-45fc-89a8-a3cdce6afdff,976,435,9,664.68,2024-11-28,APAC
7da50f2a-0098-490d-b3cd-46b8b388fbb0,194,282,5,1440.37,2024-09-26,APAC
aa55683f-138e-44dc-a03e-34afa21e81a5,297,452,1,281.65,2025-06-04,APAC
0905e72f-f80b-44cd-b632-772ba3662a98,725,110,2,887.37,2025-05-01,US
12ee9ade-c4d4-4e56-a393-edba4a7d4daa,244,162,6,1886.48,2024-06-04,EU
f2b797f3-3031-468d-9a8b-c57ccdbe005f,92,225,9,1663.53,2024-10-06,EU
a42d5430-c579-4fae-8337-103ce642ec33,599,298,2,884.97,2024-06-19,US
d0fe79fe-5480-4b13-8557-c7f1cb0484ce,725,282,1,389.42,2024-07-31,US
e932760b-bb20-4351-92b3-2815aee7c2a1,472,142,1,31.87,2024-12-16,EU
84b225fe-678d-41ba-b4c7-4fc17db68f3f,252,429,10,4645.84,2024-11-10,EU
af9b1c5a-7dfd-4bf8-b6e2-6bd4ee9cdd99,316,350,8,1423.17,2025-03-10,US
67e8358e-6b5d-4d5f-b23e-0f54614e8912,805,87,4,1522.78,2025-04-04,EU
31983d04-5f7a-4c7a-ade1-f08087bdc2f8,418,347,5,941.2,2025-06-15,APAC
c23905ba-f1ee-4721-9914-6c520d195565,634,81,4,1306.13,2025-02-16,US
2e13241c-f848-4f42-b0b4-173b0e9f5a5e,751,111,7,845.25,2024-09-07,APAC
22697311-1870-4c30-a1f5-9f6141d4a404,109,23,10,1089.77,2025-02-11,US
38143660-482a-4f76-8e42-9ed5a2474801,890,287,8,3320.16,2024-11-29,APAC
d9ee3a99-d4e7-43fc-bd48-256efc111966,857,187,1,405.04,2024-03-07,APAC
de418f34-db6a-4cd0-8ce6-21c758dd6c92,907,381,1,417.7,2024-12-10,EU
39509d09-0863-4046-93de-45af88a907d4,996,196,8,3016.31,2024-08-31,EU
c983f627-730c-481b-8b10-c8902ff5f3d2,208,188,6,2799.0,2024-07-28,EU
0046b234-751b-435b-b5de-3b22352bd741,242,437,8,482.81,2025-03-22,EU
86c1e50b-e405-4eaa-be58-fdfa38dd6dd8,849,452,3,759.97,2024-03-01,APAC
633afa5c-df43-4057-b031-9b8d6200917f,184,411,5,953.25,2025-03-10,APAC
4c85927c-d796-4f5e-a9b7-6cade881191e,651,140,1,316.72,2024-05-30,APAC
f6983888-13e6-4e62-8bd0-d3a6a86f7747,904,367,2,276.31,2025-06-25,EU
45f34d56-be92-4199-b740-e4ef22033a61,551,163,9,1465.7,2024-01-18,EU
83520e0a-fd20-4688-b2b8-66c8aea3f73e,810,289,9,1004.68,2025-06-20,APAC
bd609629-0b41-4d4f-8ce2-aae495418316,398,265,3,109.57,2024-08-12,APAC
75638077-1649-494e-bd87-57e77a09c25f,559,462,1,11.59,2024-04-11,APAC
4cb25309-6260-47bf-b658-9377ef926098,192,153,5,1779.84,2024-07-08,APAC
340e4cc9-d575-4761-9e02-176a42cb6997,712,479,2,399.89,2025-04-18,EU
0abbc879-0d24-416f-9e37-af8ab57d9e63,534,160,9,506.16,2024-05-06,APAC
a70e51ba-69a1-43aa-9e96-5cdc62853738,730,246,9,4459.41,2025-01-15,APAC
e1f5e483-55e7-4c9a-8b30-f711518b5426,858,300,6,374.24,2025-02-16,EU
83f874fd-dad8-4ac9-9e5d-535b89cb45c3,749,340,3,88.17,2025-06-27,US
bb47e827-8aee-4367-96ae-b32234117d04,888,252,7,1685.05,2024-08-03,APAC
1de58ed6-1f26-4ca1-98ef-2370f35958ad,68,453,6,746.2,2024-02-23,EU
1e5a9b8a-9d1d-4b5f-b9a8-b60984f6f448,91,441,7,827.69,2024-07-11,EU
13e83e75-1088-4e2f-90b2-8fecca54b260,110,319,3,123.52,2025-01-29,EU
52c70a64-f7db-430d-91b9-c74a0f224f16,306,301,3,975.5,2024-01-04,US
e2586ae7-6044-467b-a711-7d422453ab79,220,152,3,202.31,2025-04-01,US
5ef0d93c-ca9e-4b37-87d5-f743ae7bf743,489,255,7,2280.98,2024-12-01,US
f56c44dd-b405-4a01-a96c-df9f8d04ade8,809,469,5,741.05,2025-06-23,APAC
d8f61a28-08cf-495d-87e4-b3cd081940b4,668,74,8,487.82,2024-12-13,APAC
d53f8e69-0f8b-4cc9-bfae-da83c6fae4c4,889,210,7,409.04,2024-01-17,APAC
21551c22-b69f-47ec-ab0e-0bd516985ae2,646,444,8,3017.27,2025-04-19,US
2c994b99-f208-474a-944d-5e27711068c1,919,128,5,2272.48,2024-07-20,EU
828200d3-5f8b-4153-9c12-390a25ccddb1,543,179,7,127.84,2024-01-27,APAC
29cda299-7c70-4a7b-a8aa-064aa006393d,856,327,9,1374.26,2024-06-30,US
f004459e-afcf-4e9c-9c55-fe6a9ca728a4,949,450,10,779.16,2025-02-11,APAC
a9f58272-3c8a-4aef-b71c-6e22bd7fd075,876,109,8,2191.71,2024-10-27,EU
3e71e692-125e-48fd-bb93-045cee359c75,698,284,2,34.17,2024-08-02,EU
7efc68b5-9651-4e28-bbf9-1b7059ffb788,39,418,2,93.46,2025-01-16,EU
7103ce0d-f85a-4943-8fb7-6cb9d79c680b,528,235,7,1412.88,2025-06-30,APAC
17d37ddb-df1b-45df-9861-fc0faf7b9a92,725,231,5,1325.97,2024-01-03,EU
57c40ce0-8f06-49e2-ab96-c7552977ce1d,345,158,6,794.22,2024-03-23,EU
316c3541-f3e4-4de7-b64c-ba56853a4dcd,31,136,4,767.01,2024-02-06,APAC
206650a7-fa30-44e4-80a5-0d0f321d15f1,326,230,7,2476.16,2025-06-30,EU
19a10a94-1c15-4f15-9573-7b0723ffb4d7,202,491,3,862.53,2025-03-02,US
54b12083-1dc7-4dd6-97b7-a609b6a8f082,164,368,1,61.92,2025-03-14,EU
05c61e9b-16a1-4913-b480-2343dd346e8f,556,43,4,750.02,2024-10-19,US
02adf47c-00ba-4986-814a-02b1737305f0,226,339,5,1275.92,2024-07-30,EU
9c71a0eb-d42d-468c-a4fb-907b9b65eacd,550,255,6,1819.25,2024-12-26,EU
c2f96323-1519-4b5c-a55f-432cec0661fb,429,290,10,2198.22,2025-05-02,APAC
115dce68-2585-4e95-8b5e-062d9fcdd7a4,999,244,3,779.2,2025-01-30,APAC
221ab103-5d19-4d33-af29-055ee6ff398d,862,286,10,2783.68,2024-12-05,US
66638d52-2f7f-40e5-82ab-767612f9a66a,487,70,6,120.04,2024-12-30,APAC
e84052ab-d0c4-4da9-ab82-ace14851529a,12,29,3,122.55,2024-08-11,US
11dddcd0-4939-4f09-9400-9e3989f24f00,798,321,9,549.66,2025-05-23,US
4f97b3e6-4ee7-4cd6-ae69-a87597136024,481,46,10,1880.7,2024-10-03,EU
4da4c9e6-8086-4fb4-b55d-d75660a3887a,418,361,10,4644.43,2024-02-18,US
400a5278-8710-4d99-bfcb-012c5275d374,827,406,6,1755.97,2024-03-08,EU
3d9ec7e9-ef6e-4f07-8356-d9ed63365b10,116,450,6,1576.26,2024-09-22,EU
89dbd3a7-cd6d-4348-92c7-c98e4aec3527,306,287,2,304.06,2024-05-22,US
7432fbb1-6ac0-425a-87f3-1ac095433a91,326,116,3,1271.24,2024-06-18,APAC
94e6715e-26f3-4e3b-8865-f7264c879f62,495,278,3,908.3,2024-12-21,US
c58bec8c-c344-4a24-8d7b-65bc74b377ce,67,244,6,1351.17,2025-06-06,US
3c593156-2450-4c9f-a968-6c31b5db21e8,451,149,10,2395.3,2024-05-17,APAC
2f975d5f-bb17-46b1-b7ff-d90912c40de8,590,451,7,1112.28,2024-04-01,EU
ea292dc7-12ac-4a50-ae3e-9d3ec9d92887,50,265,1,68.68,2025-01-14,APAC
1da251c7-3d14-4f5b-b677-a7400eee4e20,155,201,6,388.52,2024-06-18,APAC
1a33d386-6010-49a1-bb45-58cd05a8b3b0,404,431,3,570.16,2024-06-21,APAC
0108ed34-c32a-4a29-aba8-1679c9b47b47,264,97,10,2988.87,2025-05-20,US
7b0dce7e-8f80-4d91-b202-7acb82ddfe9b,900,484,2,509.75,2025-04-03,US
ca25f988-76b6-4d27-85e1-2bd772b4b041,894,488,6,2970.51,2025-06-18,EU
74fcf543-8cf2-4260-ad3a-7bfaa45578c3,264,282,,306.27,2025-01-12,APAC
57e92f04-e4b9-41f2-a53a-041c060b8d84,317,14,8,2438.39,2025-06-08,EU
16db4fea-91f9-40b7-a202-3a07bf6815d5,817,255,1,321.09,2024-02-02,APAC
935b1fad-78ee-48cc-b73c-f6411deaa571,996,215,4,864.84,2025-03-19,APAC
a7591ecb-fef5-4c8a-bd5d-997d0ed81960,570,79,2,410.53,2025-02-01,APAC
0f97ec99-86c9-4e55-ad3f-4207b7abe5e9,496,441,5,298.15,2024-11-05,APAC
64ea73b8-78a6-4021-9d1a-0dadcfca4fba,314,307,10,4391.45,2024-05-14,APAC
a7c90dd0-d3ab-48b8-a80b-2d7beabecdbf,450,353,2,219.85,2024-04-05,EU
e96db3df-2959-4a55-8704-aeab78a5291e,451,196,7,2235.8,2025-02-07,US
3243cc0b-47b1-449a-a959-7415a9168b76,487,389,1,317.29,2024-04-03,APAC
7fbb1d13-f1d1-4b6d-9c74-dfad329e2dbc,511,446,5,1426.35,2024-04-07,EU
fc3dc447-f87a-4c23-949f-1099de89cde7,578,80,9,894.67,2024-08-19,APAC
685211e5-0d0a-403c-af40-ecd8bb041de0,450,486,4,172.24,2024-08-04,US
834b1e63-dd09-46cb-bedd-c09ea1515842,364,150,9,3940.04,2024-08-06,US
0c7c9776-101d-4b11-830a-edacc79ca9c8,54,335,3,615.04,2024-12-08,APAC
8a14623a-d065-4794-b074-1a064344e067,608,457,3,315.93,2024-10-13,APAC
1043bebd-03ee-438f-9593-4b8e595c0b76,189,451,7,2057.54,2024-10-07,US
c3e1c0c4-e43d-4e8d-98bd-badcf4c225c6,328,350,2,200.9,2024-10-13,US
e729ae2f-f71f-460e-84dd-e4bd920f5eb2,767,276,4,587.45,2024-07-20,EU
fe802e1b-1445-4a77-a33a-0ab324647697,360,245,5,1945.94,2024-07-30,EU
4895651a-134a-4992-abf6-343354772cc8,904,274,10,4670.52,2024-11-07,EU
9ee46510-16d3-4d62-a9b5-f3365722bcae,545,234,4,1023.81,2024-04-25,EU
b5f64644-79b9-4179-b2d2-133f673be83f,131,311,3,410.07,2024-05-31,EU
a3d280f4-596c-48f5-9b1a-78fefd9ede01,857,34,1,54.68,2024-10-09,EU
dd76797b-8497-45b2-8881-27c2890c95cf,499,488,6,874.14,2024-01-04,US
9c2b2861-c4c8-4ba5-b942-86d3888ee90e,771,483,10,1738.39,2024-04-16,EU
1d87bf13-4059-4f6b-8432-3cd32675c4f0,788,76,4,1898.43,2024-11-13,APAC
b373efde-2159-41ce-a346-e921ba06cc4e,219,451,1,124.32,2025-02-13,US
350bda0e-b9ad-409a-991b-e1c4f3edc4c6,222,424,2,756.15,2024-09-29,US
99835ad0-a74f-435c-9e2b-37f9eda5118e,504,168,4,240.26,2024-04-02,US
6bb49a77-2820-458e-b908-a836a32aaa9c,363,157,1,381.67,2025-01-03,APAC
2d27dd12-b0c3-46b1-8b37-1e32acce5755,910,299,3,1184.92,2024-09-28,APAC
9b0f468c-ce24-4223-836d-a84ce7e4ebfe,889,150,6,271.78,2024-08-03,EU
d44eebc3-de6c-43e9-aa2d-b0976a9d5f6f,924,128,10,1460.16,2024-01-04,US
70822a1f-c731-4730-b50c-90aa0736bf03,64,446,4,1918.22,2024-03-05,APAC
d2d5dc7e-b1b1-49f9-a478-cd64735d3cfa,132,402,10,4365.99,2025-01-23,EU
bbc84127-4526-4ca5-80ee-b357bf79bd30,983,80,6,1839.23,2025-03-07,US
e8015c12-b059-4eef-a971-707ac5b96e5a,86,491,10,1988.8,2024-11-26,US
f5f732f8-d0e5-41f8-8cbb-973391527089,969,168,10,2090.22,2025-02-23,EU
ae60fa3a-1a9c-4e3f-b0f0-67be2375b6ee,864,444,2,993.51,2024-08-15,EU
dd7195a2-79df-4198-a7ac-6fd165d782ab,673,163,2,282.15,2024-01-22,US
761ec39b-f2ff-428a-b86d-3f45566b8cf7,378,134,10,4645.69,2024-03-27,US
3507a6ad-4b91-46cb-8b5e-cc5ee192b2e9,219,220,10,346.91,2024-02-09,APAC
5b08a912-2617-492c-a45a-e496be4cd1ee,680,304,9,737.32,2024-01-01,US
f75ccb46-b2ec-4cd0-a191-8d224a4d85f6,397,90,2,254.38,2025-01-24,APAC
bd700095-1fa5-4718-b36a-87e2b88578a7,232,5,6,1354.1,2025-01-11,US
a7ebdea2-ce90-4b82-856c-d698689fc884,557,411,9,3878.16,2025-05-11,EU
6f7482f7-b677-473f-92bf-d7717047e2d4,410,161,5,229.52,2024-08-19,EU
6f728241-4246-4f4c-beb8-3ff625318b21,384,245,5,1829.31,2025-02-27,EU
b64d8583-1991-4b36-b503-05466e449fa7,114,268,9,473.67,2024-01-28,APAC
f80fa50b-f1be-4c30-b9f6-b398737e7807,602,87,10,178.02,2024-08-16,APAC
55e90b93-88ed-44d7-9025-94df50309ff4,640,463,10,1657.62,2024-01-02,EU
6b1f6f4e-e191-4e27-94f4-e5532ed00e20,486,56,10,1403.59,2024-12-07,US
21378a9f-9167-48bb-8dda-75760f70a21a,768,294,,161.17,2024-08-19,EU
dad7d3ac-c223-4c22-b7bc-2b09b7a3a54c,762,430,8,2826.88,2025-01-02,APAC
88a0e44e-0226-4621-aab3-8b951029159a,195,285,5,1594.11,2024-01-20,APAC
6e0dcddb-dcc6-4cdf-aba9-c9e9478c9133,371,496,1,26.58,2024-08-21,APAC
5c88db38-309d-44df-9e88-b5dc52629ed4,627,304,7,1611.34,2025-03-03,EU
c5a352c0-f203-483a-97c3-20208d970919,581,457,6,2429.08,2024-11-16,EU
1d525f5b-1a90-498e-b44e-4d623c89db8e,538,345,5,1713.62,2024-04-30,APAC
648e68df-dac3-4c9f-a5bd-88a5a404bd6e,627,480,,139.52,2025-05-24,US
3af9de83-d273-4745-a4e8-3d1e73107a3f,586,457,9,3103.42,2024-07-17,EU
71b15f35-a39a-43d2-8904-901261149b59,476,333,6,2878.37,2025-05-07,APAC
6d1d7aab-bb3e-48b6-83c0-1f8e098af77e,568,287,8,3748.36,2024-09-01,APAC
dabd421c-dc6f-4684-98d2-a71c059f8c34,976,418,5,851.12,2025-05-31,APAC
41aff486-4452-46f6-a919-26b6ec38e240,678,160,10,4059.11,2024-04-30,EU
c0f04773-7b31-41c7-b79c-d9119200d16a,97,443,2,770.96,2025-01-08,EU
200de4ac-9030-4d0b-a401-59d83533ed24,76,309,8,3187.26,2025-04-18,EU
14bbbbfb-5cfd-40c4-8de2-9133f35a8afc,791,281,3,490.5,2025-04-18,EU
b498b904-c6ae-4a65-b381-fa06feee7f10,670,111,10,3862.99,2024-08-27,APAC
70a82e8a-e050-4dee-ab61-bfb34f9c6f56,457,22,5,1019.03,2024-11-28,EU
ab747ae4-e973-434f-9435-6bb4f13ba565,607,140,8,3429.32,2024-08-18,US
8c3d9ff2-b54d-41e9-92bd-4cc18bb42180,561,29,8,1804.13,2024-01-26,US
079ebe2d-5c34-41a5-8586-1b5834329fb6,955,224,6,2978.94,2024-11-04,APAC
0fe54d8d-7274-4cbe-bd18-9063a703bd85,351,13,,434.99,2025-06-06,APAC
f4ca46f1-549e-49e0-bec5-f0f3785a8832,763,85,4,526.24,2025-02-03,US
d0be4fb9-d59e-43de-9df4-50285b608bc5,229,372,4,985.53,2024-12-30,APAC
eafb98e9-41da-465b-87c7-890a06141b4f,608,251,2,747.95,2025-06-21,EU
4138a25f-decc-4268-833a-3cedf2b7a5e6,411,92,1,12.79,2025-02-18,US
3812aeaa-1fdf-40cc-acb4-638d5fe49667,955,277,8,865.3,2024-05-01,EU
a816fa2f-6359-47f5-b5c8-dd2eb3b8a409,98,42,2,489.02,2024-01-21,APAC
21248aa0-ee8e-4962-bf6e-f16a66717ae0,10,450,5,2123.91,2024-12-13,US
2b60019e-a281-49e5-92f1-44fed79f5189,219,251,2,699.99,2025-03-04,APAC
b62a3097-69c4-47b9-a1b8-441b65b8074f,956,326,5,1344.86,2025-01-06,APAC
6bfd7f20-685a-4728-9dee-ff92df3ec1da,852,365,6,2171.36,2024-09-28,US
8a29c4b2-7909-404c-a37f-11fe5d7c2658,54,368,2,170.23,2024-04-26,EU
929834c5-ed1d-41f7-9d97-1ce8ea324986,860,359,6,1046.21,2024-11-25,APAC
944653e6-ce15-40ac-95bf-2aa9df764b40,754,54,9,595.46,2024-09-21,APAC
279a936b-f785-49ac-82bb-42847120303d,327,422,9,2404.43,2025-05-10,APAC
62120314-cac5-416c-bc81-0490d1559638,848,452,6,79.39,2024-05-02,APAC
e1da5478-ad99-4a07-97c6-bf981c5e69c8,562,174,7,518.28,2024-12-01,APAC
e7e383a9-8cb6-4ad3-9eda-fdd0e9ac5b15,384,27,7,2284.57,2024-05-08,US
7352fac3-501c-4865-b3d4-f18d859ef0ce,983,91,6,2783.39,2024-12-10,EU
fe152348-00c8-426c-9b06-d6258fb19d64,404,85,2,247.67,2024-07-14,EU
e9ef26c6-55d2-44b2-a4af-b15bfc24e645,669,57,5,1200.25,2025-06-29,EU
fea7ad7d-2f88-490b-bbef-7651ba806f2a,159,87,1,54.38,2025-01-11,APAC
3129f19a-c8dc-4805-8cc9-d10a6ce59d56,103,437,7,1621.84,2024-10-22,APAC
73f1760e-ee5b-4f00-87b7-c38e896e4dc3,815,220,1,359.37,2024-07-18,US
ae2c10f9-3f18-4880-b7e8-4bb7c1908f1d,869,37,4,1592.81,2024-11-04,EU
e81222b3-c9cb-4c7a-bd2c-6dcdffcdd55b,382,427,2,354.6,2024-07-18,EU
a3f408c2-489a-48dc-9226-864c59cca58a,896,240,9,972.87,2025-04-19,US
5e870539-ef23-4982-802a-fab8f195e54c,186,221,6,1918.14,2024-11-04,EU
a5e50459-b2e6-4a7c-92be-151bc6a374c9,489,312,4,185.82,2024-01-27,EU
0c788177-0219-4b4e-9e55-7329152175f3,614,383,8,706.5,2024-05-09,EU
a17445f4-cbf8-41eb-aea1-21e4023c5d50,775,134,4,518.7,2025-02-16,US
4adaaf04-eefe-4dea-b428-7ad66f8ea759,669,355,6,906.4,2024-02-27,EU
7e17ddcf-9c4f-4ee4-9051-80ac79a98a42,58,411,10,3934.04,2024-04-25,APAC
e13f9d5e-3e90-49e0-9e38-a7ec69f7da8d,686,523,4,1985.43,2024-03-09,APAC
a06643e9-d19a-446c-a450-b952ab3cf1db,625,488,5,696.99,2025-05-29,APAC
bb2301b2-b25e-4810-a68a-9c565a2a10c0,69,235,10,2611.23,2024-01-22,EU
ae6ed33e-d71a-4aab-b06e-d97442099a62,707,60,7,1471.13,2024-01-04,US
e2a21afa-73d7-4380-bf71-aec6ff8b7853,213,115,4,575.7,2024-11-22,US
04144924-449a-49db-b822-7591412853f5,228,382,10,3862.58,2025-05-02,EU
3621129f-b7b5-4d7f-945f-dc772a66e938,445,15,6,1155.16,2024-04-27,EU
2349ed7e-7efd-4540-99b2-e0d53fd74854,684,174,5,1718.18,2024-06-25,US
3eed5460-1b64-4334-9134-226ac308f8b2,426,149,10,3933.36,2024-07-01,US
2f183c80-32a2-4941-9c23-9bfa52619009,584,499,10,85.06,2024-07-14,US
b9489075-e664-46d5-a357-45923f7b524a,299,113,7,2678.08,2024-10-22,EU
1390d7c1-bcf1-486e-b1b0-5b409dddf01f,982,21,10,2011.47,2024-04-28,APAC
1d92e708-9d51-4799-977d-b181eb4cec2d,603,231,1,391.3,2025-03-17,EU
5c3c4433-cca8-4c8a-94ca-8c6246cfdfbc,786,406,2,852.66,2024-03-05,US
b8419427-b961-4259-a729-5be5c66c1184,986,497,1,193.93,2024-04-02,US
c43f2cff-38be-4120-be29-0a5d53cf04b7,255,382,9,4267.69,2024-09-16,US
7ff217b1-670a-4097-8b5b-19a7ea876c97,69,55,9,531.29,2025-06-14,EU
e3a09b74-1ad0-43bc-91f9-dd398109084d,572,218,5,1248.5,2024-09-04,EU
9063eae1-50ef-4eb8-afaf-270ea65ab733,274,298,1,32.63,2024-12-03,EU
45b40400-3669-4d73-aa75-0c7bece3266d,480,377,6,898.31,2024-02-12,APAC
351143bc-803b-4732-af1e-74d29c214d5c,696,475,2,353.83,2024-04-05,APAC
9b1ad082-b799-4937-9f22-c21e915950a4,852,213,1,301.29,2024-08-01,APAC
02488716-fc1d-44e6-8d39-25e5ba33643f,718,218,1,134.06,2024-04-21,EU
bf161b17-8b72-475c-9496-45164b5e670b,661,424,10,4492.81,2024-05-16,EU
5f9103de-26c9-4f13-8803-4c8985c7cd42,825,449,10,346.51,2025-03-09,EU
a96644ff-c09e-4f45-9763-06aa3d07b085,74,163,10,3812.97,2024-02-15,EU
2d079e3a-bed5-4b03-88e9-38aa55640e1e,634,127,6,2022.68,2024-11-21,EU
95240e2a-cdc3-4435-ab64-df297d18a7c3,103,163,1,380.38,2024-06-20,APAC
da81b03d-0e14-481f-ac6e-79cdbb5e9029,550,473,1,237.66,2025-04-10,APAC
355cb354-6209-4cfc-b276-57d19e2836db,675,179,3,1254.86,2024-12-16,EU
ab240852-e62c-419e-bfa1-70c4a22db245,549,206,6,2248.71,2025-02-15,APAC
3f0ec7ce-6d5a-44e1-9489-a60a80844274,547,106,9,296.44,2024-03-21,US
5703b489-a90c-4432-910f-86fecae10b8c,151,254,2,554.39,2024-10-19,EU
7e4754fe-f398-4bdf-a9ee-f8cf692b7586,798,330,10,4865.15,2025-04-11,APAC
02fc2b2e-3932-4550-93c4-bdea0d79ca8e,465,468,5,1400.43,2025-04-07,APAC
ac81b0a8-c3f8-415b-9d27-cd58fcadfd48,708,232,7,708.06,2024-08-15,EU
4859ba64-8580-45bd-89e8-235cb944d096,493,42,6,54.61,2025-02-12,EU
74a572a2-1828-4af7-8c0c-9915b6408680,721,36,8,875.08,2025-04-04,APAC
a7f06a84-c01c-4042-b3f6-4c37a88c756d,476,314,4,389.85,2024-01-29,US
4418ef22-fa00-4e7a-8480-e7a8911e2755,702,233,2,106.97,2025-01-21,APAC
3ec3bbb5-b62f-4e11-abba-c9062d42fa5c,639,121,2,73.08,2025-02-22,US
822443c9-dfe6-4f34-b4f9-d5b7d7af3d0a,50,337,10,1827.74,2024-08-02,US
1ec2abe0-4799-4e69-8660-befb0de97dae,120,4,6,2462.36,2024-03-09,EU
19ff8c21-a80c-43b6-9142-d975bcb5dd59,391,487,6,1300.88,2024-04-06,APAC
b98a49f6-5be6-47ff-96f1-69341636ac58,571,5,2,984.28,2024-11-10,APAC
dce4aaa3-2e5f-4379-9b16-9c4a0d9fea19,232,391,6,926.56,2024-12-13,EU
1555c804-7dbc-44a3-b297-648e8db775ed,152,198,10,4861.34,2024-05-13,US
390fc2bd-af00-4679-afbf-d3ba07ff0a62,764,218,8,2422.14,2024-07-04,APAC
a93eb769-5894-40ad-8b32-bd41f50671fb,384,188,10,3383.57,2024-05-13,APAC
92845639-8da8-4b5a-b436-014909d6e76b,999,336,5,126.48,2024-04-20,APAC
bb5cb7c1-405b-458b-9f01-2bc77c0ec40a,888,169,8,3087.67,2024-09-19,APAC
05d77ad0-9770-47f8-b9a1-b7f6b1e0d62d,498,451,5,614.38,2024-12-22,EU
e13039b9-8bae-4e01-a14a-7ca6c19b0e4e,357,81,5,2344.58,2024-04-07,US
08907bb7-0c81-46b5-bf60-2cee81bc3aff,468,67,5,1674.84,2024-05-22,US
471ef8de-6da8-4a44-8780-7a9f1064464f,587,39,4,414.79,2025-05-24,APAC
13a40c56-5efe-4b16-8c60-b9a950cf5699,729,312,,83.93,2025-04-03,APAC
069624b0-f53b-439d-a164-778245a7919d,331,319,2,987.72,2024-06-19,APAC
7ad10af0-4edd-4904-9529-8c76af31e9c9,293,326,9,1876.7,2024-07-16,US
fcedebaf-b2d7-4bc0-b4ea-adf846083fde,714,120,3,401.4,2024-07-11,EU
57dfb47c-9619-49ce-8719-05f85fd06956,235,271,5,2348.84,2024-08-06,US
0c458060-0de7-4fe6-a3ff-db9416520d30,588,423,7,1039.17,2025-02-15,US
ba97f1c7-b98b-4d2e-a099-c48a443e6c3c,528,204,10,1033.03,2024-08-08,EU
9e14d8f9-fbd1-4f4b-b5ff-f9e7a453aac4,968,307,6,764.71,2025-02-21,US
4ccb3f77-2c70-427e-955c-18eed85fff9a,931,455,2,233.7,2025-02-19,US
7b8eac0b-3d4f-45c0-9c4b-8ecd478c38ca,883,97,1,242.54,2024-04-30,US
7f7fcf63-0e59-483c-971e-7adf35f34e9d,265,195,9,4002.29,2025-02-08,US
fd7c1788-f098-45b6-8584-09ef79ed7095,900,431,1,306.29,2024-09-15,EU
e22965ae-2fd6-464a-9c76-b4571af47f6e,868,427,4,291.84,2024-05-23,EU
0a071eba-3e16-4dbf-b3c1-89271f54f25b,404,266,,132.0,2024-08-02,EU
ecc83e9a-4f85-469e-82ae-b42a775a6944,507,200,6,1407.37,2025-03-07,APAC
6482b525-53eb-42e7-98c2-cf7e9676d94b,804,278,2,80.34,2024-02-14,APAC
525d4efb-7335-4435-a40f-492949a4243b,911,479,6,871.04,2025-07-02,EU
313a9fc4-d644-4284-988e-c8e3d6558bef,851,71,7,1027.37,2024-12-15,US
669d9ef1-cd14-4555-bd66-d075cc1754cf,708,178,9,2511.44,2024-02-18,US
23e32df0-f6fe-468b-ac5f-c41a5e2fa420,164,208,10,3178.09,2024-11-25,APAC
3ab39dc5-9003-4ebf-879c-b19f0854bd43,650,205,4,346.16,2024-12-12,APAC
b648c2d2-81fb-40dd-bcde-4019065adbd8,503,245,6,1606.09,2024-04-11,APAC
392c2c0d-dca0-4e33-96f1-8addd577e6fd,814,433,4,50.52,2025-02-14,EU
bdce8013-2f75-4d7f-afb9-38a2351342d5,352,405,5,339.79,2025-01-10,APAC
9fd37e88-b474-4eb3-a7e7-8542f3ec9ddb,121,412,6,97.84,2024-07-16,APAC
620cf27c-6a76-432b-9c57-8720e4060c3a,503,154,3,648.77,2025-02-01,EU
ebdc59e0-c5d6-4755-a22b-edfceef95926,196,101,1,49.49,2024-06-16,US
1e7c51f5-d46e-44f2-b3a4-cef69adcedb9,227,276,10,368.89,2024-02-12,APAC
7dfdbd2c-b8f4-484c-a1b7-041c157b85f1,766,116,2,857.43,2025-05-11,US
580106d9-243d-46a9-93ec-90bd39340511,757,146,9,4329.36,2024-06-18,APAC
96f3bd10-6d3e-49ec-8ad3-3033dac8e528,975,364,2,337.69,2025-04-16,US
87ed3503-5e38-4c25-b105-fc326decc19a,45,39,6,2271.9,2025-01-06,US
fc04abf8-03e5-4160-9fc6-5274895fbafb,667,145,3,1449.0,2024-02-13,EU
8f76dad3-b001-4e05-bf4d-e0fec82b1c4c,112,333,8,3377.31,2024-02-15,EU
4538e812-fc5a-4dc7-adb5-a898274f6914,824,192,5,2129.33,2024-10-12,APAC
d672f56c-f510-446d-9c47-f53c8f0536f0,34,285,4,390.59,2024-10-08,EU
5a90750d-67ab-4228-b1d9-fa48b5a72372,894,494,1,469.41,2025-07-04,EU
d4daf949-9e58-4fae-acf0-c970674a613d,867,357,3,146.11,2025-06-15,EU
3177c02b-7533-4514-a490-1435b350ab03,460,86,8,490.86,2024-09-04,EU
d639c786-ab71-4a39-b626-8ed0c29693d1,176,372,3,884.12,2024-08-15,EU
5e037e4d-57a3-47c8-ae69-e0bdaf3349ae,18,63,10,260.52,2024-11-24,US
2ccbfffe-c6a4-4bf0-8c0f-e60aba484873,161,70,6,1613.07,2024-01-19,APAC
fc620292-b8d2-41cb-b059-0d4c7c9be78f,61,189,2,976.97,2024-05-10,EU
cd80561a-7384-454f-a92e-6462d088ef80,289,206,1,33.99,2024-09-26,APAC
0c6fb3ca-fa91-4cbf-ae3f-e25157c161ca,62,158,4,920.61,2024-09-04,EU
be9e65ae-bb22-48e1-ac18-212f2d97e329,80,348,6,1339.5,2025-03-26,US
e607ab73-cb54-4e8b-bf52-54d68abeb2fb,271,73,7,1353.67,2025-03-20,US
842d70d9-d568-44d7-b18d-28c26bf4c512,438,108,6,1675.15,2025-05-09,EU
56c1a9b5-3b37-4b79-9c25-9a01b37ef3d8,942,4,3,1450.67,2024-08-15,US
106459c1-213d-4382-98b3-1d1e339417a0,482,123,4,872.58,2025-04-17,EU
9dc62389-6039-4886-a6ff-ddba90cc68f0,542,113,2,743.99,2024-11-26,US
67f63631-5e22-4395-9292-8866b7071132,927,251,3,591.02,2024-10-01,US
2c649135-3fbf-4657-9e4d-4ffd1381be8e,240,256,5,1140.49,2024-05-18,US
2e4471fc-ee4a-4ed2-acdb-0461511aee7d,387,98,10,3418.87,2024-02-20,US
1fcae1df-dd16-4b37-93d5-d8291e44eefc,598,316,7,263.81,2024-06-04,US
f3e5c45e-b1ef-4a44-9bad-2f7034882685,41,169,3,1217.53,2025-02-07,EU
e05fdb98-f357-4fa7-9381-0ee5ebceedf8,835,315,6,2856.69,2025-01-11,US
539d6c00-4696-48b0-8945-ef9bc28ed642,104,322,9,700.44,2024-11-15,APAC
cb385a07-09aa-43d7-bc09-8112b3dd2455,717,11,9,4406.82,2024-04-30,EU
f318c602-d14f-4adc-befd-d11caba0552e,197,260,6,1568.31,2025-04-25,US
8d1f8cd6-bcd9-4f42-89b0-d54066601c14,981,256,4,1036.42,2025-01-18,EU
58cb0fb0-459a-42b5-801d-464092e400f9,98,4,3,1205.97,2024-10-15,EU
d76c81c6-c72a-4cd0-b5c7-6512c1bac3f4,238,129,4,666.76,2024-12-24,US
012e3cd9-d2ce-460e-bd54-c0e5363f8277,151,386,6,317.03,2024-10-07,US
aad4bc49-acc0-41e7-88c3-3da04a9584db,258,401,5,2247.38,2024-05-23,US
66fe7574-88cd-452a-a39c-13d698d2bbd2,890,300,6,806.23,2025-04-06,EU
38486672-23eb-4db2-b13b-7112cf8c0f26,522,476,5,765.27,2024-08-24,EU
e69f60e8-f77e-469f-a4a9-481891d5c3b7,758,224,7,1078.85,2025-05-21,APAC
d68dc948-f054-4c09-b4ec-02b151f4ae61,979,265,10,2622.76,2025-03-06,APAC
1f828f4d-21fe-40fc-984a-c8a43eb2c6ca,398,177,1,148.09,2024-08-05,EU
0bc7b54a-6c2c-4dae-8383-30431f7dbccb,642,267,4,326.2,2025-05-24,US
4fce7335-df08-45e5-91cc-4d4384981b26,632,115,5,112.34,2024-10-07,US
7b72d97a-d9c9-4cc4-94e7-5e46d32a9525,281,154,2,532.37,2024-07-11,EU
eee130ee-3178-4223-aded-d52a8a30d248,557,271,5,1756.83,2024-01-01,US
bf78bd49-a536-43e7-8300-1976dd730220,318,46,3,1193.26,2024-05-26,EU
51123d08-4d44-4fd7-8d7c-9634c58ef170,714,256,1,235.71,2024-01-03,APAC
3841227a-433e-4d3b-8732-fe40ca1738d0,536,484,10,623.65,2024-02-19,EU
3346d235-1e35-4540-ae48-b393645e4396,37,220,9,3017.44,2024-09-03,EU
6db01808-1fa0-4808-9d71-9435db9b54aa,719,73,6,1985.49,2024-01-18,US
15abb448-ddef-4829-be12-e1aea7e39233,956,106,1,424.75,2024-10-15,APAC
012fefbe-0e8f-40e6-a4ce-8a053bbfee56,401,235,3,853.68,2025-01-06,US
6373c3ac-8500-4f13-80d3-e729d09fb2da,29,181,6,85.49,2024-08-28,US
d10aa09e-3a63-4d30-90f1-c5ebb2283a6c,815,413,5,884.47,2025-01-11,US
499b7b44-212a-409b-9ea5-6981f17dee45,422,181,6,1177.76,2024-02-20,APAC
653999c1-a3e3-47c0-9665-110d8c1a4383,94,127,7,2644.03,2025-03-15,APAC
8a1419c8-468f-41c6-93f8-26d0a3b771ae,227,356,4,1983.6,2025-06-24,US
999add77-9ac9-43f0-866f-33af237903a1,840,139,3,1434.24,2024-08-01,EU
04d4d1e2-595d-4191-ae83-5848cd38f072,718,75,3,672.08,2024-11-15,EU
9d91c7d4-1b0f-4f1a-b754-2eafe9559724,246,359,10,1972.01,2024-06-21,APAC
27c4e5c0-c5fd-4de5-850f-bb2ef8d2e68f,556,167,5,1156.13,2025-06-18,US
14dc2f6a-2184-45b6-bb6a-d0e69925cb93,724,31,7,1107.42,2024-01-22,APAC
ee65466f-2ac5-460e-be43-aabc9683efea,508,85,10,1933.69,2024-04-24,US
bf8da7c8-16e5-4359-a928-1bc4c23c9d43,323,186,6,1472.66,2025-05-08,US
e2a187d8-744c-406d-8cc5-a48a75d21440,673,222,10,1295.57,2024-07-20,US
182b6c6d-829a-4d0c-89be-24156d3ccfc5,560,317,6,396.62,2024-09-04,APAC
4975c664-e820-491b-a50e-e83d3b20f786,486,388,10,4307.38,2024-04-07,US
d7f798a3-9bc7-4198-a20d-d4c5a32b0a3a,330,296,9,3009.24,2024-10-27,EU
e2fc4226-93a6-4931-9185-79c72940cda5,453,133,,431.13,2024-06-15,APAC
6ecb64de-4e45-4b85-9139-d039754bcd4e,214,343,3,439.22,2024-05-01,EU
89b46143-b6ce-42e6-8e73-2230afe1254b,285,111,10,4383.48,2025-03-27,APAC
cc43a143-a3d2-447b-8a5d-07eed495e456,7,369,3,446.84,2025-01-03,US
87c81ced-950a-4db2-a8c9-334de25c5d86,338,237,3,358.19,2024-02-13,APAC
59c19887-3ead-4f11-b760-0ed6dc0788f3,98,42,2,872.16,2025-04-21,APAC
04d2b13a-90ec-420c-b1d7-29d4937b6088,297,122,1,176.11,2024-09-05,APAC
f8969a18-7aba-41fb-9980-eaea8da7a462,523,78,10,3185.27,2024-07-12,APAC
813b3bc9-a198-40f2-a3dc-9052a6206f98,138,353,3,958.78,2024-04-26,APAC
7a115d1e-6953-4d4d-bb59-a053e890a2c8,363,52,9,2082.47,2025-01-19,APAC
91688911-b696-4a0d-bcce-a4dda9f5263d,578,28,7,1819.02,2024-09-14,US
c2346c97-7946-4be5-a0ac-88261f587811,13,379,10,4313.63,2024-05-07,US
c8de55b5-5dbd-4430-9c65-758f776dfa8e,571,278,7,2056.43,2025-02-23,US
d92f374c-f37b-4b10-a7fa-b38a0783cc6a,243,365,9,1967.24,2025-03-19,US
ef0dd054-ae3d-45bd-b910-adfaa29900c1,838,280,3,856.87,2025-04-02,US
1dc7f9e5-fca0-49a2-bc9a-b0c8342946a3,571,158,,156.1,2024-07-20,EU
cbeee0f2-8507-4518-95c4-b68155724940,520,455,9,4220.62,2024-09-30,EU
31f53112-f149-4254-a561-36278bae53df,757,220,1,37.07,2025-05-05,US
e844af8f-5d73-42c6-b0e2-f78025de5191,396,212,8,2433.68,2025-02-12,EU
687fbbc4-6ca4-44f4-8a39-35062b6976f5,108,90,2,591.44,2024-11-12,APAC
55122eb5-6eac-40fb-85cd-bc9601f07b43,122,370,5,1422.56,2024-03-28,US
88619f43-b77f-40f8-9fee-430f5a08c2de,944,5,2,673.92,2024-11-27,APAC
a2872366-38f4-4a8f-bda9-8f15f97ef7bb,875,102,4,1822.84,2024-08-17,EU
e80cdcb6-e15b-4763-93e4-a896709dd7c7,350,192,6,1007.66,2025-02-14,APAC
f98596dc-623a-4088-a5fc-a9f1fb8b2562,180,279,5,2118.25,2025-01-24,APAC
28d2784d-0aec-4d64-9854-8b1f9fd35c14,817,298,4,1271.69,2024-04-09,EU
ba0de141-8a31-44c2-a9e5-7d19d3b9b609,165,188,6,976.76,2025-05-02,US
8b171564-5cf2-4fc5-b76c-d657ce55aee5,122,182,9,3363.44,2024-09-02,APAC
f36dd3e2-f58b-4ce3-8e7a-ae201505e768,161,309,9,1495.19,2024-03-09,APAC
a5aa40d9-5935-42ae-9320-fcf3a86a9a55,639,390,2,614.46,2024-08-15,EU
cb02300a-f410-4ba5-8b83-4db431d53269,151,273,8,3072.29,2024-02-27,APAC
b96eaea9-f8f9-4aa4-97fb-e5aa11bdcc5f,7,37,10,4916.62,2025-05-22,US
0650b7be-3913-4c3a-9de8-2ce1ef518a89,480,455,9,3047.46,2024-03-14,EU
f80dbe89-fcf4-4345-88c8-94f17d9ff57f,138,483,5,668.59,2024-05-12,US
290c711c-6070-436d-9bb3-aed56b9fb11f,685,330,8,2344.24,2024-08-24,US
a7dddde4-7acd-44d1-872f-909f4a40d0d5,120,309,8,1702.03,2024-04-28,EU
538cf2c1-7ad6-4fcd-ba73-3e2f6878da65,359,369,3,1188.17,2024-08-28,US
af3f2372-af33-481a-8120-64286371d6ba,454,154,3,161.76,2024-09-15,US
827737a0-a087-4d37-b687-374638a7597a,47,64,8,3176.1,2025-05-30,EU
1bea0e01-6674-40eb-bee4-c03e0dc76c14,253,364,10,4927.89,2025-02-05,APAC
f1295232-def1-4eb0-b39e-02066f70beb3,214,330,4,399.18,2024-07-11,EU
656477d3-8c23-4883-96e5-d2ca466255bd,591,325,1,447.62,2024-05-12,US
dfb1c928-6ed1-47f3-867c-b30705dfd489,87,403,9,1741.44,2024-09-09,US
89c2ce89-bf14-4613-8b71-936b8af9806a,756,300,5,2282.83,2025-03-19,APAC
44e1eb29-9543-4f9b-bb7a-6996bb33804a,815,125,2,887.03,2024-09-24,US
b424220a-c7e7-446d-850f-1b3a11915870,133,201,4,960.89,2024-06-23,APAC
2b805ad9-be01-4ac6-8cca-ba16ddf0fd27,480,90,,158.6,2024-01-03,APAC
ffc21eaf-69f7-4fd1-bea2-1067441d8b13,397,158,7,2743.99,2025-02-11,US
47f61c3b-9d81-49ef-a2f1-0acf25f573ee,837,315,3,1396.03,2025-02-16,EU
f6055dc8-c3ea-4fab-92e6-07a0933c00f6,964,111,7,1042.04,2024-02-07,EU
057d26e9-15c3-47f1-89c1-ebe23e51e5de,491,31,7,2559.85,2024-06-13,US
a4bb9510-779e-457e-abc7-ca74fd3cb04e,437,206,8,427.54,2024-08-10,EU
187aab8b-5545-4911-ac2d-ae700b897fb2,594,240,8,1706.77,2024-09-11,US
b77fb478-e652-45df-a0d5-941536397032,79,216,1,410.99,2024-05-22,US
3509cb3d-b7f4-4159-8639-564a74858fde,145,130,5,1190.32,2025-01-30,EU
0b727e93-e0e7-4f3f-b3cb-6193b1041954,487,349,4,978.12,2025-05-31,APAC
4e75d767-dd77-4020-a3d7-4b10a257c1ea,113,267,4,1763.36,2025-01-31,APAC
15f936aa-2a3c-4d0a-aa9d-7f07f8230623,630,22,10,2034.11,2024-11-26,EU
4aa3f06c-ef00-4210-b954-28dbf50f10cb,417,363,,67.97,2025-03-16,EU
2b6d4259-48b1-4e37-b07d-d2d3c85df604,662,237,5,161.41,2024-12-14,EU
fa9e79f0-489d-4da1-a7b1-0172f1116c2e,489,207,4,584.59,2024-07-04,APAC
6f94ec06-ae01-4b61-82c7-ab5a870b6a0d,188,81,4,708.7,2025-01-05,EU
e9876a5e-0c89-4a6a-a6ca-6fb4a82b0203,961,391,1,11.57,2024-04-01,EU
9309200c-b938-41b8-89e4-4233923ce443,862,467,8,1137.56,2024-04-01,APAC
07a397ef-eba4-46fa-bc1d-cf28e7fc7ec9,651,248,8,967.74,2024-08-06,US
de80d7a2-d26e-4ad1-ad67-cf73b8593c3c,788,419,2,624.02,2024-07-03,APAC
49686b92-ed46-4a0d-8b80-e401649924f6,797,436,7,1394.16,2024-09-05,US
f7e8538c-fd7a-4bee-a4ca-d52e3a26cc6c,771,71,3,515.65,2024-03-20,US
66f6866f-c6a3-4f9c-be11-9a12dd091d4a,846,182,9,4148.17,2024-09-15,EU
cd01dbd9-7543-43fc-936e-a7adba238f8e,153,28,1,262.83,2024-11-30,EU
a138b99b-1a74-4b15-b3fe-fafffd777ee2,802,396,3,450.22,2024-07-15,APAC
68059642-2ed5-4890-99c6-aabaa985590c,569,444,3,249.59,2025-02-08,EU
87ad10f0-4bfc-4180-8797-4e1bff08ba08,253,232,5,537.63,2024-02-22,US
83faef11-ce20-4d17-a02e-9a395493d2b6,666,221,3,1236.51,2024-07-04,US
6a53d29d-bdb8-4fdf-a277-8ddec51ab296,944,435,1,73.39,2025-02-15,APAC
db9e41c8-2e3b-4ff3-a94b-4aa44a69ae70,315,26,1,496.51,2024-04-20,EU
26ab088e-875d-484e-820a-686240d6b01a,695,99,8,3932.11,2024-11-08,APAC
82e281ff-90a5-48d1-a88d-bfbd21db9238,114,21,1,480.66,2024-08-22,APAC
b00576bd-1074-4807-a834-aaa9e3481f56,162,200,8,2810.18,2025-01-13,APAC
8f3d690c-30b7-45b0-9ade-6db411ae39ed,851,286,4,1152.79,2024-01-15,APAC
3a8ec53d-9db7-494c-b124-deaad5bd58de,99,299,2,379.17,2024-07-06,APAC
6d4eaca0-58e8-40bb-8ac5-c7147d334c41,644,278,7,173.85,2024-05-17,US
9eba9f27-abd9-4b7c-9c01-cd33e95fff91,886,319,3,621.6,2024-01-05,APAC
11428054-2de5-4bfb-abe0-ecc708ccde43,157,297,10,1387.84,2024-10-28,US
31553bf8-854d-401e-bb71-5d19fc775f69,590,200,7,1317.2,2024-10-21,US
254d0f36-2ee2-4764-bae1-4230852ec3cc,796,174,7,573.34,2024-06-10,US
df9634fa-dd72-4920-a0df-651f49adc4c4,896,135,5,2289.64,2024-03-02,US
f80a6324-f607-4fc2-a843-3c7bb73bde95,811,88,5,1360.89,2024-04-02,APAC
f66c2348-a792-46aa-87cc-2b3be7ca7e9d,182,68,4,676.71,2024-11-20,US
9c0aa661-e9c6-4c96-a5ea-503608e54548,305,328,8,972.81,2025-05-03,EU
ff87095a-7835-4c34-92c3-f7372e69c4a1,323,366,8,2585.1,2024-08-20,US
2605e250-bb2f-411f-baaa-a00976d4a1a6,694,39,4,1815.99,2024-12-29,APAC
40573392-700c-4130-9529-c001f9fcdf15,900,381,4,627.2,2024-08-10,EU
5dc16aff-db5d-4e32-bf7d-7bfd16bcd580,30,246,10,249.43,2024-07-19,EU
9d7ca04b-2406-49ae-853f-97d312f5657a,953,472,3,1433.09,2025-06-22,APAC
2e2a0db2-cdf5-4720-a582-a845151442d1,900,358,3,215.27,2025-01-31,APAC
a0aa9969-7c0e-487e-84dc-87318ac83178,603,362,6,1152.77,2024-11-05,US
8f913b7b-7b9d-44b8-9fd2-14e410912a4d,690,102,4,1574.22,2024-11-15,US
63bb70af-cd8c-42e6-826d-679e9493edee,838,267,9,1604.07,2024-02-09,US
e50df0d5-f6d1-43e1-8c02-6722c1ffceee,5,369,3,1468.15,2024-07-14,APAC
524f4496-888b-4592-801a-dcb1e44bed82,748,375,8,3243.13,2025-01-16,EU
99535145-ae8b-4d28-96fd-79c494873258,167,140,9,4353.79,2025-06-21,APAC
84fac6a2-e16e-46ae-9e4d-bd95571f7f28,638,56,8,3468.8,2025-04-19,APAC
1c346211-7426-4198-9dd1-76622e3bf78a,897,341,4,705.31,2024-01-23,EU
0e54a193-344e-4398-80f9-cfdc941af19e,526,422,2,652.0,2025-02-01,US
b5ccb102-9261-47a4-8462-e4b7b6d732e9,584,116,6,1842.63,2024-05-24,EU
65008354-d301-4499-ba84-72fc7024f739,915,109,6,2403.54,2024-04-14,EU
b192c08f-3bbe-4dba-a882-2460ee451922,406,440,7,3269.87,2024-08-08,US
0dee60cf-421b-4a6a-9cc7-f857563527e4,456,39,3,822.64,2024-06-30,APAC
1521a2c4-9cda-4ed6-a653-00ebf471fa08,611,406,7,1807.9,2024-11-16,US
8858525a-29ed-49c8-89c5-5c494ac719bb,46,7,4,912.6,2025-02-13,US
73202b0a-f3c1-4a17-9837-02a64aff2a28,256,262,10,4060.21,2024-11-04,US
0ee24acc-ed91-42ed-86a4-f53422541638,614,489,3,1121.32,2025-03-24,APAC
4564ddb2-d4c1-47b5-bd89-000b867e8c22,87,258,3,1118.72,2024-12-01,EU
ae2f2639-fd6e-4046-9f6f-488d32ef3d71,61,97,1,219.33,2024-08-18,APAC
5b5f88cc-9cec-4159-bdf0-1e972e4c2846,172,276,7,985.15,2024-04-23,US
0053c394-0cf5-46e0-a3e1-7aaad33ed07a,482,354,2,376.37,2024-04-06,EU
c1a51ac1-21ee-402e-bd62-de08c5685983,996,50,4,467.99,2024-09-08,EU
532e34db-9c3a-4024-b32e-b268c04e4d18,805,279,,174.45,2025-03-04,US
202b2346-42da-4192-8108-2ea69a25f831,788,298,6,2760.15,2025-06-03,EU
3fe6a819-7565-4529-8685-0fd31e545216,353,363,8,3243.03,2024-05-25,APAC
5a9e5bc1-5b2c-4fbb-8c78-d8da1dd31bd4,611,160,5,886.81,2024-05-03,EU
2afeff22-48e3-48c8-99ac-8ea58942b31b,497,407,4,1106.91,2024-02-04,US
4fade73f-aa56-4e31-8fda-70c34947fb16,806,94,1,150.97,2024-04-16,APAC
b71ffe17-7c21-4327-b9dc-ba48e526fb59,518,201,7,3199.96,2025-04-28,APAC
1ce179d7-ad74-4e10-8576-dec338b06882,962,498,7,2649.77,2025-05-15,US
59242624-3f15-45f2-8283-6731e0d12557,254,223,4,1355.86,2024-09-14,US
0dde88c7-d663-4c90-abd2-def795015ac9,850,337,9,2575.21,2024-07-24,US
cd2f175d-d62f-41d7-b13e-95ea88d50a2b,499,199,10,4821.73,2024-06-30,APAC
97794b5e-ee25-4aae-b94e-e91de8be311d,619,427,2,944.18,2024-10-17,US
eaa03a66-127b-4c07-bac9-1acab46e082d,909,130,7,1760.05,2024-01-23,EU
09a7b6da-c419-4610-971b-66f8d14940fe,910,137,3,186.7,2025-06-16,US
874354e5-31b5-4078-816c-19e74b494462,15,120,6,639.53,2024-10-09,EU
13c38397-75cd-43d6-b7a6-e467baadf0cb,438,449,1,175.41,2024-04-11,US
f92deb85-9a07-4a74-a39d-025668d445ae,76,183,6,1674.37,2025-03-03,APAC
9b0ff266-64f6-40f9-b3c5-26e6b2287bb2,374,99,7,1760.57,2024-10-17,APAC
3b826656-14c7-4588-9139-b9096e90a951,487,130,5,1896.36,2024-12-15,US
360e4343-81b6-470b-83d7-609881d87617,728,413,10,1399.5,2024-11-26,APAC
b0a77a13-1c0d-45ed-9be0-ac9005cffa50,167,96,9,496.4,2024-10-15,APAC
5a7002c1-421d-4b3d-aa8e-d125cf33f727,504,441,6,1694.17,2024-02-24,APAC
411632e4-e61c-4e36-9cde-fadce2f064a4,833,114,6,2167.21,2024-10-16,US
3609599c-3d00-4e81-8902-c3867d3b4b2f,290,47,4,804.1,2025-01-21,US
769f567b-ce5d-49f8-b9cf-33e46a912f75,846,40,4,1938.26,2025-01-05,US
e16f03e0-67ed-47fa-a69b-5a56e39b3a4e,459,296,8,82.75,2024-09-17,APAC
429cd4d0-c615-4362-8d1a-e08a390d99bb,519,332,4,946.37,2024-09-10,US
61e8dabe-9918-4a6d-81e5-373692c33be9,159,300,,129.75,2025-05-23,EU
4700cca5-b2eb-48a6-b125-313ad002f5ee,107,110,9,3314.58,2024-06-21,US
81b09757-4c92-46d6-9b61-ec4e2d10f35b,902,362,8,825.87,2025-05-24,US
22fb8612-7979-48e1-a0b6-d0db73a0e57c,262,482,10,4409.49,2024-11-23,EU
a4550ef7-169f-4b1f-8a0f-249a61414747,156,173,7,3189.31,2025-03-08,EU
cc0b07c3-43d4-432c-aa9e-6dd5f4289983,724,26,6,1251.44,2024-10-05,EU
20ae8715-84ff-45ba-80ea-50c8ae6ac1de,39,421,7,3297.3,2024-10-29,US
0ca6f2be-3c47-44bd-b95f-6c857e3df6ce,841,493,2,545.02,2025-02-25,EU
4b8529a1-d4d8-49fd-ac64-4bda66c75bee,661,267,1,23.78,2025-02-06,APAC
022fc589-3420-4d47-bf2d-93bd7e78af7f,817,355,3,689.69,2024-04-07,US
2b60e0e6-66be-46e7-80e4-3b4f5aa4583f,399,55,6,2589.6,2025-02-15,US
dd369a7d-cbe7-4f3e-be95-ccb0c6b70739,884,350,7,1247.65,2024-08-14,APAC
5d30e503-5133-40c4-a3a7-ac37ed6800e5,562,391,8,1836.99,2025-06-11,EU
e317f2cc-3311-48e4-b21b-42df8cb14e59,854,362,6,2137.46,2025-06-14,APAC
96a87da3-7256-4228-918f-675553e11035,673,210,8,2001.73,2024-11-03,EU
c017f648-11a8-4867-8342-ecd7b605d29f,182,490,7,1492.8,2024-12-02,APAC
6ef8f22f-a811-4bb5-981e-86ce8aa6c5b8,93,406,2,284.25,2025-06-22,EU
1ece8499-615c-400b-96ea-a95d1046bad6,211,241,6,751.03,2024-04-12,US
7d4bc9b1-915d-4b11-b4d4-ecd854d00777,569,439,1,429.47,2025-02-22,US
1652d668-f67c-4dc1-bad3-8904ac4c4d2b,94,134,2,128.18,2025-02-01,EU
f4f70d19-dfb6-49b6-b612-4ea4d3ec1716,156,251,2,819.64,2024-05-19,EU
512ab5c9-928a-4810-975e-e9969497f827,212,477,5,1202.25,2024-06-25,APAC
2644502b-f20a-4bc4-8f39-58145fb77bf5,294,206,8,1824.79,2024-02-17,APAC
5ada9126-83b8-4057-b157-0dd6262a1858,191,456,3,1004.79,2025-05-13,APAC
4f10fc28-8d44-439b-b90b-4ba0b00edc31,731,224,3,1429.77,2025-04-25,US
3926f425-5fa1-4ad4-9ab8-2e1c45d9dc8a,40,448,3,945.6,2025-05-12,APAC
efed932b-bfda-43a1-97f7-148dd59060a7,950,297,10,2413.58,2024-05-08,APAC
37df1dc7-85ff-4d43-876d-b3731400af0d,828,461,5,1016.95,2024-05-10,EU
e6aa29b9-f38f-45a6-af4f-341ec230eaed,248,146,7,746.42,2024-05-21,APAC
d7b12b86-9c11-4a3f-9f93-1c642951b1d5,926,5,4,1731.39,2024-05-20,APAC
5b8452d6-4e0f-47e1-a276-72b2a7856083,31,64,10,2560.38,2024-06-15,APAC
622f27fc-1c59-4f38-a53c-28acb10dc657,507,496,5,1969.92,2024-07-10,US
c6d88ce7-ab23-4e72-8e81-0b5f65f66254,216,470,9,3718.78,2024-11-02,US
185003b2-b44b-4b44-a88e-c00d226b97df,522,509,9,4378.84,2024-01-13,APAC
51759bd7-2fef-45e5-b03e-968f4be88f4b,460,282,9,2101.72,2025-06-22,APAC
1f1b2f19-2341-49cd-ab09-50f0b19584ef,925,1,2,702.28,2025-02-26,US
4404092f-5df0-4e1f-9a98-4733ce1a8097,480,148,9,1542.81,2024-03-22,EU
b6b73a59-8ab9-4aff-9e28-3d041535ef3e,909,223,7,2515.67,2025-04-09,APAC
b90c6188-ec84-495b-b6ec-0c6ea117e48b,611,29,2,167.45,2024-02-15,APAC
654b014c-eec1-4174-b6d6-be66a14c3693,111,127,5,980.84,2024-10-29,US
158cb84c-6c86-45e2-8af9-824a4c018524,770,301,10,930.56,2024-06-20,APAC
8a295b42-b0e1-4bb0-940c-e1cf6570981f,210,442,2,553.41,2024-08-09,US
d4155ac7-bf05-4342-8967-a40e9a91ad12,675,35,6,1939.11,2025-05-28,EU
cce54119-10dc-456c-ab4a-ecdd97ed0369,617,69,1,111.76,2025-05-19,US
9dd2adb7-b53c-4b93-8ff0-d3ff21ce3872,64,188,6,1931.29,2025-04-16,APAC
9db53f21-7d6f-48d3-bd6f-7919606fc564,199,66,7,665.99,2024-08-21,EU
a899ab73-b57b-4a90-9390-1b089f65156c,410,314,1,290.31,2024-10-30,APAC
c287f6e7-d7ec-44a1-98d9-ed1c3fd6cdc8,872,63,4,1948.85,2024-10-06,EU
03e49c28-7b12-47cf-8810-beefd66bbf85,593,204,1,359.39,2024-11-17,US
0e2b71fd-0113-4d3d-9f8b-a0889376decc,407,494,8,405.44,2024-11-15,US
3ec3a28c-8e44-4c47-b02d-89e3a1868856,27,439,,260.82,2024-01-03,US
80be682c-46aa-4bf4-91b9-b4532055f290,105,169,1,448.92,2024-09-12,EU
5c4e399f-273e-460c-80a0-5fd9df17324f,695,459,5,715.49,2024-05-16,APAC
7dc4bb92-0129-4d81-baa3-aca5f9bc4e00,790,412,6,230.21,2024-03-15,US
386f85d3-ed8d-4c3d-a2e0-d74b67d66e11,516,92,6,2429.88,2025-04-11,EU
06dec0ba-971e-42fd-9bff-9dd69f0b4f09,290,183,1,128.68,2024-05-08,US
62f0190b-0563-42c9-bfd3-de159b5296e2,628,31,,228.45,2025-03-11,EU
71294826-1d97-454e-b9de-df02f021c7af,832,212,10,2025.93,2024-05-11,APAC
3c969bcd-10d9-4ddb-ba41-2a899267ec23,437,421,1,401.1,2025-02-01,US
dc932211-1068-4d4c-ba00-3497bf1409c6,127,146,4,1517.16,2024-11-10,APAC
a26c54ef-0206-4e74-9da0-b8277784b870,982,427,4,927.37,2024-08-14,US
272ff8e4-2a65-4719-9ca7-e683b6370170,608,428,10,4896.95,2024-02-26,EU
11621520-60bf-46ff-9169-3c6cab376f14,816,223,2,633.41,2024-04-06,APAC
8d45145b-396f-4458-83c7-0eac7cf38494,421,387,10,4599.37,2025-02-21,US
150c30e9-6a2f-4453-b098-b3d8ae9938e9,580,436,2,795.6,2024-12-04,US
25a56996-52ec-4bfd-866d-5855b12fccbf,144,199,10,2815.01,2025-04-23,APAC
2b1d186a-50f0-4c4f-a4d0-b08a22d44ede,876,137,7,640.36,2025-03-29,EU
18afde54-3793-49bd-91b7-782455d8991c,166,322,10,4244.21,2024-05-10,EU
4a517015-0cb8-4785-9086-ebac695edf61,732,267,7,475.16,2025-01-09,US
4d3f59bd-1e0d-48df-8f67-2f54f53334cf,590,386,9,450.6,2024-07-25,EU
a165f279-d9d3-4108-9c10-4b32970c61b8,500,373,6,1755.71,2024-05-31,EU
6c16a44e-223c-4eb1-8187-2f72d92ed2a0,598,459,10,1573.82,2025-06-24,EU
187578de-b2ec-4d1a-8300-629e95d39e4c,179,297,8,1857.99,2024-01-27,US
cee803d0-9601-4e82-b9f6-20259dc5bff5,91,218,2,62.67,2024-02-28,EU
aa103fab-b13d-4e6d-bde0-f3963f09ad0f,228,140,4,797.14,2025-04-15,US
dd42820d-8c32-415d-b670-46f2370ec60f,80,369,8,2742.0,2024-08-01,APAC
c1eebd03-0723-41b9-b2a0-37dd374e1ce3,334,197,10,236.92,2024-11-18,APAC
5b55c713-d122-46f9-8d17-1a7b15739301,655,98,6,1801.9,2025-05-11,EU
2694c4a2-6c1d-43ca-a14a-3e64180215fc,135,284,,56.42,2024-11-29,EU
0ab804a4-f5af-4312-828b-16e6b9d74241,406,94,,217.1,2024-11-21,EU
ea2db03d-b8a9-4159-a51a-84b8d8eb9f6e,834,350,2,391.1,2024-09-02,EU
154a5153-a169-4954-99ce-136124851720,487,60,7,2105.87,2025-03-30,APAC
60c608bf-ba1e-4e84-bd5f-c85ace5c2cc6,422,243,8,2427.37,2025-04-24,US
9a6987d7-8f57-4c58-8b95-0be19f969c4e,383,495,5,96.41,2024-01-03,US
c52ce96e-d830-4774-8ea5-3b3a14b7a91e,394,471,,324.24,2025-06-20,APAC
bd3baba9-58ed-49c4-a47f-3d28621400fa,916,110,8,3331.12,2025-05-08,APAC
d9337d41-0802-4857-9bbb-5c410ddd3c8a,852,270,10,1194.83,2025-03-17,US
a5f0f832-d1c1-4447-b1ce-718b94f1c8ab,318,441,8,968.02,2025-02-23,EU
5b8af558-de8f-402f-a3df-1287fbb070fc,988,165,1,497.75,2024-03-03,APAC
4a886212-5752-4ab8-ba97-f5cdfeb915fc,623,468,9,3827.05,2024-10-09,APAC
dc9cbb86-903f-461c-93f0-209becfc137a,614,363,4,272.05,2024-05-02,EU
7449ab55-a301-464a-9654-c285e7e64164,1,234,3,1078.75,2024-09-04,EU
720c71c2-3b16-4ffc-a4ff-551e7b5f0091,161,474,6,2292.35,2024-01-03,APAC
60959016-48cb-4805-b22d-5fe714c438b6,227,32,2,145.89,2024-08-27,US
5243e192-4020-40e0-ac1d-e7d8596c97f9,519,270,7,2123.16,2024-10-01,APAC
7c6f36cd-bba5-439c-ac91-20e94dcf89ea,295,88,10,4852.3,2024-02-16,EU
4b15ce01-d71a-473c-b58f-f2a6de8fcdc0,867,375,,157.31,2025-01-24,EU
c465f825-f889-4561-a9a4-4c00fc64e25e,342,49,7,1089.84,2025-02-14,EU
76746751-2f85-460f-8437-ad06da2cf315,686,131,2,567.51,2024-11-03,APAC
28fc6a47-0d19-488b-925d-93500578e700,241,485,10,3689.38,2025-01-19,APAC
7a4020c5-b0fc-458c-9579-6e3e1e9cc597,901,365,8,3411.69,2024-05-19,APAC
7d84b138-4c11-467f-bf7c-ed6256c76728,600,345,5,1432.17,2024-03-23,EU
d0d8a136-0945-4713-8926-833f9d58f324,282,55,7,3123.83,2024-10-03,APAC
f8801761-18b5-4904-9840-5906af21fdc4,267,124,3,709.26,2024-09-28,APAC
ace25cde-4908-467b-92a7-297534035c87,622,114,3,367.68,2025-06-22,US
1dfaefa0-8e64-4b4a-861d-29d142797302,210,383,1,35.95,2025-07-03,EU
36ad1ea6-4da8-4eb6-9df4-f0bca6fc6812,44,470,2,588.14,2024-04-06,EU
88bc65f0-d3ef-43ac-bb7c-aff7eaf4d948,60,455,5,1194.79,2024-08-27,EU
bd116e4e-b037-4a27-a38f-470a16b6b689,586,432,9,603.19,2024-05-05,EU
e3e439c8-527d-4f0c-8820-31a3bd1c6368,725,232,6,2289.19,2025-06-12,EU
4583217f-0dba-4ce4-b1d8-9d4ffb75522d,964,186,9,323.79,2025-05-29,EU
ef001f4f-a608-450d-9532-dd654456c22e,22,423,3,1278.48,2025-05-05,EU
ec4c2311-d1a3-4a85-8b87-cb1d6e5e2722,379,510,6,2599.0,2025-01-08,EU
d1b31ded-589c-411e-813a-525a0087aeb6,700,429,7,1001.3,2024-10-12,APAC
48df9d4f-cf5a-4f26-96df-a78d84d06964,862,420,9,2325.88,2024-07-10,EU
989d0e4c-40bf-4d35-82c5-d0f13de54122,422,162,6,362.07,2024-04-08,US
9f79ce98-30ab-4535-95f4-894f66a162df,478,15,10,1707.58,2025-05-10,EU
2d052862-1bd7-4b76-bd77-8301fd5a98a7,279,201,1,75.15,2025-05-13,US
50ccdc84-0f9d-4879-ab89-f4c944dafce5,762,500,3,40.57,2024-07-09,US
09814f6c-a099-4cda-b7aa-fe5b066a6f6b,66,474,10,3846.18,2024-02-14,EU
3bd6a06b-edc2-4ead-b00a-d7db54b48437,94,194,3,180.1,2025-04-03,EU
4e395914-7b04-4b47-9993-93d39c5d36fb,477,359,1,237.2,2024-07-07,EU
abdb896f-e15a-42b4-ba0d-399a594a27e0,788,228,8,2082.21,2025-05-02,EU
7624ae2e-5bc2-4fd1-a2ab-7970b560ef8a,425,487,2,883.15,2025-04-11,EU
6584aa5d-ce87-4a4c-aac0-910c8216691b,375,364,10,1519.48,2025-06-08,US
d9773b03-a92b-473f-84f5-b73e5c877da8,599,42,8,2681.3,2024-04-05,US
88610b02-9ae7-41db-a439-baa5dad2a8b4,52,323,3,632.33,2024-05-19,APAC
8183b13e-ce8c-4c6a-b1d2-fab99b3a39ad,77,53,1,359.78,2025-04-16,US
6953c3bf-923c-4304-8a97-707f42454f4f,833,248,4,1309.65,2024-06-16,EU
ae065444-c63d-40e8-8421-694814b9dd2a,332,381,6,1423.16,2024-02-05,APAC
63665da9-ed00-4da7-8359-1bd77b9189c5,463,40,1,229.46,2024-11-10,EU
60487db8-34ed-4eee-acf7-a4df3df5c869,555,279,5,572.83,2025-04-09,APAC
5f4fe877-4616-4bd1-b1b7-15b5e4dd4f3e,929,202,9,2694.17,2025-05-12,US
55f4fb89-ddaa-4a09-9d14-751ad8457a71,932,240,10,4927.01,2024-05-04,US
dd166f9f-7547-45ab-9c96-b334c74f7c5b,418,440,7,1293.64,2024-02-23,APAC
9274c8c4-03b1-4a5d-80db-2001cb66cb85,570,231,8,459.4,2024-03-21,US
9dcc02dd-0497-4141-ab9a-8edccffcdd2c,117,106,10,519.49,2024-08-23,APAC
22f7ec08-8b12-4b6d-a449-08152d2030fb,660,325,8,1593.48,2024-12-14,US
dab6aabd-da95-42a4-8583-48372c5aa3da,693,141,,448.06,2025-06-18,EU
0b01f3ac-913f-4efe-b62c-15dc6f0b5d4a,217,425,9,1157.27,2024-05-05,EU
150fa43c-def7-4782-93ab-2c8da5afb258,976,237,7,637.73,2025-07-04,APAC
06ae94bb-dabd-4e1e-95b4-42b4e27a6352,599,392,6,656.85,2024-06-26,US
dbdf231a-0375-4ccf-bae0-affe34ea506a,894,351,10,1004.69,2025-03-07,APAC
65f9c64e-0c5e-439e-8b0d-08185141a94c,73,28,5,1440.75,2025-04-21,US
136116f0-52f0-4b10-b10f-3005b462e11f,603,263,4,393.85,2024-01-24,EU
627f8e02-fb99-4b55-8413-bdef9cd4ce35,43,111,5,1544.06,2024-05-29,US
8e3733a1-6293-467f-9323-599ef9183510,679,338,6,1340.41,2024-02-01,US
e29db824-50ed-40f4-8556-f0a10d84b1ab,461,476,6,742.7,2024-11-01,EU
16a9b8df-94db-4b12-9ec6-d4024c4c29ec,874,345,4,1512.16,2024-07-31,EU
07862d35-81f0-4644-a80f-584bdf031e1c,552,392,5,137.77,2024-07-10,EU
ec75d9b1-1b02-4b93-a698-192db45f73d1,821,4,9,1043.5,2025-02-27,US
5fe3f487-ca8f-4b89-80d2-d2c75bf41a1a,528,164,6,1180.87,2025-05-15,APAC
1edc7847-d041-4e8f-a4e1-108a8ed0b8f7,845,414,5,1869.81,2024-07-30,US
84d2fe96-7ad7-4579-b289-a9d575c77a73,296,410,7,1045.15,2024-09-12,US
3f9c8903-dc61-4264-b94c-94e9a52e3e21,57,276,7,3482.96,2025-01-10,EU
e101f446-a902-4353-95b3-584372e64455,392,463,6,834.87,2025-01-17,US
9b5bc771-3ea9-4c1a-9086-13a093dea26a,786,4,,478.96,2025-04-01,EU
a7527ef6-e385-44e3-b033-63ab8b22b2b7,385,369,9,3931.35,2024-12-10,EU
e635a009-a448-4fd9-a2f0-31290c72b054,837,415,8,2312.84,2024-06-28,EU
28a926db-4d7c-41a4-9428-433eba7c0b51,668,198,10,4075.26,2024-01-22,APAC
a4091df5-e30f-4cbf-a756-1954f85ab55c,916,159,5,1155.14,2024-02-04,US
6be36279-45a9-43c1-8ac8-549a107f983b,567,484,7,1029.23,2025-04-21,APAC
b71cbc56-0fed-4994-b4d1-5859ae8182b7,807,216,8,3993.08,2024-06-27,APAC
f95a1c55-1d51-4ecc-9e9c-f9eabb5d050b,2,23,3,278.84,2024-09-19,US
e88f9320-d703-4d19-97f0-ec909299c769,181,56,8,68.94,2024-01-07,EU
beb8967c-bfde-4abb-9a44-739fa6fc9e8d,721,36,3,1167.92,2024-03-11,EU
a5157f3c-0205-4ed0-902c-950318077e1a,811,83,3,342.86,2024-06-29,APAC
5cad2ac6-38e6-46e8-bd0e-e1b8691182ae,111,129,3,112.66,2024-07-01,US
830da158-651f-4d1e-bfa6-19a6e20072d4,837,370,3,481.81,2025-03-18,EU
137280cd-75a3-4a30-9fcd-9c404659e4f8,249,493,6,1234.6,2025-05-16,APAC
0b745b9a-95fa-4aea-b4e2-c45abd49d58b,194,496,6,2125.78,2024-10-06,US
c765e6eb-c794-4b79-a27e-6a469e3e221f,742,280,9,3149.53,2024-07-07,EU
efbf9044-5812-4bb9-964f-e9fca2804918,421,454,,193.11,2024-02-15,APAC
64c54257-49eb-4082-829f-35a36e34cee6,345,278,10,2454.14,2025-03-13,US
2d7f7886-677d-4e35-be7b-836972c8cf4b,4,212,3,1297.24,2025-05-25,US
2ed48259-582a-4220-a04f-c2c8f832bd78,394,164,3,1411.36,2024-05-28,US
27beacad-6476-4fab-8ba9-5b33df737144,357,397,2,548.09,2024-10-31,US
c313f885-fe97-443e-a750-af8f5a58387f,915,281,6,2920.96,2025-02-10,EU
bc317e8f-877f-492a-bd3d-3882d4b17e93,333,202,8,619.25,2024-07-11,US
ee271386-fb40-40a0-a8ef-43b5e1d63b24,819,344,,402.4,2024-07-29,APAC
b49d0489-dfb6-46fb-9853-7d3c81c21069,598,32,7,3248.73,2024-01-29,US
76e9828a-c808-4df8-b8b9-99a9b5f5e17e,489,457,,110.67,2024-08-28,US
c7858263-0801-4d6a-8b82-e9f27581ff70,49,21,2,252.93,2024-07-20,APAC
f6a0b741-b18d-4a57-b645-557745d11a64,844,381,,331.33,2024-05-06,EU
ef397591-0b68-49e4-a1e4-e0666de654f2,993,303,8,2470.0,2024-01-06,EU
69a47e38-e389-4ed7-9114-f3f30452fc9a,294,60,2,183.05,2025-01-06,US
fe8710a9-61a3-48c1-bfba-9d42935b7cf1,583,78,8,3155.59,2025-05-23,US
ff26fd86-817d-4c53-b51b-0895ddb81121,982,249,3,710.67,2024-12-05,US
627aa11d-99c1-4f82-8304-fd3cede7b54c,508,170,2,606.65,2024-02-06,US
9bf82743-62c6-450a-a5c0-b2528b5810d3,724,173,6,2100.83,2024-10-20,EU
b94f9066-df52-4080-826a-08e1437fab0a,82,98,10,4298.52,2024-01-31,EU
4cce38da-ffa7-47b6-a540-3722b59cb293,265,85,9,4156.4,2025-04-04,US
da2df770-e52f-4371-8e93-df2dbe6cc0a4,976,137,10,3094.81,2024-11-02,US
de76fdb5-7469-4f6e-8d73-6d5a607748ba,816,161,4,1640.91,2025-05-01,EU
293610f3-777f-49b3-912e-c435af52bb0e,978,199,6,1965.25,2025-01-31,APAC
4822ed71-c2b7-4899-8b47-c3492e52766a,994,94,10,515.09,2025-02-21,APAC
18f15abc-cdec-4769-9554-68603f6cc4ea,361,376,4,1172.92,2024-03-20,US
82101d2b-f958-4cf0-af84-ce3bea4c63fa,638,432,4,288.16,2025-05-22,APAC
a413207d-cf8b-4f98-8fa5-7207c5403421,317,474,4,1343.9,2024-10-21,US
f972d8cb-cce4-4f78-984b-19c5ddd411bd,815,218,4,1147.88,2024-12-14,US
6dad7c51-ff18-4808-bcdc-5d7033819107,836,59,9,1837.39,2025-05-01,EU
bed1ebe1-edb8-4c39-b2db-fe066b6d2860,438,74,10,3708.93,2025-06-11,US
3094bdb1-4b16-4def-850e-43e29dd5ee34,887,429,8,2410.77,2025-01-27,EU
bd458b3e-1e56-48ee-a0da-6ab92cc66fd0,172,213,3,60.39,2025-01-22,APAC
6ca3dffc-70c2-4031-9692-32707b7680fd,951,167,9,747.34,2024-02-22,US
5e7a2360-df08-496e-aaf4-09fdc39a93aa,889,273,6,2198.02,2024-08-15,US
bd5aa021-f58d-4c0b-8d32-58b4891c1683,823,190,3,251.84,2025-04-05,APAC
f23967d6-7411-42a4-be50-37d981fbab38,689,299,10,993.16,2025-03-31,US
f38bb9fa-0243-41dc-ae88-3caaf76c88ca,547,155,7,890.7,2024-10-31,EU
9ec38b71-90ab-4406-8423-d92c696473dc,64,486,4,445.86,2024-06-19,EU
6eaf02d6-2980-4cce-a793-8dd37594c2b8,715,59,7,840.81,2025-05-14,APAC
a466c45d-68f8-434d-8c83-6f0180db6af4,281,418,3,412.2,2024-12-14,US
6b84011c-825c-40f5-8e60-4d05f676e486,270,244,10,4601.22,2025-03-23,APAC
106319f1-b4fb-408c-b176-3a87f5187471,443,258,7,2074.1,2024-12-31,EU
caca7246-5a4d-4dbc-a218-8c67974c682f,107,290,3,1119.9,2024-07-04,US
ee873af8-516a-421a-aec5-2fb67a0daf6d,315,414,9,3175.47,2024-12-18,APAC
9dcedd07-4166-4143-897b-eae276de7875,985,51,5,1096.78,2024-03-28,EU
20d8feb5-8b58-4048-9fd6-fde0a289038e,949,327,3,1126.73,2024-05-31,EU
f7573c7d-7e23-4449-a264-9164b1a50fe7,841,338,4,1751.89,2024-09-13,APAC
eea1d353-66bf-44e5-9d33-88f3a4873459,488,204,9,4216.51,2024-04-06,EU
79b1203a-d365-4127-b592-6c426a218fa3,812,322,3,372.82,2024-06-27,APAC
28dc5e9a-9939-404c-84ba-80600d5e71ef,946,298,3,587.13,2024-10-26,APAC
0e326bf0-0a55-49dd-95dc-fd88b33513b9,221,211,3,460.81,2024-10-17,US
59fe7b65-158b-405e-9e79-2b7dabe9e655,834,84,3,17.83,2024-12-03,EU
6443af94-889a-4dd0-9e95-99f79f6723ae,622,25,8,2775.69,2025-01-16,APAC
8cfca482-725d-49d6-a8de-f8c6293ffe6f,852,292,8,2727.51,2024-07-07,EU
f47a3ef1-3582-417d-ae22-e9a585b444cc,825,411,3,624.02,2025-06-23,EU
5739a987-8943-460f-8d66-5ff98323adf7,360,442,2,496.62,2024-04-27,US
aa68b208-6245-4432-92a0-a6508569e4ac,684,340,9,1743.66,2024-02-21,US
f8b43c30-ab35-4afd-86de-54d8ee6e6d67,905,153,5,751.41,2024-04-28,US
50b865ca-80e2-4365-9129-0e75188ccb64,710,313,6,2969.99,2025-06-01,APAC
2daf0e56-901e-428f-9276-50f4793d97a9,193,83,3,1467.37,2025-02-08,US
290ae51a-42b5-4f57-b35b-b06b922ca1bd,825,381,1,230.07,2025-05-18,US
761146e7-059c-4706-ac5e-d60ed8d6a4b8,944,488,8,3166.41,2024-02-20,US
b9a3e702-f87f-461a-b882-83e5a1812476,111,210,3,244.03,2024-02-20,APAC
6aff8d89-1636-4e1d-9dc1-9aa2bbbd38bc,812,292,2,446.88,2024-01-11,EU
047d2362-8143-4e35-be42-924a7dd9ca96,886,14,4,61.98,2025-03-18,EU
35edb0e2-0dd4-45ec-a0a1-c2f6e0ddb731,743,442,6,1048.8,2025-02-19,APAC
0ba108dc-4417-4908-a33e-1f5b65a8c3fd,248,401,9,3520.64,2024-07-25,APAC
2df80040-b43c-41ed-bc63-97de1acb04de,203,249,5,923.4,2024-05-07,APAC
bad01c3b-24bd-4e4f-b49f-0b12739f6c90,488,326,1,474.31,2025-03-22,US
db124989-abaf-4a35-b123-93fbd329fa19,1,426,9,2365.34,2024-12-14,EU
cbd45adc-10d5-43f4-bc48-bdb37ebbabfd,529,145,2,80.28,2024-09-28,EU
6b1c9dc7-f5df-4a8f-88d1-646238c032e9,424,410,2,411.21,2024-01-09,APAC
d073148f-9118-4f66-90fb-074e566929e7,704,124,4,1374.91,2025-05-19,APAC
9e76a9b5-b7ce-44d7-80bf-b409f6f515cc,90,253,1,206.37,2025-04-23,APAC
d5758a17-9169-4a6c-b31f-2dae63b8e016,890,377,5,1616.45,2024-12-22,US
07e8dee2-553c-4a4c-a1d9-6b258e2059bf,429,198,4,507.88,2025-06-07,APAC
4248db93-2ac0-415d-b5c4-9e81eeed7633,867,210,7,656.54,2024-08-13,US
d8f9f486-ebb4-4cb5-bf44-d54d4b235fe9,284,189,10,4115.38,2024-01-01,EU
a8373a81-3773-40c2-bdd6-05184bd235c1,302,172,8,2906.42,2024-06-08,APAC
e937094d-7203-4a34-a208-2b0760c09aab,778,492,5,1423.35,2024-12-03,APAC
8d92f9de-d2d7-4e41-a975-e4c0bcfbe7d3,271,126,1,470.15,2024-12-30,APAC
744d3954-1b45-46e4-add6-f56cc04ed65b,44,19,10,2371.82,2024-11-09,APAC
755ad37e-590b-4cc6-9593-8f6f8f43b2e7,500,106,5,36.46,2024-07-25,EU
10679731-1ba0-454e-a967-20d42528ffcf,788,264,5,1335.42,2025-06-12,US
c334d28b-1854-43ef-81aa-33f9f9cbb6d5,142,235,5,541.77,2025-04-22,EU
1538b7a1-2a4b-4139-ad2a-e15567373028,850,44,5,111.9,2024-06-26,APAC
81531e89-fa72-49fc-a3f5-b8f6781870fe,507,418,5,2127.3,2025-01-29,US
480f0503-947e-478f-a874-be9303a3f425,122,183,9,3491.47,2024-03-15,EU
01c33038-51b3-4247-a542-ffa6537cc309,922,176,2,866.29,2024-09-28,APAC
11c7e0e8-97c1-4cc5-8ef5-3acd2a8d6964,431,51,7,1021.26,2024-11-27,US
7f6ae1aa-bb01-49b6-b871-a28b03a2436e,398,52,4,1783.41,2024-02-15,APAC
fad9f419-b8bd-4bfd-b3f5-9346e4ab61e8,986,359,9,2259.69,2024-08-07,APAC
58eb9e51-a1e9-4684-b00d-e11f84b1b1cf,845,395,10,3484.07,2024-06-20,US
0ac4af35-955b-45cc-98c8-8ed0598d8a7f,683,358,1,186.34,2024-12-04,US
6ac4beba-6b8a-4a47-838b-e41a98c6de7a,722,195,8,686.62,2025-01-07,US
03196923-bc62-4f92-8b62-8a6162ac5599,699,454,5,390.56,2024-12-03,EU
0b049d69-f654-4fad-98e9-cd417bb327b8,479,294,6,1713.53,2025-05-20,EU
18123b36-2955-4ada-b06c-788466ed35dc,44,489,,84.97,2025-05-01,US
05949f66-e117-42e2-b8fb-a5a3db33479e,936,494,7,2837.99,2024-05-29,APAC
c5c099d2-f223-49cc-b0b9-cdfa36040b41,347,139,,363.77,2025-06-22,EU
9bc8fc54-c7db-49a0-a6b2-d7f6c8a0964c,913,182,4,1023.35,2025-04-05,EU
2596b4f2-8b20-4f12-84f4-2a503e9f425f,37,500,5,2202.9,2024-07-07,US
b7bc1971-28b1-4be9-906e-89bee03258fd,320,108,7,3334.52,2024-12-06,US
03b3ef28-01f6-44c7-a93f-65e4e8cd4e8d,464,404,6,1879.07,2024-06-05,EU
748dc8d8-f0cc-4854-84eb-84bff0796ce0,604,496,1,434.19,2024-03-13,APAC
434298db-ef52-47d0-9cce-80ed13c73aed,805,317,10,580.26,2025-07-01,APAC
16053873-1148-4cbf-8038-cb77a093b3a6,95,424,8,1751.0,2024-03-21,EU
a156306d-6182-4886-83bb-13cf7fdae691,687,63,6,1660.97,2024-06-09,APAC
bca1e886-52d7-48a6-b7fd-5b1ba4ff16f2,787,7,1,263.76,2025-05-02,APAC
04923074-df0d-4e10-a1bf-a72b77c14a1b,3,286,8,349.75,2024-01-12,APAC
6bd62374-5145-4b84-99ed-d84e20a3f389,318,227,7,3070.15,2025-01-22,EU
9ee55986-232b-46dc-8892-fde8083eeb6b,36,425,1,255.76,2024-03-14,EU
ad54260b-73f5-4684-bff6-1fbed59a1fb9,461,404,10,478.12,2024-12-22,APAC
8a7a46b8-849a-42d8-bc14-222bffff8e98,905,397,,433.81,2025-06-14,APAC
ce847051-5c80-466b-9c01-b76777540ca2,718,444,6,1066.76,2025-05-01,US
a474dc85-c6bf-44d4-9f39-1706d90049ec,611,5,7,3192.1,2024-04-19,EU
3a63b5ac-6a7b-4980-8e15-706ce0b358c6,287,46,1,346.92,2025-01-06,US
5459dea2-9544-4217-80eb-5f308c58741e,996,14,9,709.47,2025-01-21,EU
51e1b1b0-664d-4128-9452-2ab6d90c925d,672,211,4,899.72,2024-06-23,EU
72e2e34d-88a6-4c7c-b01e-dc0393eb2359,14,426,7,2491.71,2024-04-04,EU
87636644-7589-479c-951f-9216b75fa157,855,469,6,1670.97,2025-04-09,EU
bb75b6c3-2465-4e99-b189-3159103cb729,240,266,8,1669.92,2025-01-08,APAC
6870f282-01c3-4c3c-9102-84325b9d7815,377,483,6,1891.1,2024-03-27,US
90c210aa-1b65-49ed-8d1e-43cd4d453272,951,66,2,508.65,2024-04-09,US
183243bf-713e-479f-b993-28ff402d6e01,942,306,2,407.38,2025-01-16,US
1b48a91d-dc89-4689-8b56-ad871217a82c,778,369,8,1511.22,2024-11-20,US
30c6294e-7b72-4717-b7c7-ae9d18ddeb7b,53,58,4,1500.83,2024-03-27,EU
2398a83b-7ecf-4132-982b-35c7ab097e4b,575,188,8,2365.2,2024-02-07,EU
ab449827-c98d-4240-8400-7be0896540b0,18,83,10,4081.69,2025-06-25,APAC
7c3141b0-c98e-4f3a-9cf2-edee4dcf74d3,510,339,5,1056.14,2025-02-22,APAC
c699f2e4-d978-444f-9ad1-4215dccf3834,706,97,9,2545.89,2024-10-03,EU
609b94fd-38d9-4350-82b3-6dd59b249ddd,728,78,5,1184.26,2024-09-06,APAC
34f80802-c5d2-4ee5-a858-2db5a87dff75,189,291,8,2762.59,2025-05-11,EU
26797b76-ba78-40f5-b376-311669526b6a,296,450,7,113.66,2025-03-24,APAC
b4ff3922-e766-467b-a4cd-9594fe381e5b,961,325,8,2104.43,2025-02-19,US
49103858-37d0-45d1-ba28-e53b7ccf2855,86,443,5,2205.78,2024-01-25,EU
0fb8d686-e771-4b12-9ff1-790b62f2e2fe,694,255,6,1823.12,2024-08-21,EU
045c285b-a3bc-4332-865f-f8a78eca52d7,378,182,9,1611.32,2024-03-30,APAC
44309474-c240-40a2-bc49-4b3f373041cc,683,91,10,2417.33,2025-06-12,APAC
c0d2a47c-40a0-4311-b61e-0db51a1ee9e9,44,335,3,899.2,2025-06-27,EU
76d92767-b5dc-42e0-8d7b-b91d0e654a82,673,20,7,1273.64,2024-11-29,EU
7225cff5-af3f-4b86-b9ef-7cc467f577ab,247,216,4,724.0,2025-01-10,APAC
c0d46d86-a765-4604-9d7c-efe0d09d28f5,39,475,6,942.16,2024-09-17,APAC
525244dd-451f-4279-9ca4-fb8d691dd58d,332,282,2,13.64,2024-07-24,EU
32353eb8-8ce8-448c-987e-64820be330b2,457,421,6,447.38,2024-09-27,EU
428c88d1-dfff-457c-ad40-43a54d849686,24,24,1,248.43,2025-06-06,APAC
12da7dfd-9f47-4643-9ef8-be3de9772545,329,269,9,47.23,2025-06-04,US
1b0f8d13-48d9-4e81-97a4-c888b5fbce1f,575,468,1,23.18,2025-04-06,EU
6edc3d0a-172d-47d7-a54d-408d3e562e72,374,445,3,1399.44,2024-06-15,US
8d7342d1-2eba-4efd-bf66-036b32722d95,51,448,8,2424.18,2025-06-06,APAC
726fedff-03d3-4948-95d5-cfaea00f3f6d,27,346,5,1173.36,2025-05-26,EU
4c3b96ee-e6ce-4300-a986-8edaec98046a,198,202,10,3717.95,2024-07-19,US
e9ab97ec-bd38-41a5-878e-ca8bf724c57d,747,26,9,1917.64,2025-02-11,US
ee960687-e316-436c-9782-38721cf23e67,767,266,3,1318.2,2024-07-23,APAC
9e16f28a-5361-4208-ace3-ae9a41ee37ee,978,273,2,590.05,2025-04-09,EU
1a08d576-a56b-459c-85b1-11b30c85569b,552,443,6,1787.96,2024-02-07,APAC
b90d3988-5a72-4e38-93b1-c8fe6fcbedc2,825,402,4,947.62,2024-12-18,APAC
76b2af2b-e534-4ec7-8e15-7acc52327840,22,382,5,1559.65,2025-03-09,APAC
eb8da0e2-e071-493c-95f5-315143c15664,565,21,3,996.8,2025-04-29,APAC
c79e08c4-d010-4fc7-8824-1133600d505e,122,222,4,1583.17,2025-02-27,APAC
2fcfad9e-e140-4eff-b34d-b38ab79de17c,139,86,2,489.63,2024-06-05,APAC
ebda9a9c-5fac-4bf4-96df-e3ae36ad8d2f,942,379,9,3994.44,2025-04-22,US
c61198b6-b727-4ccd-abeb-82254bae5dcf,589,106,4,1095.3,2024-12-05,EU
5ad62da6-b9ae-4aa3-a8f6-fbf3b7c2b66f,375,444,3,438.77,2024-01-13,APAC
0b1a3370-feb3-4b01-b96e-bd4b76be2e87,251,385,,333.46,2024-01-23,APAC
7419cbf7-bfa7-4130-a187-75e6f6cd16f8,864,13,9,692.92,2024-06-05,APAC
2f4a5b8c-ff5c-45e7-8138-ebcd32a47854,632,38,9,3265.68,2024-01-21,APAC
e9a39ce4-861d-46fd-9675-22c65310adfb,679,452,4,196.26,2024-06-12,EU
76fbd597-727d-4ccc-80b3-f15f91994ece,632,191,8,3279.81,2024-05-21,US
b5917fe7-e8b5-4cb9-8990-5fbb2d135bee,936,216,9,197.15,2024-01-22,US
0c800265-be96-4bce-9967-742c71f444f6,387,375,1,245.9,2024-10-10,US
51e4b68c-e697-40fa-a97e-f615b05d3f28,790,200,7,493.09,2025-01-27,EU
c38d9f38-b835-42c5-ac6e-05f553ef82ec,116,207,2,897.49,2025-02-08,APAC
76dde8d4-48f6-479b-a5bd-7859e81e7f94,471,253,8,215.16,2024-12-15,EU
d20ade03-2833-44fa-9265-9f0f1765aca6,994,35,8,2709.51,2024-04-03,EU
ada0a1d9-968c-4a14-bf7c-133d40c9d7dc,577,458,3,796.69,2025-06-01,US
507354b9-fc26-4910-96ca-e37b3494f1bd,663,173,4,1874.76,2024-10-16,APAC
03015519-1d6c-4082-84dc-cc83226a105d,751,375,10,2588.23,2025-01-15,EU
a4cc2533-121f-408c-9641-27a33dc20a6e,697,272,10,4696.21,2024-07-21,US
6ea3b593-bd29-48fb-936c-6c18a6c921da,381,2,3,207.25,2024-12-01,APAC
977c0dea-fa02-426a-bd97-20fbd516666e,772,319,4,61.01,2024-05-15,EU
4f9de8a9-382d-4e7b-974f-a22f8715beb0,394,258,5,1172.39,2024-08-28,EU
ed434b14-d741-4bfa-98ef-a311777850bd,863,92,1,366.46,2025-02-20,EU
1dddd07a-319e-4181-98c0-c56eb59b2d55,461,8,7,2806.67,2024-06-10,US
523db366-d322-4c28-99e3-4801f474ce93,219,158,6,1506.38,2024-10-12,EU
b7a27b4a-485a-4242-b9a8-b314e17e89db,971,76,8,3858.68,2024-02-27,EU
cd59785b-a227-4265-b11f-cc66334c1d88,929,204,5,791.69,2024-05-26,APAC
2d5f59c3-6f24-4c00-9148-8abdd2bc679c,454,169,5,2480.04,2025-01-14,US
51cbe627-b1c4-44c7-885b-5579c950f339,652,118,2,77.69,2025-01-27,EU
def3dec9-d5fb-4086-8559-41537b1f9a36,600,379,10,661.75,2024-01-10,EU
374b4054-0a98-4a68-9d74-309e5541860c,201,3,7,509.42,2024-10-17,US
dcba2e65-0bd9-4e53-9480-d196afbed448,589,482,7,745.78,2024-08-09,EU
9dd9a67a-fa7d-4ff5-9f2d-aecb86caa774,190,471,1,136.37,2024-07-14,US
c9fb7858-de51-4f69-9613-b505a8e2be5c,25,226,5,1343.05,2024-10-22,US
43159b5d-01a5-4487-b51e-d156353499a6,634,431,5,1242.54,2025-05-29,APAC
1a9e491a-b535-461c-b631-7b52b9a6531b,676,174,4,757.23,2024-07-08,US
7e39aa69-8112-447e-a0d4-e4acce118b6c,806,238,5,2101.68,2025-05-24,EU
47183970-9cde-47d4-8344-ea7199e5049e,159,347,8,2958.75,2024-07-17,US
9a75de18-1959-44a1-9626-e6d6ea42a152,176,89,8,283.7,2024-05-03,APAC
a1569d39-1979-4571-a241-1398b888e113,141,348,6,2177.11,2024-11-10,US
92f3ed99-3cd5-4030-9470-99e87fe138b0,177,276,3,923.23,2025-05-22,APAC
35d74778-a8d4-4854-8bda-7122a421d621,655,59,6,2986.99,2024-04-03,APAC
89bca427-7972-4976-b1e9-8d6ea81087cb,689,19,9,1009.53,2025-02-20,US
9e437a46-053d-4a4a-ac3b-5e3676972929,33,415,7,1169.94,2024-01-18,EU
124199e0-641c-4e06-bcb3-74fac0b9884b,745,235,1,488.62,2024-10-31,US
b927203d-4e0f-409b-81e1-dfe94e8ef036,226,93,10,4624.25,2024-09-27,APAC
21b01439-5d54-4483-aaf9-e4493eb5d985,278,341,1,194.32,2024-09-21,APAC
e04ee461-88dc-4172-8747-8b6da7d11209,892,314,2,586.82,2024-05-31,US
21e58147-4530-4030-8447-0e11da46d336,48,120,9,244.17,2024-03-16,APAC
347588e1-f42d-4087-a7a2-55b9b96f411c,749,483,5,224.82,2024-07-24,EU
9802adea-2f1f-4365-95aa-15328c32ff28,921,57,7,1126.97,2024-05-03,US
952cea04-7a01-46d6-8023-1a457e4a00cd,467,161,1,327.17,2024-12-17,US
191a2622-855f-4cfc-ab61-8bf726be2bbb,319,3,5,501.95,2024-02-25,EU
d5ef5183-c8e7-47bf-a9e4-87853d7ccf16,994,280,1,335.87,2024-09-19,US
b5ab6e88-7362-4f48-ac78-e33422cdd3ea,755,149,7,384.74,2024-07-05,EU
3df26044-1dce-49bb-810a-df1a63b938b7,300,260,2,795.37,2025-01-06,EU
f4bfebb3-dc59-42c7-9e19-0ca182345abc,355,298,7,3183.19,2025-06-14,EU
93af45c8-d318-4dd0-bf15-e294ad54d940,429,359,6,903.81,2025-04-26,APAC
bd60fd52-b9c1-44c3-84de-4ffd6215c792,415,202,6,62.83,2024-02-27,US
09538fa7-1ffa-4010-8f30-8d09d5783112,101,364,10,1145.64,2025-06-27,APAC
0e31ba1b-e6c7-40f4-a08f-cbc08edf2792,167,167,2,688.96,2024-06-20,EU
ae7ed23f-9182-48e3-a416-922525d5aaf8,906,271,4,1630.84,2024-02-19,EU
7d39a1d0-c31c-4155-b2f6-dc3da899b9bf,747,131,9,1165.8,2024-03-08,APAC
70793800-2858-4d75-94c1-5cdb68a212b5,715,134,9,765.18,2025-04-08,EU
4aecd05f-b7d5-49c3-8bb4-06b77fa8c901,715,479,9,4064.6,2024-09-19,APAC
5bc2618d-6b02-4630-a709-dcc37b2eabfc,159,62,2,923.65,2025-03-23,APAC
fb459d56-b900-4b77-99dc-24b2764ae140,132,424,7,876.04,2025-03-05,US
a128ad56-17be-4d1d-ad87-16ce56498a03,221,428,3,1450.63,2024-06-13,US
1d9ee7b6-34ca-4b69-ab86-9181aa7daa93,682,410,2,880.07,2024-08-10,EU
2f390c88-23eb-47d1-bbc5-4c13e13f3823,797,489,,165.09,2025-05-12,US
c96121e4-7764-4fa1-bcd6-4cdb1ddadfcc,532,233,5,503.48,2024-12-04,APAC
3e6a772c-59af-46e2-a297-25bb6c5d339d,268,334,10,4446.44,2024-12-18,APAC
744c7b32-62fe-42d2-b773-59b65aa7d039,278,402,2,303.88,2024-03-15,APAC
699554e0-c7e3-444c-88a9-3d323d75b59c,764,117,4,575.17,2024-11-11,APAC
9efdf6ad-9fd8-4623-b404-3c8c1f109a6d,827,441,5,1090.72,2024-12-04,US
d86328e8-c9b1-471d-a021-859d517b4c60,485,33,3,1146.2,2024-07-20,APAC
f5320d5c-24d8-46c2-b869-8de322ca9f92,209,197,1,110.86,2024-10-08,EU
2341bfe9-0d46-4dc6-8495-3f0390f95021,689,420,1,494.08,2025-04-16,US
a931d6a9-0989-42f8-a437-1068fb9b5055,555,14,3,646.58,2024-04-21,APAC
1ff07407-057e-44e5-b4fc-0054366c8e13,86,442,1,236.77,2024-04-03,US
fb1d8518-3eef-4cc4-9040-f874b2a10323,796,116,9,4171.23,2025-03-17,APAC
d2e15976-c3c8-4934-9352-76bd02d3505f,246,440,8,2217.46,2025-07-02,US
22e07c85-6601-48b0-b800-19de265d7227,681,485,4,1534.91,2025-01-31,APAC
c2376a76-970a-4914-9012-8f1cb23f3b9a,861,390,,213.85,2024-09-16,EU
b24d3ea4-e6d0-4d75-bef2-5739949341b0,484,147,1,251.02,2024-07-25,APAC
6138f3dc-ef4c-44b1-a413-996df5b580c6,124,447,2,154.06,2024-08-12,APAC
db3b6eb3-f80c-4cf3-94fa-5c37ef6caf8d,153,446,9,2292.24,2025-06-11,US
ecab4511-24d8-4810-9110-b1135d39f4f7,203,429,7,2533.3,2024-11-27,APAC
5e87f45c-ab04-4ce0-8f50-4413cdcee0d4,209,196,,51.96,2025-04-06,US
59e8f6b4-03dd-4df4-ab03-964faeaaf62d,662,108,5,2322.6,2025-05-20,US
fe8284b0-27e3-46e2-946e-3e1ba0c62173,633,51,4,49.37,2025-02-12,US
c3a410dc-3511-463f-aa1f-40d5575faf8f,387,55,2,968.38,2024-12-26,EU
eb77d91a-8477-40f7-930f-d443583422bc,924,95,2,390.46,2025-03-05,US
5c6fcb99-02d0-466a-8b75-c33ec997085c,523,149,2,397.7,2025-05-17,US
2d0b5ff4-f013-49c3-b481-60eecbfb7af3,208,311,2,462.85,2024-02-13,EU
724b44d2-dbc1-4067-85d9-e6356cf73428,385,91,2,64.46,2025-05-08,APAC
8632cb31-1c1f-4b09-bdea-82990815ec6a,705,21,7,1861.74,2024-07-11,APAC
875b234f-bd95-47a7-ae53-73b39495f8fe,978,128,3,1449.13,2024-05-12,US
0c104594-433c-465c-ab63-13dc5dfea915,805,389,4,723.93,2024-04-04,EU
dfe9a1a5-bbda-43f8-82e6-3d8c7ea1d98f,883,182,4,1545.16,2024-07-13,APAC
ee72b1bd-4e70-4752-9c68-d6f1d3887014,316,477,8,1660.15,2025-03-23,EU
59474b28-b5b5-4a94-af9e-3234fe5ed54d,709,304,2,695.34,2024-02-22,APAC
84580bbf-1749-4621-8200-569d5d48db03,111,432,6,566.17,2024-06-06,EU
e20689f6-fc3f-4f8f-963d-9db03db58c51,474,190,7,329.14,2024-02-24,EU
5425797d-b5ca-46cc-a600-f729a3fa7ef2,851,8,1,252.36,2024-12-18,APAC
830c1abb-3823-466b-a138-0de9466f047f,377,420,1,301.01,2025-05-28,US
ac15f9f1-3753-4653-9d0f-e4518e1cb151,273,489,9,3194.28,2024-04-12,APAC
4efdc6ee-8c90-41d1-8d43-2d5cb11a28a9,826,320,6,30.76,2025-02-26,APAC
40a01239-0774-4128-a9f7-2f9c613d22ba,900,132,8,2503.61,2024-12-15,US
718dc380-b346-4b78-9bae-78be543c2ffa,822,26,7,2407.66,2024-12-12,US
0cccf5dd-edf9-47de-b95d-a04ba094e385,476,195,8,1770.63,2024-04-10,US
1e4fb6bb-9d6a-4565-8c1f-3f2bc2aaefc6,26,141,6,1496.15,2024-06-01,APAC
db7b7e96-9bb4-425f-bc48-20f573e8353b,503,176,9,4455.81,2024-01-15,APAC
8e5261a6-2c62-4f9a-9aca-6eeab999e2c0,457,71,3,128.07,2025-07-01,EU
e65652f0-c51e-4d29-8752-a38973d845fa,623,378,9,1825.81,2024-11-01,US
16979624-d534-4218-b590-374f2e9bf00a,721,455,7,2259.12,2024-10-11,US
f811a015-9e22-4246-ba25-9f2a8f1e2139,66,243,10,4806.97,2024-11-24,EU
3bbaa5b1-d6cc-4b92-8d6f-71b542242683,182,224,4,387.5,2025-01-16,APAC
722028c3-77e0-4226-b401-3f9f04d8dcc8,427,303,4,1960.69,2025-04-06,APAC
ab4c81ca-747b-4d8a-ad19-ebfe73ca56fd,343,69,4,334.74,2024-01-10,US
2e6e4d78-ffe7-4ac7-9638-fd4224124291,869,401,1,284.76,2024-10-12,EU
de7e4501-4b8c-471e-9159-04001e123807,218,385,8,1088.86,2024-10-08,APAC
eda5c4d9-b14b-49b0-9302-cf5bffa70bd7,332,438,9,3664.95,2024-03-17,US
63aada60-5518-4cfb-99b8-bae54c46b755,669,212,6,2552.22,2025-06-11,EU
66872c2d-b7d4-42ad-9e7b-2e7c740d2a0b,739,13,2,197.71,2024-02-22,APAC
525db9ef-e231-4d6f-a35c-da1b10148db9,77,123,6,1495.04,2024-04-03,US
40229bb5-51e9-4fb1-a983-40833f9db894,998,66,9,2018.37,2025-04-10,EU
7cb1a879-6580-4565-a0f8-a4cadf6008f4,507,175,5,1019.28,2024-06-06,US
25ee969e-8b25-4e98-9932-adcb2b70205d,617,374,9,1338.68,2024-11-12,EU
7559b04d-79bb-44e4-89d1-cdc774488eb5,536,70,7,1164.02,2024-07-04,APAC
5badea76-e8b1-4d80-9498-4cb2efda484e,587,453,9,865.65,2025-02-19,APAC
d2460e21-7991-47e1-ab26-54f4908a4662,745,103,9,3861.41,2024-06-04,EU
0fb330be-2681-40f4-8dcf-1d06936ea21e,429,336,4,1106.94,2024-09-04,EU
40e7230a-2640-4b82-919f-2b71d3585252,185,335,9,3421.84,2024-01-04,EU
ca386150-6a1e-4b18-b598-032c3f4abb40,524,73,1,98.83,2024-03-19,US
8cb174a2-ccf1-4834-b522-55def64ec07f,136,396,4,351.31,2025-04-04,EU
b7df33f8-425e-42dc-91d2-97e371da32cd,789,460,5,867.04,2024-12-05,APAC
1aafb031-7ca2-4a3d-ae5b-5d1e5c1f54aa,634,153,8,48.77,2025-06-30,APAC
a6d705ff-981e-44d7-9eed-878ade0edb0c,495,414,3,495.06,2025-02-14,US
8ba9e604-a73a-41ab-9a02-93c2f4b269e8,346,122,2,624.62,2024-04-28,US
15570bd0-8e4e-4d03-b6d7-d2ce3e42907b,17,361,1,114.43,2024-11-28,US
ed732cf4-1572-4d68-9e50-55526fd96614,411,334,6,792.52,2024-03-05,US
028b5850-08ec-4ead-a7ec-aa0862483732,40,296,3,69.02,2024-03-08,US
9a533657-522c-4d85-96f7-090a9fc1951c,473,449,6,241.65,2025-03-07,EU
44a02284-2dbe-4b94-a71d-76384ad8e0c9,325,221,2,474.11,2025-05-28,APAC
e0b6abb8-9a0f-44b8-9f3b-47764697428d,245,377,4,1070.34,2024-07-21,US
1f1a3aa4-cfe7-423c-90e7-8a84586b320f,448,448,10,389.64,2024-12-14,US
1f0aaadc-663e-454e-bcf8-789e32a0737a,849,389,,367.1,2024-12-19,APAC
452f3496-7f71-459d-bf11-ba0a86475f31,470,35,2,729.56,2024-09-08,US
3b415f12-c762-4cbc-af0b-06cd407ea866,719,469,4,1417.54,2024-11-06,US
053f399d-fe92-4cbc-9dbd-da785fc1720c,481,215,3,270.31,2024-12-19,US
10cd0331-92c8-4284-a8eb-134154b6d918,628,448,1,269.42,2025-03-06,EU
7d024f80-7743-4093-8a9f-6ca8690e33e0,248,416,9,96.34,2024-08-28,APAC
9d7a6db9-0a72-4dfd-b358-d796e525f1a9,116,163,3,697.07,2025-04-02,US
42aa8878-4835-471c-afca-84e398d9440e,849,240,10,2130.61,2025-05-19,APAC
2d769785-14a5-46ce-b3bb-c69f69ef12dd,477,406,2,380.13,2024-12-29,US
b632076c-f845-4ff2-a5d7-5fea0a429f9d,129,399,7,748.98,2024-10-21,APAC
ac9af07d-157e-459e-93ad-6430328af7ad,33,28,4,1374.55,2024-10-20,APAC
ad5c7fdf-f2e3-4398-8957-c7cd886c6f78,184,162,9,1206.01,2024-01-17,APAC
316fee6c-3f4d-44f8-a6d8-ad01e84d493b,282,27,9,3507.74,2024-03-28,EU
b315b0a4-8cd5-4961-b2f9-8c93ce230e2b,292,150,2,265.61,2025-03-28,EU
2c498028-89e0-4ed9-ad4f-32dda875aad0,522,329,8,2163.95,2024-08-17,US
ae8ce797-bb2a-485d-8535-76d967a542b7,471,497,7,2505.11,2024-06-07,EU
2620aa6e-2eaf-45b3-86e1-76f52e770e78,543,184,1,406.68,2024-02-11,APAC
6add36a3-cedc-40be-945b-c83611ff7e58,354,41,5,2130.96,2025-04-28,APAC
f88d4c4c-82e8-437c-ae1b-e3275891f06f,806,373,3,934.35,2025-06-26,US
ec3754d4-fbca-4354-9cbd-e0b07c94ba5d,432,82,9,4360.86,2024-10-25,US
a1ca86ef-5fb0-4b2a-bd84-fd06ecc52414,693,71,5,1905.9,2024-12-15,EU
cb8844d8-fae2-44a1-99ca-5736a9f9d281,523,178,1,437.75,2025-06-16,APAC
b507279e-68bc-4a6d-b0d7-dcd19eb3f768,125,42,6,2849.62,2024-08-01,APAC
392122dc-417c-4b28-b8ad-13531ea85fc8,480,285,1,342.06,2024-06-28,APAC
e402f3ca-723a-4be5-917f-b4e632b4070f,184,387,7,2439.28,2024-02-03,APAC
44aa86c4-1ab4-4db8-9aba-630aeab72122,984,285,4,1462.3,2025-04-22,US
efc5bfd2-8faa-4f1d-932d-6e622b33c10f,78,482,9,3236.1,2025-04-01,APAC
83519b03-3853-4221-bdc6-4e707b59d900,265,420,3,516.56,2025-03-31,US
95ead307-47f0-4900-ace9-31dabee23a72,464,112,6,1217.06,2024-11-24,APAC
bd0e23ea-5462-4785-95b3-3b85a5faada6,373,433,,130.07,2024-03-26,EU
0636dbe4-d732-4415-8c77-e15716aa79ec,369,322,1,54.67,2025-03-07,APAC
c5f836c3-08c8-4fbd-bda6-2bd0c7a28d8f,620,143,7,474.46,2024-03-08,EU
cd9d3b36-8e39-461f-b0bf-eb91f767aa57,537,266,1,111.1,2025-03-04,EU
d1ad9040-e698-4652-a012-1bb5bd3bd7f0,291,369,10,4732.03,2024-08-23,EU
4081b442-a9a8-4db8-8586-c9af40810cfd,490,215,5,1623.35,2024-05-29,US
9f8dbba8-6733-4927-ab5b-d7675009ca08,776,243,8,3759.98,2024-07-09,US
e7cb9b9f-80e1-40b3-81f0-20af1a001345,32,30,4,1877.51,2024-03-28,US
dc64e4b0-0884-4e50-8af1-f964dbe3eaac,297,89,3,1356.06,2024-01-05,APAC
c9ef75a4-30cf-4a4f-b997-01652524b3cd,339,428,6,1870.39,2024-06-20,APAC
c8f819a9-ebbc-46da-a77f-69d82785e23d,190,205,7,1257.72,2024-07-23,EU
bc9ff7d5-2105-483a-8fcd-776fd4a03bbe,515,422,2,654.89,2025-05-03,EU
728470ff-8d6a-4067-958b-f6a04c111fd0,235,77,5,1297.49,2025-05-14,US
9afa1ce1-f999-4048-bded-40c766609ec4,255,392,10,3439.27,2025-06-06,US
0a7bfd5a-c5a2-4d87-8e69-96b124296340,452,27,3,1199.74,2024-09-02,EU
bfbc75d4-cf0f-4194-90aa-acabcd9a8903,236,273,10,2744.12,2024-02-29,EU
c3b167ff-bdf6-42c2-a332-6650f98824a5,397,300,3,524.46,2025-03-21,US
b8b6f37a-5ee3-48a1-9dc6-de1e14896147,906,317,1,239.14,2024-12-16,APAC
ebad141c-6d35-4bfa-b04a-429b9a801a02,521,39,6,1817.13,2025-03-09,APAC
0f2cb88f-7895-43dd-a879-06fc315c7c3e,835,42,5,340.9,2025-05-31,EU
f241c551-d4da-4aa7-aa4b-0ae1f5e4c6a2,763,315,3,640.18,2024-12-11,APAC
4748cfd7-fadd-4156-937d-9e7a5d040530,369,237,5,1927.45,2024-03-14,APAC
8fbcaf36-8c68-4bd8-8edc-04dcbb1e0380,458,118,,435.5,2024-03-26,EU
f287b131-44f0-41f5-9365-ca965dc50456,450,189,5,2143.99,2025-05-21,US
b8a2e02b-46af-42e8-a751-f4465f26bcbc,79,260,9,339.69,2024-03-01,EU
7e767b32-85d0-43a8-bb38-728dc6247e1d,613,286,8,3234.78,2024-02-28,APAC
25640162-012e-4d8a-9aa6-1338f38e7d09,962,284,8,1819.82,2024-06-25,APAC
897fcbfc-265d-418b-afb5-54826e90603e,271,114,5,273.47,2024-02-28,US
1fb38847-2b74-4c2a-b15a-6db0c66c3c1e,864,313,7,3007.03,2024-02-04,EU
3ff00bf9-f142-41bf-80e4-b643359e7c0c,843,390,3,739.65,2025-02-06,APAC
8f97328a-6b7d-4df1-a8d4-0955f832cba7,752,110,10,3451.92,2024-05-22,EU
97a272be-c368-4651-85ee-524ba104fe4c,158,66,10,3995.61,2025-06-22,US
b537004f-c02d-47c7-b915-2c6a9dd45361,870,347,2,994.21,2024-11-20,EU
e9e6def9-83f6-4dbd-a364-ffe112fcbba8,700,420,1,61.25,2024-03-27,APAC
16c9438e-8678-45b6-9d64-d0501b9e42ed,522,100,10,601.93,2024-12-14,US
398ada6e-f977-458d-83b3-042e901ed1ae,308,361,3,1153.97,2024-04-08,EU
4977acf0-63d1-461b-baa1-d66f3159ac1a,579,350,9,1962.32,2024-10-15,APAC
6f23da53-6759-4eb5-bf11-803a1009774d,583,75,10,3327.31,2025-06-02,APAC
43089dc7-d2e9-4340-8e93-2721e338b7b5,169,449,3,48.02,2024-10-16,EU
91552c57-e783-4484-a358-a441da85942b,442,156,4,1287.8,2024-07-03,APAC
761d6e3f-d41e-4244-b92c-b5ad6c5b4921,137,341,6,2956.77,2025-03-14,EU
ef2628f4-bae4-48be-bbcf-c78b77d1b30d,942,81,2,991.69,2024-07-05,APAC
41b5d20d-496d-4d1c-a456-42e8f4207fd4,290,476,5,947.0,2025-04-13,APAC
065f29b4-fb4d-42bd-9cfb-45b94ee2c725,415,376,6,112.52,2024-04-26,APAC
81d73dda-3749-4975-9705-05a4400e12ec,806,371,9,535.2,2024-03-22,US
3b71463d-f261-43fb-b2b7-bf682adb5104,552,74,1,131.58,2024-10-07,APAC
4430a5f1-bc50-4c24-a115-8e3a64550956,983,277,8,2457.04,2024-09-27,APAC
27bb35b9-8a36-4659-99e8-8fd89bb04d1f,276,169,1,453.48,2025-02-11,APAC
6bf0ea3c-d2ed-48ad-a674-cb66ee8a2111,582,28,6,999.21,2024-11-11,EU
45bfc2be-db13-46e0-8f81-22b2b976797f,41,131,2,955.49,2024-09-11,US
c17cee55-e297-4c82-9478-a932410b391f,676,217,8,2204.02,2025-01-02,APAC
c72f0a24-8640-412d-94cc-4a2a23eed859,372,150,3,648.0,2024-06-21,US
1cfbdb8e-7ab5-45c7-9f5a-f4ad519b52dd,322,466,10,2430.54,2024-09-14,APAC
4ddafd02-83c4-46ff-9a21-4de87be11b07,55,429,6,1866.71,2024-05-10,EU
1c8b6354-506d-4988-9789-da4e61e64905,721,19,8,2780.5,2024-03-09,APAC
5e77fd28-9c2d-4637-8e03-ad7bc976f8bb,582,4,2,600.37,2025-06-01,EU
25ef8242-64c7-4635-9b18-db4a86937890,850,95,2,876.76,2024-10-25,APAC
c070d105-acc4-4367-b39b-b6544e572a3c,755,121,8,3236.47,2024-11-24,US
b4987bdc-d40e-46f2-ab8b-e21e1d7bffc3,277,81,7,2459.04,2024-01-04,US
0b65ec1b-af14-4628-a227-640d3961a8b0,694,406,8,3190.46,2024-10-25,US
6b3c1685-1615-4c23-b3a4-8f41cac52c89,65,10,,218.67,2025-03-09,US
817fa602-c23b-4b30-9d9c-d300d7554c70,536,407,8,453.14,2024-05-25,EU
f74ac090-91e2-46a6-81c1-69a9ddd7f5c4,822,481,9,3715.2,2025-02-16,APAC
1e2a7c62-d898-4f6f-ba34-fea265985268,485,438,10,640.32,2025-01-20,APAC
7a7b6304-56cb-4d86-a9d6-f9bb898d2e76,99,451,7,1808.66,2024-02-09,EU
76d0fc33-98ea-4e0e-b8fb-5d6d38d3bc7b,232,420,3,431.04,2024-09-01,EU
e9bef94e-abb5-4909-8783-ef174f73dda8,983,114,10,953.09,2024-03-01,APAC
006352fe-6f64-4f3c-a136-4dcb8f733ffa,500,222,10,2650.79,2025-01-26,US
9bcbd6fc-51ed-4e04-b811-3554166d2719,57,110,6,799.65,2024-05-18,EU
7b6eb76a-b297-4aa6-82d7-90e9741704a4,782,391,6,648.88,2024-09-26,US
92ee3a2b-4876-40ab-9afd-15b2aa6c825e,801,496,3,103.33,2024-10-28,EU
f1dd6125-38f3-4e23-84d4-9a2b42af745d,25,54,9,2881.3,2025-03-25,EU
55f1c21a-14fd-420c-a0bf-313db726fa25,296,281,3,301.81,2024-08-11,EU
686b0918-8abb-4cc4-aa6b-269daffd2e31,990,370,1,432.31,2025-02-09,US
86970752-8567-46a2-a517-0316a47d0af0,31,409,1,230.29,2024-05-28,APAC
6e94ca2d-2f9d-4f08-b8e3-042347722ef2,810,46,9,427.8,2024-07-31,US
64c6fe9d-7f31-40b9-a9aa-ae6b0cf7db92,77,115,5,918.05,2024-06-05,APAC
063099c1-b1fb-4397-b07b-68903c316004,598,121,3,305.5,2024-08-11,US
23b68fdb-5624-4bbc-9b36-d41c61e1937e,176,278,7,406.82,2025-07-01,US
a630e91e-b639-43e5-a3cc-9d6a78018a86,98,86,2,492.43,2024-03-21,EU
f0de98fb-36f4-4479-b533-a1244094c03c,5,135,7,3021.14,2025-01-03,APAC
53e9602d-9553-43d8-96d4-acce4b1a539b,719,102,8,1252.44,2024-09-20,US
e621f282-668f-421b-ac98-3e004b39ade1,435,486,2,111.64,2024-09-12,EU
b6265491-98dc-4e64-a868-945560541bf2,430,87,4,385.85,2024-09-26,US
62b3c5d1-b203-4c06-a2e7-a11bf9dd4624,12,136,8,2670.32,2024-08-01,APAC
581940ce-83a7-46b2-999f-b9f7d92de43e,366,215,5,81.99,2025-05-07,US
7bedb1b7-86fd-4417-a13c-b1f2933ddb4c,907,434,4,1744.16,2025-04-27,EU
10a6a261-8200-44f9-bce3-1f55d6a7f507,642,271,,371.94,2024-09-29,US
6dc9e516-d412-42ea-8fd6-d01aafadec9d,320,261,3,554.6,2024-02-09,EU
6aedef17-2daa-4d28-bee2-14a46892a45f,27,271,3,1028.96,2025-02-10,EU
08e6ec51-ad88-438e-bceb-051aa452737c,953,6,2,688.07,2025-02-20,EU
356d10fd-20ff-4ebf-b92e-3d5651e4356f,90,343,8,3780.39,2025-02-21,US
781cbee0-a72e-4cff-ba08-ad94b86f4c70,673,177,1,351.66,2024-05-16,EU
a5d12b36-a28b-4f2a-9dd2-0fd6bd18f284,659,250,9,2628.46,2024-09-22,US
4ae37adf-16dc-478f-9b19-294b40271018,218,294,2,804.06,2025-05-27,EU
96434c45-8d35-4f7a-8aac-4494c57bbf75,649,452,9,4365.63,2024-04-17,EU
1deed1eb-7f39-4f86-bc1d-2f8ade161117,655,280,4,1525.93,2024-07-06,US
e1e347d2-0a7a-4774-b35c-1bf2cff303df,957,435,10,4706.94,2024-12-21,EU
df92ea4f-d624-49e2-81a3-6683ab644450,894,372,6,2875.16,2024-05-29,EU
7f5124cd-6d71-45a4-984d-8203b6e363fe,560,355,4,285.08,2025-05-26,APAC
21a6233a-4ec2-40ea-b20d-414c2879d27e,193,463,9,1344.9,2024-03-13,APAC
df1a6c84-caeb-45bb-830c-f97206f96884,261,409,10,4840.51,2024-07-20,EU
4c0e76f3-242d-4af5-b088-df7d8838a96a,147,223,6,2559.52,2025-06-21,EU
a24cc54e-b835-4890-8fab-71d10ebfb40c,742,81,6,975.04,2024-11-07,US
e4363e52-cdb8-4fad-aeb0-e8de16a55f18,451,201,1,429.9,2025-03-31,APAC
b8fdf327-8e14-494d-a2dc-e255a12b5745,552,72,6,2899.55,2024-09-24,EU
60f77219-eaed-4f6e-9b0a-2ab14bc2f083,890,346,2,748.45,2024-09-08,APAC
b5a62e74-05b0-4445-b195-112dc729bd2d,734,422,10,1348.29,2025-05-09,US
03fee923-a664-4d09-8e53-5912efc8a69e,661,192,7,2230.31,2024-04-11,APAC
fe9ae064-4cae-4ea6-a805-f3f69d79ff74,545,181,6,1107.78,2024-06-17,US
3b985e2b-c585-4936-b789-57684ac189e5,499,154,9,2737.57,2024-05-01,APAC
d4ab6874-f965-486e-951a-49e72beb04b1,802,45,10,236.01,2024-09-11,US
5b889bab-395f-48bd-82ec-5d2bece6c929,285,199,8,3979.34,2024-02-15,APAC
35beae68-1e75-4593-9a02-d876c2d9d5b8,822,34,10,3413.99,2024-11-16,US
041b15eb-5b80-4a51-839d-26ba7b8452ba,638,99,9,4218.98,2024-06-01,APAC
45bbac94-43c8-414f-978f-77dd8c330793,584,429,6,236.33,2024-10-11,EU
ec3cddfa-b7ca-473e-8c0e-f8e189277d61,67,235,1,58.64,2025-04-12,EU
f25a9d24-7067-4925-911a-d96b6482d1fb,545,465,1,54.66,2025-03-16,EU
a33eb93a-cf7a-479f-888a-e1284fc102ea,570,478,9,343.22,2025-06-24,US
ee6ca95f-3502-4b81-8e1f-382e31a9d179,434,342,10,2850.57,2024-11-23,APAC
94c4fa93-021c-4f8a-a177-4d9595bf4c0c,206,375,10,3241.78,2024-12-15,EU
c2627c57-af9d-4435-bb35-4f9916d12cca,254,233,3,1140.75,2025-02-25,EU
a0e2cb0e-1e15-49da-aeba-c96a32cb82b3,617,24,2,955.53,2024-08-14,US
23c6e2cf-fda9-453a-a587-7608915bbb6c,662,174,7,3366.39,2024-06-20,APAC
83273158-053e-4acd-b312-f674ce5d9ec5,474,351,4,182.42,2024-06-20,US
c93ae709-337a-4105-b30b-cc669c00ce01,535,405,3,1112.49,2024-06-05,US
f72c72ab-8466-44c6-b99c-b3a3f4accf8f,619,150,7,2717.09,2024-06-07,EU
448dffd8-f97e-4ac0-9235-ca7a1837e690,419,394,10,4860.69,2024-02-22,EU
961e9745-9c6d-40fe-b521-bb8ec1aa857b,390,456,6,1648.65,2024-02-17,EU
87e20ece-976f-44f6-b842-1cd95c943ae2,708,42,5,2044.39,2024-04-07,APAC
8e37237e-79d5-42c6-a59f-65cd5b1716b0,51,131,3,949.9,2024-06-09,US
99b7f983-d4f6-4294-aa6b-69493ab2f5fa,216,399,6,2020.41,2024-07-14,EU
8e7f4229-4fb4-4613-bcc3-9196957ee963,941,81,10,913.93,2025-01-07,US
62ff1b19-4fae-4a46-8f00-ef383716c12e,712,86,5,998.14,2024-10-18,US
43d1b6ac-87b9-444c-81dc-2c86abe86fc2,401,215,8,1664.89,2024-11-13,US
0f239354-d8d8-4b2a-9a62-5671d7803e78,198,256,8,1400.14,2024-06-26,US
05d62e4d-c7bd-4afa-844e-c776911c7a74,529,28,5,316.03,2024-01-26,US
5dcf3afc-a982-4e59-a886-4525261a75c4,991,185,1,98.83,2025-01-24,EU
863f8ab5-cccc-41d7-87ac-02734fba5d2d,103,228,9,319.63,2025-03-20,US
e778018c-8cf3-4b7c-883f-97bf74ff775d,422,153,4,565.57,2025-02-07,APAC
dea54727-ac5e-4970-abdc-3d174824d8c9,995,486,6,393.27,2024-09-07,EU
b8bf4f44-3c19-46d5-8d50-c9ccc666e021,31,340,9,1756.0,2024-11-30,US
9b9c18c3-2cd3-4a3a-aaa8-d2f1b63edfdf,508,425,5,34.73,2024-06-24,US
74a90e26-05e9-458c-852b-b15642d838ca,984,15,1,357.62,2024-11-07,US
7be55b3d-5f71-49e3-aeb8-f95d4f4bb410,610,295,7,1231.09,2025-06-01,APAC
edba8080-dfb3-4e73-93b0-148bdf008552,950,169,6,2274.57,2024-11-26,EU
99e056da-4950-441a-819f-c9380f05fedb,14,180,6,136.29,2025-04-24,APAC
7b174384-e734-4dbb-b04c-ff78c11c08ce,747,88,7,1360.45,2025-03-26,US
507dfb88-a3bb-4ddd-93c4-17a824b8e7d9,135,220,10,1173.49,2024-12-03,EU
5d9f480c-26c0-49ba-8d17-43b74bb61966,416,289,1,133.87,2024-03-12,EU
9e9431f4-924d-4f5b-98e6-9f3d8d8a8d23,707,97,3,778.66,2024-01-20,EU
327d889c-b3c7-410a-b1c9-f7c21ce8c894,602,480,2,563.05,2024-06-03,US
8ac382c2-0139-4bb1-b580-201ec161bb19,773,468,6,1701.28,2024-07-01,APAC
d894c215-ba42-448a-9155-bd8b2fe311ee,179,171,6,340.6,2024-04-04,EU
4f2b3439-bc3c-460d-89c5-dcd3668278e9,599,255,9,236.61,2024-04-29,EU
b588a8da-f756-4249-acb0-868d63800368,149,273,3,1362.42,2024-10-23,US
4b848cb4-d781-45c7-8147-63a75f7437eb,462,371,9,2956.61,2024-12-21,EU
6c5de60a-40dd-4ec0-93bb-2dc56035138a,588,434,2,138.36,2024-06-29,EU
927245d4-f648-4387-9aad-c4e228625255,679,302,5,60.56,2024-12-11,US
aaed8869-c8a4-42e0-a650-7b779328a348,419,491,8,601.88,2024-06-16,EU
c8054bee-4cdb-4255-bf1c-bbffb98f88f4,838,418,4,1354.05,2025-01-14,EU
7518960e-528f-4327-a7b3-255fd13d3e49,781,173,4,1994.68,2024-02-02,US
e912938b-0e6f-4b32-8aac-95a06db4592c,439,426,1,414.29,2024-11-13,APAC
2200a667-2021-462b-96af-bc5370ee927c,369,358,1,465.6,2025-06-03,APAC
7f5bd726-8fed-471e-b37d-36a324b7953f,321,404,1,460.58,2025-05-08,APAC
fc852e65-2637-4401-85d0-1de2c19183d2,424,66,6,2553.51,2024-05-04,US
0849ad07-28a1-4e24-869a-dc1b3ddc4e5f,972,280,8,3622.48,2024-06-16,US
89fe6088-3a33-4270-85f7-5845d5c4ec03,27,368,5,409.11,2025-05-26,EU
24579a59-e9cd-44ca-a303-47eea40a75bf,538,167,9,2930.35,2024-08-05,EU
18fd612a-1836-451f-8f01-b142a64d9038,321,400,10,3054.52,2024-02-07,APAC
ef4d0943-4be0-47a7-8e46-22832b50e818,438,300,9,1112.45,2024-03-12,EU
7580a85c-9217-4a7b-b3ee-a8d103317647,459,71,6,2798.17,2025-04-13,EU
25d8ff4f-8564-47d4-81c6-49c1d35d3bdd,447,92,2,724.17,2025-06-17,APAC
e372414d-d080-4f37-ace5-6bebec70dead,674,254,10,4365.7,2024-02-22,US
3587e446-e074-4135-aab1-a260bc0c2ee2,227,65,10,3000.84,2025-06-17,APAC
899b5feb-c999-44e4-bd21-6ac60361cb33,462,134,1,34.85,2024-07-11,US
d384167a-6cfe-43c3-8259-dbb48d4f5aef,866,487,2,259.24,2024-05-06,EU
12fd7df6-d14d-4747-882a-a1fd8b3e1e93,364,254,7,2781.62,2025-04-11,US
4865883a-2dd8-4f46-811b-a9d3ccb734b9,228,396,7,345.32,2024-11-05,US
3c60b7aa-6a7c-4a58-942d-e6384cfe4890,524,319,2,476.28,2024-10-20,APAC
a032f22e-0d7e-416f-aa5c-42448e0ea0e1,297,12,2,448.2,2024-12-20,US
36423c47-9ad7-45a7-b91f-5448b120a1b9,406,229,8,2876.35,2024-10-27,EU
a99fb419-0d85-47cd-8d37-33d9d9bd6fd7,85,168,8,67.27,2024-12-11,EU
dcad5ca9-17a5-4d90-9ba1-3bc4ce6048ee,868,91,10,2335.62,2024-05-27,EU
f9e52309-1763-408f-8960-96dc2a1ae397,378,69,10,4596.61,2024-11-06,APAC
2f87774e-ea64-44ed-9a96-94605c6b3a8e,300,461,4,1636.46,2025-01-04,EU
4f5df974-9ab9-4bc3-bef9-c69dfcfb15a9,494,151,1,310.78,2025-06-11,EU
d6752d04-1a91-483a-bf82-721e21ecb401,891,38,6,1377.18,2025-03-29,EU
c33473a7-882d-4024-97b9-e1298551a3f3,946,227,9,3754.84,2024-08-26,APAC
cffbb32e-ee7b-47c1-800f-ef06c56ad224,817,303,3,688.39,2024-12-10,US
8d1941aa-01fb-4442-a936-21e5f033922d,890,531,8,2083.5,2024-09-29,APAC
58a3d5c7-ce59-4ffe-b70c-f2d5da82e373,759,24,6,1645.5,2025-02-20,APAC
a277d0c4-400e-44df-90d4-98a840ab69db,467,315,4,1319.47,2024-12-28,EU
42c82875-58fb-4d15-a98d-c9e41b0c132c,406,70,3,571.63,2024-01-13,EU
d0172e5b-cecf-4557-ba0b-ce040f50b5f1,472,415,3,47.02,2024-03-17,APAC
7dd11692-1f4b-44b0-83cb-1e55a32445ae,967,356,10,1396.94,2024-07-20,EU
f4766eea-c3ac-4fb3-a5ce-f58e932bcd9e,334,492,7,1795.43,2025-04-25,EU
5671c6a0-8978-418c-b47e-7a1a0d1eab11,139,19,8,3940.56,2024-10-06,US
4b1af8f3-734c-4b58-93d9-fc8ffdd1b2cf,439,63,2,93.79,2024-12-05,EU
ad0e7ca9-5ff4-4de0-ad75-b93795d01feb,414,127,7,2892.51,2025-03-22,APAC
e6482f73-f28f-442a-8500-522e3607d6a8,705,51,,185.18,2024-06-30,US
a8ef5b60-2846-4361-9a14-090bf34f8639,969,390,1,371.76,2025-01-27,US
d5ee2ae8-6b17-498a-bc4a-9ce93bcca1ad,598,155,9,542.49,2025-04-07,US
b7c98cdb-d3eb-4c2b-b23a-79664c0a7b86,647,252,10,1568.86,2025-06-14,APAC
1fd9b731-27f8-4bd5-a768-4b0e7a83fb05,340,498,9,3601.19,2025-04-17,EU
4496276a-ee00-4ae2-b49e-9156bafd0e39,655,283,9,739.06,2024-03-28,US
135a8793-772e-42f8-8125-ae66559501b5,89,233,10,1202.97,2024-04-12,APAC
814d4bad-af12-4353-8387-2a16c30354af,316,454,10,856.27,2025-03-23,EU
6289e861-765f-48c9-aea4-b9dbf3a5c7d1,886,338,10,1098.89,2025-04-12,US
40996adb-cf14-4a0c-8c85-4f9623f84c00,785,13,1,13.35,2025-04-06,EU
19885573-aa62-448c-87d3-b18f44c0841a,688,307,2,220.88,2025-02-01,EU
bd53abbb-40e9-4eba-953e-9b0d90a69946,836,350,7,3143.66,2024-01-14,US
5f0b19e6-d120-4f65-b27b-1eed5ebbec5a,581,481,3,327.43,2024-08-08,EU
c3559a76-0c20-4013-8dae-19e6d2ab86c1,599,445,10,3727.59,2025-04-12,APAC
07413623-9f41-4c15-96cb-7e2f2ba9637b,596,103,3,1253.0,2024-01-06,APAC
ae370a0a-4160-4f21-990d-ff0a4c40c2f3,36,67,6,2853.17,2024-04-06,US
4a04e9f3-c7d6-4dad-b4fd-974c51fe3dd1,216,410,6,2883.02,2025-02-01,US
45b7bb52-9898-416b-978b-b4efa9987782,481,261,8,852.02,2025-06-20,APAC
933a6cf4-94ae-451f-8714-a8e524c2018d,857,180,1,212.09,2024-05-18,US
993c4716-394f-4421-9431-51727190643a,890,140,5,797.89,2024-06-17,APAC
0819816b-fc95-4cb5-b2e0-c52aca312cff,271,255,2,357.6,2024-02-12,EU
27ede981-c25a-4f06-b4fa-af96c38c3f35,549,469,8,2198.54,2024-04-01,US
f0beaf6b-e94d-460d-8f8a-443c052ad329,841,350,3,511.55,2024-01-15,APAC
fb2aa2e6-61a6-4073-a74b-b1eeab1abae8,62,231,3,824.88,2024-05-20,EU
90e069df-3ff9-4b74-8ae7-6478c731bc50,624,225,6,1807.96,2024-12-24,EU
1a0dc390-878f-4459-b242-fa2c187828a8,542,424,1,442.86,2024-03-30,APAC
9f5825e3-61ad-4a29-bdd6-1e6cdbe4bdb8,667,500,,412.78,2024-03-14,US
9cb761c2-1e1e-4002-81f7-5dd61b7861ac,895,265,1,319.42,2024-08-24,APAC
bb1dbf94-2de2-4fb6-a491-be5c39f6ad39,177,233,6,1788.32,2025-03-27,EU
26265cf4-1d3c-433d-abf0-127ab5735dbe,699,197,8,2639.22,2024-11-01,EU
c16e2b19-6cb6-45f1-993e-04a691edce6a,677,317,2,506.45,2025-01-12,APAC
89af362f-cb42-464b-b8be-8e8636161e43,841,70,8,1572.58,2024-10-24,APAC
8449b5df-71ee-42db-bd8c-a676a3c7ead1,444,108,6,1199.12,2025-01-18,US
fb4f32f6-9f7e-4680-856e-0c079a34424c,268,42,5,1542.01,2025-03-15,APAC
0c8867c9-676d-4c6d-967f-17deeff77353,370,492,10,865.29,2025-05-21,EU
adb93b25-5074-426e-bd27-08aa4ea29754,814,479,2,867.37,2025-06-24,EU
85aef730-a277-4f4a-854d-b9f3b9498105,952,452,3,34.1,2024-11-27,APAC
6c7bc55a-6318-4e1e-bf2a-5a96263c3210,989,477,1,424.38,2024-08-24,US
eb81911c-9484-484c-ba4d-4ea633ece465,750,217,9,2531.27,2024-02-29,APAC
465fb6f0-bedd-4de2-9921-a900546e31e4,877,290,5,2148.89,2024-04-06,US
19b1c20c-067b-4b70-9601-3f8b4d5eb56d,841,347,5,532.71,2024-11-10,EU
35f90576-45e1-45eb-b50b-0337a12e2550,689,498,4,780.4,2024-02-12,US
bdba92f9-7a62-4fe2-b736-85187a567050,522,136,6,1853.56,2024-05-13,EU
8fe232a7-f960-4933-a1b8-d9e226a50609,537,471,8,183.8,2024-10-14,EU
ba6e1add-f16e-4569-9b32-b5c839600419,7,201,,398.11,2024-11-29,US
7e512cea-90c9-4f6f-b07a-e160e79fbfa4,127,289,4,885.78,2024-12-10,EU
77070f8c-faa8-4a5b-a692-9f843e0e274b,130,495,4,1436.01,2025-06-23,EU
631372c8-ffed-404f-ab60-a43eeca63d59,522,406,5,1208.5,2024-06-20,EU
195437a1-69a4-488e-8466-5c28a535bcf0,826,439,9,2604.18,2024-09-29,US
c8fffab7-e70f-450b-8afd-31567f823944,95,98,6,2502.37,2025-02-09,APAC
9a24a167-9552-4265-8d49-fc227f698501,249,201,5,1743.15,2025-04-21,APAC
26919353-9a40-4d9a-828b-201ba8d3fbd2,187,393,6,1191.23,2025-02-03,APAC
d5a71dd8-eb5d-4100-81e5-d0ca10388417,249,18,2,46.54,2024-02-23,APAC
31029dcf-5ed1-43c4-9dc8-76919208f1a5,951,406,9,3338.82,2025-06-19,APAC
76df5dde-0c63-447a-8cc9-0e2b1220db9b,33,41,3,1060.33,2024-03-06,APAC
e7eb7d09-a7ec-4467-bbfb-44c9ef05072c,315,369,7,700.36,2024-11-05,US
b9f7db74-655b-446c-b512-dc993934ad0e,325,294,10,678.46,2024-12-04,US
8fa71d7e-b38e-4ce7-8c6a-3eec12471c17,772,56,1,339.68,2024-06-04,US
bd84173c-6879-4686-ac1f-37e9990c6292,498,22,5,1186.43,2024-02-03,US
d9f93238-6c92-489a-908a-ee535494d92e,665,397,6,520.15,2024-05-23,EU
bee46ba8-58e7-4beb-a4cb-18ceaa3350a4,622,212,10,4351.27,2024-03-16,APAC
9b7f3d05-63bd-4553-ac8c-6583325cabbe,41,217,2,330.28,2024-12-17,US
ec53b4a4-4c67-4014-accf-2b136b70217c,918,214,4,828.33,2024-08-23,APAC
d4758b09-2524-43b7-ae8c-7842a5572fe5,68,351,3,279.04,2024-10-28,APAC
6fb210d8-643c-43bb-8fd7-aa6a6941cbda,221,107,2,350.42,2025-01-02,APAC
215ff9d8-7117-4f25-a266-cc60f286561f,28,104,3,645.68,2025-03-15,APAC
650e250e-a8f9-4c0a-9667-9f9518d3945b,187,114,10,2732.47,2024-02-07,APAC
2b55fee0-1045-4a6a-89e3-89464701c85e,437,401,2,95.3,2024-06-26,APAC
e0263a46-7c18-4ad5-b774-f08f800f7894,780,278,7,1387.57,2024-10-18,US
a941465c-1aad-4387-8ce7-9f75b337f604,836,415,5,1425.37,2024-02-12,EU
f4821655-b2f3-4fe3-bb2e-c23a0656479f,851,394,6,2559.81,2025-03-04,US
3344e583-78da-42a0-a9a1-57e2e84ad005,508,38,7,198.37,2024-08-17,EU
1fec2e98-e217-406d-b9d9-0ecb2c20f4d8,967,220,4,594.94,2025-03-13,US
d74a88e2-d0bb-444d-b592-9c9cde1b662a,755,3,1,394.86,2024-11-02,APAC
8283fafd-2884-4d34-a379-35e208f2c55e,918,460,5,1821.31,2024-04-18,EU
837c6830-362d-4a71-924f-1f9ff467898b,845,288,4,1105.37,2025-03-23,EU
15244dc6-0156-4030-9462-75165e60d5ae,6,439,4,1821.26,2024-03-12,US
e5da5455-82d5-432f-b87f-1dd7a53f562b,165,92,1,85.78,2024-04-15,APAC
366e136c-26b8-41d7-8b53-e711e2a45069,802,116,5,2419.3,2025-04-23,US
d63566ab-ea46-4625-99fa-9ff7d0c62020,943,337,7,742.49,2024-03-22,EU
c9398219-9acf-4b9c-b2d2-d99e8805af41,865,94,3,37.94,2024-06-20,EU
9a63d9c7-feb9-4408-8931-6b7c6b043d06,922,471,8,446.62,2025-05-21,APAC
bc2e515a-2f3d-4c69-91c9-62cf4ec7f3e2,725,218,4,104.13,2024-02-28,APAC
f10c488b-27dc-40f8-8a13-a61edaa5d28d,376,488,8,3324.45,2024-09-19,US
dc304448-fe8c-4963-9cb0-2d2c50c73346,286,216,7,251.82,2024-08-06,US
bd34e2f8-7d9c-4d1e-9981-39e304a8ad4b,184,389,2,848.01,2024-01-07,EU
1b42496c-99fa-4a7c-ba16-1583c69def17,967,38,6,1617.28,2024-06-24,US
9a327d21-4f89-49b6-b7b7-9ffb62ea04de,79,214,6,2256.31,2025-02-01,APAC
f36db348-80c8-4276-a6f0-93765374f34c,155,22,10,4924.99,2024-08-28,APAC
8e54b1fd-abf1-4ae9-bcc6-1faf3ded67fe,797,290,6,361.58,2024-04-27,APAC
9e163978-f068-4009-8f2a-3109c87ef541,660,409,2,731.66,2025-03-05,US
0b449205-cc32-49cf-ae6b-856822319ab3,96,441,8,954.39,2024-05-28,APAC
4b2d5a4a-981e-46cd-8402-aeaf2c1d7b67,482,197,8,2776.48,2024-02-17,EU
148149b1-bbf7-4d2e-8cab-3be5ffa09fe7,335,100,6,201.77,2025-02-03,EU
c699934d-4d6f-47d4-8a65-32289ed6990a,372,368,10,2277.37,2024-03-07,US
df0edf67-05ad-4e36-a507-1f75da11ef00,563,297,4,1843.95,2024-07-14,US
c28d5e94-c7b9-4513-b07d-677ca67b78bc,82,58,,415.42,2025-06-02,US
4cbe1ec6-37c4-4ee9-8e23-17d3139c1edf,292,176,9,1652.73,2024-12-31,US
6801c144-2001-49e3-a4e0-e2ed5365c6d6,986,391,1,157.64,2024-10-21,APAC
20f8ed55-7ed3-4bd2-888e-79e2d0579b28,572,240,1,13.54,2025-04-03,EU
5a45e5eb-5a4a-49e5-be75-5f418d29c867,72,17,9,3137.38,2024-12-24,APAC
ff1ede06-d3fe-4ce9-bdc2-0d7e3d083821,760,134,4,842.08,2024-05-12,EU
82e203fe-2a9c-4288-a692-046e948fbbb7,705,344,2,671.53,2024-08-13,EU
d973ceae-a39f-4277-bacb-1f9dbe60dcfc,695,338,,178.53,2025-04-04,APAC
52cf1a29-b27b-4c54-a762-0eb8d4164916,783,414,9,2064.96,2025-03-17,APAC
899c3876-d69c-4bca-b66c-0c61ab4fadce,707,142,10,3222.21,2024-11-07,US
b714ee32-3c69-4b91-89c6-cd3f976b57a9,298,153,10,4499.34,2024-09-04,EU
653e267b-0fb0-4b3f-89a8-94d2f4fda2f3,965,96,10,2327.01,2025-01-17,EU
f985c34d-921d-497b-9405-7045133737ba,800,177,8,3787.66,2025-02-13,US
9310daac-50fd-4cb9-88fc-5041ea7d8740,297,60,9,1386.2,2024-10-19,EU
56109743-8796-4434-8c2e-f526054639ed,473,491,3,935.21,2024-09-17,US
94199938-69b2-4181-9b3e-f6728194f1ef,965,422,2,626.6,2024-08-06,EU
1f5e37ab-912e-4874-9d62-ddda34e21b0f,638,451,10,2249.11,2025-06-04,APAC
9d6f575d-a21a-4679-bfb6-ea50bbf94453,526,357,7,2854.03,2025-02-26,EU
eada9d73-45d8-462e-a703-d33b6c6b5d9d,353,161,4,860.72,2024-08-30,EU
04ee2464-db8a-43fe-a3e3-14b4c9542816,692,146,3,354.78,2024-09-25,US
c89b03cd-a1e7-4feb-a5f5-4a0bcd008a52,354,416,6,1960.24,2024-10-29,APAC
5f1ac0fb-90d0-47c9-a662-05f0a29a0817,158,161,4,401.57,2024-01-06,APAC
5c03ac3d-e7ec-4efb-9f38-1a881770e080,549,56,10,2736.57,2024-11-27,EU
79957f60-163a-47be-83ed-de5f9002d06d,342,37,6,403.45,2024-08-13,EU
c80fcda6-4699-45bb-84b2-e96be0e03e18,589,302,3,1460.38,2025-02-10,EU
4503553b-d3da-4c4f-a635-085707f7745b,963,344,9,2942.43,2025-01-08,US
be12c3b3-6a5d-43e3-85e0-685bc114d7f2,441,70,9,1268.67,2024-11-13,EU
aa944565-6b5a-4f50-a5df-189e80628b3f,935,426,10,1419.85,2024-05-26,EU
1bf198b8-37b4-44d7-97a9-55b7319f8b9d,637,430,3,762.1,2024-05-02,EU
ef1aebb4-124e-448c-a9af-6893f4e49b1c,262,230,6,1292.86,2024-07-04,EU
ef8a903f-b7e3-4b6c-9895-e0bf3c6ccb44,681,205,5,1969.99,2025-06-16,APAC
14ab502e-c854-4227-8c23-d0be3b0bc66b,498,420,6,2827.17,2025-03-12,APAC
2bc78f0b-6101-4ad9-a98c-7a0e4054f5c3,402,152,9,1670.05,2024-12-10,US
7e603768-bcb3-4659-aeb8-7a7798469fa9,410,466,2,784.09,2024-05-26,US
1d2ac325-de6d-41d4-a8c1-16b002bb5bd6,267,79,4,1862.13,2025-06-21,APAC
258247f9-49b6-414e-9a79-55fbc589a33f,292,360,6,83.81,2025-06-26,US
78ff7dc2-4ccd-412b-8fd1-863b56a414ec,533,287,,458.6,2024-03-04,EU
7f59a1b5-3c4e-4a37-b7d0-d649d6c43790,658,21,9,4242.52,2024-03-20,APAC
9889f4e0-a979-4a2c-96b9-772b8611397e,446,219,,454.93,2024-08-30,APAC
91713424-a9a6-4b81-9882-25a8a289a5d8,180,498,9,890.77,2025-03-18,US
2cc19e7c-b008-4852-a7cd-8130ad71b493,46,281,8,626.53,2024-03-09,US
518c432f-cb3b-4ca6-9b8e-77f9808cfb30,778,417,2,731.44,2024-09-11,APAC
ea41782a-eb38-46dd-89f5-d9f2b649c565,190,5,2,800.38,2024-08-10,EU
88060806-86e4-458a-bdb7-a26da795107f,990,75,3,1184.85,2025-02-03,US
468c0481-568f-4fb8-8d46-f3f2e8646deb,17,448,5,2364.76,2024-06-09,EU
0348999c-9d32-40a6-b119-6d3936a8e9c3,172,425,2,944.39,2024-06-04,US
1509f3ee-d490-4f13-b931-1cdd1da1facc,696,382,9,1526.31,2025-05-12,US
4d056a09-4cc0-486c-86b9-2c105dd0fb66,794,163,3,134.28,2024-11-11,EU
9f0fea35-3bba-49c6-9835-7c6adc12c474,493,178,4,380.02,2024-05-23,EU
cf636905-846b-477f-9605-b96aea3842f7,737,426,9,137.47,2024-02-05,APAC
bf286385-adca-4529-b602-36d2249d79ea,140,490,4,1386.13,2024-02-15,EU
0c5ea16d-6dc5-4c6d-81a5-de2ddb2cffe6,895,251,10,2849.62,2024-06-16,US
18c27e98-8747-46b7-9bca-80c2b7b20aa8,721,147,7,2900.83,2024-08-29,APAC
e1bae404-bbab-4bee-81d0-e900c9dc1a80,745,300,1,410.28,2024-12-19,APAC
8a721dd9-7db8-406a-9dc7-9ecafc5f1dab,350,107,,324.8,2024-03-31,EU
f411c508-7321-48af-a5b5-f874888446ef,445,488,3,1466.27,2024-05-17,EU
9c816bbc-d5df-4a99-bce0-908c32f1d908,708,467,6,1906.98,2024-08-16,EU
9f3a2b35-35a9-415b-a1dc-6e817aa2e9b1,35,5,8,3674.67,2025-06-04,APAC
ff40208d-34f9-4173-b5f4-714c73f8553a,242,253,10,2719.34,2024-05-04,US
75de16b6-9784-4515-8c6b-ed8ea81c1a2d,529,174,2,688.98,2024-03-05,US
bdb12a4f-2853-43a2-98ee-12ac83eaf9a1,854,484,5,2173.69,2025-04-01,EU
03cf46fa-4a30-42ec-a652-52ef9229f4c1,360,350,9,2339.36,2024-10-30,US
80ce72fe-9be8-4837-8eb5-2807f98fa8f7,588,62,8,3755.87,2024-12-25,EU
6be39abd-c60d-4307-a27e-af9b8f48db92,160,415,5,1712.91,2024-01-21,APAC
42c28814-655f-496e-9431-24aadceffc91,229,321,8,1272.39,2025-04-13,US
ebe4e0c9-8847-4fc5-9de1-d97835b07cb3,128,28,8,453.94,2024-05-28,EU
5931be56-9676-481f-9f5d-f296df85ae3f,742,248,7,1323.74,2025-06-29,US
cdd446f6-b439-46aa-a706-94d49ac01955,112,296,5,971.13,2025-05-17,APAC
08041c57-5f6e-4bf2-91e5-ae371c9f99d1,154,247,3,1456.08,2024-10-19,EU
81b1ee95-7604-4742-99b9-402a7509f040,250,217,9,500.18,2025-03-19,APAC
03f3e3bb-236f-4eb6-86f3-7e5a81f0d88f,42,57,5,353.37,2024-11-04,EU
e638dd83-a114-45c7-9c2c-864542acf37b,127,223,3,1378.01,2025-06-07,US
ddb19205-4df6-4483-9aba-70ab2bfb5cab,535,215,8,3747.05,2024-05-24,US
1aae5db1-e792-43d2-9213-89557f3b7feb,614,378,3,95.93,2025-06-07,APAC
caf8f7ac-a3ca-45ed-b18c-76bec8cd6b3d,212,475,6,1995.5,2025-05-06,APAC
4a0dc9ed-2f60-43a8-8816-9d8520093397,722,22,8,1583.92,2024-02-20,US
87467dfa-8c76-4238-9f06-325687fc67a1,911,330,10,1287.67,2024-04-15,US
9bd1ab17-d9f9-497c-a23a-964354bb1e6b,417,449,3,878.66,2024-01-31,APAC
0df6507c-3949-406c-9661-3bfa9f5ea18f,110,5,8,1226.89,2025-03-02,APAC
ae09612f-de1a-41a6-a72d-5c2f62ebf0cf,622,160,3,86.39,2024-01-31,EU
4eafad21-fef5-4111-9ddf-88e4539b6feb,90,304,2,240.3,2025-04-15,EU
42075a44-80c6-40c6-aa7a-e4a620368965,105,309,9,2320.32,2025-01-03,APAC
88a43d75-37fd-4dad-afe5-92723e9bfb5f,634,362,4,1541.1,2024-12-31,US
179a9aea-f910-480f-b94f-8d78ea6cc7cd,113,249,,479.57,2024-01-27,US
8fb59a77-16ce-4b3f-8ba6-3258c1132a5e,929,300,3,318.1,2024-09-05,EU
9ba7037c-9320-4ff3-9740-8cc8465acf44,879,75,9,3177.35,2024-04-14,US
649512d4-41f4-4511-b671-3b75e451565b,274,71,8,917.55,2024-09-26,EU
d971be50-0e14-47c1-b541-d48e79e706eb,624,401,1,239.65,2024-10-15,US
92323cf2-4bcf-480b-a26e-0ba70aa1cf16,277,482,10,64.5,2024-07-17,APAC
f9966ca3-94a7-41a7-aadf-b85d584f6297,945,34,5,247.87,2024-02-05,EU
ba167b73-22c8-46fe-a7ce-2ecbaaad67bb,136,285,7,1992.42,2024-10-12,APAC
54dd36e7-b464-481a-9da1-efa60bfc890b,41,472,8,3960.28,2025-01-12,EU
19885f62-02f9-48e6-b259-5481675e4588,776,32,9,2768.4,2024-02-04,US
3132955a-7bfe-49b6-8557-a2a30fbd757b,64,300,10,1408.7,2025-01-12,APAC
56981fca-909e-415d-931c-30434c617ed1,732,109,4,252.01,2024-07-07,US
55561400-80f1-4d6d-94df-2597bd6775d7,738,357,4,615.52,2025-03-24,EU
74c2110f-1584-4522-ba5e-a8c8752d621b,547,27,9,3109.53,2025-02-12,US
cfcd5bd1-b7ab-4d40-ac35-8c86f23bf39a,60,376,7,3489.14,2025-03-21,US
685aed0d-088e-4b5e-ba99-3fae5f7fb4ab,500,121,5,1825.31,2024-05-05,US
26f53a7b-24c5-4652-94d3-41872262ac1d,545,185,9,298.98,2024-09-12,US
b48f180c-ee0b-4aec-9567-db01b98bb993,449,206,9,313.69,2024-08-09,US
9fe27daf-4058-48c4-9f67-6fafafca6af4,689,283,2,610.54,2025-02-26,APAC
c2bfdf81-5e19-4f63-806e-b65b8fa1e0da,824,313,10,1641.77,2024-10-09,APAC
3086eda1-3a2e-4f7b-b2aa-465d0ebd7cce,696,365,3,801.75,2024-01-24,US
9c021f2b-40a4-4b57-92f0-5127b79a5d74,906,236,9,2029.82,2024-07-29,EU
0c0681bc-2320-4b4c-8592-be8390b352ee,603,26,5,1452.25,2025-06-03,US
f9293407-e22f-466b-bf9b-12763451f69e,939,451,1,311.08,2025-06-28,APAC
6fcb424a-0558-4718-b3ac-9e0407973249,786,73,3,96.31,2025-03-15,APAC
f820a08e-0c36-4fda-8605-b6a5d0e0ee73,286,272,6,1422.57,2025-06-28,US
be4fd100-96fc-4f67-9db9-89d2807e2883,316,169,9,4174.76,2025-02-16,EU
ad50d933-85fa-4b0e-a2c7-f4b42934d76e,647,319,1,322.55,2024-04-27,US
8c0b2034-3ae4-4e6a-9ef9-908416de2d35,435,52,8,1700.25,2025-05-29,US
12cb8b9e-e830-4f06-8f11-2b718c9f59ea,235,119,6,800.29,2024-02-17,APAC
1561c38c-f3d5-4171-9c73-63dd965c7c51,416,48,1,34.24,2024-02-03,EU
8f0de5a4-c91c-4715-8e31-1cb2ee5ba02c,322,259,1,422.99,2024-03-22,APAC
8e7f3dab-41c8-4313-9738-f65ff10ebb23,111,240,2,280.36,2024-01-04,US
ed25052d-b2fd-4881-afd7-56eb43084ea7,229,26,6,1728.17,2024-12-27,EU
37fe6699-1633-499c-a1b7-01d3f54ee4d4,592,270,7,3419.55,2025-02-14,EU
d5931a7e-471e-4d54-91be-b909286208e2,212,123,1,158.61,2024-11-09,APAC
05b41eaa-894c-4f69-ad3b-00ebe8845483,250,486,9,3376.01,2025-06-06,APAC
b3b5bc93-d76f-4b8f-b0e0-0c928c7ac285,790,156,5,2321.15,2024-04-15,EU
1af1fad7-6927-4a54-af81-5465f77a30a6,31,156,1,306.83,2024-04-08,US
d5aa8433-4008-4819-920b-0e7b40294205,263,275,2,615.11,2024-12-19,EU
c494915f-5f4e-41ea-8bd7-a9ff41b09e88,73,83,3,1058.95,2024-10-10,US
6191f2cd-294d-4b72-b5ce-7c504644303c,276,446,3,455.7,2024-07-21,APAC
f784c9ec-1e25-4476-ab77-b1f66bc5c3c8,715,48,1,459.19,2024-06-21,EU
3c4a9390-61bb-46fc-b80e-5599ae3f9f3d,456,330,1,180.27,2024-02-24,US
1f0dcd09-d5f8-4883-89c3-ed0710292b3e,623,31,2,129.41,2024-09-29,EU
e662e7b8-4017-4e7c-ad40-184d1d19d3f6,903,220,1,12.29,2024-05-03,US
e3a5af17-241e-4b08-b2fb-d5c0ccac9f51,215,127,8,1294.6,2025-05-25,APAC
330ec04f-977b-4d70-bc6e-acfdd8c52f1f,70,107,9,2416.65,2024-05-30,US
912b980e-0bb0-4ba6-92bf-47d447575ecb,616,55,2,534.71,2024-08-16,APAC
513f23d3-7aa6-4666-bd15-a791908506e5,529,83,6,2935.58,2024-05-12,US
3b09ae09-8f5b-4980-9ebc-4db97e281586,639,90,4,563.64,2024-01-10,APAC
f8a44be9-3e82-4caf-a9af-70d6adf95ae7,270,122,,140.14,2025-04-25,APAC
62f05dd1-b1cf-4fb0-b684-f4348ec4b272,325,177,10,3362.05,2024-02-11,APAC
46c3217e-c9f8-41b2-91a5-4708dc7feeda,192,386,3,151.72,2024-06-06,APAC
85b7809d-ca3a-449e-a0a7-75833e3713e4,817,4,4,1688.46,2024-12-24,APAC
c176cd89-a7c9-49da-948b-3b7488ae4f1b,749,470,8,3118.86,2024-05-22,EU
4d80b2de-622c-4e00-ac7b-5bb61e6833fa,832,44,2,804.71,2024-01-01,US
c8fb6178-80b1-4816-b74a-becedf666fdd,663,145,6,2149.99,2024-07-03,EU
effb3eca-c0a6-419d-965f-d8f2d725fa56,677,108,1,259.5,2025-01-06,EU
e99a2cb0-70e8-492f-bfa2-2ab52ec14d1c,662,309,1,477.35,2024-02-03,APAC
a2b57c4c-9794-4d85-826a-2bbf438e2e8a,68,110,9,4258.79,2024-03-14,EU
eb39c8b5-aa7a-4e80-ae64-03876042d622,521,57,10,2384.06,2024-12-09,EU
420eba42-ab41-4d78-9f7a-34dadcad1708,314,50,8,1116.88,2025-02-14,APAC
ded1a117-98ad-4908-9ca9-1f79f7ebc651,700,220,8,3912.21,2024-01-26,EU
2aae2c25-f174-4a6b-a453-160d09ef091e,58,402,2,174.44,2024-01-29,APAC
74c60661-b081-41dd-92a4-c50d502ca8ab,241,419,5,826.01,2024-03-05,US
a74345a4-3851-4253-ba82-242239f5bc1a,167,176,1,9.09,2025-03-31,EU
048cf83d-604c-4294-a590-0eb69e9db865,251,273,7,931.26,2024-02-28,US
c8f0c9f4-c3c4-4877-90c9-3b2af2234308,459,162,1,486.09,2024-12-28,US
8fdb84df-8082-484d-b337-e92b25a41991,669,329,1,483.01,2024-02-21,EU
9224c6aa-4d27-4847-aff7-29d4d447f58a,726,426,1,346.48,2024-07-28,US
47eb4942-017c-4001-b57b-1d325191182e,954,308,5,250.78,2025-01-23,APAC
671d7f63-495a-43ca-91fb-ea5d39b45417,872,124,,200.01,2024-08-15,EU
367f357f-fb2f-48d1-8e4d-a62216e6061e,627,155,7,982.31,2024-01-08,EU
fe861082-0edb-42ab-a868-3c20ddeb533e,413,79,5,1250.8,2024-04-07,US
5701cd14-bf96-4f63-96ca-b96f7a69630c,32,312,4,1682.92,2024-10-27,APAC
b6631c49-8974-40c0-bfc5-396c0f0016ae,941,485,6,402.6,2025-02-20,EU
1d4b9d81-3ea4-4a6d-a3c0-9a1bea08a875,285,254,7,2919.85,2024-08-27,US
20a76f58-e366-4999-80e7-98fee628cafa,738,96,1,159.11,2024-10-25,EU
baa50c2c-410b-4756-9e26-f7c42bbdae48,95,480,10,581.46,2025-05-05,APAC
6cb2e11d-08b4-4994-86bd-5314ac8b489a,200,131,8,3521.48,2024-10-19,APAC
e1daf4f0-e115-4e6a-b2c1-9a4499bb2700,849,351,8,3020.32,2025-06-04,EU
b5625ea5-17ba-4034-a03a-d065760cd8b1,865,301,6,2187.37,2025-03-12,EU
ce8bf294-4b29-4cb2-909a-7bf527eef146,682,257,9,2433.73,2025-01-29,EU
230dd8d3-4211-4f75-a90d-f89feda9fe66,448,64,1,364.61,2025-02-26,US
11db034e-aa1f-4f58-9a19-b0810a969b17,639,43,3,1004.78,2024-09-27,EU
1387e366-a86f-4c81-83fa-c5b1e47afdbb,394,104,9,2360.11,2024-09-17,APAC
0363b4db-e40f-44d5-a0a9-28a1504e6c1e,664,280,10,3768.05,2025-02-05,APAC
e41b0bd9-58cc-4a0d-b909-656fdfdb729d,441,157,10,2026.32,2024-06-16,US
9b8d01f2-f815-4c3b-987d-9d3dae82b54d,375,63,6,78.39,2024-05-30,APAC
82112036-b63f-4111-a669-a461bfbd80c6,84,135,8,1839.8,2025-01-16,US
432bad3e-507b-4afe-a8e8-fae791e2e0fe,903,333,6,880.66,2025-02-17,US
204b08bd-4936-4109-bd0b-c359c9f3b050,730,194,5,177.37,2024-12-23,EU
e6c45d2d-3c08-4e18-9608-58cc0f18fac4,821,86,2,140.35,2025-01-29,APAC
7f0f105d-51ea-4d9e-9181-36b0270733b5,179,346,1,481.55,2024-02-10,APAC
bcbf978f-5888-4197-bbb3-15c82cfbdbd3,751,228,5,743.95,2024-03-22,EU
9f71922c-1072-4c89-8bb6-554e59cc5995,327,87,2,800.56,2024-06-11,APAC
a4ecf504-207a-4645-9158-d138fe3d6f9d,850,48,3,1004.46,2024-10-05,APAC
02f1c74f-8dc6-4457-aaee-87c5b3b4f0ce,397,343,9,2848.39,2024-04-09,EU
8d28d266-bb55-4f87-b94c-ed4238d1bc15,756,313,5,2265.66,2024-09-11,APAC
08855560-9211-4913-9f87-e07d289432bb,231,352,10,1271.68,2024-03-30,US
2508af37-0d90-4c2c-9652-ead4c9259ba4,134,490,10,4398.88,2025-03-06,US
d08dcdb4-b83e-4255-9545-0e4860f26f0c,722,204,,243.53,2024-11-11,EU
1705e6e9-16ef-4a55-b2bc-833d1dac3041,647,458,6,2473.6,2024-04-05,US
27cab0c4-3222-43bc-920e-15a537c6104e,160,459,3,1498.48,2024-11-25,EU
16ee81d7-99f5-4b9c-9440-45f1d75911fb,35,8,8,3959.47,2024-06-17,EU
acb1c31b-7b99-4695-a8c0-c274d6070597,524,448,6,388.1,2024-11-22,US
010953e3-d148-40ed-8c45-ddb47dbe07f9,576,447,6,2473.52,2024-04-11,APAC
bbf54ebd-c4ca-4559-83bf-99a740873cca,10,55,8,3933.33,2024-06-24,APAC
6b0c5c76-2812-4434-a4c3-cc1744232223,44,231,8,608.7,2025-03-29,EU
872cd45d-efdb-4911-8eb8-864e743048e9,754,94,6,1031.14,2024-05-03,US
ee963b6d-04b5-4084-8cdb-c238cee947f7,758,183,,228.25,2024-08-20,APAC
2432b510-dd5c-4278-a02a-e2b5172be1db,451,490,2,347.58,2024-10-07,APAC
7e75383d-ada6-4c19-b4d1-11c58c5b4b82,61,301,10,1776.6,2024-09-02,US
6d274d18-57c4-43cf-80df-9781fe9116c8,280,117,4,1816.73,2024-12-16,APAC
92048469-6136-437c-aef1-ebb06c33df43,195,196,6,1976.19,2024-06-17,APAC
b4453f57-edc0-4387-83fe-14d86b2ebd34,850,170,8,2966.09,2024-08-26,EU
112d0180-c84f-4998-8765-085b7cd825d1,732,444,8,745.85,2024-06-27,EU
1a34f1a4-02b3-4ef9-9800-de3327765869,587,73,10,3450.97,2025-03-26,APAC
c9635bb0-f546-4ef1-a262-d7fd449b2b92,629,130,6,2028.25,2025-07-04,EU
a991348b-541e-4367-9856-3885cb6f2822,852,268,1,65.53,2025-05-16,EU
7e0149d6-420a-4154-8788-9e440452ff43,448,115,3,1310.17,2025-03-06,US
8f71f346-f2e4-41a0-b669-b550ee170927,409,26,1,57.29,2025-02-22,US
682cb2d7-3d00-4236-8497-dcadd3b8a948,535,71,3,1263.38,2024-09-19,EU
26d38bc7-1b8c-4f6a-8fed-3b23a73b8e7a,588,282,2,656.71,2025-03-21,APAC
6918c97c-856a-45ca-b61f-e8a95e9fec4f,697,472,5,370.28,2024-06-12,APAC
4d6d8f7a-1e30-4664-a4c8-6d925e8837c0,903,378,6,1353.71,2024-06-16,APAC
f1b90b26-f005-4ba8-82d8-29e6af9cd898,734,491,2,21.82,2024-11-24,EU
1d3fcf2f-7c71-4db3-9f3f-f718894012dd,634,403,3,661.66,2024-01-01,US
96b68bf4-4b70-4fdb-b434-b53eb5d34399,596,198,2,181.36,2025-01-07,US
9fb984a5-af39-441c-814a-50ecfe3ffe18,617,116,4,1666.58,2024-06-15,US
7ca0643d-d149-4636-a34d-df1d3b59ce5d,231,89,4,586.17,2025-05-14,EU
57a50a4a-fd40-4abc-b7e1-4acebad001a2,640,355,10,1128.9,2024-10-15,EU
7a75563c-684c-4407-bc56-2d59ced515c5,228,489,10,1536.97,2025-03-07,EU
ae8252ab-5508-44d5-acb9-b2f8de468b6b,998,222,9,3766.58,2024-03-08,EU
8a5035ec-9c43-42f8-bd2c-4c75a5415ec9,718,485,2,148.24,2025-04-04,EU
124f9584-06e0-4e6e-afab-439cbe35a884,835,38,4,326.7,2024-09-27,US
97fbb847-f0de-498c-84b6-3509242704bb,663,479,9,3938.96,2024-03-02,EU
63d14aae-6b06-49c5-8e4b-fafe396da3de,528,471,9,3501.94,2025-07-03,US
86d75792-5852-4420-9e12-db7b1f8ea977,478,1,7,998.21,2024-02-11,US
d86bf5c9-cf21-41d2-b748-dd509d05ffc8,955,320,10,1353.59,2024-12-03,EU
cb38c54c-2655-4622-8763-02517d5a9540,89,160,6,240.43,2024-08-26,US
ec4c08dc-94dc-4daf-b0b6-ceb9adc62f6f,38,278,8,3188.95,2025-05-26,EU
793d65bb-c3a7-468c-88a2-1eb193e52141,864,61,5,1810.77,2025-06-23,EU
0b7a1a5d-16d9-45ab-986a-db8266e0e961,289,178,2,295.9,2024-06-24,EU
461ff016-4977-4cd3-bc69-aafb3437aa2c,774,98,3,628.42,2024-01-07,EU
03692266-30c8-4058-b40c-c7dcaea5a236,466,124,8,1705.06,2025-04-28,US
59e88920-fbab-4a8d-bc6e-257e50fa50b5,639,301,6,191.84,2024-10-12,US
8956b1de-29a3-467c-9edd-3b3423b8f3d8,220,392,3,790.57,2025-05-22,US
67e2b8e7-7a3f-4a6f-ba32-75ab1d284981,856,135,1,368.38,2024-04-17,US
8fb10a3e-01a2-4a11-bd47-957846d03957,900,168,6,2477.82,2025-05-08,US
90fe5f20-293e-413f-983a-1150a247f14e,39,63,5,982.59,2025-06-18,APAC
402ee217-4224-4858-97a7-f933c57f4c67,499,75,4,1406.74,2024-08-28,EU
795fe743-1ab5-45e8-82b8-2a00e06951a6,195,5,8,475.01,2025-01-21,EU
5fb38aa7-ebb6-4ed2-922c-f0719a63e11e,338,253,3,503.17,2024-06-23,EU
e39d348f-d497-44a5-ba5b-5183bcd636c5,322,461,4,1359.19,2024-04-01,EU
c3d58826-b8ce-4c3a-bbfa-a2bed7c0cb64,891,247,7,1658.25,2024-12-21,US
b8e7e1e0-d20a-4ed2-a1e4-68216bbba5db,920,118,4,1860.07,2024-04-19,US
652f4e8c-f03b-4df1-b11a-66c09c7509a7,974,179,3,225.26,2025-06-30,APAC
7c823076-7c3f-4578-b3cb-4d337e92999b,261,421,4,136.79,2024-04-13,APAC
0fb5412a-136d-4503-a582-26196a6eb097,720,499,6,1174.65,2025-06-17,US
b53e2c85-cc93-4f60-b6ee-41aca58486f7,950,104,1,44.47,2024-04-11,EU
ab37bed5-0012-44bd-80b2-e90c36345d53,427,41,4,1323.74,2025-07-02,EU
51092ad1-70d3-4e9d-8b44-b80edf092194,443,170,2,777.24,2025-05-11,US
3a93cbe1-5af1-44cf-8103-f05d32bb41e6,396,116,6,481.0,2024-06-22,APAC
bcdc52de-9654-4b92-bf39-10c140ea1578,800,360,9,4480.47,2025-04-05,APAC
919d47b5-0daa-4864-b942-f253ec3b424f,759,351,8,2322.65,2025-03-04,APAC
f346d411-4e87-4b8b-aa33-0e36ecdf4f16,387,42,8,582.84,2024-01-13,APAC
11c39ca9-6e20-4257-bb3e-04f6e290e8f5,713,34,4,301.1,2025-06-08,US
6062c6d4-fa21-4474-8944-0d0e81a052e1,502,423,2,322.25,2024-03-18,US
0f6225c1-3db1-4325-9255-5a17132b57af,740,296,1,474.11,2024-10-21,EU
c1d2c629-9403-4369-9978-56a8eb0bd1c8,425,423,6,919.97,2025-03-22,APAC
8cafd17a-dae9-49f1-b59a-c492312e430f,85,440,10,1662.05,2024-11-07,APAC
bac9417e-9788-484d-a95f-46a6340614a8,538,45,2,336.46,2024-08-30,APAC
3b2f1ce2-9799-443b-bb76-37b25b40ebbc,402,55,1,130.99,2024-11-16,APAC
f4f85546-184c-480e-b912-90597dfa8eaa,973,16,9,392.12,2024-03-31,APAC
110fea3c-3704-4039-9014-d02810c0375e,454,127,5,2458.43,2025-04-10,APAC
f80e05cc-4606-4995-a5d2-b71a510f2abb,742,447,2,114.49,2024-10-27,APAC
0ccb22c8-e56f-4c00-8e99-8fdf1898187b,867,335,4,1127.56,2024-01-27,US
f21703a9-c0a5-44bf-ab79-f95b161a6a9d,42,314,2,723.17,2024-04-21,EU
620fa87d-0864-4584-893d-8693f5ed477a,93,259,4,1602.73,2024-12-05,US
cbe4cdb3-582b-41e0-9503-5980a820fc7b,656,317,4,934.29,2025-03-19,EU
747a49e1-cb03-4fc8-8279-75f992601d6e,577,123,1,128.63,2025-05-02,US
7f2a504b-884c-43b4-9894-c92084387e6c,976,453,4,484.46,2025-05-12,US
01b176ed-6969-42ad-a4f3-f3a0193cadb1,109,481,6,2644.42,2025-05-18,APAC
49e1841c-9f16-4f0e-82e0-5a953fe25ecc,362,91,3,1165.3,2025-04-21,APAC
2e54cd0e-a259-4630-8c06-550fa792350c,32,255,4,1651.18,2024-03-24,US
38fa3c93-6c15-4643-b629-1fdf40148b68,949,463,3,865.64,2024-11-15,EU
c1c377e0-c3d1-4722-b4fc-1f3d0d6b164c,436,468,3,861.13,2025-04-13,EU
683017db-fe72-45da-8706-15fd02d0e9d9,500,295,8,1467.98,2025-03-24,US
1f0c127b-2ba7-491f-ac4b-0cd446860f6b,993,254,8,2728.21,2024-08-30,APAC
a1e27f43-2e02-4140-aefe-8420094b4ba2,239,298,10,1111.35,2025-02-18,EU
089c7147-8bf1-4a99-bf08-ec180ab436cc,215,380,6,676.35,2025-05-13,EU
6865a6b5-4244-478f-be0c-c4e03b9aabab,493,122,4,1341.13,2024-08-11,US
5a6ea102-5301-4d39-8a64-aecaf5881a29,1020,363,1,360.63,2024-03-21,APAC
d118b6c3-cb3a-48c1-a7bb-350c265f17a5,86,63,7,2456.24,2024-04-28,EU
196d2a5c-23fa-4b15-bb2d-5f0d57bddc9a,791,493,,161.04,2024-04-23,US
ddb927d9-7f06-4e20-a93d-cb698156f756,880,287,3,1354.1,2024-11-19,APAC
f85254f6-1dd1-499f-beb8-72f1b59ac545,111,227,3,32.79,2025-02-14,APAC
c0395d8d-2741-4eff-853c-54cd38533f10,574,239,5,2302.62,2024-03-10,EU
bed83641-0e9e-45b4-8351-ac453f8f2dc0,752,9,8,679.13,2024-11-20,EU
ee5898b3-8ef6-4aae-aaf8-861c4a2a7553,999,303,6,639.26,2024-01-13,APAC
8fd8c7da-14d9-419d-b52f-d8a5463b8080,548,324,4,720.41,2024-07-08,EU
0dd27575-9aaa-4d49-9ac7-95fd2f2bbcbd,72,386,8,1842.03,2024-02-22,APAC
9c0188be-16dc-405c-860f-71356f9fd48b,144,213,6,686.55,2024-07-14,EU
0883d7bf-3e55-4ca0-906b-16a5e2318e4a,430,35,4,512.62,2024-08-16,APAC
211ea1be-cafa-47ef-bea7-ba007f40c7a2,793,172,2,980.3,2025-04-18,APAC
fda0a384-484c-44eb-8774-79a9c13dc6bd,260,448,3,550.34,2024-09-13,US
59e45ba6-1bec-4ea5-a775-577268a0a3c3,150,416,6,512.54,2025-04-28,APAC
f1f9b092-37c3-46be-af99-e9ef3fd3cd01,18,11,1,88.68,2024-12-18,APAC
d023e104-532d-48c6-96ac-8e14538bb096,496,476,,132.33,2025-03-11,APAC
4aabcd94-ec1f-4a64-93ca-b25434277382,176,488,5,1605.29,2024-12-23,APAC
2cbfdb9a-1040-485b-9f55-75696588c196,426,219,3,547.94,2024-06-25,APAC
c0bc2fa1-911c-4bab-ba2a-67d7cce6b64f,896,117,1,275.33,2024-06-30,APAC
8dc167e6-a353-4186-a524-7c7e6387bf1e,822,133,9,3688.6,2025-06-01,APAC
8b19639d-8d74-40fd-b158-29091165fa83,905,493,3,228.13,2024-09-19,US
abef6004-5aa1-479d-9b90-ec5366d8ea27,269,174,9,1199.75,2024-11-11,APAC
43e08eec-3afe-4821-ae45-bc39fc0e8f44,912,225,2,285.6,2025-04-12,US
675b79b9-3aa1-49fe-9a0e-b7cd7c902133,814,408,5,2330.19,2024-09-06,US
53141bda-3e7c-428f-b5b5-91d917b09bfa,706,463,1,418.42,2025-05-22,APAC
3201270c-c436-42b2-810a-2541ed81337e,821,213,10,1430.5,2024-09-06,US
8eb86225-28d0-498d-a1a3-4bfcaae95700,922,359,1,190.76,2025-03-07,EU
6efb3d08-5a93-40d8-8fc4-dc78ad4c28ed,553,180,3,1146.38,2024-04-30,APAC
cbe95fd8-a8f4-47e4-8fb2-b8a165869f5d,369,244,4,850.91,2024-10-30,APAC
5a118767-bf57-4fc6-b776-50f35f3adf6a,967,191,7,2358.41,2024-09-25,APAC
ca9760c6-44ef-46d7-a9c7-3b6bc0fad16b,557,241,3,1203.82,2024-06-19,EU
cfe4a72f-6bbf-43c0-9ce2-1378e9f4524b,913,56,7,3316.34,2024-04-04,US
7dbcd6ec-a652-4a3d-aee6-686dcd59bd3c,669,360,7,298.34,2024-09-29,US
a21f2ae8-702e-48a1-9f8d-82127147d6cc,853,102,10,4606.53,2024-09-25,APAC
740fe76c-4f20-4f6a-9c05-a883f8f32536,545,115,2,452.81,2024-01-13,US
91882251-41a5-46f8-af32-69fffc726c89,159,343,8,1331.24,2025-04-10,APAC
6b586bd9-1654-4249-9aea-0220e8083a4c,619,317,3,969.64,2025-04-08,US
a1660966-3522-4b4e-b492-8e14f3b97582,80,136,8,877.88,2024-08-01,EU
d7dc128b-77e6-43f4-88d5-0d14913cf74f,992,34,5,622.11,2024-06-25,EU
a0ede0c7-7539-4554-8243-78f368cf4525,539,261,7,2260.15,2024-06-06,APAC
c1b26c94-97c5-4c22-965d-27de08a2aa7d,48,108,10,993.5,2024-11-28,EU
70050a42-054b-4f39-abd3-89f6566998df,901,376,1,364.11,2024-07-25,US
897ba172-1943-4930-982e-1ee51be2680f,894,233,6,2279.62,2024-06-26,EU
6f155b23-5143-4287-be2c-e1fce7f0ee58,691,250,9,4073.14,2024-03-08,APAC
1fd8e79c-93ff-48ad-aec6-380d880afafe,763,290,8,2435.48,2025-05-08,EU
59ecf8b2-72b2-494f-b631-17c23746b6af,436,499,5,2094.12,2025-04-14,US
da91d1d1-1131-4553-8f5e-0855e81ae5ec,705,401,1,34.43,2024-12-29,US
0242dfe3-9fd9-40f0-ab60-2a061302d3f1,513,477,4,444.17,2024-06-25,EU
775fe526-313c-474f-b1cc-886e45e9e973,927,123,3,1498.97,2024-08-22,US
72cb04dc-7b71-4ea1-a725-e123a006f07e,782,103,3,1347.93,2024-06-18,EU
dcc7a353-a17f-4d96-a71b-a5e4dd3a9bfd,541,321,3,813.86,2025-05-10,APAC
632b8a10-3bc2-45f1-8654-32dba354dacf,84,250,9,3938.05,2024-02-01,US
359ba9ad-d360-43c0-a447-03ae0d30c136,984,316,1,209.75,2024-03-16,US
c5f468c7-3271-4027-b7f9-a58db24bcda3,746,163,4,93.18,2024-11-01,APAC
1276afcc-bb40-4187-9619-ba0567e96adc,132,66,10,517.33,2024-12-22,APAC
86b58545-324e-46e5-8103-87bb8abd19ab,472,31,7,1307.56,2025-04-11,EU
a085edae-1a34-494f-a9fc-2921d522bceb,549,376,1,416.06,2024-06-30,US
2f13a553-7db0-45b3-a1b2-d8ff4d51531d,748,411,2,472.02,2024-09-07,APAC
42cfef65-9200-464e-ae60-187b06241e7b,253,288,2,346.53,2024-06-05,APAC
267c5a05-50b6-4653-8f9b-09e48f3fb939,584,72,8,958.02,2024-11-03,US
273ffa4b-e6d1-4f06-8335-334860389d0c,606,97,2,399.75,2025-01-19,APAC
ac8212be-7d6c-429c-8fcc-08981af9c669,791,100,8,2122.98,2024-03-28,US
6eaf957f-2d11-409e-b86a-efabdad5b616,89,242,2,814.87,2024-03-28,US
98a5776c-eb46-4847-a386-4e360fc476a2,760,66,7,2138.81,2025-06-19,US
68cc905a-7f98-43a9-a5d2-8a1dade123a9,74,277,9,3714.1,2024-02-26,US
c022a30a-9c9a-42e7-9d40-a05a3a2cb848,236,1,10,4532.43,2024-09-09,APAC
3a778a6f-4afc-4694-b78a-932e4f641890,739,432,7,142.98,2024-05-06,EU
2d4ff3dc-90b0-4063-80f1-7183a8194b6d,425,380,5,712.51,2025-01-17,APAC
f788401e-28ee-45a0-8ed3-d96c8faf0e64,406,257,6,1922.62,2025-02-16,EU
183037e1-bfcf-4211-8560-9a0d8d6cdf63,725,356,2,860.59,2025-03-21,EU
5535ff59-b685-4ed2-b144-882e772fa190,380,117,4,1797.1,2024-08-14,APAC
592f718a-5553-4bb3-9fec-1f75e7b2d0df,789,384,4,734.84,2024-06-16,APAC
7616da4a-fddf-43f3-b258-bf7e1d42fd25,940,397,4,81.95,2024-05-30,US
c71b7f17-e953-4329-81b4-c95b721ab1f7,962,215,8,3648.82,2024-06-09,EU
74214819-22bc-4681-8576-652362ddbc1d,930,242,10,1899.39,2024-12-09,US
98961eea-2042-4630-9e6f-7d151c545f48,809,471,8,3980.86,2024-03-28,US
3d503ff3-65c7-4d00-994e-d505cb1697ea,175,111,6,811.24,2024-10-14,EU
da4dcfa9-d3f8-4b15-960a-aa4b887502eb,943,235,8,1140.57,2024-01-08,US
3cf3c08c-f3a6-4ad0-a5b8-e2c6010c80e7,169,141,7,3397.17,2024-04-03,EU
f4596210-db66-4ae8-92f6-996207ef964a,494,477,6,2931.44,2024-05-30,EU
eec820f5-8148-47ab-88bd-eaefa1dfffe4,752,369,2,891.2,2025-03-25,APAC
6a126503-9b5b-4006-ad4b-91b2ac6ac06f,187,105,4,1078.04,2024-04-26,EU
20bb0fae-cdd3-4e7f-97d8-23d023a176ce,984,400,7,3253.91,2024-12-16,EU
87231dc1-3982-4f22-b1c3-b810d9fbd55f,782,45,2,696.64,2024-04-20,US
db045b67-3fe1-4102-921c-dad992290d5a,30,286,8,3184.45,2024-02-10,APAC
68a48218-8240-4461-a132-931c9370793a,620,355,10,4335.93,2025-03-09,APAC
f3f091bb-7322-4fa8-872f-d08d347ee72e,494,335,9,3019.93,2024-10-08,APAC
c3d5ab4e-b0e5-4d1c-9646-af11c36c3ff2,994,241,2,298.65,2024-01-04,EU
2a1e00ee-1b89-42a8-a1c5-6bf990d108ad,240,76,1,56.03,2025-06-27,APAC
d7066e10-781d-44ac-8b41-a87257911329,159,181,10,2089.46,2024-04-23,EU
1b5baa9c-c3a9-4479-b06a-2c3a44ea3db0,211,219,8,264.83,2025-04-05,US
5147d85f-eeaa-4508-a0e3-958a89acc85f,916,373,9,4168.58,2024-02-02,EU
e63ca894-50a3-4e50-b8f6-05ae12e3e13b,470,421,8,843.52,2024-09-16,US
5a7e4731-960f-43ab-b2f2-eac28e1dc941,337,187,4,741.97,2025-06-28,US
2914cde0-2857-48c8-ab6d-a10510832a60,411,183,10,92.64,2024-03-06,EU
4caad767-4fa1-4e1c-89a8-a979efc7219c,227,27,6,1924.87,2024-09-03,APAC
050176b4-c023-447b-b709-5ba85e8c9c78,905,128,5,2237.37,2024-05-17,APAC
30e25539-3079-4f8d-809f-faef6ca75d9a,449,385,5,1154.58,2024-02-03,APAC
652559b6-b9d3-46c1-ac4b-8c4c895b4923,387,255,3,672.02,2024-11-09,US
228ff5b8-55bc-4f7b-8e4d-cf30f17f520f,459,40,3,659.85,2024-05-25,APAC
1f3d64a6-d829-482e-ad34-46152b6bd3ce,376,452,5,2219.39,2024-01-29,APAC
82872deb-e118-4a0e-b291-84fcc0a67bf8,369,500,3,1366.08,2024-08-07,US
8d85f69b-e9d5-4b76-91ad-98157152f874,699,314,10,2653.18,2024-11-08,EU
da0f09cc-956f-4900-9d09-d7707d6339e4,226,257,,272.83,2024-09-15,EU
a197b4e3-9ad2-4894-9669-203ab07c99f5,483,363,4,1477.34,2025-03-18,APAC
deebbe0e-2647-40d0-b06f-618c6251e31e,427,167,7,1985.24,2025-01-16,US
2d3b455d-9597-4717-b987-b46a459c0f81,172,244,8,3549.95,2025-02-22,APAC
e0008770-9f8d-4c47-9935-068b1eefe7d3,389,293,6,357.48,2024-09-25,US
18258ef7-af20-491e-9860-a175cdb6a81e,777,35,8,2984.47,2024-02-06,EU
646f38ff-401d-4fd8-8351-2517f28d2500,240,458,2,87.38,2025-05-08,APAC
38a769b6-42b1-480f-8ee7-613aa683fea6,464,388,8,1028.92,2024-07-26,EU
4e34fc3e-4bad-4ab3-aa5f-90a79149a5bd,981,377,4,73.63,2024-09-09,US
93bdad83-4b12-4bee-a413-b985d32cf59e,708,477,2,190.38,2024-06-15,US
0d4f3485-613d-447b-a764-12976b833557,651,202,3,789.05,2024-02-03,APAC
70b269b0-25d8-402c-942c-691038bc7c1f,587,409,7,875.02,2025-05-16,EU
fe9f1ca7-ef17-45c3-80bd-8aa2139422c6,664,233,9,809.01,2024-03-08,APAC
810695f9-728b-4af4-b722-b4a4960f8406,578,398,4,1840.89,2024-05-23,APAC
9db3e9e2-2a38-43e6-85ee-67208e235bbf,6,363,2,719.05,2024-04-08,EU
a7c12b78-e06a-478f-9a79-be106cd460bc,212,329,3,1329.97,2024-04-28,APAC
d2aeee1b-8ce9-4a2b-8b2a-7ef5e22ee64a,730,233,8,2852.7,2024-12-21,EU
1afff809-e859-4562-9d4c-01e41e8659c6,361,45,10,1931.39,2025-01-17,EU
1cdca298-bc4f-45c5-9f0a-d601c3392b37,987,471,7,494.43,2024-10-04,APAC
0ebc0b65-8e5d-454c-9ee3-abf07f948018,526,68,2,806.23,2025-02-28,EU
268ccdbd-120f-4041-914e-b2fee26c843f,932,437,8,3068.25,2024-08-18,APAC
c7a6b8cb-36b9-490d-871c-319da7d77774,658,154,10,2623.96,2025-01-27,US
b57f4841-bb55-4fe3-a738-efc8ebc18976,613,35,10,2089.18,2024-11-25,EU
89f3f6bd-c59b-43fd-8204-e0f9f279e4af,229,467,9,827.01,2024-03-05,EU
f78923d8-4f6c-4077-8b06-0ca4dbfaf43a,999,437,5,946.85,2024-11-05,APAC
96fdb01f-81c4-4853-a531-cbc35d2457a9,540,422,9,686.49,2025-03-26,US
2175bd66-b892-4214-9106-22c0cab8765b,89,454,3,368.7,2025-05-17,APAC
0d79bae6-b588-4a91-9eb5-104b5bf6be33,878,356,6,571.78,2024-10-21,APAC
5df3fdfa-ade1-489c-93e1-ec71d6da9315,36,15,4,750.32,2024-05-05,US
d5f5f490-9abf-4177-b3a1-67e355070b79,336,475,5,856.86,2025-05-01,US
bfac8b48-bc7b-412b-b80e-f12b1de5dea2,717,146,8,265.83,2025-03-01,US
a8bff286-c099-40f8-ac6e-d5ec60c7d23c,815,418,7,2180.5,2025-02-20,US
b68a0472-8b12-437b-817e-94b98e01cdb2,72,256,1,314.07,2024-07-12,EU
a49b01ff-b1de-4cb0-81bd-90b4118260a3,8,234,5,2387.16,2025-01-28,EU
dad9491b-4b0c-4988-8b7a-0f236bbc9d21,680,479,9,3464.79,2024-10-03,US
eb7f1c6a-82a2-4baa-a9f1-673b7c030157,286,57,7,1561.46,2024-02-25,EU
cf789ad6-9bd0-47db-bb79-522682893e59,496,12,10,4769.19,2024-10-06,EU
b83d3045-11e5-469e-8855-2818f4260a0b,961,26,5,346.18,2024-10-10,EU
00bc6e70-f655-4880-abac-42ff3ed5f385,589,277,5,1882.0,2024-05-09,US
7379656c-d0a5-4c6b-831c-9c33e2d75f61,493,199,2,145.18,2025-01-19,APAC
8fc1d3a1-bc18-4173-b80e-59c3c835882b,236,182,7,2267.95,2025-02-07,EU
06bd487d-9c98-4087-b650-3789aa9ec639,936,415,2,527.36,2025-02-20,EU
5aedd086-b205-43cd-9611-148f361259c4,205,107,1,342.26,2025-04-13,US
5f6748e5-ac44-46f6-9f58-5dbb0612b55e,85,257,6,906.82,2025-04-30,EU
0fbb57b3-3466-40b8-bd02-a22db1d46737,488,271,10,4157.8,2024-03-29,EU
4f38b2a8-736e-4279-9315-0bf6df696789,608,374,2,585.42,2025-06-19,EU
6a903c13-a429-4632-8290-9e0fb7717035,675,394,9,3342.59,2024-05-18,US
0e931e8b-9c09-4aca-81ac-23df2ef14219,401,385,1,180.25,2025-04-23,US
5eb88cf3-49fd-438b-bbd9-fc8f0a50d8da,278,458,6,113.3,2025-03-27,US
fcc9810f-5b89-4f5b-8d11-1f99c5fb292b,625,157,6,591.16,2024-10-22,EU
882758a3-0fca-4653-b50c-d62d473ba72e,856,483,1,214.7,2024-09-19,US
a8fd09d6-5c61-4497-9d65-51eedcd9e3e8,862,46,10,940.94,2024-12-30,EU
90f9bcd4-b85a-4315-9a32-4112a2ea1df0,451,112,6,39.76,2025-03-09,APAC
2a002488-e16c-42a2-ad18-a777215612b5,765,489,3,1107.28,2024-02-16,EU
5359df69-dc64-46b4-a986-4dd2cf60764f,68,6,2,968.88,2024-01-09,EU
6f4b0965-35eb-4009-b282-e7b5777cb723,641,54,2,582.03,2024-11-17,APAC
975b3006-cab7-4f5c-8d94-0bb974e89609,379,7,3,1162.33,2025-02-23,APAC
4e8272a1-eb8e-440b-ab75-2015b844555d,814,9,3,137.57,2025-06-10,APAC
7f0b1565-fc62-43bd-8f13-b1c8940ae6ea,84,149,9,4095.74,2024-01-07,EU
1cc09fee-0e1e-4c05-9203-b9cc46db558e,288,92,10,758.74,2024-02-17,US
dcf7b987-3739-4c3e-82fa-4231599d0e49,441,80,10,1541.67,2024-06-11,APAC
9bb3aa61-95b1-4dab-b51b-ff28a0835794,547,26,5,498.4,2025-04-15,EU
e066f02f-734f-41bb-939e-3bd4b6c01c1a,513,142,6,756.71,2024-03-28,EU
1bd32d68-4271-452b-ab78-a49c33960db7,394,129,9,1656.33,2024-07-08,APAC
54b55515-24c4-4b4f-8eb4-2d7e6208adc4,461,23,7,1082.01,2024-05-06,APAC
90f2bdaf-5ce6-4a89-b1e7-fa8836936e0f,760,318,3,1410.9,2024-02-21,EU
9df42163-17b9-48a4-b58a-cf311917a86f,473,308,8,517.8,2024-10-17,APAC
bbf7f2ca-d17d-4696-8d68-7d30e49977c7,271,5,9,4125.38,2025-06-27,EU
7b2de958-3895-4e8a-ac75-3e356016bb2d,840,426,2,448.36,2024-02-07,EU
88d53dd2-5fe4-46fd-ade7-f7dbc497f341,797,82,6,2787.23,2024-05-22,US
4e6bae95-944c-4cc8-aace-4f9835540dd9,478,190,9,847.35,2024-03-17,US
38467782-1c14-49ec-a17c-6cd2bce338e4,300,261,2,652.61,2024-02-19,US
e3f10afd-d87c-4f02-a0bd-90281f945a1e,823,366,7,3074.47,2024-09-16,US
1a5c16f7-63e0-4fb5-a221-4e5ce2be4fed,33,377,6,1575.98,2024-04-01,EU
b23d5ba6-9094-4bf1-8bcb-eddcb29cb37f,175,316,8,2963.44,2025-03-16,EU
73f834a5-fe67-4235-9a92-7f307a4af613,82,63,9,3440.77,2024-10-28,APAC
10bceeed-8132-4c83-b5f6-2b0cd2ae769d,577,315,1,446.13,2025-05-08,EU
68228767-8bcb-4682-a65a-997e7e750643,514,284,10,3729.63,2024-10-14,APAC
c8e8e707-86b0-4e77-96a5-7cde06755d84,325,340,5,1167.8,2024-11-22,EU
582b075d-3af8-46a7-8662-4bb00f94e78b,635,307,1,120.46,2024-01-26,US
324a4222-3eec-4d70-95e5-bceafe601a69,24,288,3,1166.85,2024-07-18,US
f146495b-2aaa-4e03-9b1b-2e7a54f83c46,279,393,4,1410.65,2024-03-20,EU
8047a781-9131-48d4-bcd0-806fa93d3dc2,345,331,9,579.18,2025-04-16,EU
c6b0f9d1-24a5-4190-bede-688b6c8fa534,262,182,8,1723.8,2025-07-04,APAC
a5a577db-1464-4ac7-a676-b82f7df8ce2d,909,474,1,403.45,2024-11-29,EU
dcbd0ba5-c5a9-40f7-95fd-4e0c7fee4ef8,502,346,2,842.63,2025-03-01,APAC
694ed2c3-2d2b-4722-870b-39c4d164c947,718,451,2,753.62,2025-05-01,APAC
28d1785c-4256-4a9d-a0f5-11124e1af3f1,481,96,3,841.88,2025-02-12,APAC
e08f8241-96cb-414d-b30a-c390953067e3,301,434,9,1950.81,2025-05-08,EU
019d3ed6-3648-477f-87f1-e8f8f96a653f,503,55,6,479.62,2024-08-22,EU
05bd52ad-0ca7-4f60-9d6a-7f4d3db54399,259,413,6,1028.86,2024-02-23,US
b902efa7-988c-427e-b894-6cbeb3457b60,634,445,8,2768.93,2024-04-30,US
c53c1dca-f54b-4387-b473-bd6a5825c350,970,374,5,101.72,2025-05-11,EU
75fb6504-68ff-4a3d-b6c9-6d6b0602abf8,952,194,4,1663.97,2024-10-25,EU
cb15585e-a8f0-4e2a-82cd-347802eb8efa,956,391,6,595.68,2024-07-14,APAC
03c86990-4e32-47ed-9bde-3212a813c87b,54,379,6,2020.17,2024-02-23,APAC
e30e8841-f1bf-4622-9aa1-8b5b9880155f,2,6,7,374.81,2025-01-24,EU
bdb35e9f-69aa-40a2-b084-8236d31f6d19,668,42,7,1876.31,2025-05-05,EU
44afce05-9145-40c0-b544-404eb37f87a4,258,115,6,914.36,2025-02-04,EU
4817bd6e-b521-4c03-b2b1-26605b40e2ab,300,325,10,812.24,2024-02-12,EU
9caf0a34-eda4-453e-a508-0244c0724c07,58,244,4,166.58,2024-07-05,APAC
5136f5cf-da9d-4e95-a62f-e3ceb4a3fc05,466,284,6,2878.86,2025-04-02,APAC
42a78027-cda9-492c-a05d-10ac409ce367,832,183,10,610.6,2024-12-29,US
3620a98b-6cf7-42bb-9c66-576edd098785,125,450,8,2050.05,2024-08-06,APAC
75f9f91a-7767-4528-86af-29d533335425,214,410,1,458.2,2025-06-10,EU
087164ca-5753-4080-8872-d3299a46239d,536,404,4,1995.18,2024-01-31,US
ca8b982d-891b-45d1-a467-4127b124c1c2,148,306,8,86.77,2024-10-28,EU
3380c468-8926-4008-b5fd-1f999cebba8b,18,418,1,375.0,2024-06-22,APAC
b686279a-ddab-4012-b927-ca830103ff6e,807,354,7,967.53,2025-04-04,EU
bef26905-e6a5-4286-86ec-dad1ca0120ea,122,79,10,673.27,2024-09-22,APAC
1ea567a4-edda-4978-b6ad-102ef499964d,45,546,1,165.54,2024-12-14,US
9dd671f6-14ed-44d6-8efe-ae09f645b149,479,180,,313.58,2025-03-19,US
04fe0d55-9353-4c6e-a46f-c171a0001e1b,40,308,10,3426.21,2025-04-03,EU
ddb1c9b8-0d56-4388-b967-95301c4807b1,692,146,5,1988.1,2025-05-10,APAC
6f7d98ad-1c3e-472a-9644-17d66ac25a31,320,339,3,959.32,2024-11-08,EU
289129ae-0195-4bdb-81b7-33eda4c524fd,131,489,10,3238.98,2024-06-16,US
3c3314d9-7a85-474a-ac97-cfc4eecc2aa5,222,259,10,2328.93,2025-03-07,EU
7fde761c-2f54-4221-9b5c-19be03b1fbbd,49,72,10,3318.33,2024-06-25,APAC
004fe607-acda-44a8-a943-ba0427ba8ce7,526,342,4,269.37,2024-10-02,APAC
f722d3de-6d74-49f5-bf09-13ad680e198e,284,441,6,1890.77,2024-03-14,APAC
6231c367-9ad8-4144-a357-1943a566616a,304,294,8,2531.11,2024-02-10,EU
2e471975-a1ee-4e90-8c4d-4f01c85bb791,295,11,6,2870.16,2024-02-06,APAC
107389d4-11f9-4a40-93d0-58f6cee51eea,914,22,2,992.34,2024-09-15,EU
e91cd000-12cb-40a9-8d6a-9c14f114ebc1,541,162,3,750.45,2025-01-05,US
98b2eab4-69f4-483d-8000-c21a2d62fe33,959,108,10,1117.14,2024-08-14,US
6f8795e0-5312-4a3c-b2b5-968ee79c8106,41,26,6,573.1,2024-11-10,APAC
6556be17-3586-4e36-94f2-1d933c978673,47,15,7,3225.32,2024-01-31,APAC
55c04eff-b7ef-434f-8e49-41a53531ec10,600,111,3,1110.07,2025-02-22,US
274bfc0f-5a49-487b-93fe-b14978bf128f,246,440,9,3141.63,2024-02-07,APAC
0d93b885-4f78-42f3-9fe1-d4c806cecdc6,638,145,5,2200.43,2024-11-14,US
c345a64c-b3eb-441c-86db-646a7ae0a160,647,63,4,377.03,2024-06-02,EU
5657fc1e-5285-49f2-b6cc-a3350a169af5,744,294,6,1699.45,2024-09-04,APAC
e56baa0b-0d92-401e-9e4e-d09943c322dc,794,322,3,754.03,2025-03-20,EU
a84bddc7-ca9b-4138-9b81-ff60f993e510,68,250,6,1995.99,2024-05-25,EU
3860e268-4383-420d-98e4-931f5c3d5ff3,392,217,8,585.55,2024-06-08,US
67af8cba-b7ab-4077-98b0-a1e407118066,647,27,,124.89,2024-07-05,US
0a31bce2-85f2-4c60-89c5-51ea19473fa3,931,401,7,1363.73,2024-12-16,APAC
425c97dc-687d-4cb9-a974-027580d17dfb,45,340,3,1348.81,2024-11-03,APAC
bff7b7d3-1d05-4f4b-a2e6-67f346b04ae5,276,388,7,2002.95,2024-07-07,APAC
7cda2d47-ba4b-4e89-935d-95bb23f96a0f,696,67,9,3600.51,2025-04-19,EU
3890a279-cd57-41ee-a102-84fe2bd05278,257,219,5,2279.93,2024-06-19,US
13609bdd-f18b-4ee0-b2da-990166a9396a,513,353,2,979.29,2025-01-02,EU
e346e21a-4981-499d-9084-6bcb940b1a45,79,240,1,298.37,2025-05-04,US
5c91ba6a-57a5-4816-9488-5ab2e489382f,953,248,10,4609.33,2024-01-15,EU
acbd5a30-f2c9-41d3-b8f9-4e9e828e448c,182,200,7,2866.43,2024-06-10,US
c5b42a15-9f93-40ef-bd2e-4a0271396a8e,230,433,5,2185.28,2024-11-01,APAC
97c722e9-3ae7-4812-bf7b-917dca5aeca6,418,201,3,108.12,2025-05-17,APAC
b99bd5d1-b29e-4071-80dc-2c20d49731b2,870,484,9,2442.94,2024-03-30,US
00828da7-fc36-428a-86b7-d9fa132fee6c,416,341,7,182.41,2024-11-07,EU
58920e25-c1a8-494b-9b28-0a78c9a518d8,102,88,1,68.6,2025-06-26,EU
679b7ede-bad3-4199-bd90-ec227056bc52,121,66,9,1004.79,2024-04-29,EU
b8f05712-32ad-4c93-9f4b-79026f830490,754,401,9,1085.62,2025-04-28,APAC
f65a0477-9b2a-407f-b301-4348a9396c3d,298,383,8,2364.96,2025-06-25,APAC
2cec6640-f917-4619-be6b-3102c0ef6b5c,695,405,10,2663.27,2024-12-26,EU
e5b8b85e-24df-40ee-a128-ea3eb9d69e57,276,381,6,30.69,2024-07-08,EU
26584501-627a-4ef8-917d-f90c8d149b7f,856,148,10,703.28,2025-05-01,APAC
0d02da28-78be-40d4-8c43-997759d7f3ae,710,368,6,293.58,2025-06-09,APAC
5ca4a3d5-baf8-4772-a3e8-5aa2e31f2ca2,326,431,9,1407.7,2024-02-19,EU
c613174e-f093-4b81-b127-bc90e3a5ba22,852,493,9,615.63,2024-07-14,EU
c21b5ca4-97e8-447b-93ed-624305d3f54a,339,219,7,3241.44,2024-05-02,US
7991c289-3fb7-49e0-8e18-ab64bc9fe112,93,194,10,1496.32,2024-09-16,EU
54517c9e-0608-4daa-848d-d859599a3abf,555,337,7,1560.02,2024-06-01,EU
19cc0b21-4b5e-42b3-8741-807a2d694a1a,860,341,10,1899.1,2024-01-27,EU
ae2ed98b-a84f-462d-9b2c-4ab6f6eb2c97,174,334,10,2764.7,2025-06-01,EU
5e56c71b-6d7e-4df8-a8d6-72f9f01e116e,947,254,3,805.83,2024-07-14,US
751c6cad-fb1e-4b9d-967a-70c8e9274d34,676,216,2,99.37,2024-05-16,APAC
3a5c85a3-a96d-4c22-a4f7-99b940d65017,267,121,7,2778.35,2025-01-12,US
d1cd683c-4d2e-4aa6-9999-48e64d0ff733,898,28,10,3270.84,2024-12-24,APAC
7430ba55-5f3e-406e-9286-63290a2567c0,704,455,9,1465.73,2024-07-07,APAC
ce6ae80e-0533-4183-929d-4fb4b4e4039b,584,500,4,1776.9,2025-01-29,US
c5dd7059-6372-4ef7-9ab4-5791f372b109,367,26,,357.14,2024-10-30,US
51ff0e12-b947-4be3-8297-c726fa1aa9cd,926,14,4,1840.35,2024-01-29,APAC
f4d1991d-f0a6-4636-bd5c-b13dd1ae2cc3,666,253,10,3613.21,2024-02-10,US
01eaebf3-7b6a-47ce-809c-33c801288ec3,470,9,2,426.6,2024-04-16,APAC
a7e0ec14-561e-4e35-a752-281ac658a13f,326,280,10,3112.61,2024-11-17,EU
0c43bfb5-a634-46c3-8439-641b462af8ed,539,264,5,1990.88,2024-03-13,EU
70143791-0665-402c-a5a7-8beb668844d9,14,392,1,477.16,2025-06-10,APAC
7b348147-d61a-41cd-84e8-6ef105da106c,974,96,5,560.66,2024-03-01,US
c001afb6-3731-492d-969c-e7f1b970cb84,387,136,6,1130.16,2024-03-15,EU
1b912c17-2bce-4d50-aa7d-171a1e642840,523,82,4,1740.0,2024-06-10,US
c7a992ae-cb75-4588-a1e3-98fbdb41b323,631,404,10,1867.82,2024-05-08,EU
dbfcaffe-6c34-4369-9fd8-ecdc3ffea543,426,21,5,719.04,2024-04-28,APAC
0c0d0c6d-8dd8-40fa-9cae-939fc9f55baa,515,22,6,2449.4,2024-05-23,US
ae9aa6fe-8958-4c86-9bff-be6a1d0acff4,410,287,,417.09,2024-06-22,EU
de891555-ec9f-48d7-8f6d-afd857dd2446,151,383,8,1106.76,2025-04-28,EU
98c1fd85-a36f-4905-8b48-c63767219359,884,432,5,1727.58,2024-11-21,EU
429df1a5-f0b4-44d6-8c7c-870a7016dd8c,502,491,4,1478.1,2025-02-02,EU
eee4ecdc-6eb4-4fbb-9d52-eca42f880cbc,122,450,8,1573.64,2024-08-12,EU
cbaabadf-af1d-4143-b120-092d324f557e,660,271,9,2350.58,2024-09-10,US
93b1504b-e510-43a0-a9a4-8725c8b74502,759,169,6,1896.87,2024-11-04,US
2c6fb7a0-4b46-409d-9745-6100504a5602,838,36,1,301.24,2024-11-29,EU
1dd07ad6-3359-4ac1-a130-26cf1df959ae,142,312,4,386.75,2025-04-11,EU
341b638a-485c-4063-b0d0-840902808b3f,859,269,4,1266.55,2025-01-19,EU
bf38b7cd-95c3-4588-a1a3-ac7667a99c52,493,415,5,684.42,2025-01-14,US
edbd929b-03e3-4e21-8823-2977420ba8a6,28,201,10,2513.72,2024-11-19,EU
4fdc1630-addc-4752-a844-8e9a03716902,593,218,9,245.66,2024-03-20,APAC
f5002564-7465-4200-a95c-369d882b0467,786,171,5,1516.38,2025-03-22,EU
75557012-437b-43a4-b92e-065661ad7f79,741,9,4,75.19,2025-04-19,US
19a791aa-d227-4c8e-888e-03ebf9ef0aff,843,327,2,14.94,2024-03-25,APAC
d7ecee4c-4670-4036-8dbc-62b8a6650f83,408,244,3,1415.68,2025-04-20,US
0635fe56-4650-44fd-a4d1-05ea20093452,834,155,7,1561.96,2024-01-17,APAC
c2662243-e78e-4c7b-bd9b-debbefdee075,75,425,7,2950.71,2024-03-07,APAC
170cc805-d8cd-487a-87c7-1d9d784ae2cf,346,319,8,1351.52,2024-04-13,EU
e452144b-c502-4df1-9bcf-d64dd77298c2,900,153,9,287.71,2024-10-31,US
e8b44a58-01aa-492c-aa25-1c6d5ea6a17b,993,91,10,574.7,2024-08-19,APAC
8fb1b1db-f9db-4b71-ad0d-8185275fe832,209,58,1,149.9,2024-02-21,US
aaf743d8-4641-42ae-a27f-de8bd2deb708,764,327,6,1337.35,2024-05-25,US
96b3d791-46f6-42e7-95ce-43481cbf48ac,503,273,,290.72,2024-07-07,US
7c5f305e-1896-401b-aa99-aba009d5da99,703,356,7,811.88,2024-06-25,APAC
61e0238a-47b0-439c-bf9f-d7ad2aae488f,449,63,9,1579.22,2024-10-25,US
076b2239-474e-44a3-97f5-244c301779dc,337,405,4,1063.93,2025-01-21,US
44f33163-6879-4498-8356-9ed37c940d5f,765,310,10,1053.41,2024-12-19,US
fd7bad78-1030-416c-9c42-36f3068a58f5,289,307,,480.69,2024-06-14,US
be6173ef-d469-4475-9c84-bf1fb3e7a65d,524,465,10,347.07,2024-08-06,US
76c67005-635d-4af3-bc90-1cf4a6967af9,977,352,1,302.71,2024-09-01,APAC
edd2a6e7-ec1d-41b8-b56c-3ed98d88242a,230,330,1,487.71,2025-04-05,APAC
fc413fa5-a133-4dbf-9ca7-4b3428dc2c2e,23,210,5,1791.01,2025-04-11,APAC
5168783a-f1e3-47bc-91e8-6b2df93774e6,149,396,10,3165.41,2024-04-13,APAC
8c206c8c-6fb3-4946-8eb4-ccc73f0e9e2b,861,201,4,788.14,2024-03-15,EU
bedeb56e-30f7-45d8-b150-518b5c66f69c,15,383,8,2772.87,2024-10-31,APAC
9d24ab49-45df-46c3-b00f-9e3afac6d673,684,373,5,1054.79,2025-05-17,US
69b43a90-5abb-4d50-9544-3e46f56f429b,594,127,6,884.54,2024-01-01,APAC
4ffb8614-e959-4c14-974f-3bb57b31ab91,530,205,5,2231.36,2025-07-02,EU
756cd843-0a5a-47bf-8a50-48877d84266c,277,317,2,790.24,2025-06-10,APAC
0cde9f94-99c5-42e2-9a94-a2578f9f2bd7,122,7,7,69.02,2024-12-25,EU
04803c4b-b918-4809-bb3a-db9dd5ff0441,532,82,5,1481.0,2025-03-21,US
72e83b6e-1f74-41b1-8c18-15840c372388,658,6,8,1799.27,2024-05-28,EU
ab7c5d0f-3fe3-44fb-8e47-afbfebbbaf54,334,211,8,2652.53,2024-07-04,US
df88478e-ad0e-45e7-88e9-5b4229f7bb16,294,96,8,3703.05,2024-11-22,EU
6f80b901-7b00-452c-b2af-221e6dcb1d58,779,188,2,905.17,2025-03-25,EU
6a3c63be-d6c7-455c-b6ba-36d639909b6d,110,145,2,129.95,2024-12-17,APAC
7254bed7-231f-475d-8fad-290b5b6324df,166,23,1,72.22,2024-02-09,EU
a6f7eae5-dad0-4251-b742-d5773d6c4403,689,108,,453.09,2024-01-10,APAC
72a6c79c-62bd-427d-b4f1-5b6ab66056b7,903,430,4,1345.45,2025-06-15,EU
4f87ce3a-a92e-4bff-b578-5799cc290243,950,399,4,1061.2,2025-01-04,EU
ecb78123-bd7e-46e9-a812-6401ec85279a,764,489,10,3199.77,2025-05-11,US
d5c0c942-08cf-4036-9f43-b29b98ee7865,926,309,8,543.69,2025-01-14,APAC
69232708-992e-459d-8798-61cacff2beec,923,291,4,1403.74,2025-04-09,APAC
97e0abd0-15b5-42e5-9755-a1bfd81ac01b,567,466,2,105.49,2024-01-11,APAC
8a430fa6-75cb-4b72-bc7f-24ba8b9cc681,458,347,6,1338.06,2025-04-05,EU
6625681c-3642-4939-92e4-7aebd832af10,238,96,8,2694.45,2024-05-20,EU
fffc8cc8-4beb-4c7d-a54c-758214d3c0d0,541,65,6,842.41,2024-11-17,APAC
befd85b2-3e22-4098-bd60-badfc3c7d97d,709,385,7,417.88,2025-06-22,US
82ae9b63-0b0f-4131-a715-15d08594ccfd,666,481,2,315.56,2024-01-14,APAC
69a096f1-9375-4e72-b8f0-f9a290db911b,963,480,7,1417.11,2025-01-30,APAC
f01abd8e-f129-43ae-b8e1-64a48a6d20e2,928,171,,246.87,2025-05-29,US
2da4076a-6376-47d1-9482-f47275773b84,283,490,6,1875.89,2024-02-07,EU
1d2ee892-a151-41bc-9807-914e8c74974e,572,229,3,776.35,2025-06-24,EU
19a081e7-02f0-449c-97ab-0a5bea852a1c,118,219,8,2231.53,2024-10-04,US
22b7dda2-1a09-48b8-a2ad-6f4b0ebde1b5,26,311,9,3680.45,2024-04-05,APAC
58851604-599a-4751-9e57-ca1d5f90e19a,191,461,6,2844.57,2024-02-04,EU
b2540620-711a-4874-a32d-7682117fad9f,449,376,8,1461.64,2024-11-18,APAC
d064a88c-759b-4c83-97ab-ea8748ed473f,70,52,10,4521.41,2024-03-01,EU
63d70b77-96e4-468a-8cd4-19d284ce5a2a,223,16,8,1858.47,2024-04-25,EU
38a09b95-82bd-443d-908e-a41f11a319bc,67,346,4,282.7,2024-02-18,APAC
5a25364e-e135-4672-ae8d-97f5b7923e1e,575,352,2,295.5,2025-04-16,US
5227838f-c99e-4957-8c2a-e79759485d2f,595,298,8,2291.53,2024-07-31,EU
b94900b0-e2d9-4f22-a2c3-bbe363bd3e60,338,132,7,3466.68,2025-01-18,EU
1d2f8e1f-4a90-4408-bb75-f52743fbe74c,629,466,9,4181.61,2024-10-23,APAC
83b1f5ad-dd73-4285-9767-c4370f43dd83,353,5,6,450.27,2025-03-19,APAC
eadd7470-350f-4c52-a1aa-707ca2efd520,311,218,2,222.61,2025-01-09,US
88971f18-70bb-4625-8b34-b2972ab4ecbb,205,303,2,984.25,2024-11-19,APAC
d959fb34-7501-4e2b-a5e6-61d5e7439682,745,287,10,3517.05,2024-01-10,US
556f3933-1c3e-4a78-951a-46a032028d94,942,333,1,172.76,2024-09-22,APAC
0cbcf5ee-20fc-448c-b374-944840370e08,452,334,3,109.5,2024-11-12,APAC
3b06b5d8-0e4a-4da7-86eb-1d380fc369cb,539,379,,132.56,2025-03-05,US
490296bb-55c7-4054-ae5e-42ce75acc0cf,586,488,3,969.4,2024-10-12,EU
c3f39fe4-2648-4a90-bc5e-bb25ccef013d,20,7,4,209.12,2024-10-05,EU
af29fea7-3e0c-4dae-9b7e-7026b9fce7f4,34,195,5,2391.35,2024-10-01,APAC
77161a71-a44c-44b6-b30a-7e0beb7e1dba,690,380,10,3587.12,2024-04-21,US
f764aa1f-0054-468e-9727-ae8197c28d21,786,92,8,46.13,2024-01-11,US
1c60e25b-534e-48a0-b814-08729268a71a,849,164,2,372.28,2024-09-25,US
4dca16d1-82d8-4aca-8477-dd6c20904598,197,377,3,381.13,2024-07-01,US
f5eb8272-8ed5-4c88-b343-a328838fdd80,170,377,9,3228.45,2024-07-27,US
2c1b1974-e231-49e3-94b2-3e9d2409b263,282,58,7,1480.96,2024-12-18,EU
79af6fd2-025e-40e6-acf8-1163ff94f417,306,442,7,569.98,2025-02-06,APAC
17a7deb9-d809-4454-994c-4e40fe735735,591,409,10,4743.42,2025-03-17,EU
3ccf2cd8-2822-4cc8-bfc5-7c5b10194fcc,308,16,6,363.12,2024-05-07,US
21776978-2113-4774-aea8-f56bc76557b8,617,372,8,1605.98,2024-11-11,APAC
03185533-1340-426f-9e6e-5f13604c2946,171,175,5,1096.09,2025-01-18,APAC
e1042722-589b-44a4-80d1-1a47f71384cc,728,60,1,293.23,2024-03-27,EU
22f87d46-cd69-4555-90c7-e9e3ecc17e40,390,157,4,60.11,2024-02-16,EU
aa2d5bc7-9438-49b3-9d68-655bf1d19640,126,65,8,3980.02,2025-05-29,US
69ba82ed-d7a9-4179-83db-c05ad8dfc8dd,976,261,7,3106.1,2024-12-30,APAC
1ac71c51-8e51-4b32-898b-cf27f265e5dd,686,377,4,1726.2,2024-09-09,APAC
c9d55808-d636-4d52-81e5-9bd9aaa87074,943,292,7,1173.7,2024-05-24,US
4e7adf55-adf2-4ba5-ae29-d1a7ca5533d3,368,190,10,1472.19,2024-09-15,APAC
192b6419-52b8-4277-9b1a-59f8e1fc5a4c,821,230,9,4008.28,2024-09-01,EU
123f49d7-e48e-4f5d-bdb5-66ac35b11417,573,237,3,442.96,2025-01-18,US
c9adba55-d03e-4453-b314-12764d952beb,293,104,9,708.65,2024-08-08,EU
0433d8ac-3228-4a4a-a8bf-7c80b0c8556b,233,344,1,446.88,2024-10-06,EU
699ef547-97e9-4bb6-b744-7534f650761f,908,466,4,245.44,2025-03-16,EU
d771ada3-96af-41c2-b4f0-f3194ba004c4,149,467,9,474.22,2024-11-23,APAC
f0bf39eb-a937-492b-ab3c-e42aa84b3fe6,780,276,3,405.25,2024-07-24,US
3a09e432-7569-4cd2-8e7b-b9c2a829f188,445,240,2,78.52,2024-08-23,APAC
bb9f3705-8977-4bb6-8434-5754621ddb42,968,245,9,321.04,2024-12-25,US
24fbf071-83e4-4c0b-a3d7-36bd1b111e92,215,62,7,182.64,2025-05-20,EU
ddc42975-5963-419e-9349-7625bff83f57,628,288,5,1962.83,2025-04-04,US
1d7792b5-aa5d-4de9-9747-c57af9e44e7d,392,194,1,454.99,2024-08-23,APAC
1168f0a2-2cc2-4e3e-a7d5-4e452cfd85ac,518,197,5,1354.33,2025-01-22,US
6c9d5306-59e9-4dbf-a8fc-c03b72546da7,566,460,4,1955.17,2024-04-17,APAC
2124d961-a146-4d79-8372-8041a9e8c474,132,120,3,159.49,2024-06-06,US
d5acbf5e-d581-49db-b26d-2abc159a78f8,65,318,7,79.39,2024-09-22,EU
4d48cfba-fb1c-47b9-a015-a0057bb85888,961,155,10,411.3,2025-03-11,EU
98121c0f-762d-4b89-8e39-3fa35f505452,411,117,9,1651.45,2025-03-18,EU
36938100-a10a-47e1-912f-e77f3259147e,663,375,5,212.58,2024-04-29,EU
635a1fc3-bed3-464b-9275-9ac4981d68f9,302,80,9,1304.47,2024-05-23,APAC
6449791a-6b49-47f7-92db-21e463018bad,966,117,4,213.46,2024-01-23,US
96f2f74c-2fe2-4471-b0aa-6b9444caa8e7,59,128,5,873.04,2024-05-28,EU
5816929b-86ff-4448-ba2b-2db347bffe3d,289,459,6,2378.1,2024-06-03,US
cf9a8bf0-c530-42c4-aaa3-ef5dd334ec10,841,546,1,205.92,2024-01-08,APAC
41412317-d58f-4446-b309-9155978b4490,721,311,1,297.11,2025-06-17,US
bfa4edd5-08b1-4125-aa4b-b3c8d634a2c0,378,235,4,1560.6,2024-05-13,APAC
ff17ddf7-0b7f-4fdf-b1fe-ef34cacaaa7c,216,265,5,1203.09,2024-04-02,EU
67a4b3fe-e881-4400-a742-553e4524cfac,267,136,7,1934.83,2024-08-22,EU
e34c2481-4804-49fe-8a73-d8bd18d5a266,530,385,1,117.49,2025-04-06,US
e1b45c73-a882-4eea-869f-447bb7b5d931,264,69,7,2550.34,2025-06-29,US
a9be2714-aca6-4f21-bccc-b7898af88783,909,398,8,832.69,2024-04-23,APAC
9b22e0ed-dfe0-4738-9063-ed24abe0a414,45,18,4,1296.05,2024-03-05,US
1be085e4-0a7a-41ec-a4cb-be61c9d4011b,613,399,9,805.94,2024-11-18,APAC
e6990f92-0169-4190-bb81-f9473d2a29df,796,198,7,602.8,2024-11-12,US
4aa2f7e8-a3ff-479c-a87c-bdf7f1fff003,76,213,,182.36,2024-03-09,US
09ba5757-c015-477a-bc3e-9eff6fb5b723,873,315,5,757.89,2024-05-31,US
fd9724fe-dc77-4871-bb55-a39ebd21ad6c,102,336,5,867.21,2024-10-31,EU
ec23eb8b-fee3-4cd5-a879-74e6ad9fc08d,20,331,5,2201.01,2024-10-11,APAC
e7606641-55ee-44cc-9525-9e8a30f8e8de,22,330,2,803.55,2024-03-22,US
4d89684f-c779-4930-a8fc-87f4c4987f34,395,293,3,524.05,2024-08-29,APAC
a768e846-373e-4f0f-8f07-ab7dd218e3dc,72,81,7,922.41,2025-07-03,EU
e3d62ab3-58ed-4aea-8706-a398cce1de2a,695,248,9,1049.21,2024-07-23,US
57279e31-3362-4c1c-ba0d-ae3ae91306b7,573,89,6,252.99,2024-05-11,US
b883624f-33a1-4c88-887a-cb11f7f447db,677,65,5,1875.34,2025-07-01,APAC
0b0356b1-8be9-4e76-927c-f05f079e5c5c,651,15,10,2713.26,2024-08-22,APAC
167d0a75-0236-46c7-acab-bd7a79dd81f3,995,94,7,642.24,2025-04-08,APAC
73ee7e0d-b3ba-4652-afe9-5df754d85964,947,337,5,1709.17,2025-04-18,APAC
490f809e-c625-4db3-a966-3ad70fe1a89d,289,246,2,889.12,2025-05-08,US
85b2ed45-5f56-4b77-9bc8-f58b75afde90,495,183,9,2120.62,2025-03-21,EU
d898bb25-89f4-4efd-ae87-943308dee5b1,852,89,6,1208.49,2024-07-15,APAC
90feeb31-b1be-405f-b680-200d66bf0159,122,100,8,684.83,2024-04-16,EU
f83a39fd-56ed-47a8-9ba9-17dd22ef208a,779,118,4,762.47,2024-09-22,EU
bab9b4e9-4c1b-47e6-8151-9c3f0deeef56,943,58,7,1846.2,2025-01-16,APAC
b4d5e71a-dbaf-43bc-9381-3fd0c7c2f32f,51,195,3,1131.72,2025-03-17,US
d61532c1-026e-41b9-8295-28d2ff42df31,512,379,1,317.04,2024-11-07,APAC
db72b796-2905-4bb6-bf6c-b4721a30de52,601,213,10,2208.36,2025-05-17,APAC
a84559ce-18cb-4511-b8b0-2b65ab2652a1,883,405,9,1318.24,2024-03-30,EU
52ad2dc1-09b5-4e47-ace4-2601f29f2ff8,695,301,9,3619.68,2024-08-30,APAC
27b15d95-59dd-46b2-89fe-e19d71a4cf2a,966,55,8,3757.29,2024-11-20,EU
0bbb539e-e92a-42ff-a23b-5cc45a331330,238,343,6,1687.46,2025-04-10,US
7d1de67b-13c2-4131-ab09-0d1d76fd008c,584,35,8,2363.61,2025-06-19,APAC
f629be3f-0dea-479d-82dc-08a62710dc76,799,313,5,2331.09,2024-12-21,APAC
12967eae-c600-4ff6-85a0-ad9b986815e9,1000,274,1,273.44,2024-04-30,US
0b51ce7e-ea4f-45c9-a284-9580e8032fb1,622,63,6,1239.89,2024-05-06,APAC
94242270-7a77-401a-94d5-d23764678f96,62,29,8,920.03,2024-11-27,US
